id,title,company,location,job_description,job_url,salary,search_role,search_location,extracted_skills,skills_count,scraped_at
91653227,IT cum Application Support (Level 1),Elitez Pte Ltd,,"Hiring for a client, a one-stop IT partner delivering AIDC, ICT, POS & managed services to 12,000+ businesses across 16 countries. 14+ years of experience across retail, logistics & healthcare in Asia-Pacific, Europe & the Middle East

• Provide first-level technical support for POS systems for stores and server.

• Troubleshoot basic hardware and software issues (printers, scanners, RF devices, connectivity).

• Log, track, and resolve tickets via ticketing system tools within SLA.

• Perform initial diagnosis and apply quick fixes or workarounds.

• Escalate unresolved or complex issues to L2 with complete symptom.

• Setup and configure POS applications on new devices.

• Maintain knowledge base, SOPs, and troubleshooting guides.

• Provide basic user training for common operational issues.

• Ensure compliance with security policies and operational standards.

• Report anomalies and assist in post-incident analysis.",https://id.jobstreet.com/id/job/91653227,"Rp 7,500,000 – Rp 10,000,000 per month",software,indonesia,"['r', 'scala']",2,2026-04-21T16:38:17.242337
91653109,IT Application Support (Level 2),,,"• Provide second-level technical support for POS systems for stores and server.

• Advance troubleshoot hardware and software issues (printers, scanners, DB, connectivity).

• Log, track, and resolve tickets via ticketing system tools within SLA.

• Perform diagnosis and apply quick fixes or workarounds.

• Setup and configure POS applications on new devices.

• Maintain knowledge base, SOPs, and troubleshooting guides.

• Provide basic user training for common operational issues.

• Ensure compliance with security policies and operational standards.

• Report anomalies and assist in post-incident analysis.",https://id.jobstreet.com/id/job/91653109,"Rp 9,000,000 – Rp 13,000,000 per month",software,indonesia,['r'],1,2026-04-21T16:38:21.126646
91652097,Maintenance Electrical Staff (Biopharmaceutical Industry),PT. Kalbio Global Medika,,"Requirements:

Minimum Diploma or Bachelor’s Degree in Electrical Engineering, Mechanical Engineering

Able to read P&IDs, electrical drawings, and design isometrics

Knowledge of PLC and pneumatic systems

Skilled in operating electrical tools (CAD Software 2D & 3D, multitester/AVO meter, insulation tester, ampere meter, grounding tester, etc.)

Experience in electrical projects is an advantage

Preferably experienced in Pharmacy or FMCG industries

Good command of English

Fresh graduates are welcome to apply




Job Description:

Perform preventive, predictive, and troubleshooting of the electrical machine/equipment.

Able to maintain and perform machining processes, such as Filling, Blistering, Isolator, Autoclave, Mixing, etc.

Design engineering electrical projects needed by using CAD Software.

Manage maintenance system compliance, including SOP and other related required documents, with COP and other GMP standards.",https://id.jobstreet.com/id/job/91652097,,software,indonesia,['r'],1,2026-04-21T16:38:24.987927
91651978,TAX Supervisor Palembang,PT Nippon Indosari Corpindo Tbk.,,"Kualifikasi :

•Pendidikan minimal D3 Akuntansi.

•Memiliki pengalaman minimal 1 tahun sebagai Supervisor di bidang Finance/Accounting, diutamakan di industri FMCG/Manufaktur.

•Menguasai aplikasi perpajakan seperti e-SPT, e-Faktur, dan aplikasi terkait lainnya.

•Memiliki sertifikasi perpajakan (Brevet A & B).

•Menguasai software akuntansi, diutamakan SAP.

•Penempatan di Banyuasin, Palembang.",https://id.jobstreet.com/id/job/91651978,,software,indonesia,['r'],1,2026-04-21T16:38:28.838462
91651791,Business Administration Departement,PT MIZUHO LEASING INDONESIA TBK,,"Qualification :

- Bachelor's degree in any major, preferably in Information Technology or a related field.
- Fluent in spoken and written English is a must.
- More than 3 years of working experience in banking or leasing, with a focus on business analysis, SLIK reporting, or contract compliance and maintenance.
- Strong systematic thinking skills and focus on efficient operations.
- Target-oriented with the ability to work under direction and meet deadlines.
- Excellent initiative and problem-solving abilities.
- Strong organizational skills and attention to detail.
- Proficient in Microsoft Office Suite (Word, Excel, PowerPoint) and other relevant software.
- Ability to adapt to changing priorities and work effectively in a fast-paced environment.




Job Decription :

- Prepare contract related to leasing services and products.
- Ensure that all contracts are properly executed and stored securely.
- Maintain a centralized database for all contracts, ensuring accurate and timely registration.
- Update contract records regularly to reflect changes or renewals.
- Monitor contract performance and compliance with terms and conditions.
- Track key dates, such as renewal and expiration dates, and notify relevant stakeholders.
- Prepare & submit reports summarizing customer facilities and other relevant data to regulatory bodies.
- Ensure all reporting is completed accurately and within specified deadlines.
- Ensure that all operations comply with regulatory requirements and auditing standards.
- Conduct regular compliance reviews and audits of contracts and related processes.
- Work closely with legal, compliance, and risk management teams to ensure all contracts meet regulatory standards.
- Liaise with various departments to gather necessary information for contract preparation and reporting.
- Maintain accurate and organized records of all contracts, correspondence, and compliance documentation.
- Ensure that all documentation is readily accessible for audits and regulatory reviews.
- Address any inquiries or issues related to contracts and facilities.",https://id.jobstreet.com/id/job/91651791,Rp 6.000.000 – Rp 7.000.000 per month,software,indonesia,['r'],1,2026-04-21T16:38:32.694948
91651370,Product Supervisor (Mandarin Speaker),PT Idana Solusi Sejahtera,,"Product Supervisor (Mandarin Speaker)

Job Responsibilities:

1. Conduct market and user research, analyze user needs, and propose solutions
2. Coordinate product requirements from operations, marketing, and other departments, and independently drive implementation and launch.
3. Oversee overall project progress, manage the development process, and take ownership of results.
4. Primarily responsible for areas related to funds, payments, and other financial functions.

Job Requirements:

1. Bachelor's degree or above, with 3-5 years of work experience; experience in the P2P industry is preferred, with familiarity in transaction structures.

2. Strong project management capabilities.

3. Proficient in product prototyping tools, data analysis software, and office applications.

4. Strong sense of responsibility and ability to effectively manage outcomes.

5. Proficiency in Chinese as a working language.",https://id.jobstreet.com/id/job/91651370,,software,indonesia,['r'],1,2026-04-21T16:38:36.582164
91651250,Salesforce Developer,PT Phincon,,"Mandatory Qualifications:
-Min. 2 years of Salesforce development experience (Lightning, Apex, Visualforce, custom components)
-Strong understanding of Salesforce architecture, data model (objects, fields, relationships), and security model (profiles, permission sets, sharing rules)
-Hands-on experience with triggers, batch classes, queueable jobs, and REST/SOAP web services
-Experience integrating Salesforce with external systems via Salesforce API

Preferred Qualifications:
-Salesforce Certification: Platform Developer I/II or JavaScript Developer I
-Familiar with Salesforce CI/CD tools (Salesforce DX, Copado, or Gearset)
-Agile/Scrum experience
-Able to write test classes with min. 75% code coverage

General Qualifications:
-Min. 2 years as Technical Consultant or Developer in enterprise projects
-Able to perform requirement gathering and create Technical Design Documents (TDD)
-Understanding of SQL and relational databases
-Active English communication (spoken & written), intermediate level

Job Description:
-Develop custom modules and features using Apex, LWC, Visualforce, SOQL/SOSL
-Manage custom objects, fields, validation rules, workflow rules, and page layouts
-Build batch jobs, schedulable & queueable classes, and bulk-safe triggers
-Ensure unit testing with min. 75% code coverage
-Integrate Salesforce with external systems (ERP, CRM) via REST/SOAP API, Platform Events, or middleware (e.g. TIBCO)
-Collaborate with BA & PM for technical feasibility studies and TDD creation",https://id.jobstreet.com/id/job/91651250,Rp 10.000.000 – Rp 15.000.000 per month,software,indonesia,"['scrum', 'sql', 'r', 'java', 'agile', 'javascript']",6,2026-04-21T16:38:40.562540
91650972,Customer Service Console,PT. Milenial Solusi Internusa,,"About the role

As a Customer Service Console at PT. Milenial Solusi Internusa Group, you will play a vital role in delivering exceptional customer experiences. This full-time position is based in South Tangerang, Banten, and involves handling customer inquiries and issues promptly and professionally.

What you'll be doing

Answering emails or call from customers and providing high-quality customer service

Listening carefully to customer concerns and queries, and working to resolve them efficiently

Accurately documenting customer interactions and following up as needed

Providing product and service information to customers

Escalating complex issues to the appropriate team members

Contributing to the continuous improvement of customer service processes and procedures

What we're looking for

Previous experience in a customer service or call centre role, preferably within the call centre and customer service industry

Strong communication and interpersonal skills, with the ability to listen attentively and respond effectively

Excellent problem-solving skills and the ability to think quickly to provide solutions

Proficiency in the use of customer relationship management (CRM) systems and other relevant software

A positive, patient and empathetic attitude towards customers

Strong organisational skills and the ability to multitask effectively

What we offer

At PT. Milenial Solusi Internusa Group, we are committed to providing our employees with a rewarding and fulfilling work environment. In addition to a competitive salary, we offer a range of benefits, including health insurance, professional development opportunities, and a collaborative and supportive team culture.

About us

PT. Milenial Solusi Internusa Group is a leading provider of innovative customer service solutions. Our mission is to deliver exceptional customer experiences that drive business success. With a focus on continuous improvement and innovation, we are committed to being the partner of choice for our clients.

Apply now to join our dynamic team and be part of our exciting journey.",https://id.jobstreet.com/id/job/91650972,,software,indonesia,"['r', 'scala']",2,2026-04-21T16:38:44.471185
91650728,Senior Process Engineer,PT Ironwood Water Management,,"Senior Process Engineer
Job Description
· Design, calculate and optimize processes for the water and wastewater treatment plant
· Generate & review PFD’s, P&ID’s, and mass balances, and  technical data sheets for major equipment items
· Generate technical specifications for the process equipment
· Participate in design reviews and clarifications at the early stages of process and basic engineering works
· Participate in HAZOP and safety review or assessment
· Participate in training, commissioning and start-up activities
· To work within the Design team and to support project managers on all project activities
· Prepare documentation for submission and supporting project team on plant start-up, performance test, optimization and hand-over.




Requirement :
· Bachelor degree or higher in Chemical engineering
· 5-8 years experiences with good knowledge in process control, water and waste water treatment
· Self-starters, able to work independently, and have passion for water/wastewater, chemical and/or environmental engineering
· Analytical thinking & problem-solving skills
· Proficient with MS Office, AutoCAD",https://id.jobstreet.com/id/job/91650728,Rp 10.000.000 – Rp 15.000.000 per month,software,indonesia,['r'],1,2026-04-21T16:38:48.360165
91650604,ERP - HRIS Functional Consultant,PT Lawencon Internasional,,"Responsibilities:

Gather and analyze user requirements related to HR and business processes.

Conduct end-to-end business process analysis, with a focus on organization structure, employee lifecycle, payroll, recruitment, time management, and performance management.

Translate business needs into functional specifications and system designs.

Configure and implement ERP-HRIS modules based on gathered requirements.

Coordinate and execute System Integration Testing (SIT) and User Acceptance Testing (UAT) to ensure functional accuracy and compliance.

Support go-live activities and provide post-implementation maintenance in accordance with the Service Level Agreement (SLA).

Collaborate with the sales team to deliver product demonstrations and Proof of Concept (PoC) sessions to clients.

Continuously research, evaluate, and recommend the integration of new technologies into client environments.

Work closely with cross-functional teams to ensure project goals and deadlines are met.

Create and maintain project documentation, including BRD, FSD, ERD, Blueprints, SIT/UAT test cases, and training materials.

Job Requirements:

Candidates who can start as soon as possible are preferred

Bachelor's Degree in Computer Science, Information Technology, Engineering, or a related field.

Minimum 2 years of experience in ERP-HRIS software implementation or a similar functional consulting role.

Hands-on experience in implementing or supporting ERP (HR) modules, such as:

Organization Management

Employee Management

Time & Attendance

Payroll & Tax Calculation

Reimbursement

Recruitment & Onboarding

Performance & Talent Management

Strong analytical thinking and problem-solving skills.

Excellent client communication and interpersonal skills.

Able to work independently with minimal supervision and quickly adapt to new technologies and business domains.

Skilled in presenting and demonstrating HRIS solutions to clients.

Effective time management and coordination skills, especially under tight deadlines.

Experience in system configuration, preferably in leading ERP or HRIS platforms (SAP, Oracle, Workday, etc.).

Familiarity with SIT/UAT processes, agile environments, and full project implementation cycles (cloud and on-premise).

Strong skills in documentation and business analysis (BRD, FSD, ERD, test scripts, process mapping).

Technical proficiency is a plus: Python, SQL, RDBMS, Java.

Proficient in English, both written and spoken.",https://id.jobstreet.com/id/job/91650604,,software,indonesia,"['sql', 'r', 'python', 'java', 'agile']",5,2026-04-21T16:38:52.289214
91650293,Warehouse Manager,,,"Ini adalah posisi full-time dan on-site untuk posisi Warehouse Manager yang berbasis di Jakarta, Indonesia.

Sebagai Warehouse Manager, Anda memegang peran penting dalam memastikan efisiensi dan kelancaran operasional aktivitas gudang. Posisi ini bertanggung jawab atas seluruh alur barang mulai dari penerimaan, penyimpanan, hingga pengiriman, serta memastikan seluruh proses berjalan sesuai dengan prosedur perusahaan. Peran ini juga mencakup pengelolaan tingkat persediaan dan menjaga tata letak gudang yang terorganisir untuk mendukung efisiensi operasional secara keseluruhan.

Warehouse Manager bertanggung jawab untuk memastikan akurasi stok, menyelesaikan selisih (discrepancy), serta memimpin aktivitas harian tim gudang guna mendorong kinerja tinggi dan konsistensi dalam pelaksanaan standar operasional.

Tanggung Jawab Utama:

• Mengawasi operasional harian beberapa lokasi gudang di seluruh Jakarta.
• Mengembangkan dan mengimplementasikan prosedur standar gudang serta KPI.
• Memimpin tim gudang dan memastikan produktivitas, keselamatan, dan kepatuhan yang tinggi.
• Mengoptimalkan pengendalian inventaris, akurasi stok, dan tata letak gudang di seluruh lokasi.
• Mengawasi pelaksanaan stock opname secara berkala sesuai SOP untuk memastikan akurasi data.
• Memantau dan melaporkan kinerja berdasarkan indikator kinerja utama (KPI) di semua lokasi.
• Berkoordinasi dengan tim procurement, sales assistant, dan logistik.
• Merekrut, melatih, dan mengelola staf gudang.

Kualifikasi:

• Minimal 3 tahun pengalaman dalam manajemen gudang.
• Minimal 1 tahun pengalaman mengelola beberapa lokasi gudang atau operasi berskala besar.
• Memiliki rekam jejak dalam mengelola tim yang tersebar dan meningkatkan kinerja gudang.
• Memiliki kemampuan kepemimpinan dan manajemen tim yang kuat.
• Menguasai sistem manajemen gudang (WMS), software ERP, dan Microsoft Excel.
• Memiliki kemampuan perencanaan, analisis, dan pengambilan keputusan yang baik.
• Bersedia melakukan perjalanan secara rutin ke berbagai lokasi gudang di Jakarta.
• Memiliki rasa tanggung jawab, integritas, dan disiplin operasional yang tinggi.
• Kemampuan berbahasa Inggris menjadi nilai tambah.",https://id.jobstreet.com/id/job/91650293,,software,indonesia,['r'],1,2026-04-21T16:38:56.191951
91650178,Senior Backend Engineer,Eiger Ekowisata Nusantara,,"Deskripsi Pekerjaan

𝖴𝗇𝗍𝗎𝗄 𝗆𝖾𝗋𝖺𝗇𝖼𝖺𝗇𝗀, 𝗆𝖾𝗇𝗀𝖾𝗆𝖻𝖺𝗇𝗀𝗄𝖺𝗇, 𝖽𝖺𝗇 𝗆𝖾𝗇𝗀𝖺𝗋𝖺𝗁𝗄𝖺𝗇 𝖾𝗏𝗈𝗅𝗎𝗌𝗂 𝖺𝗋𝗌𝗂𝗍𝖾𝗄𝗍𝗎𝗋 𝖻𝖺𝖼𝗄𝖾𝗇𝖽, 𝖽𝖺𝗍𝖺𝖻𝖺𝗌𝖾, 𝖽𝖺𝗇 𝖠𝖯𝖨 𝗒𝖺𝗇𝗀 𝗆𝖾𝗇𝗀𝗀𝖾𝗋𝖺𝗄𝗄𝖺𝗇 𝗌𝗈𝖿𝗍𝗐𝖺𝗋𝖾 𝗉𝖾𝗋𝗎𝗌𝖺𝗁𝖺𝖺𝗇. 𝖯𝖾𝗋𝖺𝗇 𝗂𝗇𝗂 𝖻𝖾𝗋𝖿𝗈𝗄𝗎𝗌 𝗉𝖺𝖽𝖺 𝗆𝖾𝗆𝖻𝖺𝗇𝗀𝗎𝗇 𝗌𝗂𝗌𝗍𝖾𝗆 𝗒𝖺𝗇𝗀 𝗌𝖺𝗇𝗀𝖺𝗍 𝗌𝖼𝖺𝗅𝖺𝖻𝗅𝖾, 𝗌𝖾𝖼𝗎𝗋𝖾, 𝖽𝖺𝗇 𝗋𝖾𝗌𝗂𝗅𝗂𝖾𝗇𝗍, 𝗌𝖾𝗋𝗍𝖺 𝗆𝖾𝗆𝖺𝗌𝗍𝗂𝗄𝖺𝗇 𝗉𝗅𝖺𝗍𝖿𝗈𝗋𝗆 𝖻𝖺𝖼𝗄𝖾𝗇𝖽 𝗆𝖺𝗆𝗉𝗎 𝗆𝖾𝗇𝖽𝗎𝗄𝗎𝗇𝗀 𝗉𝖾𝗋𝗍𝗎𝗆𝖻𝗎𝗁𝖺𝗇 𝖻𝗂𝗌𝗇𝗂𝗌 𝗃𝖺𝗇𝗀𝗄𝖺 𝗉𝖺𝗇𝗃𝖺𝗇𝗀. 𝖲𝖾𝗇𝗂𝗈𝗋 𝖡𝖺𝖼𝗄𝖾𝗇𝖽 𝖤𝗇𝗀𝗂𝗇𝖾𝖾𝗋 𝗆𝖾𝗆𝗂𝗆𝗉𝗂𝗇 𝗄𝖾𝗉𝗎𝗍𝗎𝗌𝖺𝗇 𝗍𝖾𝗄𝗇𝗂𝗌 𝖽𝖺𝗇 𝖺𝗋𝗌𝗂𝗍𝖾𝗄𝗍𝗎𝗋, 𝗆𝖾𝗆𝖻𝗂𝗆𝖻𝗂𝗇𝗀 𝖬𝗂𝖽𝖽𝗅𝖾 𝖽𝖺𝗇 𝖩𝗎𝗇𝗂𝗈𝗋 𝖤𝗇𝗀𝗂𝗇𝖾𝖾𝗋, 𝗌𝖾𝗋𝗍𝖺 𝖻𝖾𝗋𝗄𝗈𝗅𝖺𝖻𝗈𝗋𝖺𝗌𝗂 𝖽𝖾𝗇𝗀𝖺𝗇 𝗉𝗋𝗈𝖽𝗎𝖼𝗍, 𝖿𝗋𝗈𝗇𝗍𝖾𝗇𝖽, 𝖽𝖺𝗇 𝗌𝗍𝖺𝗄𝖾𝗁𝗈𝗅𝖽𝖾𝗋 𝖻𝗂𝗌𝗇𝗂𝗌 𝗎𝗇𝗍𝗎𝗄 𝗆𝖾𝗇𝖾𝗋𝗃𝖾𝗆𝖺𝗁𝗄𝖺𝗇 𝗄𝖾𝖻𝗎𝗍𝗎𝗁𝖺𝗇 𝖻𝗂𝗌𝗇𝗂𝗌 𝗆𝖾𝗇𝗃𝖺𝖽𝗂 𝗌𝗈𝗅𝗎𝗌𝗂 𝖻𝖺𝖼𝗄𝖾𝗇𝖽 𝗒𝖺𝗇𝗀 𝖺𝗇𝖽𝖺𝗅 𝖽𝖺𝗇 𝖾𝖿𝗂𝗌𝗂𝖾𝗇.

𝟭. 𝗕𝗮𝗰𝗸𝗲𝗻𝗱 𝗔𝗿𝗰𝗵𝗶𝘁𝗲𝗰𝘁𝘂𝗿𝗲 & 𝗗𝗲𝘀𝗶𝗴𝗻
  • 𝖬𝖾𝗇𝖽𝖾𝗌𝖺𝗂𝗇 𝗌𝗍𝗋𝗎𝗄𝗍𝗎𝗋 𝗌𝖾𝗋𝗏𝗂𝖼𝖾, 𝖽𝖺𝗍𝖺𝖻𝖺𝗌𝖾, 𝖽𝖺𝗇 𝖺𝗅𝗎𝗋 𝖽𝖺𝗍𝖺.
  • 𝖬𝖾𝗇𝖾𝗇𝗍𝗎𝗄𝖺𝗇 𝗉𝗈𝗅𝖺 𝖺𝗋𝗌𝗂𝗍𝖾𝗄𝗍𝗎𝗋 𝗒𝖺𝗇𝗀 𝗌𝖼𝖺𝗅𝖺𝖻𝗅𝖾 𝖽𝖺𝗇 𝖺𝗆𝖺𝗇.

𝟮. 𝗖𝗼𝗿𝗲 𝗦𝘆𝘀𝘁𝗲𝗺 𝗢𝘄𝗻𝗲𝗿𝘀𝗵𝗶𝗽
  • 𝖬𝖾𝗆𝖾𝗀𝖺𝗇𝗀 𝗈𝗐𝗇𝖾𝗋𝗌𝗁𝗂𝗉 𝖺𝗍𝖺𝗌 𝗆𝗈𝖽𝗎𝗅 𝗂𝗇𝗍𝗂 (𝗍𝗋𝖺𝗇𝗌𝖺𝗄𝗌𝗂, 𝖻𝗈𝗈𝗄𝗂𝗇𝗀, 𝗉𝖺𝗒𝗆𝖾𝗇𝗍, 𝗎𝗌𝖾𝗋, 𝖽𝗌𝖻).
  • 𝖬𝖾𝗇𝗃𝖺𝗆𝗂𝗇 𝗌𝗍𝖺𝖻𝗂𝗅𝗂𝗍𝖺𝗌 𝖽𝖺𝗇 𝗋𝖾𝗅𝗂𝖺𝖻𝗂𝗅𝗂𝗍𝗒 𝗌𝗂𝗌𝗍𝖾𝗆 𝗄𝗋𝗂𝗍𝗂𝗄𝖺𝗅.

𝟯. 𝗣𝗲𝗿𝗳𝗼𝗿𝗺𝗮𝗻𝗰𝗲 & 𝗦𝗰𝗮𝗹𝗮𝗯𝗶𝗹𝗶𝘁𝘆 𝗘𝗻𝗴𝗶𝗻𝗲𝗲𝗿𝗶𝗻𝗴
  • 𝖬𝖾𝗇𝖼𝖾𝗀𝖺𝗁 𝖻𝗈𝗍𝗍𝗅𝖾𝗇𝖾𝖼𝗄 𝗆𝖾𝗅𝖺𝗅𝗎𝗂 𝖼𝖺𝖼𝗁𝗂𝗇𝗀, 𝖺𝗌𝗒𝗇𝖼 𝗉𝗋𝗈𝖼𝖾𝗌𝗌𝗂𝗇𝗀, 𝖽𝖺𝗇 𝗊𝗎𝖾𝗎𝖾.
  • 𝖬𝖾𝗇𝖽𝖾𝗌𝖺𝗂𝗇 𝗌𝗂𝗌𝗍𝖾𝗆 𝖺𝗀𝖺𝗋 𝗌𝗂𝖺𝗉 𝗍𝗋𝖺𝖿𝖿𝗂𝖼 𝖻𝖾𝗌𝖺𝗋.

𝟰. 𝗦𝗲𝗰𝘂𝗿𝗶𝘁𝘆 & 𝗥𝗶𝘀𝗸 𝗖𝗼𝗻𝘁𝗿𝗼𝗹
  • 𝖬𝖾𝗇𝖽𝖾𝗌𝖺𝗂𝗇 𝖺𝗎𝗍𝖾𝗇𝗍𝗂𝗄𝖺𝗌𝗂, 𝗈𝗍𝗈𝗋𝗂𝗌𝖺𝗌𝗂, 𝖽𝖺𝗇 𝗉𝗋𝗈𝗍𝖾𝗄𝗌𝗂 𝖽𝖺𝗍𝖺.
  • 𝖬𝖾𝗇𝖼𝖾𝗀𝖺𝗁 𝖽𝖺𝗍𝖺 𝗅𝖾𝖺𝗄 𝖽𝖺𝗇 𝗅𝗈𝗀𝗂𝖼𝖺𝗅 𝗏𝗎𝗅𝗇𝖾𝗋𝖺𝖻𝗂𝗅𝗂𝗍𝗒.

𝟱. 𝗧𝗲𝗰𝗵𝗻𝗶𝗰𝗮𝗹 𝗟𝗲𝗮𝗱𝗲𝗿𝘀𝗵𝗶𝗽
  • 𝖱𝖾𝗏𝗂𝖾𝗐 𝖽𝖾𝗌𝗂𝗀𝗇 𝖽𝖺𝗇 𝖼𝗈𝖽𝖾 𝖾𝗇𝗀𝗂𝗇𝖾𝖾𝗋 𝗅𝖺𝗂𝗇.
  • 𝖬𝖾𝗇𝗃𝖺𝖽𝗂 𝗋𝗎𝗃𝗎𝗄𝖺𝗇 𝗍𝖾𝗄𝗇𝗂𝗌 𝖻𝖺𝗀𝗂 𝗍𝗂𝗆 𝖻𝖺𝖼𝗄𝖾𝗇𝖽.




Persyaratan

𝟨–𝟣𝟢 𝗍𝖺𝗁𝗎𝗇 𝗉𝖾𝗇𝗀𝖺𝗅𝖺𝗆𝖺𝗇 𝖻𝖺𝖼𝗄𝖾𝗇𝖽.

𝖯𝖾𝗋𝗇𝖺𝗁 𝗆𝖾𝗇𝖺𝗇𝗀𝖺𝗇𝗂 𝗌𝗂𝗌𝗍𝖾𝗆 𝖻𝖾𝗋𝗌𝗄𝖺𝗅𝖺 𝖻𝖾𝗌𝖺𝗋 𝖺𝗍𝖺𝗎 𝗄𝗋𝗂𝗍𝗂𝗄𝖺𝗅.

M𝖾𝗇𝗀𝗎𝖺𝗌𝖺𝗂 𝗆𝗂𝖼𝗋𝗈𝗌𝖾𝗋𝗏𝗂𝖼𝖾𝗌, 𝖽𝖺𝗍𝖺𝖻𝖺𝗌𝖾 𝖽𝖾𝗌𝗂𝗀𝗇, 𝗊𝗎𝖾𝗎𝖾, 𝖼𝖺𝖼𝗁𝗂𝗇𝗀.

𝖯𝖺𝗁𝖺𝗆 𝗁𝗂𝗀𝗁-𝖺𝗏𝖺𝗂𝗅𝖺𝖻𝗂𝗅𝗂𝗍𝗒 𝖽𝖺𝗇 𝖿𝖺𝗎𝗅𝗍 𝗍𝗈𝗅𝖾𝗋𝖺𝗇𝖼𝖾.

𝖳𝖾𝗋𝖻𝗂𝖺𝗌𝖺 𝗆𝖾𝗆𝗂𝗆𝗉𝗂𝗇 𝗌𝗈𝗅𝗎𝗌𝗂 𝗍𝖾𝗄𝗇𝗂𝗌.

𝖬𝖺𝗆𝗉𝗎 𝗆𝖾𝗆𝖻𝗂𝗆𝖻𝗂𝗇𝗀 𝗆𝗂𝖽𝖽𝗅𝖾 𝖽𝖺𝗇 𝗃𝗎𝗇𝗂𝗈𝗋.

Bersedia penempatan di Bandung",https://id.jobstreet.com/id/job/91650178,Rp 10.000.000 – Rp 15.000.000 per month,software,indonesia,['r'],1,2026-04-21T16:39:00.065917
91649938,Software Developer - VBA Excel,PT SBG Solusi Bisnis,,"Job Description:

Develop and maintain Excel applications using VBA (Visual Basic for Applications)

Automate reports, workflows, and repetitive tasks

Create forms, simple or advanced formulas

Troubleshoot and optimize existing Excel models

Work with users to translate business requirements into solutions

Requirements:

Speak fluently and write effectively in English

Excellent interpersonal and communication skills, both verbal and written

Highly-detail oriented with a problem-solving attitude

Strong proficiency in Microsoft Excel and VBA

Academic: Bachelor's Degree in Information Systems or related field

Job Experience: At least 1 year of experience with VBA and SQL database

Have experience in using AI (need to specify during the interview)

Our office is located at Graha Pena Building, Ketintang, Surabaya",https://id.jobstreet.com/id/job/91649938,Rp 4.000.000 – Rp 6.000.000 per month,software,indonesia,"['sql', 'r']",2,2026-04-21T16:39:03.925247
91649934,Sr. Manager Operational Material Management,PT Philips Industries Batam,,"Job Summary:

Sr. Manager Operational Material Management is responsible for leading material planning and resource management, monitoring quality standards, mitigating material shortage risks, guiding strategic policies, managing team talent, incorporating Lean principles and analyzing data to enhance supply chain efficiency and customer satisfaction. The role identifies complex material shortage risks, designs risk mitigation strategies and manages global shortage issues. The role provides strategic guidance and implements policies to optimize operational efficiency and ensure timely delivery. The role defines and implements new systems and Lean principles, enhancing material planning, sales, production, and procurement strategies.




Your Role:

Leads material planning, heads material resource planning software data setup and maintenance, leads product life cycles, designs supplier-managed and owned inventories, and acts as a central contact and coordination point for global and key x-site suppliers.

Monitors quality standards, targets, and methodologies for improving material planning processes, and instills a quality-oriented mindset across operations to ensure consistent adherence to high standards throughout all facets of the organization's activities.

Monitors processes, diligently manages and scrutinizes to pinpoint the underlying causes of problems or inefficiencies and enables targeted interventions to minimize waste and enhance productivity.

Identifies highly complex material shortage risks across suppliers, leads return orders, designs risk mitigation strategies, ensures efficient operations within n-tier supplier networks, leads x-functional shortage review meeting and manages global shortage issues.

Identifies and resolves root causes of highly complex availability issues, provides supplier assessments and performance reviews, and develops process improvements aimed at enhancing overall performance.

Provides strategic guidance and implements medium to long-term policies for the material planning department to optimize operational efficiency and ensure the timely delivery of goods and services.

Manages talent across the team, while driving employee selection, performance management, compensation management, career development, and ensuring effective operational management.

Defines and supervises the implementation of new systems and processes, incorporates Lean principles introduces innovative material planning concepts and analyzes data to enhance sales, production, and procurement strategies effectively.

Detects KPI trends, analyzes internal and external data, identies improvement opportunities throughout the end-to-end supply chain, generates and implements value-adding solutions with a focus on customer satisfaction.




You're the right fit if:

Bachelor's / Master's Degree in Business Economics, Supply Chain Management, Operations Research, Data Analysis and Statistics, Business Analytics or equivalent.

Minimum 5 years of experience with Bachelor's OR Minimum 3 years of experience with Master's in areas such as Material Planning, Supply Chain Management or equivalent.

Strong analytical mindset with the ability to translate complex data into actionable insights and strategic decisions.

Strong stakeholder management skills with the ability to collaborate across cross-functional and global teams.

Hands-on experience with ERP/MRP systems (e.g., SAP) and advanced data tools (Excel, Power BI, or similar).

Solid understanding of Lean principles and continuous improvement methodologies.

Willing to work on site - Batam.




About Philips.
We are a health technology company. We built our entire company around the belief that every human matters, and we won't stop until everybody everywhere has access to the quality healthcare that we all deserve. Do the work of your life to help the lives of others.",https://id.jobstreet.com/id/job/91649934,Rp 50.000.000 – Rp 55.000.000 per month,software,indonesia,"['r', 'power bi']",2,2026-04-21T16:39:07.792813
91649717,Merchandiser,PT Gelindo Garmentama,,"JUNIOR MD

1.FLUENT SPEAKING AND WRITING IN ENGLISH

2.BACHELOR DEGREE / S1

3.FAMILIAR WITH OFFICE SOFTWARE

4.HAVE A GOOD TIME MANAGEMENT AND BE ABLE TO WORK TOGETHER IN A TEAM

5.FRESH GRADUATE ARE WELCOME TO APPLY

SENIOR MD

1.FLUENT SPEAKING AND WRITING IN ENGLISH

2.BACHELOR DEGREE / S1

3.FAMILIAR WITH OFFICE SOFTWARE

4.MINIMUM 2 YEARS EXPERIENCE AS MERCHANDISER IN THE GARMENT MANUFACTURE",https://id.jobstreet.com/id/job/91649717,,software,indonesia,['r'],1,2026-04-21T16:39:11.661345
91649686,Outsystem Developer,PT ABISHAR TECHNOLOGIES INDONESIA,,"Job Scope

Develop & maintain web/mobile apps using OutSystems

Handle frontend, backend & API integration

Manage deployment, system upgrade & enhancement

Provide troubleshooting & user support

Collaborate with teams for requirement & delivery

Support testing (SIT/UAT) and ensure smooth deployment

Qualifications

Bachelor’s degree in IT or related field

2–4 years experience in OutSystems / web development

Strong in OutSystems, API integration & database

Familiar with SDLC & Agile

Good problem-solving & communication skills

Experience in banking/finance is a plus",https://id.jobstreet.com/id/job/91649686,Rp 7.000.000 – Rp 9.000.000 per month,software,indonesia,"['r', 'agile']",2,2026-04-21T16:39:15.537694
91646802,Customer Service/Front Desk,PT Java Abadi Gemilang,,"Responsibilities :

Memberikan pelayan yang baik dan ramah kepada pelanggan yang sedang melakukan perbaikan unit agar mencapai kepuasan pelanggan

Menanggani keluhan pelanggan

Menjaga hubungan baik dengan pelanggan

Melakukan penggecekkan printer dan laptop

Mengerti Software & Hardware

Kualifikasi:

Pendidikan minimal D3 semua jurusan

Memiliki kemampuan komunikasi dengan baik

Mempunyai kepribadian yang baik

Dapat mengoperasikan komputer (Windows, Microsoft Office, Ms. Excel

Jujur, loyalitas, bertanggung jawab, disiplin, pekerja keras

Mampu bekerja team atau individu

Terbiasa bekerja dibawah tekanan

Mempunyai pengalaman minimal 1 tahun di bidang yang sama

Berpenampilan rapi

Berdomisili di Jakarta & sekitarnya",https://id.jobstreet.com/id/job/91646802,,software,indonesia,"['r', 'keras']",2,2026-04-21T16:39:19.418182
91649070,Staff Pattern Maker,PT. Integrasi Ide Indonesia,,"Kualifikasi : 

1. Wanita/ Laki - Laki maks usia 35 tahun

2. Memiliki background pendidikan tata busana

3. Pengalaman sebagai staf Pattern Maker minimal 1 tahun

4. Mampu membuat pola dan grading menggunakan software seperti Richpeace, Optitex atau sejenisnya dan secara manual. 

5. Memiliki kemampuan menjahit",https://id.jobstreet.com/id/job/91649070,Rp 3.000.000 – Rp 4.000.000 per month,software,indonesia,['r'],1,2026-04-21T16:39:23.313144
91648978,3D Spatial Designer,PT. Wonderlab,,"Job Description:

Mendesain booth, exhibition, dan spatial experience untuk event & activation

Mengembangkan konsep 3D yang immersive dan engaging

Membuat rendering 3D berkualitas tinggi untuk presentasi client

Berkolaborasi dengan tim produksi dan project untuk eksekusi design

Memastikan desain sesuai dengan kebutuhan brand dan feasibility produksi

Requirements:

Minimal 3–5 tahun pengalaman di bidang spatial/exhibition design

Menguasai software: 3ds Max / SketchUp / Blender

Memiliki portfolio 3D design & rendering yang kuat

Memahami material, struktur, dan proses produksi

Detail-oriented & memiliki sense of space yang baik

Mampu bekerja dalam deadline & environment yang dinamis",https://id.jobstreet.com/id/job/91648978,,software,indonesia,['r'],1,2026-04-21T16:39:27.182672
91648924,Manager IT (Software Engineer),PT. Bangunjaya Prima Nusantara,,"Tanggung Jawab Utama

Terlibat langsung dalam proses development (hands-on coding bila diperlukan)

Mendesain arsitektur sistem yang scalable, secure, dan maintainable

Melakukan code review dan memastikan kualitas kode

Mengatur timeline project dan memastikan delivery tepat waktu

Berkoordinasi dengan stakeholder (product, bisnis, vendor)

Mengelola deployment, monitoring, dan maintenance sistem

Mengidentifikasi dan mengimplementasikan teknologi baru yang relevan




Kualifikasi Wajib

Pendidikan minimal S1 di bidang IT / Computer Science atau setara

Pengalaman minimal 3–5 tahun di software development

Menguasai Fullstack Development, termasuk:

Backend: Ruby on Rails atau Framework MVC lainnya

Frontend: Next.js atau Framework Javascript lainnya

Memahami REST API, WebSocket, dan integrasi sistem

Berpengalaman dengan database PostgreSQL

Familiar dengan Git dan workflow (CI/CD)

Strong problem-solving dan analytical thinking




Kualifikasi Tambahan (Nilai Plus)

Pengalaman integrasi dengan IoT dengan protokol MQTT & Modbus

Memiliki pengalaman di Ruby on Rails dan Next.js",https://id.jobstreet.com/id/job/91648924,Rp 8.000.000 – Rp 12.000.000 per month,software,indonesia,"['git', 'sql', 'r', 'scala', 'java', 'javascript', 'postgresql']",7,2026-04-21T16:39:31.062942
91648880,FLM ATM First Level Maintenance Technician - Sei Rampah,PT Brinks Solutions Indonesia,,"Pemeriksaan & Monitoring

Melakukan pengecekan rutin terhadap perangkat/mesin (ATM, EDC, jaringan, server, mesin produksi, dsb).

Memastikan perangkat dalam kondisi normal dan siap digunakan.

Melaporkan kondisi abnormal atau potensi gangguan.

Penanganan Gangguan Ringan

Mengatasi masalah dasar seperti:

Restart perangkat

Mengganti kabel, fuse, toner, ribbon, kertas (misalnya di ATM/mesin cetak)

Membersihkan perangkat dari debu/kotoran

Menangani error sederhana sesuai prosedur standar (SOP).

Pemeliharaan Preventif

Melakukan inspeksi berkala untuk mencegah kerusakan.

Membersihkan dan memastikan perangkat tetap berfungsi optimal.

Mengupdate software/firmware ringan jika diperlukan.

Koordinasi & Eskalasi

Jika masalah tidak dapat diselesaikan di level FLM, segera melakukan eskalasi ke Second Level Maintenance (SLM) atau teknisi spesialis.

Memberikan laporan lengkap terkait kondisi masalah untuk memudahkan tindak lanjut.

Administrasi & Dokumentasi

Mengisi log sheet maintenance (aktivitas, waktu, hasil).

Melaporkan hasil kunjungan/pengecekan ke atasan atau sistem monitoring.

Menjaga kelengkapan tools & spare part standar yang dibutuhkan.


Kualifikasi Singkat

Pendidikan minimal SMK/D3 Teknik atau setara.

Diutamakan memiliki 1 tahun pengalaman sebagai staff maintenance / perbaikan, terutama terkait service ATM.

Jujur, berintegritas tinggi, bekerja sesuai prosedur

Memahami dasar troubleshooting teknis.

Bersedia standby & quick response untuk maintain ATM machines & backup.

Terampil mengendarai kendaraan roda dua dan roda empat serta memiliki SIM A dan SIM C aktif.

Bersedia ditempatkan di area lainnya.",https://id.jobstreet.com/id/job/91648880,,software,indonesia,['r'],1,2026-04-21T16:39:34.927896
91648820,FLM ATM First Level Maintenance Technician - Raya Sumatra Utara,PT Brinks Solutions Indonesia,,"Pemeriksaan & Monitoring

Melakukan pengecekan rutin terhadap perangkat/mesin (ATM, EDC, jaringan, server, mesin produksi, dsb).

Memastikan perangkat dalam kondisi normal dan siap digunakan.

Melaporkan kondisi abnormal atau potensi gangguan.

Penanganan Gangguan Ringan

Mengatasi masalah dasar seperti:

Restart perangkat

Mengganti kabel, fuse, toner, ribbon, kertas (misalnya di ATM/mesin cetak)

Membersihkan perangkat dari debu/kotoran

Menangani error sederhana sesuai prosedur standar (SOP).

Pemeliharaan Preventif

Melakukan inspeksi berkala untuk mencegah kerusakan.

Membersihkan dan memastikan perangkat tetap berfungsi optimal.

Mengupdate software/firmware ringan jika diperlukan.

Koordinasi & Eskalasi

Jika masalah tidak dapat diselesaikan di level FLM, segera melakukan eskalasi ke Second Level Maintenance (SLM) atau teknisi spesialis.

Memberikan laporan lengkap terkait kondisi masalah untuk memudahkan tindak lanjut.

Administrasi & Dokumentasi

Mengisi log sheet maintenance (aktivitas, waktu, hasil).

Melaporkan hasil kunjungan/pengecekan ke atasan atau sistem monitoring.

Menjaga kelengkapan tools & spare part standar yang dibutuhkan.


Kualifikasi Singkat

Pendidikan minimal SMK/D3 Teknik atau setara.

Diutamakan memiliki 1 tahun pengalaman sebagai staff maintenance / perbaikan, terutama terkait service ATM.

Jujur, berintegritas tinggi, bekerja sesuai prosedur

Memahami dasar troubleshooting teknis.

Bersedia standby & quick response untuk maintain ATM machines & backup.

Terampil mengendarai kendaraan roda dua dan roda empat serta memiliki SIM A dan SIM C aktif.

Bersedia ditempatkan di area lainnya.",https://id.jobstreet.com/id/job/91648820,,software,indonesia,['r'],1,2026-04-21T16:39:38.790483
91648637,Software Development Engineer in Test (SDET),PT ABISHAR TECHNOLOGIES INDONESIA,,"Client : Logistic Company

Placement : Kedoya, West Jakarta




Requirement :

Bachelor degree in information technology, Computer science, or related field.

Has 3+ years working experience as QA Automation/SDET.

Deep knowledge of software QA methodologies, STLC, and processes.

Deep understanding of API Testing and SQL.

Experience with test automation (Robot framework).

Good understanding of GitHub, branches, and pull requests.

Extent and monitor infrastructure QA suite of tests.

In-depth understanding of Javascript, Java, Python, XML, and any language.

Actively contribute to the setup and development of automated testing for mobile apps and back-end functionality.

Familiarity and knowledge of CI/CD tools like Jenkins, etc.

Familiar with Grafana Excellent analytical and problem-solving skills.",https://id.jobstreet.com/id/job/91648637,Rp 8.000.000 – Rp 12.000.000 per month,software,indonesia,"['git', 'sql', 'r', 'python', 'java', 'javascript']",6,2026-04-21T16:39:42.680443
91648467,Programmer C#,PT Ringkat Teknologi Muliatama,,"Job Responsibilities :

• To be able to analyst project requirement

• Able to work under supervision

• Should be able to record the process into the document

• To perform self-testing on the developed programs

• To be able to identify programming process based on project requirement

• Document down all the programming process

• Be actively committed and involved in the implementation & delivering process

• Meets Office programming standards of procedure involving productivity, quality, work process improvements and etc.

• Work like freelance, no insurance and THR

• Monday-Friday (8am - 5.15pm) and Saturday (Half Day)



Requirements

• Candidate must possess at least a BSc/BA in IT, Computer Science or relevant field / BS degree in Information Technology, Computer Science or relevant field / Additional certification similar technologies is a plus.

• Required skill(s): C#, ASP.NET Web Forms

• Having knowledge or experience .NET MAUI, DevExpress

• Ability to Design and Implement User Interfaces (UI)

• At least 2 years(s) of working experience in the related field is required for this position

• Preferably Senior Executives specializing in IT/ Computer

• Software or equivalent

• Able to work independently if necessary and handle work pressure well",https://id.jobstreet.com/id/job/91648467,,software,indonesia,"['express', 'c#', 'r']",3,2026-04-21T16:39:46.754507
91648525,PARTNERSHIP AND PROCUREMENT ( IT BUSINESS DEVELOPMENT ),,,"Kami adalah perusahaan IT yang sedang berkembang dan mencari profesional yang dinamis untuk mengisi posisi PARTNERSHIP AND PROCUREMENT (IT Business Development). Peran ini bertanggung jawab penuh dalam mengelola ekosistem pengadaan perusahaan, mulai dari hubungan strategis dengan Principal IT hingga pengelolaan produk di platform E-Katalog LKPP.

Tanggung Jawab Utama :

Mengelola proses pendaftaran, kurasi, dan penayangan produk di portal E-Katalog LKPP (Nasional/Sektoral/Lokal).

Menjalin dan memelihara hubungan strategis dengan Principal (Brand IT) dan Distributor untuk mendapatkan harga proyek yang kompetitif dan surat dukungan.

Memantau dan memastikan kepatuhan perusahaan terhadap regulasi pengadaan barang/jasa pemerintah yang berlaku.

Mengelola administrasi tender, kontrak payung, dan dokumen legal terkait pengadaan.

Melakukan analisis harga pasar secara berkala untuk menjaga daya saing produk di platform pengadaan digital.

Berkoordinasi dengan tim teknis terkait spesifikasi produk dan perhitungan TKDN (Tingkat Komponen Dalam Negeri).

 

Kualifikasi Khusus :

Minimal S1 Teknik Informatika, Sistem Informasi, Manajemen, atau Hukum.

Minimal 2 tahun di bidang Procurement atau Sales Ops pada industri IT/Teknologi.

Mahir mengoperasikan portal LPSE, SIKAP, dan E-Katalog.

Memahami hardware (Server, Storage, Network) dan software enterprise.

Memahami Perpres Pengadaan Barang/Jasa Pemerintah dan kebijakan TKDN.",https://id.jobstreet.com/id/job/91648525,,software,indonesia,"['git', 'r']",2,2026-04-21T16:39:50.731564
91648347,Junior Accounting,BALIMMO DEVELOPMENT GROUP,,"Job Description:

- Prepare and review monthly, quarterly, and annual financial statements in a timely and accurate manner

- Ensure financial reports comply with applicable accounting standards and internal policies

- Handle company tax matters, including preparation and submission of tax returns (VAT, withholding tax, corporate tax, et

- Prepare tax calculations and ensure proper documentation and reporting in accordance with regulations

- Review financial data for management reporting and decision-making purposes

- Support internal and external audit processes by preparing required data and explanations

- Monitor cash flow, receivables, and payables together with the finance team

- Coordinate with project, procurement, and management teams regarding financial and tax-related matters

- Supervise and guide accounting/finance staff (if applicable)

- Stay updated with relevant tax regulations and accounting practices

Requirements:

- Bachelor’s degree in Accounting

- Minimum 3 years of experience in accounting, finance, and tax, preferably in construction or contracting companies

- Experienced in preparing monthly, quarterly, and annual financial statements

- Good understanding and hands-on experience in handling corporate tax matters, especially in the construction sector, propertiy, and villa management

- Experienced in preparing tax calculations and tax reporting, and supporting audit processes

- Able to analyze financial statements to support management needs

- Familiar with accounting software and Microsoft Excel

- Understands the full finance administration process, from billing and payments to period closing

- Detail-oriented, well-organized, and able to work with tight deadlines

- Able to speak english both written and oral

- Good communication skills and comfortable working with different departments

- Responsible, reliable, and has strong integrity",https://id.jobstreet.com/id/job/91648347,Rp 5.000.000 – Rp 6.000.000 per month,software,indonesia,['r'],1,2026-04-21T16:39:54.662461
91648206,Junior Software Engineer,PT Technet Vision Indonesia,,"Qualifications

Core Requirements

Bachelor’s degree in Computer Science, Software Engineering, Data Science, or related field.

1–3 years of professional experience in full-stack software development. Fresh graduate is welcome to apply.

Proficiency in front-end technologies: HTML, CSS, JavaScript, and frameworks such as React.js (preferred), Vue.js, or Angular.

Proven experience in back-end development using Node.js (preferred), Python, Java, Ruby, or similar languages.

Strong knowledge of SQL and NoSQL databases, including schema design and query optimization.

Experience in RESTful API development and integration.

Strong understanding of OOP principles and modern software development practices.

Hands-on experience with CI/CD pipelines, Git, and deployment to production environments.

Familiarity with Agile / Scrum development methodologies.




AI & Solution Architecture Skills

Experience implementing and deploying machine learning models and integrating AI into production systems.

Knowledge of LLM fine-tuning, prompt engineering, and AI deployment workflows.

Understanding of RAG pipelines, vector databases, and cloud-based AI architectures.

Ability to design, document, and present system architectures to both technical and non-technical audiences.




Additional Qualifications

Experience building LLM-based chatbots, AI automation platforms, or intelligent SaaS products.

Knowledge of LangChain, Pinecone, Weaviate, or other vector database solutions.

Familiarity with containerization and orchestration (Docker, Kubernetes).

Certifications such as AWS Machine Learning, Google Cloud AI Engineer, or Solution Architect Professional.




Responsibilities

Translate business requirements into technical system designs and end-to-end AI-driven solutions.

Develop and implement AI models and integrate them into full-stack applications.

Manage the entire software development lifecycle (SDLC) — from design to deployment.

Provide technical support and guidance during implementation and post-deployment phases.

Collaborate with cross-functional teams (data engineers, frontend developers, DevOps) to deliver complete solutions.

Advise the business team on AI trends, opportunities, and strategic innovation.

Design solutions with scalability, maintainability, and security in mind.

Recommend appropriate technologies, architectures, and frameworks based on client needs and project goals.

Serve as a technical consultant for stakeholders, presenting solutions and guiding decision-making.",https://id.jobstreet.com/id/job/91648206,Rp 6.000.000 – Rp 7.500.000 per month,software,indonesia,"['scrum', 'angular', 'react', 'docker', 'git', 'vue', 'sql', 'r', 'aws', 'kubernetes', 'scala', 'python', 'java', 'agile', 'javascript']",15,2026-04-21T16:39:58.869901
91648063,STAFF ENGINEER (ELEKTRO/ENERGI TERBARUKAN),PT Reja Aton Energi,,"KUALIFIKASI :

Pendidikan : Minimal D3/S1 Teknik Elektro atau Teknik Energi Terbarukan

Sertifikasi Kompetensi K2, K3, Sertifikasi PLTS (Nilai Plus)

Pengalaman Kerja Minimal 1 Tahun dibidang Instalasi Sistem Kelistrikan

Kemampuan Menggunakan AutoCAD atau Software Pemodelan Energi Lainnya

Memiliki Softskill : Project Management, Troubleshooting, Pelaporan (Nilai Plus)

Memiliki Pemahaman Regulasi Pemerintah

Inisiatif & mampu memanajemen waktu dengan baik.

Penempatan Sedati, Sidoarjo, Jawa Timur

Bersedia Melakukan Perjalanan Dinas ke Seluruh Indonesia




FASILITAS :

Bonus

Insentif

Jenjang karir terbuka

Tunjangan Transportasi Lapangan, Sertifikasi Kompetensi

BPJS Kesehatan dan Ketenagakerjaan

Uang makan dan transport

Sabtu dan minggu libur

Outing team dan Traveling dalam/luar negeri.

Olahraga rutin

Makan siang Jum'at Berkah",https://id.jobstreet.com/id/job/91648063,Rp 3.500.000 – Rp 4.500.000 per month,software,indonesia,['r'],1,2026-04-21T16:40:02.839158
91647669,IT Support,PT HGT Services Indonesia,,"PT HGT Services Indonesia, perusahaan terkemuka di bidang teknologi informasi dan komunikasi, saat ini membuka posisi IT Support yang akan ditempatkan di Banjarmasin. Sebagai IT Support, Anda akan memainkan peran kunci dalam mendukung kebutuhan teknis klien kami dan memastikan sistem berfungsi secara optimal.




Tanggung Jawab:

Memberikan dukungan teknis terkait software, hardware, printer, jaringan, serta akses sistem pengguna.

Melakukan instalasi, konfigurasi, dan pemeliharaan PC/laptop, sistem operasi, antivirus, serta aplikasi kerja.

Menangani dan menindaklanjuti tiket IT sesuai dengan SLA yang berlaku di perusahaan.

Menjaga komunikasi dan koordinasi yang baik dengan tim pusat di Jakarta.

Menjaga kualitas layanan dan keselamatan kerja saat berada di lapangan.




Kualifikasi:

Pengalaman minimal 1 tahun di bidang IT Support khususnya hardware.

Pendidikan minimal SMK Jurusan Teknik Komputer dan Jaringan atau jurusan terkait lainnya

Bisa berbahasa inggris min pasif.

Berpengalaman dalam mengganti spare part/hardware serta troubleshoot notebook, PC desktop, server, dan memahami dasar-dasar networking.

Bersedia bekerja secara mobile di area yang ditempatkan serta siap untuk perjalanan dinas.

Memiliki Laptop, kendaraan pribadi (minimal motor), dan tools (obeng, dan sebagainya) untuk mendukung kebutuhan pekerjaan Engineer.

Jujur, disiplin, bertanggung jawab, dan memiliki kemampuan komunikasi yang baik.",https://id.jobstreet.com/id/job/91647669,,software,indonesia,['r'],1,2026-04-21T16:40:06.728292
91647450,IT HELPDESK & NETWORK,PT. TRI RATNA DIESEL INDONESIA,,"Kami mencari individu yang dinamis, komunikatif, dan memiliki kemampuan teknis yang kuat untuk bergabung sebagai Help Desk & Network Support. Posisi ini akan memastikan kelancaran operasional IT dan infrastruktur jaringan perusahaan.

📍 Lokasi: Gresik

Tanggung Jawab Utama:

Technical Support: Memberikan bantuan teknis (hardware & software) kepada seluruh karyawan baik secara langsung maupun melalui remote desktop.

Maintenance Jaringan: Melakukan instalasi, konfigurasi, dan pemeliharaan perangkat jaringan seperti Router, Switch, WAN, kabel LAN/radio, firewall (MikroTik). fiber optik, dan perangkat CCTV.

Troubleshooting: Mengidentifikasi dan menyelesaikan masalah pada koneksi internet, VPN, serta gangguan teknis pada PC/Laptop dan printer.

Monitoring Jaringan: Memastikan stabilitas konektivitas jaringan dan keamanan akses data perusahaan.

Dokumentasi: Mencatat aset IT, inventaris perangkat, serta membuat laporan berkala terkait penanganan masalah (ticketing system).

Kualifikasi:

Pendidikan minimal S1 di bidang Teknik Informatika, Sistem Informasi, atau Teknik Komputer.

Pengalaman minimal 1 tahun di posisi serupa.

Terampil dalam instalasi Sistem Operasi (Windows/Linux) dan aplikasi standar perkantoran (Microsoft 365).

Memiliki kemampuan troubleshooting hardware yang baik.

Memiliki sertifikasi menjadi nilai tambah.",https://id.jobstreet.com/id/job/91647450,,software,indonesia,"['linux', 'r']",2,2026-04-21T16:40:10.617377
91647312,Jr. Backend Developer,PT. Venteny Fortuna International TBK,,"Requirements :

1-2 Years of professional experience in backend development (Node.js, Express, or equivalent).

Familiar with MySQL/PostgreSQL databases

Basic understanding of architecture patterns (e.g., MVC, MVP, MVVM, Clean Architecture).

Basic Knowledge of REST API, GraphQL is a plus

Basic CI/CD knowledge is an advantage

Strong willingness to learn and grow within backend microservices architecture




Job Description :

Develop and maintain backend APIs following company coding standards

Assist with system integration (internal and external, e.g., third-party APIs, payment gateways).

perform bug fixing, troubleshooting, and backend performance improvements.

Create technical documentation for APIs, database schemas, and developed modules

Collaborate with frontend, mobile, QA, and product teams in feature development.

Support senior backend developers in handling more complex tasks.

Maintain application security following basic best practices",https://id.jobstreet.com/id/job/91647312,,software,indonesia,"['mysql', 'express', 'sql', 'r', 'postgresql']",5,2026-04-21T16:40:14.500813
91647166,Intern Developer,PT Piposmart Digital Indonesia,,"Bergabunglah Sebagai INTERN DEVELOPER — Bangun Teknologi Masa Depan Bersama PT. Piposmart Digital Indonesia  ❗❗❗




Kualifikasi : 

1. Mahasiswa/Mahasiswi Aktif dalam bidang IT seperti Computer Science, Sistem Informasi, Rekayasa Perangkat Lunak, dlsb.

2. Memiliki Pemahaman dan Kemampuan menggunakan React, Bootstrap, Java, php, Golang, Kotlin, MySQL, Flutter, dan Next.js. Penguasaan secara Menyeluruh menjadi Nilai Plus

3. Memiliki kemampuan analitis, konseptual, kreatif, dan inovatif.

4. Coding skills yang baik, rapi, dan mau belajar mengikuti best practice.

5. Berpengalaman dalam DevOps, CI/CD, dan pengembangan RESTful API.

6. Bersedia belajar dan berkembang dalam proses pengembangan software

7. Memiliki fondasi kuat di bidang IT dan memahami sistem, server, infrastruktur, serta teknologi pendukung.

8. Memiliki ketertarikan dalam pengembangan aplikasi (web / mobile)

Bersedia belajar dan berkembang dalam proses pengembangan software

10. Memiliki komunikasi yang baik dan attitude yang positif.

11. Nilai tambah jika pernah mengerjakan project pribadi / tugas kuliah terkait coding.





Benefit : 

✅ Surat Keterangan Magang (Internship Certificate)

✅ Pengalaman kerja nyata di perusahaan teknologi

✅ Bimbingan langsung dari tim profesional

✅ Lingkungan Kerja Nyaman, Indoor dan tidak Toxic 

✅ Akses course pembelajaran dan upskilling

✅ Kesempatan membangun teknologi yang digunakan di berbagai kota di Indonesia

✅ Kesempatan berkontribusi pada proyek nyata & networking profesional



Tertarik berkontribusi dalam pembangunan teknologi digital?

Kirim CV, portofolio proyek (jika ada), dan dokumen pendukung anda!",https://id.jobstreet.com/id/job/91647166,Rp 1.000.000 – Rp 1.100.000 per month,software,indonesia,"['kotlin', 'mysql', 'react', 'git', 'sql', 'r', 'php', 'flutter', 'java', 'golang']",10,2026-04-21T16:40:18.398457
91646026,Senior Programmer ( Kota Makassar),Universitas Ciputra Surabaya,,"Deskripsi Pekerjaan :
Bertanggungjawab dalam mengelola kegiatan departemen ICT dalam memberikan layanan supporting ke seluruh civitas akademika yang berjalan dengan efektif dan efisien, serta melakukan koordinasi dengan departemen-departemen lain berkaitan dengan kriteria pekerjaan yang dilakukan. Selain itu bertanggungjawab juga dalam melakukan pembuatan dan maintenance aplikasi, melakukan pengaturan kinerja tim, serta berkontribusi terhadap inovasi dalam bidang teknologi.

Kualifikasi :

Pendidikan minimal Strata 1 (S1) Teknik Komputer atau bidang terkait.

Memiliki pengalaman sebagai Programmer minimal 2 tahun.

Memiliki pengalaman menggunakan metode Software Development Life Cycle (SDLC) dalam pengembangan aplikasi web menggunakan PHP dengan framework CodeIgniter, serta HTML5, CSS3, dan jQuery.

Memiliki pengalaman dalam menerapkan Object-Oriented Programming (OOP) pada PHP.

Memiliki pengalaman menggunakan Web Developer Tools pada browser terbaru (misalnya Firebug atau tools sejenis) untuk melakukan debugging di sisi klien.

Memiliki pengalaman dalam pengembangan Mobile Application, diutamakan menggunakan Flutter.

Memiliki pengalaman menggunakan MySQL sebagai database engine dalam pengembangan berbasis metode SDLC.

Memiliki kemampuan dalam melakukan optimasi query serta pengelolaan data dalam jumlah besar.

Memiliki kemampuan dalam menyusun rencana kerja tim, mengatur prioritas pekerjaan, serta bertanggung jawab terhadap pencapaian target tim.

Memiliki minat dan semangat dalam mengembangkan inovasi di bidang teknologi.

Memiliki kemampuan bekerja sama dalam tim dengan baik.

Memiliki kemampuan komunikasi yang efektif.

Mampu bekerja secara paralel dengan target yang terukur.

Berorientasi pada pencapaian target yang ditetapkan oleh perusahaan atau atasan.

Memiliki integritas yang tinggi.",https://id.jobstreet.com/id/job/91646026,,software,indonesia,"['mysql', 'sql', 'r', 'php', 'flutter']",5,2026-04-21T16:40:33.515966
91645351,Full Stack Developer (Springboot - ReactJS),PT ABISHAR TECHNOLOGIES INDONESIA,,"Bachelor’s degree in Computer Science, Information Technology, or a related field.

Has min. 2 years' experience as a Full Stack Developer.

Strong proficiency in: Java/Spring Boot framework & React.js.

Experience in building RESTful APIs and microservices architecture.

Familiarity with database technologies such as MySQL, PostgreSQL, or MongoDB.

Knowledge of version control systems (e.g., Git).

Understanding of software development lifecycle (SDLC).

Experience with API integration and asynchronous programming.

Willing to handle banking projects",https://id.jobstreet.com/id/job/91645351,Rp 7.000.000 – Rp 8.000.000 per month,software,indonesia,"['mysql', 'react', 'git', 'sql', 'r', 'mongodb', 'java', 'postgresql', 'spring boot']",9,2026-04-21T16:40:37.402115
91644025,RPA Developer,PT Rapid Teknologi Indonesia,,"RPA Developer (UiPath)


Responsibilities

- Develop, test, and deploy automation workflows using UiPath

- Analyze business processes and identify automation opportunities

- Maintain and optimize existing RPA solutions

- Troubleshoot bot failures and ensure system stability

- Collaborate with business & IT teams for requirement gathering

- Ensure documentation and governance standards are followed

- Support production issues and continuous improvement initiatives


Requirements:

- Minimum 2 years experience as RPA Developer (UiPath-focused)

- Strong hands-on experience with UiPath Studio, Orchestrator, and REFramework

- Experience in automation lifecycle (design → development → deployment → support)

- Good understanding of business process mapping & documentation

- Experience handling automation in banking/financial services is a plus

- Strong problem-solving and debugging skills

- Able to work independently and in a team environment",https://id.jobstreet.com/id/job/91644025,Rp 7.000.000 – Rp 9.000.000 per month,software,indonesia,['r'],1,2026-04-21T16:40:41.293030
91643815,Software Engineer - RA,PT XL Axiata Tbk,,"Key Responsibilities

Follow best coding practices and standards defined by software management
Adhere to secure coding practices aligned with OWASP guidelines
Perform unit testing with preference for Test-Driven Development (TDD)
Identify, troubleshoot, and fix software defects efficiently
Continuously improve code quality, performance, and maintainability
Participate in System Integration Testing (SIT) to ensure end-to-end functionality
Prepare and maintain accurate technical documentation
Follow Agile methodologies throughout the development lifecycle
Ensure on-time delivery of assigned development tasks
Maintain clear visibility of progress and proactively communicate and escalate roadblocks

Person Specifications

Bachelors degree in Computer Science, Software Engineering, or related field, or equivalent BSc qualification with 3+ years of experience
Minimum 1+ year of experience in Software Engineering
Strong analytical, problem-solving, teamwork, and communication skills
Good understanding of programming fundamentals, concepts, and algorithms
Ability to code using at least one programming language and willingness to learn others
Good understanding of Database Management Systems (DBMS)
Good knowledge of Scrum and Agile practices, including sprint planning, daily stand-ups, backlog grooming, reviews, and retrospectives

﻿Vendor submissions - 06/07/10 months",https://id.jobstreet.com/id/job/91643815,,software,indonesia,"['scrum', 'r', 'scala', 'agile']",4,2026-04-21T16:40:45.178659
91643304,Head of Engineering,PT Vertika Technologies Nusantara,,"Company Description:

Rey.id is a technology-driven health and life insurance provider in Indonesia, offering a holistic approach to healthcare services and well-being. Unlike traditional insurance products, Rey focuses on quality healthcare services to improve the lives of its members. The company is committed to reimagining and democratizing life and health insurance to make it more desirable and beneficial.




Job Description:

Responsible for overseeing tribes in the completion of engineering & product deliverables.

Developing & Researching detailed plans for new designs and products 

Hiring and supervising engineering teams 

Planning and executing strategies for completing projects

Providing clear and concise instructions

Communicate effectively with stakeholders




Requirement:

Tech lead / Engineering Manager  with 5++ experience

Proven supervisory and technical skills

Coding skill in NodeJS, Golang & Infrastructure level (cloud, unix, console, etc)

Strong fundamentals in Software Engineering

Bachelor's degree in engineering or equivalent",https://id.jobstreet.com/id/job/91643304,,software,indonesia,"['r', 'golang']",2,2026-04-21T16:40:49.067242
91643279,IT Project Manager,PT Abhimata Persada,,"Key Responsibilities:

Ensure all projects are delivered on time, within the defined scope, and within budget.

Coordinate and maintain strong relationships with internal teams and third-party vendors for seamless project execution.

Communicate directly with clients to capture detailed project briefs and clarify specific technical requirements.

Manage project conflicts and maintain professional relationships with all stakeholders.

Assist in defining project objectives and scope, involving all relevant parties to ensure technical feasibility.

Interact with executives and project teams to understand business process models, workflows, and expectations.

Develop comprehensive project management plans to track and monitor progress effectively.

Manage any changes to project scope, schedule, or costs using verified techniques.

Measure project performance using professional tools such as Microsoft Project.

Maintain detailed project documentation, including spreadsheets, diagrams, and process maps.




Requirements:

Bachelor’s or Master’s Degree in Computer Science, Information Technology, Engineering, or a related field.

Minimum 7+ years of experience as an IT Project Manager, specifically handling complex application projects.

Proficiency in English (written and spoken) is highly preferable.

Professional certifications such as PMP, Scrum Master, or Prince are preferred.

Solid understanding of the Software Development Life Cycle (SDLC) and Agile methodologies.

Familiarity with workflow diagrams and wireframe prototypes.

Ready to work on projects in various locations.",https://id.jobstreet.com/id/job/91643279,,software,indonesia,"['scrum', 'r', 'agile']",3,2026-04-21T16:40:52.959205
91643278,Java Developer,PT ABISHAR TECHNOLOGIES INDONESIA,,"Our Client Banking Industry
located in Mega Kuningan South Jakarta (Full WFO) is looking fullstack Java

With requirement bellow :
Bachelor’s degree or equivalent (D4)
Minimum 2 years experience as a java developer
Familiar with Java spring boot and React Js
Familiar with docker, jira, Git",https://id.jobstreet.com/id/job/91643278,Rp 7.000.000 – Rp 8.000.000 per month,software,indonesia,"['react', 'docker', 'git', 'r', 'java', 'spring boot']",6,2026-04-21T16:40:56.856471
91650818,Junior IT Test Analyst,PT Tiga Daya Digital Indonesia (Eksad Technology),,"Job Description

Melaksanakan aktivitas pengujian (testing) dalam siklus pengembangan sistem (SDLC) untuk memastikan kualitas aplikasi sesuai standar.
Menyusun dan menjalankan test scenario, test case, serta mendokumentasikan hasil pengujian.
Melakukan white box testing untuk memastikan logika dan alur kode berjalan sesuai desain.
Membuat dan memelihara Test Traceability Matrix (TTM) untuk memastikan seluruh requirement ter-cover dalam proses testing.
Menyusun Test Management Plan sebagai panduan pelaksanaan pengujian.
Mengelola dan memastikan kelengkapan dokumentasi dalam setiap tahapan SDLC.
Berkoordinasi dengan tim Developer, Business Analyst, dan Project Manager dalam proses defect tracking dan resolution.
Memastikan proses testing sesuai dengan standar kontrol dan prosedur, khususnya dalam Release Management.
Mendukung proses UAT (User Acceptance Test) dan memastikan kesiapan sistem sebelum release ke production.
Minimum Qualifications

Pendidikan minimal S1 di bidang IT, Sistem Informasi, atau bidang terkait.
Pengalaman minimal 2 tahun dalam IT Quality Assurance / Testing, khususnya di industri perbankan.
Memahami proses Software Development Life Cycle (SDLC).
Memiliki pemahaman yang baik terkait: White box testing, Test Traceability Matrix (TTM), Test Management Plan
Berpengalaman dalam pengelolaan dokumentasi SDLC.
Familiar dengan proses dan kontrol dalam Release Management.
Mampu melakukan analisa terhadap requirement dan memastikan coverage testing.
Memiliki kemampuan komunikasi dan koordinasi yang baik dengan tim lintas fungsi.
Detail-oriented dan memiliki kemampuan problem solving yang baik.
Mampu bekerja secara individu maupun dalam tim
Placement on-site in Banking Industry, Jakarta",https://id.jobstreet.com/id/job/91650818,,software,indonesia,['r'],1,2026-04-21T16:41:00.778944
91278350,IT ENGINEER,PT Changhong Electric Indonesia,,"About the role

We are seeking an experienced IT Engineer to join our talented team at PT Changhong Indonesia, based in Central Jakarta, Jakarta. This is a full-time position that will play a crucial role in supporting and developing our company's IT infrastructure and systems.

Job Responsibilities:

Develop and maintain applications to support business needs and operational activities.

Manage and ensure IT infrastructure (servers, networks, and systems) operates in a stable, secure, and optimal condition.

Install, configure, and maintain hardware and software (PCs, printers, CCTV, etc.).

Manage network, internet, and firewall systems to ensure secure and reliable connectivity.

Monitor systems and perform troubleshooting to resolve technical issues in both applications and IT infrastructure.

Manage and optimize server environments (Windows Server, Linux, virtual machines) and handle application deployment using Docker.

Manage databases and support system integration and data processing based on business requirements.

Utilize AI tools to improve efficiency in development, debugging, and system optimization.

Evaluate, recommend, and implement new technology solutions while ensuring system security against potential cyber risks.

Qualifications:

Education: Diploma or Bachelor's degree in Information Technology, Computer Science, Software Engineering, or a related field.

At least 2 years of experience in Java language development, with a solid foundation in Java programming and computer science fundamentals, and good coding practices.

Proficient in AI coding tools such as Claude Code, Open Code, Cursor, and Qoder, with the ability to leverage AI for coding, debugging, code optimization, and efficiency improvement. Experience in large model integration, prompt engineering, model fine-tuning, or AI agent development is preferred.

Familiar with Java frameworks such as Spring MVC, Spring Boot, and Spring Cloud (microservices architecture).

Familiar with common web development technologies, including Vue, React, Ant Design, and Element UI, with strong front-end design and UI development capabilities.

Familiar with MySQL, SQL Server, or other databases, with basic database design capabilities.

Familiar with the software development lifecycle, capable of requirement communication and project progress control, with good documentation skills.

Familiar with Linux and Windows systems, and proficient in using Docker for system development and deployment.

Able to communicate in English; proficiency in Mandarin is a plus.

Salary and Benefit :

1.      Salary negotiable based on skills and experience;

2.      BPJS Kesehatan and BPJS Ketenagakerjaan provided;

About us

PT Changhong Indonesia is a subsidiary of Changhong, a global leader in the electronics and technology industry. We are committed to driving innovation and delivering high-quality products and services to our customers. With a strong focus on teamwork, continuous improvement, and employee wellbeing, we strive to create a positive and rewarding work culture.

Apply now and join our team of talented IT professionals at PT Changhong Electric Indonesia!",https://id.jobstreet.com/id/job/91278350,Rp 8.000.000 – Rp 12.000.000 per month,software,indonesia,"['mysql', 'react', 'docker', 'linux', 'vue', 'sql', 'r', 'java', 'spring boot']",9,2026-04-21T16:41:04.758502
91642289,Backend Developer,PT Abhimata Persada,,"Tanggung Jawab Utama:

Merancang dan mengembangkan sistem frontend yang skalabel dan mudah dikelola untuk memastikan integrasi yang baik dengan infrastruktur backend.

Memaksimalkan performa aplikasi secara menyeluruh, termasuk melakukan optimasi pada ukuran bundle dan menjaga stabilitas sistem.

Menjaga kualitas baris kode (code quality) secara disiplin melalui rutinitas code review dan penerapan praktik terbaik.

Menjadi mentor bagi engineer tingkat junior untuk mendorong pertumbuhan kompetensi di dalam tim.

Berkolaborasi aktif dengan sesama tim Backend, divisi UI/UX, serta tim pengujian (QA) untuk menyelaraskan arah pengembangan produk.

Terlibat penuh dan berpartisipasi dalam setiap proses pengembangan perangkat lunak berbasis Agile.

Melakukan evaluasi serta peningkatan kualitas dan performa pada aplikasi yang saat ini sudah berjalan.




Kualifikasi Teknis:

Pendidikan minimal S1.

Memiliki pengalaman minimal 3 tahun di bidang pengembangan sistem atau coding, khususnya berfokus pada area Backend.

Memiliki pemahaman tingkat lanjut pada bahasa pemrograman Java, secara spesifik menggunakan Spring Boot.

Pengetahuan yang sangat kuat mengenai TypeScript, penerapan logika async, serta teknik optimasi performa frontend.

Terbiasa dan familier mengeksekusi tampilan menggunakan Tailwind CSS atau CSS-in-JS.

Pengalaman langsung menangani tools seperti Webpack atau Vite, Git, dan terbiasa menjalankan pengujian melalui Unit/Integration Testing.

Pemahaman mendalam terkait pola arsitektur frontend serta alur kerja kolaborasi menggunakan Agile/Scrum.",https://id.jobstreet.com/id/job/91642289,,software,indonesia,"['scrum', 'git', 'r', 'typescript', 'java', 'agile', 'spring boot']",7,2026-04-21T16:41:08.666158
91642263,Outsystem Developer,PT ABISHAR TECHNOLOGIES INDONESIA,,"Bachelor’s degree in Computer Science, Information Technology, or a related field

Minimum 2 years of experience as an OutSystems Developer

Proven experience in developing Traditional Web Applications using OutSystems

Strong experience with HTML5, CSS, and JavaScript frameworks

Hands-on experience with OutSystems BPT and REST API technologies

Professional experience working with SQL Server databases",https://id.jobstreet.com/id/job/91642263,,software,indonesia,"['sql', 'r', 'java', 'javascript']",4,2026-04-21T16:41:12.582328
91650863,Fullstack Developer,PT Deptech Digital Indonesia,,"Job Description


• Memimpin dan mengoordinasikan seluruh kegiatan pengembangan aplikasi Platform Digital Hub Logistics.

• Merancang arsitektur sistem, database, dan infrastruktur aplikasi.

• Melakukan pengembangan frontend aplikasi.

• Mengimplementasikan sistem keamanan aplikasi yang komprehensif.

• Melakukan code review, debugging, dan optimasi performa aplikasi.

• Mengembangkan dan mendokumentasikan API gateway untuk integrasi eksternal.

• Menyusun dokumentasi teknis, user guide, dan deployment guide.

• Menyusun dan menyampaikan Laporan Pendahuluan, Laporan Antara, dan Laporan Akhir.

Minimum Qualifications

Pendidikan minimal S-1 Teknik Informatika, Ilmu Komputer, Sistem Informasi, atau bidang terkait.
Memiliki pengalaman minimal 3 -5 (lima) tahun dalam pengembangan aplikasi web berskala enterprise.
Kecenderungan kuat pada Frontend Developer lebih disukai
Menguasai teknologi frontend (React.js/Vue.js/Angular), backend (Node.js/Python/Go/Java), dan database (PostgreSQL/MySQL/MongoDB).
Berpengalaman dalam perancangan arsitektur microservices dan RESTful API.
Berpengalaman dalam implementasi cloud infrastructure (AWS/GCP/Azure).
Memahami prinsip keamanan aplikasi (OWASP Top 10, enkripsi, autentikasi).
Berpengalaman sebagai lead developer atau technical lead dalam proyek sejenis.
Memiliki kemampuan penyusunan dokumentasi teknis secara sistematis.",https://id.jobstreet.com/id/job/91650863,,software,indonesia,"['angular', 'mysql', 'react', 'gcp', 'git', 'vue', 'sql', 'r', 'aws', 'mongodb', 'python', 'azure', 'java', 'postgresql']",14,2026-04-21T16:41:16.496482
91641469,AKUNTING CONSTRUCTION AND DEVELOPMENT ( BASLI BASED),NEXA UNIVERSE DEVELOPMENT BALI,,"About the role

We are seeking an experienced Accounting Construction and Development (Bali Based) professional to join our dynamic at BALI PRIME CONSTRUCTION. In this full-time role, you will be responsible for providing strategic, high-quality, and cost-effective accounting services to support the company's construction and development projects in Tabanan, Bali.

What you'll be doing

Preparing and analyzing financial statements, budgets, and cash flow reports for construction and development projects

Ensuring compliance with relevant accounting standards, regulations, and internal policies

Identifying and resolving accounting issues, providing recommendations for process improvements

Collaborating with cross-functional teams to provide financial insights and support decision-making

Maintaining accurate and up-to-date financial records and documentation

Assisting with audits and regulatory reporting requirements

Providing mentorship and guidance to junior accounting team members

What we're looking for

Relevant degree in Accounting or a related field

8+ years of post-qualification experience in accounting, preferably within the construction or real estate industry

Strong knowledge of accounting principles, practices, and regulations

Proficient in the use of accounting software and financial reporting tools

Excellent analytical and problem-solving skills

Effective communication and interpersonal skills

Ability to work collaboratively in a team environment

Commitment to continuous learning and professional development

What we offer

At BALI PRIME CONSTRUCTION, we provide a dynamic and supportive work environment that fosters professional growth and development. Our comprehensive benefits package includes a competitive salary, opportunities for career advancement, and a range of health and well-being initiatives to support our employees' overall well-being.

About us

BALI PRIME CONSTRUCTION is a leading construction and development company based in Tabanan, Bali. With a focus on sustainable and innovative projects, we are committed to enhancing the communities we serve. Our team of dedicated professionals works collaboratively to deliver high-quality projects that exceed our clients' expectations.

Apply now to join our team and be a part of our exciting growth journey.

BALI",https://id.jobstreet.com/id/job/91641469,Rp8.000.000 – Rp10.000.000 per month,software,indonesia,['r'],1,2026-04-21T16:41:20.393890
91641211,Technical Support,,,"Requirement:

Domiciled in Medan, North Sumatera

Minimum Diploma (D3) in Informatics Engineering, Information Systems, or other IT-related majors

1–2 years of experience preferred; fresh graduates are welcome to apply

Experience in troubleshooting, installation, and diagnostics

Familiar with networking (LAN, WAN, VPN), DNS, TCP/IP, Active Directory, domain, shared folders, and printers

Knowledge in photo/video editing or programming is a plus

Responsive, fast learner, diligent, and able to work under pressure




Job Description:

Analyze issues related to desktops, hardware, software, and operating systems

Perform hardware and software installation and configuration

Troubleshoot technical issues and provide effective solutions

Maintain documentation and system configurations

Configure applications and support end users, focusing on their PCs and devices",https://id.jobstreet.com/id/job/91641211,,software,indonesia,['r'],1,2026-04-21T16:41:24.279766
91641170,Multimedia Producer,PT Bina Media Tenggara,,"The Multimedia Producer is responsible for developing and owning The Jakarta Post’s original multimedia A.V. programming across owned channels.

The position owns quarterly content themes, series concepts, and production direction, ensuring narrative consistency, creative clarity, and production quality across platforms. This role operates as an independent content unit and works cross-functionally when needed, while maintaining clear creative ownership.

Responsibilities

Translate quarterly strategic direction into structured, executable multimedia series, including defined formats and narrative structures.

Lead creative execution and ensure format consistency (tone, pacing, visual language) across platforms in alignment with the approved content vision.

Oversee end-to-end multimedia production (short-form and long-form), including planning, budgeting, timelines, resources, and delivery.

Manage external execution teams and ensure production quality and efficiency in line with the established creative direction.

Own the internal multimedia content calendar and series rollout in coordination with Social Media Campaign.

Align content programming and distribution strategy with audience growth, brand objectives, and retention goals.

Execute approved branded and campaign-related multimedia briefs while maintaining content on an occasional basis.

Collaborate with Audience, Marketing, and Sales teams to ensure strategic alignment and resolve operational issues at the team level before escalation.

Requirements

Minimum 3 years of experience as a Multimedia Producer or in related roles within end-to-end content production. Candidate with experience in Media company will be prioritized.

Has a Bachelor Degree in Multimedia, Broadcasting, Digital Marketing, or related subjects.

Familiarity with video editing software/tools and project management platforms is preferred.

Has a strong verbal and written communication skills, familiar working with a wide range of stakeholders.

Thank you for applying to The Jakarta Post!",https://id.jobstreet.com/id/job/91641170,,software,indonesia,"['git', 'r', 'scala']",3,2026-04-21T16:41:28.168750
91641335,Core Banking Programmer,PT Hanoman Cendekia Interaktif,,"Main Job Description


Responsible in requirement analysis and solution design

Responsible in developing, unit testing, deployment

Responsible in creating technical documentation

Support troubleshooting and application maintenance

Requirements


Knowledgeable, proactive, innovative, and good team player

Minimum 2 years of experience in AS400

Familiar with banking transaction process",https://id.jobstreet.com/id/job/91641335,,software,indonesia,['r'],1,2026-04-21T16:41:32.065973
91641135,Accounting Supervisor,PT Mulia Dewata Gemilang,,"About the team and opportunity:

PT Mulia Dewata Gemilang is a beverage manufacturing and brand development company focused on the production of soju, spirits, and OEM alcoholic beverages. Based in Bali, the company operates with a strong emphasis on quality, scalability, and compliance, supporting both its own brands and third-party partners.

Our focus is on building a robust production platform while developing brands with long-term growth potential, positioning the company as a key player in Indonesia’s evolving alcoholic beverage industry.

We are looking for an Accounting Supervisor who will bring a driven, collaborative, and problem-solving approach. You will oversee accounting operations, ensure accurate financial reporting, and lead process improvements to enhance efficiency and control. This role also involves supporting month-end and year-end closings, managing intercompany transactions, financial analysis and reconciliations.

On a typical day, you will be working on:

Performing accounting closing processes; independently preparing reconciliations, journal entries, and financial statements.

Reviewing financial statements and GL activity, researching account variances, resolving discrepancies, and providing clear explanations for fluctuations.

Reviewing expenses, accruals, prepayments, and other charts of accounts to ensure accurate and consistent recording across entities.

Preparing and reviewing documentation for journal entries, account reconciliations, and analytics to support efficient internal review and audit processes.

Participating in group-wide initiatives such as audits, system enhancements, intercompany reconciliations, and process improvements.

Maintaining best practices to ensure accuracy, compliance, and integrity over accounting operations across the Company.

What do we need from you?

Bachelor's degree in accounting.

3-4 years of experience in accounting and tax.

Strong knowledge of accounting principles and financial reporting.

Experience in managing a team and working in a creative and dynamic environment.

Excellent communication, leadership, and problem-solving skills.

Advanced proficiency in Microsoft Office and finance software.

Ability to work under pressure and meet tight deadlines.",https://id.jobstreet.com/id/job/91641135,,software,indonesia,"['r', 'scala']",2,2026-04-21T16:41:35.968728
91641320,Software Developer,PT Hanoman Cendekia Interaktif,,"Main Job Description


Participate in solution design

Responsible in developing, unit testing, and application deployment

Responsible in creating technical documentation

Support troubleshooting and maintenance

Requirements


Resourceful, communicative, fast learner, innovative, and good team player

Analytical, strong logic and algorithm, and problem-solving

Experience in software development minimum 2 years

Experience at least one programming language (Java / JavaScript / Go / Python / etc)

Experience at least one RDBMS (MySQL / PostgreSQL / SQL Server / DB2 / Oracle / etc)",https://id.jobstreet.com/id/job/91641320,,software,indonesia,"['mysql', 'sql', 'r', 'python', 'java', 'javascript', 'postgresql']",7,2026-04-21T16:41:39.880241
91641010,Videographer,PT OTWOO Cosmetic Indonesia,,"Responsibilities

Produce, shoot, and edit minimum 4 short form videos per day (Reels/TikTok/Ads) with consistent quality

Plan, shoot, and edit video content for product launches, promotions, and brand campaigns

Ensure fast turnaround from shooting to final delivery (same day or next day publishing)

Capture high-quality product and lifestyle photos to support marketing and e-commerce needs

Apply cinematic shooting techniques (composition, lighting mood, camera movement, depth, storytelling visuals)

Set up and manage camera, lighting, and shooting equipment for photo and video production

Perform basic video editing, colour correction, and photo retouching

Ensure all visual content aligns with brand guidelines and maintains consistent visual identity

Collaborate with Marketing and Creative teams to develop creative concepts and content ideas

Manage and organize digital assets (photos and videos) systematically

Deliver content on time according to production schedules

Stay updated with social media trends, especially in retail and lifestyle products

Ability to create premium looking product visuals similar to commercial/ads standard


Requirements

Minimum Diploma or Bachelor's Degree in Multimedia, Film, Photography, Design, or related field

Minimum 1–2 years of experience as a Videographer, Content Creator, or similar role (experience in retail / FMCG / lifestyle brand is preferred)

Ability to operate camera equipment (DSLR or Mirrorless) for photo and video production

Strong understanding of photography fundamentals (lighting, composition, camera settings, product photography)

Basic skills in video editing software (e.g., Adobe Premiere Pro, After Effects, Cap Cut, or similar tools)

Basic knowledge of photo editing software (Adobe Photoshop, Lightroom, or similar tools)

Creative mindset with strong attention to detail and visual aesthetics

Able to work in a fast-paced environment and meet deadlines




Additional / Preferred Skills

Having strong lighting skills for product photography and videography is an advantage

Experience in studio lighting setup (continuous light, softbox, ring light, etc.)

Experience creating content for social media and marketplace (Shopee, TikTok, Instagram)

Understanding of branding and visual storytelling",https://id.jobstreet.com/id/job/91641010,,software,indonesia,"['git', 'r']",2,2026-04-21T16:41:43.784035
91640660,DevOps Engineer,PT IDX Solusi Teknologi Informasi,,"PT IDX Solusi Teknologi Informasi (IDXSTI) was established in November 2018 as a subsidiary of the Indonesia Stock Exchange (IDX) and other Self-Regulatory Organizations (SROs), including KPEI/IDClear and KSEI. IDXSTI focuses on providing Information Technology (IT) services for the Indonesian capital market and other financial industries. Our objective is to deliver the best IT solutions to support the growth and development of Indonesia’s capital market.

At IDXSTI, we are dedicated to pushing the boundaries of innovation in our industry. We are looking for a results-driven and integrated team player to join our Team.

Key Responsibilities:

Manage and automate CI/CD pipelines.

Manage container images and registries.

Deploy applications to server and/or Kubernetes environments.

Handle monitoring, logging, and observability.

Implement DevSecOps practices.

Perform troubleshooting and incident handling.

Collaborate closely with Developers and Software Testers.

Manage environments (Development, Testing, Production).

Improve system reliability and automation.




Requirement:

Bachelor's degree in Computer Science, Software Engineering, Information Systems, or related fields

Proven experience in building, managing, and troubleshooting CI/CD pipelines using Jenkins or similar tools.

Familiar with Docker, containerization, and image optimization; experienced with image registries such as Nexus or similar; capable of automated deployment to VM, containers, or Kubernetes platforms (EKS, Awanio, or similar).

Familiar with Prometheus, Grafana, or other cloud-native monitoring tools; able to create alerts, dashboards, and reliability metrics.

Understanding of SAST, DAST, SCA, and secret scanning tools (e.g., SonarQube, OWASP ZAP, Trivy, etc.); familiar with Zero Trust concepts and basic system hardening.

Strong root cause analysis skills; capable of handling performance issues, deployment failures, and errors in development and production environments.

Effective communication skills to accelerate delivery.

Ensure configuration consistency across environments; understand release management practices and rollback strategies.

Proactive in reducing manual tasks through scripting (Bash, PowerShell, Python, etc.) and building stable, automated systems aligned with Site Reliability Engineering principles.",https://id.jobstreet.com/id/job/91640660,,software,indonesia,"['bash', 'docker', 'r', 'rust', 'kubernetes', 'python']",6,2026-04-21T16:41:47.687879
91640520,Information System / IT Operation & Maintenance Specialist,PT Infinite Tech Batam,,"About the Role

We are looking for a proactive, reliable, and detail-oriented Information System / IT Operation & Maintenance Specialist to support and enhance our manufacturing IT ecosystem.

In this role, you will be responsible for ensuring the stability, security, and continuous improvement of ERP and related systems that support production, supply chain, procurement, warehouse, and finance operations. You will also play an important role in our digital transformation and smart manufacturing initiatives.

What You Will Do

Operate, maintain, and optimize enterprise systems such as ERP, MES, and other manufacturing-related systems.

Configure system modules and workflows aligned with manufacturing business processes (production planning, procurement, supply chain, warehouse, and finance).

Participate in system customization, enhancement, and continuous improvement projects.

Support system implementation activities, including deployment, upgrades, testing, and go-live support.

Monitor daily system operations, troubleshoot issues, and minimize system downtime.

Perform regular system health checks and preventive maintenance to ensure data integrity and system reliability.

Prepare and maintain IT documentation, including SOPs, user manuals, and maintenance records.

Assist in managing IT infrastructure such as servers, networks, firewalls, and factory IT environments.

Provide technical support to production, warehouse, finance, and other business departments.

Support digitalization, automation, and smart manufacturing initiatives.

Monitor and improve network performance and information security.

Coordinate with software vendors for after-sales support and system maintenance.

Handle information security management, incident response, and compliance requirements.

Conduct IT system and information security training for employees.

What We Are Looking For

Bachelor’s degree or above in Computer Science, Information Systems, Software Engineering, or related fields.

Minimum 3 years of experience in IT system implementation, operation, or process management, preferably in a manufacturing environment.

Hands-on experience with ERP systems (experience with Kingdee is a strong advantage).

Good understanding of manufacturing business processes, including production, procurement, supply chain, and finance.

Basic capabilities in system development, system integration, reporting, or data analysis.

Strong troubleshooting and problem-solving skills with the ability to work independently.

Fast learner with a strong sense of responsibility and service-oriented mindset.

Good communication and coordination skills, able to work closely with IT and business users.

Language Skills:

English: Required

Mandarin: Preferred",https://id.jobstreet.com/id/job/91640520,,software,indonesia,"['git', 'r']",2,2026-04-21T16:41:51.591335
91640654,Backend Developer,Xeratic,,"Know Object-Oriented Programming concepts
Understand Java programming language
Familiar with Web API frameworks (Jersey or Spring Boot)
Experience with PostgreSQL and SQL queries
Bachelor’s degree in IT or related field (min GPA 3.00)
Understanding Docker is a plus
Fresh graduates are welcome
Apply Now",https://id.jobstreet.com/id/job/91640654,,software,indonesia,"['docker', 'sql', 'r', 'java', 'postgresql', 'spring boot']",6,2026-04-21T16:41:55.500069
91499713,Odoo Developer (Odoo ERP mandatory),PT DOODEX JAYA MAKMUR,,"Job description:

🚀 Join Our Team at Doodex – Odoo Developer Wanted (Min. 2 Years Experience)

📍 Location: Yogyakarta / Willing to Relocate to Yogyakarta

At Doodex, we help companies grow faster and operate smarter using tailored Odoo ERP solutions. Now, we’re looking for a skilled Odoo Developer to join our team and build great things together.




What We’re Looking For:

Minimum 2 years hands-on experience with Odoo — (this is a must)

Strong in Python — (this is a must)

Able to develop custom modules and fix bugs confidently

Comfortable with technical documentation and version control (Git)

English-speaking preferred — we work with international clients

Bonus: PostgreSQL, XML/QWeb, JavaScript, Linux, API integrations




What You’ll Do:

Customize and develop Odoo modules based on client needs

Collaborate with functional teams to design and implement solutions

Troubleshoot and support Odoo issues when needed

Continuously improve code quality and share your ideas with the team




Why Join Doodex?

✨ Work on real, impactful ERP projects

🌍 Exposure to international markets and clients

🎯 Room to grow your technical and functional skills

🤝 A supportive team that values ownership, initiative, and transparency




🛡️ Social Security

Enrollment in BPJS Kesehatan (Health Insurance)

Enrollment in BPJS Ketenagakerjaan (Employment Social Security)




💻 Work Equipment Facilities

Each developer is entitled to:

1 Odoo.sh user (official subscription) for development & testing)

Access to AI coding tools (e.g., Cursor AI) to boost productivity

High-spec computer with 3 monitors (triple-screen setup)

Spacious desk & ergonomic chair




🏢 Office & Daily Facilities

Free lunch & snacks every working day

Access to meeting rooms, stable internet, and licensed software

Pool table


🌊 Additional General Facilities

Right to use the residential swimming pool (pool pass)

50% discount for the fitness gym area in partnership with the Company




Leave

12 working days annual leave per year

Special leave


Self-Development

Internal Odoo training

Opportunity for official Odoo certification (with 12-month service bond)

Mentoring program with senior developers

Sharing session




Bonus & Salary Increase

Project bonus based on management evaluation

Annual salary increase based on performance

Loyalty bonus


Work-Life Balance & Team

Annual gathering & team building

Flexible working hours (08:30 arrival, 8 hours/day)

Internal leisure activities (gaming corner / mini-events)


Career Path

After 1 year: eligible for promotion to Odoo Developer (Medior)

After 2–3 years: promotion to Senior Developer / Project Lead",https://id.jobstreet.com/id/job/91499713,,software,indonesia,"['git', 'linux', 'sql', 'r', 'python', 'java', 'javascript', 'postgresql']",8,2026-04-21T16:41:59.411001
91640380,Electrical Engineer,PT Solar Mart Energi,,"Requirements:

Pendidikan minimal S1 Teknik Elektro

Pengalaman di bidang PLTS atau kelistrikan minimal 1-3 tahun, dan memiliki pemahaman sistem PLTS (on-grid, off-grid, hybrid)

Menguasai perhitungan dasar kelistrikan : arus, daya, proteksi, grounding, dll

Mampu membaca dan membuat gambar teknik (SLD, Wiring, diagram)

Menguasai software pendukung seperti AutoCAD, PVSyst atau software design lainnya

Memiliki kemampuan analisa dan problem solving yang baik

Mampu bekerja sama dengan tim sales dan teknis

Bersedia melakukan kunjungan ke lapangan bila diperlukan




Job Description :

Melakukan perhitungan dan design sistem PLTS (on-grid, off-grid, hybrid) sesuai kebutuhan pelanggan

Menyusun SLD, layout instalasi, dan perhitungan kapasitas inverter, modul surya, serta proteksi kelistrikan

Memberikan dukungan teknis kepada tim sales

Memberikan pelatihan teknis kepada customer

Melakukan troubleshooting dan analisa permasalahan teknis

Berkoordinasi dengan principal terkait spesifikasi dan klaim garansi produk

Mendukung proses aftersales dan commisioning bila diperlukan.",https://id.jobstreet.com/id/job/91640380,,software,indonesia,['r'],1,2026-04-21T16:42:03.328304
91640280,Solution Architect,PT Mitra Solusi Lelang,,"Key Responsibilities:

Translate business requirements into structured technical specifications in the form of user stories on project management platforms (e.g., Jira).

Participate actively in business grooming sessions to provide technical perspectives, assess implementation feasibility, and recommend optimal solutions aligned with the overall application architecture.

Design scalable, secure, and sustainable system architectures that support business needs and future product expansion.

Conduct technical reviews and validate developed solutions to ensure they conform to the designed architecture.

Identify and mitigate technical risks while providing strategic guidance on system development.

Qualifications:

Proven experience as a Solution Architect, System Architect, or in similar technical leadership roles.

Strong expertise in software architecture principles, system design for scalability and security, and enterprise-level application development.

Experience with project management and issue tracking tools such as Jira.

Ability to translate complex business requirements into technical solutions and architectural designs.

Excellent problem-solving, risk management, and strategic planning skills.

Strong verbal and written communication skills in English, capable of collaborating with both technical and non-technical stakeholders.

Placements: Head Office Adira Finance, Jakarta Selatan",https://id.jobstreet.com/id/job/91640280,,software,indonesia,"['r', 'scala']",2,2026-04-21T16:42:07.248271
91639843,中文财务会计经理 - Mandarin Finance Accounting Manager,PT Trust Recruit Indonesia,,"Industry: IT and digital technology solutions company specializing in software development and digital transformation solutions

Responsibilities:

Oversee financial management including financial reporting, accounting operations, and budgeting.

Ensure compliance with Indonesian accounting standards and coordinate annual audits.

Manage financial planning, budget preparation, and monitor budget performance.

Handle all tax matters including tax reporting, compliance, tax planning, and tax audits in line with Indonesian regulations.

Manage cash flow, fund planning, and daily financial operations.

Provide financial analysis and insights to support management decision-making.

Coordinate financial matters with overseas headquarters and support cross-border financial reporting.

Requirements:

Bachelor’s Degree in Accounting, Finance, or related field.

Minimum 5 years of experience in finance/accounting management, preferably in multinational or overseas companies.

Strong knowledge of Indonesian accounting standards and tax regulations.

Experience in budgeting, financial planning, financial reporting, and cash flow management.

Fluent in Mandarin, Indonesian, and English for daily business communication.

Professional certification (CPA, ACCA, etc.) and experience with cross-border financial reporting are advantages.

Strong analytical skills with the ability to support strategic financial decision-making",https://id.jobstreet.com/id/job/91639843,Rp 25.000.000 – Rp 30.000.000 per month,software,indonesia,"['git', 'r']",2,2026-04-21T16:42:11.163152
91639420,Videographer,Dunia Wahana Hiburan,,"Job Description

Melakukan pengambilan foto dan video untuk kebutuhan konten promosi, media sosial, dan campaign perusahaan.

Mengedit video dan foto agar sesuai dengan konsep konten serta standar visual perusahaan.

Bekerja sama dengan tim marketing dan social media dalam merencanakan serta mengeksekusi konsep konten.

Mendokumentasikan kegiatan perusahaan seperti event, aktivitas store, maupun peluncuran produk.

Mengelola dan memastikan peralatan shooting dalam kondisi baik serta siap digunakan.

Menjaga kualitas hasil produksi foto dan video agar menarik serta sesuai dengan kebutuhan branding perusahaan.

Job Requirements

Pendidikan minimal S1 Ilmu Komunikasi, Desain Komunikasi Visual (DKV), Multimedia, Film, atau bidang terkait.

Memiliki pengalaman sebagai Videographer, Video Editor, atau Content Creator menjadi nilai tambah.

Menguasai proses pengambilan video serta teknik dasar fotografi.

Terbiasa menggunakan software editing seperti Adobe Premiere Pro, After Effects, atau software sejenis.

Kreatif, detail, serta memiliki sense visual yang baik.

Mampu bekerja secara mandiri maupun dalam tim dan terbiasa bekerja dengan deadline.

Memiliki portofolio foto atau video menjadi nilai tambah.",https://id.jobstreet.com/id/job/91639420,,software,indonesia,['r'],1,2026-04-21T16:42:15.096166
91639186,Java Developer - WFO - Jakarta (ID: 571237),PT. PERSOLKELLY Recruitment Indonesia,,"Position: Java Developer

Location: Jakarta, Indonesia
Employment Type: Full-time

Job Description:

Develop, maintain, and enhance applications using Java

Design and implement backend systems and business logic

Collaborate with team to build scalable and efficient software solutions

Perform debugging, testing, and code optimization

Ensure application performance, security, and reliability

Work closely with stakeholders to understand system requirements

Requirements:

Minimum Bachelor’s Degree (S1/D4) in Informatics Engineering, Computer Science, or related field

Minimum 3 years of experience as a Java Developer

Strong proficiency in Java programming and development tools

Experience in backend development is acceptable (Java-based backend systems)

Experience in banking or financial systems is a plus

Fresh graduates (2022/2023) with strong Java experience/projects may be considered

Currently unemployed candidates preferred

Basic English proficiency (CV must be in English)",https://id.jobstreet.com/id/job/91639186,Rp 6.700.000 – Rp 10.000.000 per month,software,indonesia,"['r', 'scala', 'java']",3,2026-04-21T16:42:19.084182
91638184,Java Spring Developer,PT 360 TEKNOLOGI INDONESIA,,"Pengalaman Java Springboot minimal 1 tahun bekerja di perusahaan

Pendidikan minimal sarjana/S1 dengan minimal IPK 3.0

Onsite di jakarta",https://id.jobstreet.com/id/job/91638184,Rp 6.000.000 – Rp 7.000.000 per month,software,indonesia,"['r', 'java']",2,2026-04-21T16:42:23.012131
91638369,SDET I (Backend),Halodoc,,"Job Description

Key Job Responsibilities:

●       Plan, design, and execute tests for backend applications within an agile/scrum development environment

●       Design, develop, and maintain automated tests for various types such as API, security, integration, regression, etc.

●       Conduct performance testing of backend servers using tools like Gatling, JMeter, and Golang

●       Collaborate with DevOps to build and maintain continuous integration and delivery pipelines

●       Design and maintain monitoring and health-check tools to ensure the highest level of quality across all application phases

●       Take full ownership of the quality and performance of the backend systems at all times

Preferred Qualifications:

●       Experience in testing e-commerce platforms

●       Hands-on experience working with APIs and databases (SQL)

●       Familiarity with NoSQL databases

●       Knowledge and experience in security testing",https://id.jobstreet.com/id/job/91638369,,software,indonesia,"['scrum', 'sql', 'r', 'agile', 'golang']",5,2026-04-21T16:42:26.956907
91638367,SDE III (Backend),Halodoc,,"Job Description

The Ideal Candidate:

● Understands product requirements and collaborates with PMs and cross-functional teams

● Creates technical documentation detailing design and architecture changes

● Engages architects for reviews and works on implementation with developers within the same

module

● Partners with SDETs for integration testing in stage environments

● Leads deployment processes to staging and production environments using DevOps tools

● Mentors junior developers while continuously learning and improving themselves and their team

Tech Stack:

● Proficient in Go & Java (Java 8, Lambdas, Collections, frameworks/libraries like Spring Boot,

Spring MVC)

● Expertise in JVM, GC tuning, and performance optimization

● Experience with REST frameworks (Spring Boot, Dropwizard, REST Express, etc.)

● Familiarity with relational databases (MySQL, Oracle, Postgres)

● Experience with non-relational data stores (Cassandra, HBase, MongoDB, Couchbase)

● Knowledge of caching infrastructure (Redis, Memcached, Aerospike)

● Worked with messaging/queueing systems (Kafka, RabbitMQ, ActiveMQ)",https://id.jobstreet.com/id/job/91638367,,software,indonesia,"['mysql', 'express', 'kafka', 'sql', 'r', 'redis', 'mongodb', 'java', 'spring boot']",9,2026-04-21T16:42:30.879494
91638142,IT HELPDESK STAFF,"PT CIPTA MAPAN LOGISTIK (LINC GROUP - member of PT LAUTAN LUAS, Tbk.)",,"Menjalankan rencana kerja mengenai penanganan isu fungsional dan teknikal pada sistem teknologi yang digunakan user agar berjalan dengan baik dan tepat waktu, meliputi: hardware, software dan jaringan

Memonitor eskalasi penanganan isu-isu terkait sistem teknologi agar dapat terselesaikan dengan baik dan tepat waktu

Menjalankan penanganan secara fungsional support sistem teknologi yang digunakan user sudah diterapkan secara tepat guna dan tepat waktu

Menjalankan IT security policy dan prosedur untuk memastikan keamanan data dan sistem secara berkala

Menjalankan pemeliharaan sistem teknologi yang digunakan user meliputi: hardware, software dan jaringan, sehingga bisa berfungsi secara optimal

Membuat laporan mengenai issue fungsional dan teknikal sistem teknologi secara berkala kepada IT Service Desk Supervisor

Kualifikasi:

Pengalaman kerja min. 2 tahun sebagai IT Staff

Mampu menganalisa masalah dan memiliki problem solving sederhana yang baik

Memiliki kemampuan berkomunikasi dan interpersonal yang baik

Mengetahui konfigurasi hardware dan software (disesuaikan dengan kebutuhan

Memahami alur kerja logistik lebih disukai",https://id.jobstreet.com/id/job/91638142,,software,indonesia,['r'],1,2026-04-21T16:42:34.815824
