id,title,company,location,posted_date,job_description,job_url,search_role,search_location,extracted_skills,skills_count,scraped_at
4418215748,Actuarial Analyst,LIUGONG FINANCE INDONESIA,"North Jakarta, Jakarta, Indonesia (On-site)",,"About the job

What Will You Do?

Perform actuarial analysis to support product pricing, risk assessment, and business decision-making
Develop and maintain pricing models for financial/insurance-related products
Conduct data analysis to evaluate risk exposure, claim trends, and portfolio performance
Assist in calculating reserves and provisioning in accordance with applicable standards
Support product development by providing insights on pricing strategy and risk factors
Prepare regular and ad-hoc reports related to actuarial analysis and portfolio performance
Collaborate with cross-functional teams (Credit, Risk, and Finance) to ensure alignment between pricing and business strategy




What Are We Looking For?

Bachelor’s degree in Actuarial Science, Mathematics, Statistics, or related quantitative fields from a reputable university
Minimum 1–3 years of experience in actuarial, pricing, or data analytics role (fresh graduates with strong academic/internship background are welcome to apply)
Strong analytical and quantitative skills
Familiarity with statistical tools or programming languages such as Python, R, or SQL is a strong advantage
Strong communication skills, with the ability to explain technical results in a simple way
Fluent in English (written and spoken)",https://www.linkedin.com/jobs/view/4418215748/?eBP=CwEAAAGeeQM3W3vrb3ldMYoXdTqSkOUrWmlnBWohW32Wp8VOBbneh0H3CsFVYwbMCcYID5wzC-gQeQoBEFxodAraOOsAvHfyDsYYCkKuM3Nf4475xJUWc-ogHYysg4ZN9OYth19fIhFPhCmS2zktQi9pW6WGmZfLqXAEI4kACYCLRAkHwLYC7C_wqHK1rTbnuBk1klpxfjulbmvmJR63IQLVNN-PnzqQx69rtZy5-Da-Z9Kv81mQ0G5sdkxTTre3m3A56nbXo0DcPEVpM4VRO75jtLYB8krSnHoJsCkQ1dm5RV42PSK7S1WejBKJuw19HhblzEuF7ii3auwzcKBKXrH3pHu1sc4OFkzoHHiKCXBiALMPK6zSqak9mB4U4Hmhb_k6FzTysTVH20SlhZ5m30syGDB4jOIMNUc_OOQUj0lHNaUB02Z_FsI3Ymq0E8Eeoy42bQYTBjP05RY&refId=2un2uXLQmWg1PrQY4NV1GA%3D%3D&trackingId=ipFsGiQADb%2FCqEsoIIKQYQ%3D%3D&trk=flagship3_search_srp_jobs,Data Scientist,Indonesia,"['sql', 'python']",2,2026-05-30T20:12:12.852937
4419172307,Intern [GIP] - Research & Data Analytics,Grab,Jakarta Metropolitan Area (On-site),,"About the job

Company Description

About Grab and Our Workplace

Grab is Southeast Asia's leading superapp. From getting your favourite meals delivered to helping you manage your finances and getting around town hassle-free, we've got your back with everything. In Grab, purpose gives us joy and habits to build excellence, while harnessing the power of Technology and AI to deliver the mission of driving Southeast Asia forward by economically empowering everyone, with heart, hunger, honour, and humility.

Job Description

Grab Internship Program Overview:

Be a part of an exciting internship that last 4.5 Months from July 2026 - December 2026.

Work placement may be vary across Indonesia, ie, Jakarta, Medan, Surabaya, Bali, Semarang, Yogyakarta or where Grab operates.


You will be based onsite. You will be reporting to the Team Manager.
You will have to do research on our products and the market, where the output expectation is to support our new and ongoing programs. You will give suggestions and actions for our product development.


Qualifications

What Essential Skills You Will Need


Minimum GPA of 3.25 from reputable universities
College students or fresh graduates with a background in Economics, Management, Industrial Engineering, Statistics, or other similar majors.
Interpret large datasets, identify trends, and provide relevant insights.
Experience operating Microsoft Excel, Google Spreadsheets, or other data visualization & analysis tools would be a high plus, ie SQL, Phyton.
English proficiency in both written and verbal.


Additional Information

Life at Grab

We care about your well-being at Grab, here are some of the global benefits we offer our Interns:


Comprehensive training and personal development programs: You will develop your soft skills and hard skills curated for you
Mentoring by the Grab Leaders: You will be accompanied by a team of experienced leaders during the internship program
Government Medical benefit: We have you covered with 3 BPJAMSOSTEK programs
Engagement and networking activities: You will participate in fun & interactive engagements that not only entertain but also provide valuable networking opportunities
Balancing personal commitments and life's demands are made easier with our Flex Work arrangements such as differentiated hours


What We Stand For At Grab

We are committed to building an inclusive and equitable workplace that provides equal opportunity for Grabbers to grow and perform at their best. We consider all candidates fairly and equally regardless of nationality, ethnicity, race, religion, age, gender, family commitments, physical and mental impairments or disabilities, and other attributes that make them unique.",https://www.linkedin.com/jobs/view/4419172307/?eBP=BUDGET_EXHAUSTED_JOB&refId=2un2uXLQmWg1PrQY4NV1GA%3D%3D&trackingId=iS13go%2BdBzGzDY9Ej69AEw%3D%3D&trk=flagship3_search_srp_jobs,Data Scientist,Indonesia,['sql'],1,2026-05-30T20:12:17.872690
4420800196,Financial Planning and Analysis Intern,PT Indo Korda Tbk,"Citeureup, West Java, Indonesia (On-site)",,"About the job

PT Indo Kordsa Tbk opens an On-site Paid Internship Program from July to December 2026 for the final year students of Undergraduate Study (S1) for the following opportunities:

Financial Planning & Analysis Intern in FP&A Department




The requirements to join this internship program are:

A final year university student in Accounting/Finance major.
Have competencies in Advance English communication skills, both verbal and written;
Giving Value to Differences; Being Resilience; Displaying Courage; and Learning From Experience.
Able to come to Indo Kordsa Office daily - 4 days a week from Monday to Thursday in the Office and 1 day WFH on Fridays.




Interns will get a monthly internship stipend, free flow coffee and free lunch at Office Cafeteria, a shuttle car for Jakarta & Bogor area, also multinational work environment and development programs.




The candidates can apply and submit their profiles maximum on June 10, 2026.",https://www.linkedin.com/jobs/view/4420800196/?eBP=CwEAAAGeeQM3XAXKKk941H4XALyECT7yW50ZkOXp9Kj41zgXvIhow_PgU76hUUzEJw71Vy1v0VQ7MUnt9JuTRjN-9T1EYugL3WDvGt-r4ezseEX99yOVgbnd_g0n1H7wW64irzdB8_doRODgOAXPHf8DuhEwcvKc51sjY_iNOTsR3cVrdV7REojkqodrn_D_zJ4-gqUrybXZvCxnxzAvvTx1kbT2qMp0iZb84fWoca4lTCcYGFKXqa3Y6ljzx-N_21RB_NnGL8Ymoi5VtmM5fYY1CUJmw53vgAK7NLmdMh6v3sNGIrQGweERDY5a4E040f0ycR3qpccDyq2D2iv43mwklm6RyLkhcHDReMx7j78S2eiGsMP1ZO-0Bvoi3tGsRqJIzrAbxkz-9y7t3h0jsZY6UuMBVX4o_XoPQM7yy-0XKtoNHfRUGbTQIJRPqodDmf0MagHvTTy9LCaEY2gnWSGiVPwKF2_yS24UUy-BmkOL&refId=2un2uXLQmWg1PrQY4NV1GA%3D%3D&trackingId=1SetM%2Bn%2FjBq8oU9DgGImFQ%3D%3D&trk=flagship3_search_srp_jobs,Data Scientist,Indonesia,[],0,2026-05-30T20:12:22.870122
4421427547,Intern - All Function,PT Bank Neo Commerce Tbk,"Jakarta, Indonesia (On-site)",,"About the job

PT Bank Neo Commerce Tbk, formerly PT Bank Yudha Bhakti Tbk, is an Indonesia-based company primarily engaged in the banking business. The Company operates as a technology-based bank. The Company serves customers in the Small and Medium Business (SME), Retail (Consumer), and Mass Market segments, through banking products and services embedded in an ecosystem by optimizing technology.




Are you ready to launch your career in the technology and banking industry? We’re looking for enthusiastic interns to join us!




Job Description:

Getting familiar and involved with the business's products and services
Participates in projects and programs designed to develop professional skills and expertise appropriate to the needs of the organization
Interacts directly with colleagues and/or other internal or external stakeholders for day-to-day tasks
Receives guidance, training, and mentoring from mentors in carrying out activities and assignments
Assisting the assigned team’s BAU and ad-hoc projects
Researching and proposing new ideas and projects to improve the team’s workflow




Requirements:

University student in their 5th semester above, or a fresh graduate
An effective communicator in both English and Bahasa
Possesses a strong desire to succeed and willingness to learn new things
Ability to work both independently and in a team environment
Willing to work from office, located in South Jakarta with a minimum 6-month contract




Ready to jumpstart your career? Apply now!",https://www.linkedin.com/jobs/view/4421427547/?eBP=CwEAAAGeeQM3XFlxnd0jukNK7nnjPJkWHwAACIBrQGWc1jEp9PU-16A-v8Nqn0FIgNljUfbd-3LHAoO9LRWTvo6mCVfjolZ11_IgaVh6oGz_xPDLQ-7CLCaho-4HMB4nErWZzJpZYo862p8EZlaMcnm2ZOIfQm-v-FuHxnB3SgqfcN4LgRcikinamKJ8XwG1GA70gzFNgGV9mrqQljFN_R67DeWmRxr9kJIcAWaD2uAU4ZVn-pPso7WLGhMDHfA2hZPyVLZE8cVGg1k_h9wWzlWY-fYlQoy63up1dG2SLFwdROk1CPPDFrJNedmPx6r70khWi41A-vBMysdW9rciVDK50wnrMvFaenOGS3q0_1xaYAOTzLIA24PE1Oo6ePBRybGWliAvPTf5ydoYa0qIivUG1S5HrWF_1sr3abZUPltwC3oK4tGtHxVmvmxIIoKvX62ddtGMly6trXnpIJa0PRzFfa_wVv5diE2dhESLCnkR4qiBRxvSFD1vlS-BDFB3mbw&refId=2un2uXLQmWg1PrQY4NV1GA%3D%3D&trackingId=ga9JWsutjYHAIFRQBCN8AA%3D%3D&trk=flagship3_search_srp_jobs,Data Scientist,Indonesia,[],0,2026-05-30T20:12:27.977504
4421795333,Data Marketing - KFHO,"PT. KIMIA FARMA, TBK","Gambir, Jakarta, Indonesia (On-site)",,"About the job

Pendidikan

Jenjang pendidikan: S1.

Jurusan: Teknik Informatika, Data Science.

IPK minimal: 3.1.

Persyaratan Dokumen


 CV
 KTP
 KTM


Tanggal penting

Durasi : 6 bulan

Penutupan lamaran : 5 Juni 2026

Pengumuman lolos seleksi : 14 Juni 2026

Rincian Lowongan

Kualifikasi


Mahasiswa/i jurusan IT, Data Analyst atau Data Science
Setting sistem dan olah data
Mahir dalam mengoperasikan Microsoft Excell
Bersedia magang selama 6 bulan",https://www.linkedin.com/jobs/view/4421795333/?eBP=NOT_ELIGIBLE_FOR_CHARGING&refId=2un2uXLQmWg1PrQY4NV1GA%3D%3D&trackingId=wvqFT2JCTwthazOYFOb20g%3D%3D&trk=flagship3_search_srp_jobs,Data Scientist,Indonesia,[],0,2026-05-30T20:12:33.127979
4407765578,Retail Operations Intern,Carousell Group,Jakarta Metropolitan Area (Hybrid),,"About the job

Uraian Perusahaan

Carousell Group is the leading multi-category platform for secondhand in Greater Southeast Asia on a mission to make secondhand the first choice. Founded in August 2012 in Singapore, the Group has a leading presence in seven markets under the brands Carousell, Carousell Media Group, Cho Tot, Laku6, LuxLexicon, Mudah.my, OneShift, REFASH and Revo Financial, serving tens of millions of monthly active users. Carousell is backed by leading investors including Telenor Group, Rakuten Ventures, Naver, STIC Investments, 500 Global and Peak XV Partners (formerly known as Sequoia Capital India). Visit here for more information.

Laku6 is the leading AI-first end-to-end electronics recommerce platform in Indonesia where our technology has helped over 500,000 users sell their gadgets directly for cash or via Trade-In with leading eCommerce Partners. Laku6 is part of Carousell Group, the leading multi-category platform for secondhand in Greater Southeast Asia on a mission to make secondhand the first choice. Founded in August 2012 in Singapore, the Group has a leading presence in seven markets under the brands Carousell, Carousell Media Group, Cho Tot, Laku6, LuxLexicon, Mudah.my, OneShift, REFASH and Revo Financial, serving tens of millions of monthly active users. Carousell is backed by leading investors including Telenor Group, Rakuten Ventures, Naver, STIC Investments, 500 Global and Peak XV Partners (formerly known as Sequoia Capital India).

Visit www.laku6.com/ for more information.

Uraian Pekerjaan

Responsibilities


 Administrative & Operational Support
Manage and organize store operational documents (attendance, checklists, etc.)
Perform regular data input and updates to ensure accurate records
Maintain proper documentation and ensure administrative accuracy
 Data & Database Management
Input and maintain accuracy of data related to inventory, attendance, and store operations
Conduct routine data checks and validation
Organize and maintain databases to ensure easy access and usability
 Reporting & Analysis
Assist in preparing daily and weekly reports (attendance, operational performance, etc.)
Process and analyze basic data to support monitoring and decision-making
Coordinate with relevant teams to ensure data accuracy and consistency
 Store Operations Support
Monitor store attendance and staff compliance
Support periodic Quality Assurance (QA) checks (not on a daily basis)
Assist in ensuring store operations run according to company standards
Provide general operational support as required by the team


Kualifikasi

Requirements


Final-year student (last semester) or active university student
Strong attention to detail and good organizational skills
Comfortable working with data (Excel / Google Sheets)
Good communication and coordination skills
Proactive, responsible, and willing to learn in a fast-paced environment


Informasi Tambahan

Hybrid Working Arrangement

By proceeding with your application, you are adhering to our PDPA policies. In case you are interested to know more, read about our Candidates Personal Data Privacy Statement.",https://www.linkedin.com/jobs/view/4407765578/?eBP=CwEAAAGeeQM3XIrObWv0epoBBPfpsJLCXUvqsBPgd-miKIxDS11bOx8ZbRPULGfRIy9XuU9D8qOcY37hIVU9e1ggr0LxnCdWh3jD2Nh6LS2_ln1CdFdjzT42Vgyx1TrbS37_G0LTNWsPwZen-Jne3NHb9W2mEJwmuFCboIY58Q6YHDjOz0ygjmhaBZlZrU2rxZ3gMhZ4zE4IQoz6o49UPph-pzUTfU-Y0eJV8A-0l6Av95lk_glKWLmnhkjH94iOxQ3rpnXR7jd7uzQgaiMg6lUQWUyXo66krG-RMjxLh3yYEFguMEeBvqkgQQbjoOQY3ct11oivZO13Q7V-d6zoSe1w4aDaqWJQ7_5z34Iim0gy1cKnMpDEpQRBj4fL1EFQvV1kgMYMHmfX2LmfaFbnwu0VyhHcfXSnrNDUF7gbgFPV0IjtlYsxdQjJBDUSFBdr_eOw2wZzbeuORSOb_5-I_OMZhf7yio3O6ivZWJpIpQ0xKowl0M8gkIHDpO4KPn-vAEavv_SG&refId=2un2uXLQmWg1PrQY4NV1GA%3D%3D&trackingId=8%2BpHn0P%2FrVMaS56I8mANgg%3D%3D&trk=flagship3_search_srp_jobs,Data Scientist,Indonesia,[],0,2026-05-30T20:12:38.149651
4392809495,Operation Administration Intern (3 Months),PT Lion Super Indo,"Jakarta, Indonesia (On-site)",,"About the job

Tanggung Jawab

Menerima dan membuka dokumen dari toko yang ditujukan ke Store Support Administrasi
Mengelompokan dokumen berdasarkan district
Merekap dan menginput data dokumen ke dalam excel




Kualifikasi

Terbuka untuk mahasiswa aktif (D3/D4/S1) seluruh jurusan
Familiar dengan Microsoft Excel dan rumus-rumusnya (vlookup, hlookup, pivot, rumus aritmatika dasar)
Memiliki pemikiran analitis yang baik
Rajin, terbuka mempelajari hal baru, dan berorientasi pada detail
Bersedia magang pada hari kerja (Senin – Jumat) selama 3 bulan
Penempatan: JAKARTA (WFO)",https://www.linkedin.com/jobs/view/4392809495/?eBP=CwEAAAGeeQM3XLtN4_T5nfWQCd5IikZ9I_rhcUrl1EhsqjAtCnFAJ5CTs99Du40frPAzyAIZeau4mqQcIsRNKHdCrnb8M7Yq141k3CMd_mSaeuMWTUm5J8tQZQ3miYHk8Oh5FpRs6nb4di7gBywmbQhEppgdh2uHGNadrMUAoB5pNfSM5ca2QokvQ2fEJmOUdfV0B-XSg_vZ8FgTOwrsA4zB9Rnl-oqvUxDO5XZ8GRbRd3E9v8MirL6tunTK-5k6F0NGDcRcIue3S-bcoA2UbfPoQNeId2japqaYj082YQgm3nokB-nVonm2zAcYG4zLOCsAol0tYvyaPkeeWgKItdkrcb9PVLmjjjLgX5I1oAKtcNGMDUEaBqNYkw9lYTt56KivPk0ri18_MPvdcm2zTEpaJzto2tZ2W9UtceZXOuVFi4J5AzrNe0xx26fR_-tzHV-siEArRJvIq7wQGFLjTwGJOhCUjLZaddwmbfu6ZUt3u4zh9-rCThAZb7ge--hsIewjp_Qc&refId=2un2uXLQmWg1PrQY4NV1GA%3D%3D&trackingId=M503ddw3%2Fa%2FRzFdt%2BaDTJQ%3D%3D&trk=flagship3_search_srp_jobs,Data Scientist,Indonesia,[],0,2026-05-30T20:12:43.107739
4418237431,Retail Banking Data Scientist,PT Bank SMBC Indonesia Tbk,"Jakarta, Indonesia (Hybrid)",,"About the job

Grow and Make an Impact with Bank SMBC Indonesia




Formerly known as Bank BTPN, we are now proud to be PT Bank SMBC Indonesia Tbk, part of Sumitomo Mitsui Banking Corporation, one of the world’s leading global financial groups.

This transformation marks a renewed commitment to delivering world-class banking services, grounded in innovation, collaboration, and sustainability.




At Bank SMBC Indonesia, we believe a career is more than just a job, it is a journey of personal growth, meaningful connections, and lasting impact. Join us and be part of a digital and social transformation that touches millions of lives.




Job Qualifications:

Minimum Bachelor’s Degree (S1) in Mathematics, Statistics, Computer Science, Data Science, Machine Learning, or a related quantitative field.
Proficiency in programming languages and data tools, including but not limited to SQL, Python, R, Hadoop, SPSS, or SAS.
Strong data analysis, data verification, and structured problem-solving abilities.
Advanced proficiency in the Microsoft Office Suite (Excel, PowerPoint, Word).
Deep technical knowledge of data mining, statistical analysis, and machine learning techniques.
Strong financial acumen coupled with the ability to translate complex statistical insights into business strategies.
Excellent written, oral, and presentation skills, with a proven ability to listen effectively and communicate complex ideas to non-technical stakeholders.
Proven track record of working effectively in team-oriented, cross-functional environments.




Roles & Responsibilities:

Design, build, and maintain predictive and scoring models that drive volume growth, optimize risk, and increase productivity—directly impacting revenue and cost efficiency.
Create and implement predictive modeling and trend analysis tools that seamlessly integrate into existing systems, anticipating business needs and providing real-time solutions.Solve business issues using optimum machine learning techniques.
Resolve complex business challenges by applying optimum machine learning techniques.
Partner closely with business users and cross-functional teams to identify key needs, deliver robust model solutions, and formulate data-driven strategies.
Provide deep-dive analysis related to lending portfolio underwriting, strategy implementation, validation, and scorecard modeling.
Oversee data gathering, cleansing, transformation, and model enhancement (including integrating new data sources) to optimize predictive capabilities and elevate analytics performance.




At Bank SMBC Indonesia, your career is more than a job, it’s a journey of impact and growth. Our Employee Value Proposition (EVP) reflects the values we live by:




Impactfulness: Through collaboration, we strive to improve the lives of millions.




Self-Growth: We encourage you to be the best version of yourself, every single day.




Relationship: We’re more than just colleagues, we are a family.




Network: We build connections beyond banking, beyond borders.




Digitally Powered: We harness technology to reshape the future of banking.




Be part of something greater. Grow with us, lead with purpose, and create a lasting impact!",https://www.linkedin.com/jobs/view/4418237431/?eBP=CwEAAAGeeQM3XB9EJfVstcapeYp97TZZBThQG5ksytgJrsWyjxTVpN6CGyM0WTQZiAcvtJziTQ0r_zCbuyiWDT6ILzTHAAOWgVq4yMzVYR5AuJaI-mMkXpGlw7wWjJMP62k5ASoWNgDWdBLFEHgcRqcmSJV1oWTttmnlZ5ZgwzRpt_5U-3SIYgZ9Cykx_yJs_1WGhKOmDTKKNZtfrGAdfFSStELUN-0QJbDlPNleDOFhkjpgnCXiQoNVIE0daNbc3HjhjjU_dOaWU0BDGaak82nDgqnNNFucOK3oj1wCSzpKPIrfTqTomn_MwPl699yCbqheSdSJYU3h6eouiY-smzvf_PBDuCW_MmF3RC8stCL_WI8EQn2yAYIjryXBSoxozTFGU_7k0-YbtBW4995sOD8XGExJrNdzJXmqAm_7NBBSORyiuYLBnymAPdqeK40pQ5MvKYWFN2qy9vj-Gccv4K2cJ4nM3ok35E4SW5zlcxvQ06qdbg&refId=2un2uXLQmWg1PrQY4NV1GA%3D%3D&trackingId=DPTA6xXny%2FfeSglFn8QdCA%3D%3D&trk=flagship3_search_srp_jobs,Data Scientist,Indonesia,"['hadoop', 'sql', 'git', 'python']",4,2026-05-30T20:12:48.091040
4411628477,Financial Analyst,PT HM Sampoerna Tbk.,"West Karawang, West Java, Indonesia (On-site)",,"About the job

BE A PART OF A REVOLUTIONARY CHANGE!

At PMI, we’ve chosen to do something incredible. We’re totally transforming our business and building our future on one clear purpose – to deliver a smoke-free future.

With huge change, comes huge opportunity. So, wherever you join us, you’ll enjoy the freedom to dream up and deliver better, brighter solutions and the space to move your career forward in endlessly different directions.

Wherever you join our crucial 47,000-strong Operations team, you’ll have the opportunity to make an impact. PMI’s shift from selling cigarettes to our new smoke-free products has changed the way we work. New products bring new challenges – in the way we source and buy raw materials, in the way we engineer and manufacture, and in our supply chain planning.

Bring us your curiosity and a desire to challenge the everyday and we’ll give you lots of responsibility. You’ll help us improve, inject innovation and create new ways of working. You’ll be solving supply chain problems that span the whole world: a smoke-free world.

YOUR ""DAY-TO-DAY""

This role supports operational planning and performance management within the manufacturing and factory controlling environment. The position plays a key role in ensuring that plans, data, and execution are aligned to business objectives by providing analytical support, coordination, and structured insights to stakeholders across functions.

The role is suitable for candidates with strong analytical capability, planning discipline, and the ability to work cross‑functionally in a structured manufacturing setting.

Key Accountabilities


Support operational and business planning processes across manufacturing activities
Consolidate, analyze, and interpret operational, financial, and performance data to support management decision‑making
Monitor plans versus actuals, identify gaps or risks, and support follow‑up actions
Coordinate with cross‑functional teams to ensure alignment on assumptions, priorities, and timelines
Prepare regular management reports, dashboards, and materials for reviews and governance forums
Support continuous improvement initiatives through analysis, standardization, and process discipline
Ensure data accuracy, consistency, and adherence to established control and governance frameworks


Who We're Looking For


Minimum Bachelor Degree in Industrial Engineering or Finance/Economics/Accounting or relevant skills through demonstrated experience (open for Fresh Graduate)
Having 1-2 years of relevant experience in multinational company would be beneficial
Fluent both in English and Bahasa Indonesia in both speaking and written
Have strong communication & interpersonal skills and have attention to detail
Agile and innovative in problem solving
Advanced knowledge in Excel
Has knowledge in GMRB and SAP would be preferable
Have good analytical skills - data interpretation, business acumen, and business partnering
Willing to go on business trip and to be located in all HM Sampoerna plants.


What We Offer

Our success depends on our talented employees who come to work here every single day with a sense of purpose and an appetite for progress. Join PMI and you too can:


 Seize the freedom to define your future and ours. We’ll empower you to take risks, experiment and explore.
 Be part of an inclusive, diverse culture, where everyone’s contribution is respected; collaborate with some of the world’s best people and feel like you belong.
 Pursue your ambitions and develop your skills with a global business – our staggering size and scale provides endless opportunities to progress.
 Take pride in delivering our promise to society: to deliver a smoke-free future.


To join our growing team…

#Sampoerna

27154",https://www.linkedin.com/jobs/view/4411628477/?eBP=CwEAAAGeeQM3XFxTZPvg6ehhbuUju55JbrSJ9ddZNQy_EMd7ddSq6inMMrzRXCppavYmvMz50hTr-RAGZ9nbXr1ZjxQyx2sZpn6IxerZaJRgLbzGJSclkC7cIvcd-pAnDojF2uN-qerPeKy4KW28SPBQn1ULhY46XV5Q1yLT8kGHU6LY0PuIWrDhFOlGR-rZ8yDpDnffTtht9Xl4mex0hOThHlTfNegghP-cZ4dob9Eg8O14DHumFqAORAv53cX7GEVVC8T1-ZAwIV6Q9IStbWk5PAs4s9d7IfsuYiXNLiPRCbp02To56_mPnO04Bm9WZrFkmIpro7eY9-xUYZwsJvIvwvHk7Mb8HAcHiQ2bZDuirHKqo91FYZ_ZFaKAVlc8mA22ubFbT-2z5GvuUCL2KSk_SAJzsqFGayKcM86LLboLiHvKn_56PY0zTIPEguEtJ6AGYju6pRK2OrppZzDUCXnd3rGjcOVFSI3r5FXsF7BUmueUVsZG&refId=2un2uXLQmWg1PrQY4NV1GA%3D%3D&trackingId=xOk30n4%2FIUp0E%2B%2BnApZncg%3D%3D&trk=flagship3_search_srp_jobs,Data Scientist,Indonesia,"['ios', 'agile']",2,2026-05-30T20:12:53.279300
4418931929,Merchandising Intern,AlloFresh,"Jakarta, Indonesia (On-site)",,"About the job

Responsibilities:

Assist in managing product listings and price maintenance on the platform.
Support the merchandising team in organizing and analyzing product assortment and availability.
Coordinate with suppliers and internal teams for timely updates on inventory, pricing, and promotions.
Help track and update weekly promotional plans and campaign performance.
Conduct regular audits to ensure product content accuracy (images, descriptions, pricing).
Provide administrative support such as data entry, stock monitoring, and report preparation.
Participate in market and competitor research to identify trends and opportunities.




Requirements:

Final-year student or fresh graduate from Business, Marketing, or related fields.
Proficient in Excel or Google Sheets (VLOOKUP, PivotTable basics preferred).
Detail-oriented, organized, and able to multitask in a fast-paced environment.
Strong interest in e-commerce, retail, or FMCG.
Good communication and coordination skills.
Willing to learn and grow in a dynamic team setting.",https://www.linkedin.com/jobs/view/4418931929/?eBP=CwEAAAGeeQM3XCfeeR1x_bHP7YoVIxoiJY5VI40yr8GtiCyrUCKUs-OVucBDRs5-KsSQGkq6q1tq0OjzDpa5VEwySKLKrSj88vu3coHrZUIOeW8b-B9uhj9Y0ObK6V3fJ_87EsQKcQjwRqNr-aLkH-BCUfXM-zdILfcscqIThkmWlg_n3ty8euULD_smMeev_zS98GLdTMMhjojduJ06TGUfZY59No1mIxholKh2pQGjH35Fam3iufmWL-FQlGLQznQZ2hAYib9o-oGFTAPf9zxkQvzYRzG7bkN42O6o5Ao_e_npuSstGG5unRunipQErmmi7XSHHlDB0WpnlzSj9zuwELMum7tsp5pItmnuHESfnpY5_yaU63TopPxjXQfaa17KlbHNvCYm9fsgrRgwSd5ofaAC23YLaAIWyhTQzxTnbBXkcXQUdcHBzcddEs_9fEiN0GDss3GZK8fl093L&refId=2un2uXLQmWg1PrQY4NV1GA%3D%3D&trackingId=WJ9xDLhGrWeGPMUhR2TSiw%3D%3D&trk=flagship3_search_srp_jobs,Data Scientist,Indonesia,[],0,2026-05-30T20:12:58.306081
4417637773,P&G Indonesia Management Internship - BRAND,Procter & Gamble,"Tanah Abang, Jakarta, Indonesia (On-site)",,"About the job

Job Location

JAKARTA GENERAL OFFICE

Job Description

How would you like to apply your education in exciting and meaningful ways from day one? Are you passionate about crunching the numbers to drive strategy in a substantial way? If so, we have the perfect chance for you. Internship in P&G finance function is a unique opportunity to obtain insights into the world of finance through a fast-moving consumer goods company and benefit from business topics at the heart of today’s news – Evolving, competition, and customers’ reality makes working in a consumer good’s business dynamic every single day!

What we offer you:


You will have business responsibilities from Day 1 – You will work on at least one or two big projects.
You will receive continuous coaching & mentorship– We are passionate about our work. We will make sure you receive both formal training and as regular mentorship from your manager and others.
You will join our dynamic and respectful team and work closely with colleagues from other functions – We live our Purpose, Values, and Principles daily. We value every individual and encourage initiatives promoting agility and work/life balance.
You will work in flexible work arrangements.


Internship Information


Our interns are considered the best pipeline of talent for our permanent positions. Based on your performance, you may get full time job offer from P&G


Job Qualifications


Open to all fields of study, but majors/having experience with finance/business/related field are preferred.
You are 3rd year or last year student
You are still university students (haven't graduated yet) as of 20 July 2026
Committed to do a full-time internship for 3-month/12-week (20 July - 30 October 2026).
Have base analytical thinking for insights-based decision making.
Born leaders and are passionate to make things happen.
Have an external focus and a real passion for finance.
Like to bring creativity & innovation to their work.
Have strong analytical thinking and skills.
Collaborate well with diverse groups of people.
Willing to relocate


About Us

We produce globally recognized brands and we grow the best business leaders in the industry. With a portfolio of trusted brands as diverse as ours, it is paramount our leaders are able to lead with courage the vast array of brands, categories and functions. We serve consumers around the world with one of the strongest portfolios of trusted, quality, leadership brands, including Always®, Ariel®, Gillette®, Head & Shoulders®, Herbal Essences®, Oral-B®, Pampers®, Pantene®, Tampax® and more. Our community includes operations in approximately 70 countries worldwide.

Visit http://www.pg.com to know more.

Our consumers are diverse and our talents - internally - mirror this diversity to best serve it. That is why we’re committed to building a winning culture based on Inclusion and our ideal candidate is passionate about the same principle: you will join our daily effort of being “in touch” so we craft brands and products to improve the lives of the world’s consumers now and in the future. We want you to inspire us with your unrivaled ideas.

We are committed to providing equal opportunities in employment. We do not discriminate against individuals on the basis of race, color, gender, age, national origin, religion, sexual orientation, gender identity or expression, marital status, citizenship, disability, veteran status, HIV/AIDS status, or any other legally protected factor.

P&G is improving everyday life as a Force for Growth and a Force for Good — for you, for the world, and for generations to come.

Job Schedule

Full time

Job Number

R000152222

Job Segmentation

Internships",https://www.linkedin.com/jobs/view/4417637773/?eBP=CwEAAAGeeQM3XKZcpK_3woj9cbTiEHiDSxLGfZc52w40atbKMZ7mFVaxT_qM-RH8NirJOzr2WiicHKmCfyIszgZqeCEp4f5VGVI6BQ5N7hEiMk_t7aNHYbsfSPBXCqzAASLsH83_Vj2Oi6UJlY5E06qrruECLn6wdF8ahTEUi5yyUpD57BLgaoSkKrYusME5v4j4p4HYUnzjcluhyz4oXsG7KIhjkWpo1vqQSBsbeWDoxJmumP7AbodBK6xSTIo9r5DTFPMX-LHkzhr6pBrVmwDTbPHDDlNlmbPr0iGfkunxVUWP3ADBMbzVe7XOaP3DYT5Bj4gMDw_OPmrewdCLC2Ff43U224kAq9K_W6-bxU-kL0Eag7V1iJ9vty7lL3ilGEJ5bo8COl_FJHaxfcVBhrguhnXHELadrnmqln2UxIg-oYytNG93OduHtCpjhrfZ0HotQ7DsJRXwKRNfHR8HjsMfEdMPAgxG69dSzsKQMFOJlSGNEgF9HD8YW2prdJKWDzHS31hY&refId=2un2uXLQmWg1PrQY4NV1GA%3D%3D&trackingId=qJXIDy0bLr2GZW5gNcc5DQ%3D%3D&trk=flagship3_search_srp_jobs,Data Scientist,Indonesia,"['rust', 'ios', 'express']",3,2026-05-30T20:13:03.456426
4420913882,Data Analytics Intern,Prudential Syariah,Jakarta Metropolitan Area (Hybrid),,"About the job

🚀 We're Hiring: Data Analytics Intern – Customer Portfolio, Insight & Strategy

Looking for a role where your analysis can drive meaningful business strategies? This is a great opportunity to learn how data can shape customer-focused decisions.




Job Description

Support data extraction, cleaning, validation, and structuring for portfolio analytics.
Assist in preparing recurring dashboards and performance reports (weekly, monthly, quarterly).
Conduct exploratory data analysis to identify patterns, anomalies, or opportunities within customer segments.
Help document data logic, data definitions, and process flows to improve internal data governance.
Coordinate with internal stakeholders (Marketing) for data requirements.
Support ad‑hoc analysis required for ongoing strategic initiatives.




Core Requirements

Demonstrates intermediate proficiency in Excel.
Possesses basic knowledge of Python, particularly for data analysis tasks.
Understands fundamental SQL concepts for querying and managing data.
Able to clean, validate, and ensure the accuracy of data sets.
Familiar with building or using dashboards in tools like Power BI or Excel.
Capable of clearly documenting data logic, workflows, and processes.
Shows basic analytical and statistical thinking in problem-solving.




Preferred Qualifications

Has familiarity with customer analytics concepts.
Experienced in working on team-based data projects or academic labs.
Exposed to data visualization tools such as Power BI or Tableau.
Demonstrates a strong interest in learning predictive analytics.




Hit apply and let’s learn and grow together! 🌱

*only shortlisted candidates will be contacted",https://www.linkedin.com/jobs/view/4420913882/?eBP=CwEAAAGeeQM3XF_ak2WU3ow41olQC5n8LXllrhxppD0cJlogINod9xHI9wEsIoxvNbvBVHvqvZu0unEsJTcbnDgIM2TzZafrJGKvQxFFprxQCRZdZg81Nbac9lCXxa6GqR4-T8g7JxvKNFlOJ_Eb1Yewn_ycFLKlaPSbxR1dXpMZs3u4lD0wGb02dvQCEcBzTbwEbyuHLsQlBj9oApm_0xEsJubhKyI4dRiHH9NGX7mD5GxhIY4ic9HzYY_FcCZb9f-7Adj9dQxz2nQKRDLVhYfu2V8_9AQ1Y5o7PiyfCqfv2--JP9z7Yjnm9BTNW7i33ub4iGK06XEMSMnhldfgxSbMq5WDYISn9LToo_wxwiDCmvnep79xG94kEy2F3P4w9JXDoTXdIW2xKIDJeR25zfQ-coNCEJI7xjUiA7IC-idfMUTCeaOm2Qh5QOsFTm0gK4B4aB0EDtt_JaRfE614M9AtM6OLIHL9bLurZYBprGQvd-HaOSlk7aRqCWdw-piPsgMhRQ&refId=2un2uXLQmWg1PrQY4NV1GA%3D%3D&trackingId=xyfttcDRuueTK%2FZzKU%2BCLA%3D%3D&trk=flagship3_search_srp_jobs,Data Scientist,Indonesia,"['power bi', 'tableau', 'sql', 'python']",4,2026-05-30T20:13:08.526452
4420382770,Information System Intern,PT Indo Kordsa Tbk,"Citeureup, West Java, Indonesia (On-site)",,"About the job

PT Indo Kordsa Tbk opens an On-site Paid Internship Program from July to December 2026 for the final year students of Undergraduate Study (S1) for the following opportunities:

Information System Intern at Digitalization Department.




The requirements to join this internship program are:

A final year university student in Information System major.
Have competencies in Advance English communication skills, both verbal and written;
Giving Value to Differences; Being Resilience; Displaying Courage; and Learning From Experience.
Able to come to Indo Kordsa Office daily - 4 days a week from Monday to Thursday in the Office and 1 day WFH on Fridays.




Interns will get a monthly internship stipend, free flow coffee and free lunch at Office Cafeteria, a shuttle car for Jakarta & Bogor area, also multinational work environment and development programs.




The candidates can apply and submit their profiles maximum on June 10, 2026.",https://www.linkedin.com/jobs/view/4420382770/?eBP=CwEAAAGeeQM3XOe3E1jJ0pbrJbRCtNYr5dkSSou_7r14Jcwe_cx2zS_5O-lNdw8WzrILHtlaVx7bq6T_zN_R60bf7IF5ZufH-RgfAj3OVSAogwp_Y9jW9mpsdPXMHYUKl2A3e_e4P0zEYAR_XtUtXz6vq1vPNLqKeg8_mDZIC9yOEs-Cfjmj1mEt9w89_-ZL6LxSuQJAHAL_HC2J3gvy2w0xAsFUKs_IOyJX-96nkoyhJV8xghVAeRhOqzP6u5ZOBxkxJ9uzVvafoxxypzuCpcpNYA9Nv9KWS_zxfbwlmrppm8W1kQNEOtRYujkdNYrd5ANubSnUESJ6-v7g4uQhONug8Xs7NU-U8ObaRB23q25G9tVBifj2o3WL60SCs3hbU6AxhZwTtVIUJ9j0EhR2gJpmJY2YRrujk9sotmswBDWT0gIU-qD5ZBRPXL_6oFM6z9aGY-E0Wq2SB4QbWg&refId=2un2uXLQmWg1PrQY4NV1GA%3D%3D&trackingId=6twpvPzPWQa1SLUFd7kqPQ%3D%3D&trk=flagship3_search_srp_jobs,Data Scientist,Indonesia,['git'],1,2026-05-30T20:13:13.498381
4411709272,Digital Commerce NRM Analyst,Unilever,"Tangerang, Banten, Indonesia (On-site)",,"About the job

Job Title : Digital Commerce NRM Analyst

Location : Grha Unilever

About Unilever

With 3.4 billion people in over 190 countries using our products every day, Unilever is a business that makes a real impact on the world. Work on brands that are loved and improve the lives of our consumers and the communities around us. We are driven by our purpose: to make sustainable living commonplace, and it is our belief that doing business the right way drives superior performance. At the heart of what we do is our people – we believe that when our people work with purpose, we will create a better business and a better world.

At Unilever, your career will be a unique journey, grounded in our inclusive, collaborative, and flexible working environment. We don’t believe in the ‘one size fits all’ approach and instead we will equip you with the tools you need to shape your own future.

Main Responsibilities

The Digital Commerce NRM Analyst is responsible for supporting Net Revenue Management (NRM) activities within eCommerce / Digital Commerce Channel, with a strong focus on analytics, insights generation, and performance tracking. The role partners closely with CSP, Commercial, Finance, and dCommerce Key Account teams to drive profitable growth through pricing, promotions, and mix optimization across digital channels.


 eNRM Analytics & Performance Tracking
Analyze pricing, promotion, and mix performance across eCommerce platforms.
Track key eNRM KPIs including NSV, margin, promo effectiveness, and trade spend efficiency.
 Pricing & Promotion Analysis
Support development and evaluation of pricing architecture and promotional scenarios for digital channels.
Assess financial impact of commercial initiatives and provide data‑driven recommendations.
 Business Insights & Reporting
Develop regular reports and dashboards to support decision‑making for CSP and commercial teams.
Identify risks, opportunities, and trends impacting revenue and profitability.
 Cross‑functional Collaboration
Work closely with CSP, Finance, Category, and dCommerce teams to ensure aligned inputs and assumptions.
Support commercial forums, planning cycles, and review discussions with fact‑based insights.
 Governance & Continuous Improvement
Support adherence to NRM frameworks, tools, and ways of working within eCommerce.
Contribute to process improvement and capability building in eNRM analytics.


Unilever is an organisation committed to equity, inclusion and diversity to drive our business results and create a better future, every day, for our diverse employees, global consumers, partners, and communities. We believe a diverse workforce allows us to match our growth ambitions and drive inclusion across the business. At Unilever we are interested in every individual bringing their ‘Whole Self’ to work and this includes you! Thus if you require any support or access requirements, we encourage you to advise us at the time of your application so that we can support you through your recruitment journey.",https://www.linkedin.com/jobs/view/4411709272/?eBP=CwEAAAGeeQM3XMR_puoLo-Cbo-u7SoKULanuesXHRHpYEdI12AnRE_kZpbCuruhlM8HWlVRxa1WTrmdQ5xbR70rDAmqDC6kW35gdaelyByMQtCXwTFc9B2B_5K-AG2QpUZH6d5yH2io5jeU-pAAhzdVS9yzA2aATbwV3WLlKM9ZtmFkLFW_O7C3KcscKtZPceljQ9UXjOtR0yEVd7brzXRUMyzetQ_uQIO38WuJr2GG_6VgLrR7pn4OxGc8E2Uo7qL0Q8oVVU_OswzwKGaALxsB8rX524NDG64otI5AWggK6pWiUIEYwTTFEIgaWPn7mnTrTMClUwi1sOmVK8IwWL-2_utp1iyEZG9KaSY20MJDcwslgZfWrvyuSV7grlh8IrWrM5Bk9sG_17beQk_C1zOGOif8-ApcVzKTh5XVINrAhhBATVHYOR_VHaarijli-sLLhhly3xIVzC7gsAUHKFkXaBx6aQZtHgF9hWwEiqAOHZfAI-Gun&refId=2un2uXLQmWg1PrQY4NV1GA%3D%3D&trackingId=p08VHX1B5zPwOWGeYSI8mg%3D%3D&trk=flagship3_search_srp_jobs,Data Scientist,Indonesia,"['ios', 'git']",2,2026-05-30T20:13:18.519857
4408658575,Data Analytics & AI Analyst - New Graduate 2026,ABeam Consulting Indonesia,Jakarta Metropolitan Area (On-site),,"About the job

Start Your Consulting Journey with ABeam Consulting!

📅 Application Deadline: 5 June 2026

ABeam Consulting invites passionate and high-performing fresh graduates to join our New Graduate Hiring Program 2026 as a Data Analytics & AI Analyst.

This role focuses on delivering data-driven insights and analytical solutions to support business transformation initiatives across industries.

As a Graduate Analyst, you will undergo a comprehensive training program and gain hands-on experience working on real consulting projects involving data analytics, modeling, and visualization.

🔍 Role Overview

As a Data Analytics & AI Analyst, You Will


Support senior team members in developing analytical models and conducting result analysis
Apply modeling techniques to transform data into meaningful insights
Prepare data visualizations for client consumption
Contribute to delivering data-driven solutions in consulting projects


✅ Program Requirements

Educational Background (Preferred Majors)


Statistics
Mathematics


Other Requirements


Minimum GPA of 3.20/4.00
English proficiency at a business level (spoken and written)
Strong analytical and logical thinking skills
High attention to detail and accuracy
Strong communication and teamwork skills


Technical Skills


Familiarity with analytics and visualization tools such as R, Python, Tableau, and Power BI


Additional Qualifications


Basic understanding of analytics theory and modeling, with practical application during academic projects
Experience in data-related projects or internships
Ability to translate data into clear insights for business use
Proactive mindset in proposing and discussing solutions with the team
Willing to work in project-based consulting environments
Must have completed a bachelor’s degree (with a graduation certificate)
Available to start on 1 October 2026


🛠 Key Responsibilities


Apply and execute analytical models based on project direction
Ensure accuracy and reliability of analysis results
Develop a strong understanding of client business and operations to deliver valuable insights
Proactively propose and discuss alternative solutions with the team
Collaborate with both analytics and non-analytics teams during project execution


🏆 Six-Month Training Program Includes


Consulting Skills Training
Data Analytics Development
Business & Industry Insights
On-the-Job Training with real client projects


📩 How to Apply

Submit your CV and relevant certifications or portfolio (e.g., analytics projects).

Shortlisted candidates will be notified via email with further instructions.

🔗 For More Information, Please Visit

www.abeam.com",https://www.linkedin.com/jobs/view/4408658575/?eBP=CwEAAAGeeQM3XAO-9tkCmxoPk7CV3_NuX-adJ5oRAcgo-MeEOunl0oIi1RCI6KIVodbzaG2ihpAXYk-NNOSVgXFVLobADAtRyq-NFwwcsqjSge49YANpkhZoPX5n3Zi3FcbrlDr_JdJ7v_RJ9DQXhtGnFEVMBVvPvCZe4JpJaK-FmWl_23_tqXKQsgfo-qwSMpAxZxuOP05tTE53wL5TurK88oP3GV0yVYxz0TIq7p696RnObdKgm_FxE7sqCXWxDSbo61wP0TyU8584X4zyW80HUlLel0umF82cs1zvKWopYzI5LspChMtU5RlRg6z8ttq-QfzptypxqkNzZHb1JFfBnqi0ON63wwbOhQlGJXW2F3k2TsVpveEip9grj6dDXFtxgXukuV6E_TWEaK-qgPml7dDHY4N0dTkSDIMGFSGZKkhHBBKUufAtQZR-b70vE8toqOh3gTLoqAnjw5o1IPzfufqn4AmV4YyXAloqxXOFZDuobib-G-jvZFhbDjMWQvmLnDSdFUk&refId=2un2uXLQmWg1PrQY4NV1GA%3D%3D&trackingId=i%2B9QyUI4KaeKfyaYi7T1cQ%3D%3D&trk=flagship3_search_srp_jobs,Data Scientist,Indonesia,"['power bi', 'tableau', 'python']",3,2026-05-30T20:13:23.649161
4400721729,Data Scientist (AI / LLM Applications),Kredivo Group,Jakarta Metropolitan Area (On-site),,"About the job

As a Data Scientist, you will be part of a team building intelligent systems powered by modern AI and Large Language Models (LLMs). You will work closely with engineers, product teams, and business stakeholders to turn ideas into practical AI applications that improve internal tools and business processes.

Our ideal candidate is hands-on, curious, and comfortable moving quickly from experimentation to production.

About The Job


Build and prototype AI applications using Large Language Models (LLMs) and AI agents.
Design and deploy end-to-end AI pipelines, from data preparation to production systems.
Build AI applications and agents that automate internal workflows across operations, HR, and internal tools.
Experiment with prompting strategies, RAG systems, agentic frameworks, and modern AI tooling.
Collaborate with cross-functional teams to translate business problems into AI solutions.


About You


Minimum 2 years of relevant experience in data science, machine learning, or AI development.
Proficiency in Python.
Experience building AI or machine learning applications and deploying them to production environments.
Familiarity with Large Language Models (LLMs) and modern AI application patterns.


Preferred Qualifications


Experience building LLM-powered applications such as chatbots, AI assistants, or agent-based systems.
Familiarity with RAG, vector databases, and LLM orchestration frameworks such as LangChain, Google ADK, or OpenAI Agents, and other similar tools.
Experience building and deploying AI applications using tools such as FastAPI, Streamlit, or similar frameworks.",https://www.linkedin.com/jobs/view/4400721729/?eBP=CwEAAAGeeQM3XJdmAifYsR2joOdGd_f2-ZZkVoHDA-8doYB0cXy8SNbzu-rqDexXH01cIRldiudVQXT4GC1vx-2GoIt8QujKuui9n8V2QnUY70rM1MQsBOACUVhMRBfDph2gbBFr1pPUkrCXNoeNLYdJoYgFCg_gFfphxXgKv-4Yb_h6tv9lDbfefgQT8SDcv7v7RMzZ0dlhqYho6QZj3pia_m3Y7dAvRKJjGiceCOQ8iSqGo7RDQryJezhIR1yNnVTItD3RNcimwT57XCnA3UQWG5jEVZOBfkxZo_7oTp66qYBxcIrvpii3bqO1Ck0eXFFGAaRj2rKY_Yal7byP1me_D3DegPYa7ibAXnE8ehk5jbC2oe3xtCctY3XQV70fic7q-5lV1ddq0WeB9jSDWTIcwWgR3g36_RoRR8-g_ydoi2O09_a5gKH0Jm8Dwt0dGrWWvJhC2TyR2YcQE91h7MHVVXTbQrljmMUk5_Ld-hrMulVUrA&refId=2un2uXLQmWg1PrQY4NV1GA%3D%3D&trackingId=OK5KaRZ9LUGrc5%2BidT%2BQ3Q%3D%3D&trk=flagship3_search_srp_jobs,Data Scientist,Indonesia,"['python', 'fastapi']",2,2026-05-30T20:13:28.687974
4319210694,Data Analyst (Regional BD) - Business Intelligence,Shopee,"Jakarta, Indonesia (On-site)",,"About the job

Job Description


Partner with the Regional BD team as a business-facing BI, enabling data-driven commercial decisions.
Act as a thought partner to simplify complex data into clear, actionable insights for senior management.
Proactively frame business problems, define success metrics, and deliver recommendations — not just reports.
Analyze large datasets to diagnose performance, identify opportunities, and support strategic initiatives.
Build and maintain dashboards to track key commercial metrics.
Deliver fast, high-impact ad-hoc analyses in a high-visibility, fast-paced environment.


Requirements


Bachelor’s or Master’s degree in a quantitative or relevant field.
Strong proficiency in SQL; comfortable working with large datasets.
Proven ability to apply business context and judgment, beyond data extraction.
Experience working with senior stakeholders and cross-functional teams.
Familiarity with BI tools (e.g. Tableau, Power BI, Looker).
Experience with Python or R is a plus.
Fluent in English and Bahasa Indonesia.
Self-starter with strong ownership, communication, and interpersonal skills.",https://www.linkedin.com/jobs/view/4319210694/?eBP=CwEAAAGeeQM3XKYx-xgMssFSgNx18q0djvR0i_FXOusfThMa3TD6Qw9piUbk0yPcj3JMsojfTqhz5zBf7wsGEVsadlFYxpAR6QH1JC-_JO8CAzqZLz3hlw3Er8WPTvxpIQIPnlcX7ztCWfGjHWVJ3CpjlmtG91IUtL8e2mVkTMPvI9YpVG0ELgAS8vs8QTmpkj0xCPFroZPBUdUE8eDlywoccE0L30kBnnLDgTv-kRA0LC-mTtf_vSD8uKr8qt-lwKsolJDZA1VkGueYOPH0SvGYUl0ej2_heqB-Y_Jf6HutidkrrWk2VHztlL8DNwgvI1D3iCJRdQsW0hKRop6ZMpNpruEnt5ilgp3PuhsCQywfMW9xpvlPLpFS_pCuJP52MgVaDwAwEmgPqTiEUdh9rcgL-SbJ-VGcenc2Ae6nvEShHXM8bs3IM56OEXjZw5wJS6_Pt3C6MFvPBmiFYaIs1g1LKGhQv9Hfu7HinTXcLtdfnkVUcnkJUnbqIpPRju2AJssFC7eWqjE&refId=2un2uXLQmWg1PrQY4NV1GA%3D%3D&trackingId=KR3wp5%2F2mF5YFD2FRcK3Hw%3D%3D&trk=flagship3_search_srp_jobs,Data Scientist,Indonesia,"['power bi', 'tableau', 'sql', 'python']",4,2026-05-30T20:13:33.680929
4415298478,B2B Online Intern,tiket.com,"Jakarta, Indonesia (On-site)",,"About the job

We think you also hate when travel app is giving you a headache, right? A slight misinformation can ruin the trip.

That is exactly what we are tackling as t-fam! Making sure that our 50+ million users have the best experience in crafting their own adventure.

Your main duties in flying with us 


Conduct research on potential partner industries, companies, and trends (e.g., loyalty platforms, fintechs, telcos, super apps)
Analyze data to identify opportunities for partnership growth and optimization
Help build and maintain internal documentation, including partner trackers, campaign calendars, contact logs, and deal summaries
Contribute to structuring templates and Standard Operating Procedures (SOPs) for partner onboarding, campaign planning, and reporting
Assistant API team with mapping and other task when required
Assist in tracking ongoing campaigns using platforms like Google Sheets, Looker, Tableau, or AppsFlyer
Monitor performance dashboards, flag opportunities or issues, and help prepare weekly and monthly reporting
Support partnership proposal creation (e.g., presentations, reports, co-branding decks)
Assist in the documentation of meetings, partner onboarding, and internal coordination
Liaise with internal teams (e.g., marketing, ops, analytics) to follow up on tasks and timelines


Mandatory belongings that you must prepare 


Bachelor's degree in any field (minimum Semester 8 with no remaining classes)
Experience or familiarity with Performance Marketing or Affiliate programs is a plus
Proficient in Microsoft Office, especially Excel, PowerPoint, and Word
Strong analytical and numerical skills with the ability to interpret market and revenue data
Skilled in data visualization and analysis using Looker, Tableau, and SQL
Able to commit for 6 months


In the event that you haven’t received any updates after 3 weeks, your data will be kept and we may contact you for another career destination. Meanwhile, discover more about tiket.com on Instagram, LinkedIn, or YouTube.",https://www.linkedin.com/jobs/view/4415298478/?eBP=CwEAAAGeeQM3XER78Dh4H2c9D0akzT2CAU3eSJsKeLi_Em6Ym4VF83OsZFL36Z3i5394IxXdokXWt9NTziV97JMAP73-QvEMQsUOtQ77w-A7aZOAZ4ZY-qbxP7_zx-xE5gzl1-50v0sqsN_dazbGOOwKH97yRtZ5Ttz4h0lNnuRbfOYI5ZOtMVP72avc5wDy8R9jnVugwTVBKGP1fb-6XEmjuRzO851g1wCa8d4o06r95qMFXUYUVy-Y54L3-YoshrfzDJyJpKz5U9lz4ljG_Ree3Ty9yjngn2xpHtWGevNUfw4o4ASMp44GHF56_NPUNf0M3Ctcb_NKBsPtq9dy5hiwdcTKkCQax39ITzAixI-Kp8RPvYtaCyLM86nCGlKc1UBB2UOulIRkn55dTKG9rOAcRocWcJsbx9wg0DMkULluGYpSW5dpMMBP6bA1HPIhGkLxqy6hmHgZTi4cwyXtZM5WZSlWSqSyovHsBE-bVdcFcjhUJI58ZbpzaeTlmum5OkVb5aGS&refId=2un2uXLQmWg1PrQY4NV1GA%3D%3D&trackingId=RJjTixnOlkbBwSF2HtJdmw%3D%3D&trk=flagship3_search_srp_jobs,Data Scientist,Indonesia,"['tableau', 'sql']",2,2026-05-30T20:13:38.764839
4414896139,Expansion Research Intern,Seven Retail,"Jakarta, Jakarta, Indonesia (On-site)",,"About the job

As a Expansion Research Intern, you will support the team in conducting market and post-opening research to help drive strategic school expansion initiatives. This role involves analyzing market potential, identifying family hotspots, monitoring competitor movements, and studying parent inquiry patterns to generate actionable insights for business growth and operational improvement. You will work closely with cross-functional teams and gain hands-on exposure to education business strategy, research development, and data-driven decision making.

Job Description


Expansion Research - Conduct market profiling for potential expansion areas
 Identify family hotspots and target market behavior
 Support competitor mapping and competitor analysis
 Gather insights related to Sparks Preschool expansion opportunities
Post-Opening Research
 Monitor potential competitor movements around Sparks Preschool areas and its advantages
 Analyze parent inquiry patterns and parent needs trends
 Support post-opening performance evaluation through market insights and research findings


Requirements


Final-year undergraduate student or fresh graduate from Business, Management, Marketing, Psychology, Statistics, or related majors
Strong research and analytical thinking skills
Detail-oriented and comfortable working with data
Familiar with Google Sheets/Excel and presentation tools
Good communication skills and able to work independently as well as collaboratively
Having experiences in education industry would be a plus",https://www.linkedin.com/jobs/view/4414896139/?eBP=NOT_ELIGIBLE_FOR_CHARGING&refId=2un2uXLQmWg1PrQY4NV1GA%3D%3D&trackingId=TuCmdxg2e7u%2B8m15ONf6AA%3D%3D&trk=flagship3_search_srp_jobs,Data Scientist,Indonesia,['spark'],1,2026-05-30T20:13:43.732743
4361921646,Category Strategist Project Intern (Lifestyle) - 2026 Start (BS/MS),TikTok,"Jakarta, Jakarta, Indonesia (On-site)",,"About the job

Responsibilities

In particular, the e-commerce industry has seen tremendous growth in recent years and has become a hotly contested space amongst leading Internet companies, and its future growth cannot be underestimated. With millions of loyal users globally, we believe TikTok is an ideal platform to deliver a brand new and better e-commerce experience to our users.

As a project intern, you will have the opportunity to engage in impactful short-term projects that provide you with a glimpse of professional real-world experience. You will gain practical skills through on-the-job learning in a fast-paced work environment and develop a deeper understanding of your career interests.

Applications will be reviewed on a rolling basis - we encourage you to apply early. Successful candidates must be able to commit to at least 3 months long internship period.

Join the Lifestyle Team, where we focus on curating and scaling everyday consumer categories—from home & living to personal care—on TikTok Shop. We work closely with brands and creators to deliver engaging, data-driven strategies that shape how users discover and shop on the platform.

Responsibilities:


 Assist the strategy team to conduct data analysis, draft reports of category performances and deep dive
 Support the data mining process using both internal and external resources
 Coordinate with both internal and external teams to support daily operational activities
 Able to quickly analyze business data, and further initiate structured information to help teams with valuable inputs
 Other admin-related works and troubleshooting assigned by the team


Qualifications

Minimum Qualifications


 Actively enrolled university student.
 Good written and verbal English communication skills
 Demonstrated data-driven business analytical skills, comfortable in generating deep insights from quantitative & qualitative analysis
 Proficient with numbers, pay attention to details/anomaly and have strong knowledge of Microsoft Excel


Preferred Qualifications


 Experience with E-Commerce operation would be preferred
 Interested in the e-commerce industry and adaptive to a fast-paced working environment


By submitting an application for this role, you accept and agree to our global applicant privacy policy, which may be accessed here: https://careers.tiktok.com/legal/privacy.

If you have any questions, please reach out to us at apac-earlycareers@tiktok.com

Job Information

About TikTok

TikTok is the leading destination for short-form mobile video. At TikTok, our mission is to inspire creativity and bring joy. TikTok's global headquarters are in Los Angeles and Singapore, and we also have offices in New York City, London, Dublin, Paris, Berlin, Dubai, Jakarta, Seoul, and Tokyo.

Why Join Us

Inspiring creativity is at the core of TikTok's mission. Our innovative product is built to help people authentically express themselves, discover and connect – and our global, diverse teams make that possible. Together, we create value for our communities, inspire creativity and bring joy - a mission we work towards every day.

We strive to do great things with great people. We lead with curiosity, humility, and a desire to make impact in a rapidly growing tech company. Every challenge is an opportunity to learn and innovate as one team. We're resilient and embrace challenges as they come. By constantly iterating and fostering an ""Always Day 1"" mindset, we achieve meaningful breakthroughs for ourselves, our company, and our users. When we create and grow together, the possibilities are limitless. Join us.

Diversity & Inclusion

TikTok is committed to creating an inclusive space where employees are valued for their skills, experiences, and unique perspectives. Our platform connects people from across the globe and so does our workplace. At TikTok, our mission is to inspire creativity and bring joy. To achieve that goal, we are committed to celebrating our diverse voices and to creating an environment that reflects the many communities we reach. We are passionate about this and hope you are too.",https://www.linkedin.com/jobs/view/4361921646/?eBP=CwEAAAGeeQM3XIaB_TYQt__Ji7Pr7eKfCzz9nQ4OlOclgCJU7J-JW7dNhj4fXSVuGHQuBsidPvfY1JA0AA0reYDvJ3_C6DipUCM08L_8QqSNh6EuT34ETaGkZc3Z6dU6pSnkQDRsoBtTn0jrhFgLdZ5OxD8BZNZcNDYBMLJP8KyScKH2kDKrTFzGcCW6lCjDopJG7q5HK4H2rpX6_As5W2Pp7xBhJjuGqyst8BJ3Tt1PrwnyehnWnGaJh7dsht_k3Xf4ZMm58qzNGdYqoEOVcwNefIoHOd3wwYboflKM1iQKDKvL7tf26b5of3sAdkqxA0aQXLjZyvQwaEZwTZU5I-DY3qO2H_BNLJOgbpeKdic14g6AOtuS9Wvi3W2eP2eT_-X9_qgwimjAQLYDMhIuYoKY5FWciqv0ujAvlwVbXldxTKhVyBjWrYj3_4SCvF_GvEyXHF854W7xLAecaQ&refId=2un2uXLQmWg1PrQY4NV1GA%3D%3D&trackingId=rjehmfwZ1Zw2Q8ISoi3ZRQ%3D%3D&trk=flagship3_search_srp_jobs,Data Scientist,Indonesia,"['ios', 'express']",2,2026-05-30T20:13:48.736765
4419157887,Data Scientist,Krom,"Jakarta, Indonesia (Hybrid)",,"About the job

About The Role:

At Krom Bank Indonesia, we are building the future of digital banking through Machine Learning and AI, including Large Language Models (LLMs) and AI agents. We are looking for a Data Scientist who will work closely with Analysts, Machine Learning Engineers, Product teams, and business stakeholders to build practical AI solutions that improve customer experience, internal operations, and business decision-making. 




You will take ownership from problem discovery, experimentation, and model development to deployment and continuous improvement in production. Our ideal candidate is hands-on, result-focused, and strong in both quantitative thinking and business understanding.

⸻

Job Purpose:

Design, develop, and deploy machine learning models and AI-powered applications across functions such as credit scoring, fraud detection, risk management, customer intelligence, and operational automation.

⸻

Key Responsibilities:

Build and deploy machine learning models and AI-powered applications
Develop predictive models for credit scoring, fraud detection, recommendation systems, and customer segmentation
Build AI applications using LLMs, RAG, and AI agents for internal and customer-facing use cases
Design end-to-end AI pipelines from data preparation to production deployment
Research and improve models using modern ML techniques and AI tooling
Collaborate with Product, Engineering, Risk, Operations, and Business teams to solve business problems
Monitor and improve model performance, reliability, and explainability
Contribute to Data Science and AI best practices across the team







About You:

Formal Education:

Minimum Bachelor's Degree (S1) in Computer Science, Mathematics, Statistics, Engineering, Artificial Intelligence, or other related quantitative fields.

⸻

Professional Qualification

Strong understanding of machine learning modeling and predictive analytics
Proficiency in Python or R
Good knowledge of MySQL/PostgreSQL and data platforms such as S3
Experience building and deploying ML or AI applications
Familiarity with LLMs and modern AI application patterns
Strong analytical thinking and problem-solving skills
Good communication and collaboration skills
Strong ownership mindset and ability to work in a fast-paced environment

⸻

Relevant Work Experience

Minimum 1 year of relevant experience in Data Science, Machine Learning, or AI development
Hands-on experience building and deploying machine learning models or AI applications

Preferred Qualifications

 Experience building LLM-powered applications such as chatbots, AI assistants, or AI agents
Familiarity with RAG, vector databases, and frameworks such as LangChain, Google ADK, or OpenAI Agents
Experience using FastAPI, Streamlit, or similar frameworks
Experience in Deep Learning and/or NLP models
Experience in fintech, digital banking, lending, or high-scale consumer platforms

Bonus Points

Experience with credit risk modeling, fraud detection, or alternate data evaluation in financial services",https://www.linkedin.com/jobs/view/4419157887/?eBP=CwEAAAGeeQM3XCDN7dUPUHArdRyI8RPbO_Z44pSOOORqD6ouFaw-hSH5nmcFrkD7N5kUFQY_Erfsplp6gvno0b47wtlTkYettv_Bn21nGAS8CLSMOEmbX9jaQ7u3aA5czhEwmYe4xlPuWwyc0hSfVYzusJLdK1hSCn8IIyE9KgD0fg6SYxj9mLbngGvxFhH2P_Nx3EWBE0iE7gPQRvLzg7IraGChBRSBmOzyRWI-iU3JkE7OMAoepoaBpP_fHMlYXskyo0_eFktrsoqfQY_2TYiiCQJHqANrt0402n95Cj9LeYorWKU0s9QTTLfivU3EdUKGw-wPON9f57PeGCkpoPApEvRuHuRGGW8WPmJEXArliymrRGWifrsVnZUpxK6d5o1ZFSxnkJj6Ws5z5aFdGcAEDNxZnbUDxo9csprEw2ZmfPLh7_ttT0wHbOrNP34VHLrOapA3dVssZVccAkR0O4hdrYHVJP2oLtGn96l3fQNFvrXfQk4D&refId=2un2uXLQmWg1PrQY4NV1GA%3D%3D&trackingId=mO%2FFN9T2ZtN4tBGo11X6rQ%3D%3D&trk=flagship3_search_srp_jobs,Data Scientist,Indonesia,"['postgresql', 'sql', 'git', 'python', 'mysql', 'fastapi']",6,2026-05-30T20:13:53.810066
4420407788,"EIC Intern - Strategic Consulting (Jakarta, Indonesia)",Cushman & Wakefield,"Jakarta, Indonesia (On-site)",,"About the job

Job Title

EIC Intern - Strategic Consulting (Jakarta, Indonesia)

Job Description Summary

Job Description

About The Role

We are looking for an enthusiastic intern to support our Strategic Consulting team. You will assist analysts in preparing market research publications and support consultancy projects for clients.

Key Responsibilities


Assist in collecting and analyzing real estate market data
Support the preparation of the Quarterly Marketbeat Research Report
Help prepare client consultancy reports, including location, economic & demography analysis and property market data collection
Conduct desktop research and benchmarking exercises
Work collaboratively with the project team to ensure timely delivery of insights


About You


Currently pursuing a degree in Real Estate, Urban Planning, Business, Economics, or a related field
Strong analytical and research skills
Proficient in Microsoft Excel and PowerPoint
Detail-oriented, with good communication skills


Why join Cushman & Wakefield? 

As one of the leading global real estate services firms transforming the way people work, shop and live working at Cushman & Wakefield means you will benefit from;


Being part of a growing global company;
Career development and a promote from within culture;
An organisation committed to Diversity and Inclusion


We're committed to providing work-life balance for our people in an inclusive, rewarding environment.

We achieve this by providing a flexible and agile work environment by focusing on technology and autonomy to help our people achieve their career ambitions. We focus on career progression and foster a promotion from within culture, leveraging global opportunities to ensure we retain our top talent. We encourage continuous learning and development opportunities to develop personal, professional and technical capabilities, and we reward with a comprehensive employee benefits program.

We have a vision of the future, where people simply belong.

That's why we support and celebrate inclusive causes, not just on days of recognition throughout the year, but every day. We embrace diversity across race, colour, religion, sex, national origin, sexual orientation, gender identity or persons with disabilities or protected veteran status. 

We ensure DEI is part of our DNA as a global community - it means we go way beyond than just talking about it - we live it. If you want to live it too, join us.

INCO: “Cushman & Wakefield”",https://www.linkedin.com/jobs/view/4420407788/?eBP=CwEAAAGeeQM3XAikvEsGYSlB2-MiaK-XTz3xH0TzPO7qjioA18wUT9e9joJUae61R36sD2aYnHb3gMMQepkqOHk5zoEM872BTAOva2wEVkXnw13dF1CFITkJRfWaH_xBm29j4Bl5896xnBmObjnT3SzzGvq2Z9mBzu9jIrEqlBAIoVz_ZEEUDbgyD9dmpkzdGyw_GCo9jXS86ZTXScKzzlkTShKydkxTpz8MvaWBEB53638uF3cpbMi3jKvC777Eb136D3Xw5W0V-JwW3fZOM7Kux3qwn2tJHTQ4hXbHEXUe1Dv_YtHYDLys5YlIgPmKeyuDhOm8M_JqODHtLrfc04MFoNhffLosltUq--pyHLzAkXI6Y8jC2r_kgkRUOESa0jiC058XPvzX_eAEDDjH3j4b1pD46_nfjMvi32_MRytV0ZMwdK7_eU1Os0UIqABXTTU18rcv3sBFaRZS7XWz_PqvN62-X80JrwvvGwZtO9tCR9fSUz7e&refId=2un2uXLQmWg1PrQY4NV1GA%3D%3D&trackingId=1WFB27ENd4TutewquCeBGQ%3D%3D&trk=flagship3_search_srp_jobs,Data Scientist,Indonesia,['agile'],1,2026-05-30T20:13:58.915207
4408997517,Supply Chain Finance - Intern,PZ Cussons,"Tangerang, Banten, Indonesia (Hybrid)",,"About the job

We are PZ Cussons. Our purpose is For everyone, for life, for good.




Sustainability and the wellbeing of people, families and communities everywhere are at the heart of everything that we do.




Since our founding in 1884, we have been creating products to delight, care for and nourish consumers. Across our core categories of Hygiene, Baby and Beauty, our trusted and well-loved brands include Carex, Cussons Baby, Sanctuary Spa and St. Tropez.




Key Responsibilities

Support monthly reporting, including data collection and validation for forecasts, projects, and budget.
Prepare & maintain financial trackers & dashboards
Support inventory and overhead analysis as part of Supply Chain performance reporting
Assist in documentation and internal control (ICFR) support, including reconciliations and audit evidence
Work closely with Supply Chain Finance team members to ensure timely and accurate financial outputs




Qualifications

Final year undergraduate student or fresh graduate (maximum 1 year after graduation) with a background in accounting.
Demonstrates foundational knowledge of financial analysis, budgeting, forecasting, and cost management.
Comfortable working with numbers and financial data; able to organize data, maintain trackers, and support performance reporting activities.
Proficient in Microsoft Excel (e.g., formulas, pivot tables, basic dashboards); familiarity with reporting or planning tools is a plus.
Detail oriented with the ability to support reconciliations, documentation, and internal control (ICFR) processes.
Good analytical and problem solving skills with a willingness to learn.
Able to manage multiple tasks and meet deadlines in a fast-paced environment.
Able to work independently as well as collaboratively within cross-functional teams.
Exhibits good communication skills, a proactive attitude, and responsible.




PZ Cussons is big enough to make your mark, small enough to make it yours. Apply to join us!",https://www.linkedin.com/jobs/view/4408997517/?eBP=CwEAAAGeeQM3XPQ9se0v_bzjJbk1dK772eZKdlRlt5oh3-Y7LulREjlsP-st2Xnn9CzQQz3hFIt1O7_kxmKMCdX6w7-K3tvAGhvmeFcCgWcwGbfuYCaGayPuyRsNIEGpL9jYz6ZDUC4zr0Ws-2adIkzr1TXqmCyJ-Mxt2PVVmgIAJLC9u2tBwgALKzzE8yx2Brw58lPNyhJwscITBujaV6sI8zhxr5TiYqhoznNzNVH2bPvgxrxA0DFCmMbc-SiQe2_Fx4KEdOq43OCXmS_3y7JJBtFfLXbAHHmAoaR65oCUNGB0tVxi2joidNSazsJujEhg68HVoDO2k4oa4V78v9YtpDeU2WIyfxL7WSUi13aHmBXZRiHe82qCXfWL_s8sP1-V86rFnAsg3LoNFPPvnawB7PWIrflTfwhcRzCMUviF1-bpSDBtLBZzGWpse0yKGbKH_SKqFWrf58m2o2kldGMp3Iyj-AYuXbNMJDBomDxJn-diuH22G285-pIaVenckKdiEVnMQgo&refId=2un2uXLQmWg1PrQY4NV1GA%3D%3D&trackingId=yQDH0bTzwCb9oI0Ea7gOUQ%3D%3D&trk=flagship3_search_srp_jobs,Data Scientist,Indonesia,['rust'],1,2026-05-30T20:14:03.974889
4418569338,Hangry Acceleration Program,Hangry,"Jakarta, Indonesia (Hybrid)",,"About the job

Program Description

The Hangry Acceleration Program (HAP) is a fast-track development program designed to groom high-potential early-career talents into future leaders at Hangry. Participants will gain hands-on exposure across functions, solve real business challenges, and work closely with cross-functional teams in a high-growth environment.




What We’re Looking For

Early-career talent aged up to 25
Bachelor’s degree (S1) with a minimum GPA of 3.00, preferably from Engineering, Quantitative fields, Economics, or Business
Have completed at least 1 (one) internship program
High-potential individuals who are proactive, adaptable, and fast learners, with strong analytical thinking and a growth mindset




What You Will Do

Participate in structured rotations and/or project-based assignments across key business functions
Work on high-impact projects that directly contribute to Hangry’s growth and operations
Analyze business problems, identify insights, and propose actionable solutions
Collaborate with cross-functional teams
Demonstrate ownership and drive in delivering measurable results
Continuously learn and adapt in a fast-paced, performance-driven environment




What You Will Gain

Accelerated career development opportunities
Exposure to strategic projects and cross-functional collaboration
Ownership of impactful projects that drive real business results
Mentorship from experienced leaders
Broader understanding of Hangry’s business operations
Competitive compensation and benefits
Opportunity for post-program placement based on performance",https://www.linkedin.com/jobs/view/4418569338/?eBP=CwEAAAGeeQM3XGRPyBRfgEPNuUZI8lDuYHAs70MagR2JHJuLBthIVUg3efEeTxHH0AMwYM1ZOA3LYvtjFBL1PfXwDZjeELjdhMy-x5seI3NdnQeUcx8CRgy4GdPlvFGub85-ClSs3QI5N6H1kTYatbluu0X_E9ick-a2n5ITOjzv50T1qBNJpZUrC8cE0mQtbp8QkbRFwjmsAY1Sv3onNhuU_Rq9PSOvKYvt24tH-Wrfo0X0Fl5HVTE3HkQ6LXf2aj_wZnnYKOkfrxK_p4xU9p3NdNP6-XCGGaLfrWCJZu0Zs8GpthLngnYYz1Ai4jFqpInZWLtNEyrMAd1xjIdmaDWp4XS7DDv6lCk6b7fEPOMkqb-pSO_mP7J3vmEn9cNcOPhj3BBKi4_ZYAz60c4mcpeh3DdJJCMDkE4YY2QUtZ3kjblWSJ85hIuTF_-1wRDA2CgOkg4mZrBjFVAbhzRV04GBSBw4uOy6otUUXA&refId=2un2uXLQmWg1PrQY4NV1GA%3D%3D&trackingId=S8inwaT%2B7glnxCbjh4u9TQ%3D%3D&trk=flagship3_search_srp_jobs,Data Scientist,Indonesia,[],0,2026-05-30T20:14:08.980290
4363174171,Actuarial Intern,Milliman,"Jakarta, Jakarta, Indonesia (Hybrid)",,"About the job

Milliman is seeking candidates to join our life insurance team in Indonesia.

Milliman is looking for talented and enthusiastic fresh graduates or candidates with less than a year experience in the industry to join our rapidly expanding life insurance team in Indonesia as an Actuarial Associate.

As a core individual within the team, you will support the development and successful delivery on a diverse range of projects across the South East Asian markets. This is likely to include work in mergers and acquisitions, modelling, pricing of new products, and valuation of life insurance companies, amongst others.

A strong focus will be placed on your ongoing professional development within an exciting and stimulating working environment.

Candidates Should Have The Following Skills And Attributes


Graduate of a program in Actuarial Science, Mathematics, or other numerate degree subject with strong academic record. Good progress on actuarial exams would be a plus.
Ability to analyse and apply creative problem-solving skills both independently and within a team.
Self-motivated individual with a sense of intellectual curiosity, willingness, and ability to learn new things.
Excellent communication in both English and Bahasa Indonesia as well as time management skills.
Proficiency in Excel and VBA and experience with actuarial software would be an extra value.


Only shortlisted candidates will be invited to the interview process.

About Milliman

Milliman is among the world’s largest independent actuarial and consulting firms. We provide support to our clients in the following primary practice areas:


Life and financial consulting services
Employee benefits, investment, and compensation consulting services
Property and casualty consulting services
Health consulting services


Milliman was founded in 1947 and today has offices in principal cities worldwide, covering markets in North America, Latin America, Europe, Asia and the Pacific, and the Middle East. With more than 400 employees, our Asian presence is palpable with 13 offices located in Singapore, Kuala Lumpur, Jakarta, Hong Kong, Beijing, Shanghai, Taipei, Delhi, Mumbai, Colombo, Seoul, Tokyo and Sydney in life and financial, healthcare, property and casualty, employee benefits consulting practices. For further information, visit milliman.com

Why Join us?


Competitive salary and benefits package
Professional development opportunities and support for further education
Collaborative and inclusive work environment, enabling a hybrid workplace
Opportunities for career growth and advancement


If you are a passionate and driven individual looking to kick-start your career in the field of actuarial consulting, we would love to hear from you!",https://www.linkedin.com/jobs/view/4363174171/?eBP=CwEAAAGeeQM3XLucSFq5Ig3bvYCby9P6a8-nKyp98yjpAxhHNYYMyEr_djXOb6EETFgOlfjc1kstHy-houbYKo4PW-vUzTyGmekH8DRThSK5lze4owsrDHWR_T_xA7V9vO2Ez2iDGlHsqumED2KlGH-KlfpXGEsyXBiPHVfkixNwolB1APYQw5mHyYLT4PnSq9VFkr-gml4U0rMCPALN2Y-jV98___VhkyQFLURmFkVDGS8U1sB3I99KeEKGuCZUDNYmW9UCntXOKGXbUq4nRVN2DHVgEiKFU4j5CB08_ZOwVN8FDig66JZssl05loBB31v64hrTwTm5OdA8rh5GYdUm_5u8Yc0lU5jsuHvLxgwuW12QmXS9jMKweGCzKINhXh5W098dEFRYsqFOUvDn3CMXgpzOuygKjEckBdE6EjqNBc1hpTW3acty4OnVSXUDMld-DDrjHBOL-hJ3x3IlKSvlCw67_vD0zrxb-U6MiNXV&refId=2un2uXLQmWg1PrQY4NV1GA%3D%3D&trackingId=0yrpAN9vnTvkeOtmTVFeTA%3D%3D&trk=flagship3_search_srp_jobs,Data Scientist,Indonesia,['ios'],1,2026-05-30T20:14:14.089017
4419172304,"Intern [GIP] - System, Project & Process Improvement",Grab,Jakarta Metropolitan Area (On-site),,"About the job

Company Description

About Grab and Our Workplace

Grab is Southeast Asia's leading superapp. From getting your favourite meals delivered to helping you manage your finances and getting around town hassle-free, we've got your back with everything. In Grab, purpose gives us joy and habits to build excellence, while harnessing the power of Technology and AI to deliver the mission of driving Southeast Asia forward by economically empowering everyone, with heart, hunger, honour, and humility.

Job Description

Grab Internship Overview & Role

Be a part of an exciting internship that last 4.5 months from July 2026 - December 2026.

Work placement may be vary across Indonesia, ie, Jakarta, Medan, Palembang, Surabaya, Bali, Semarang, Yogyakarta, or where Grab operates.


You will be based onsite. You will be reporting to the Team Manager.
You will have to collect feedback, analyze, and provide recommendations toward current regulations and processes. The output expectation is to improve the process or working system effectiveness.


Qualifications

What Essential Skills You Will Need


Minimum GPA of 3.25 from reputable universities
College students or fresh graduates with a background in Operational Management, Engineering, Computer Science, or other similar majors.
Create insights from data and feedback and propose improvements
Experience operating Microsoft Excel, Google Spreadsheets, or other data visualization and analysis tools would be a high plus.
Proficiency in English Communication both verbal and written.


Additional Information

Life at Grab

We care about your well-being at Grab, here are some of the global benefits we offer our Interns:


Comprehensive training and personal development programs: You will develop your soft skills and hard skills curated for you
Mentoring by the Grab Leaders: You will be accompanied by a team of experienced leaders during the internship program
Government Medical benefit: We have you covered with 3 BPJAMSOSTEK programs
Engagement and networking activities: You will participate in fun & interactive engagements that not only entertain but also provide valuable networking opportunities
Balancing personal commitments and life's demands are made easier with our Flex Work arrangements such as differentiated hours


What We Stand For At Grab

We are committed to building an inclusive and equitable workplace that provides equal opportunity for Grabbers to grow and perform at their best. We consider all candidates fairly and equally regardless of nationality, ethnicity, race, religion, age, gender, family commitments, physical and mental impairments or disabilities, and other attributes that make them unique.",https://www.linkedin.com/jobs/view/4419172304/?eBP=NOT_ELIGIBLE_FOR_CHARGING&refId=ELx9o%2FYWqyhhOVShmK6ihg%3D%3D&trackingId=s%2Fi54ZEygc0LMBCJbddxBQ%3D%3D&trk=flagship3_search_srp_jobs,Data Scientist,Indonesia,[],0,2026-05-30T20:14:32.172853
3740022960,Labs Bootcamp Program,Sea,"Jakarta, Indonesia (On-site)",,"About the job

About the Team:

Sea Labs Indonesia is the tech force behind Sea Group. We are here to make a real impact for millions of users in Indonesia through the transformative power of technology. We solve real-life problems to create a good user experience through various business operations, mainly Shopee and Monee.

Job Description:

In Sea Labs Indonesia we aim to develop Digital Talents in and for Indonesia. As part of our commitment, we are opening a Labs Bootcamp program for young talents with a passion for software engineering. Through this bootcamp, individuals will get exposure on working in a global organisation, as well as obtain knowledge and training to flourish the role in one of tracks as Software Engineer.

The Labs Bootcamp is a twenty-week program that covers software engineering, quality assurance, and site reliability engineer fundamentals, best coding practices on common tech stacks and tools used in the enterprise development center, and near-the-job training through simulated projects by the end of the program.

Only candidates who pass the technical test and interview will be enrolled in the program.

Exceptional performance during the program will have the opportunity to enroll in the selection process to become a permanent employee and build a career in Sea Labs Indonesia.

Batch 9

Starting Date: 13 July 2026

Requirements:


Final year student or Bachelor’s Degree from any majors
Passionate and interested in pursuing a career in software development and programming
Have a good logical thinking and reasoning ability
Willing to be located in Jakarta and participate in the Bootcamp Program offline (Monday to Friday)



Note: This program is free of charge and each participant will get a monthly allowance throughout the training period. A full commitment in attending the full-day class is mandatory.",https://www.linkedin.com/jobs/view/3740022960/?eBP=CwEAAAGeeQM-J_SPF8UqOkD8jZkiVEe4sDprpk1GRXS1JDAhW-Sy2MxgV08RKC34B2GSxEKuwPhQCr1L6a0Vz0ijEdqerJlyr2_NbvMHDFC2zGTWY7JcNBF-2sVebETs1MkNjyVzOXhX3CsjnPl9ZPWDsvwV3RSzVY9JgqniPbRQVvZqBixuCCeqfv1sZNnKSdxQqan7jw2K4ir1D0ZQ4B88L4w65pMOfZFJSo4zR8rqBhKm-HuyxxiWW2WdOaZgVYHsFwJDgGLRwVagbStIDhc-_qBFP5-1fYNRoKwgHav4CDTVIVL3UeJ7koxHlAinCPDCey3LLCJknmjd7qOG6O7-sJXOK0xl6QEfSx0pmEemq7aTOexLyDRV-CmOY7G4GdYToYJcNAtqnaFo1uvpzNjWwx2Yv4qxi6-onMLcnEbUtEwWra1eIw5bClQZ2ujwd3E6N7vQQ62ZBFTIcCzn8sBkFrBD2ZD9NwBUiNydZLmb70qeD27WD1UEW6IVAefySZrJ4AA2MLY&refId=ELx9o%2FYWqyhhOVShmK6ihg%3D%3D&trackingId=EV6FKgDdG0cnh4jaYHjM4A%3D%3D&trk=flagship3_search_srp_jobs,Data Scientist,Indonesia,['git'],1,2026-05-30T20:14:37.169464
4421788522,Performance Management Support - KFHO,"PT. KIMIA FARMA, TBK","Gambir, Jakarta, Indonesia (On-site)",,"About the job

Pendidikan

Jenjang pendidikan: S1.

Jurusan: Psikologi, Manajemen Sdm, Data Science, Sistem Informasi, Teknik Industri.

IPK minimal: 3.1.

Persyaratan Dokumen


 CV
 KTP
 KTM


Tanggal penting

Durasi : 6 bulan

Penutupan lamaran : 5 Juni 2026

Pengumuman lolos seleksi : 14 Juni 2026

Rincian Lowongan

Kualifikasi


Mahasiwa/i jurusan Psikologi, Manajemen SDM, Data Science, Sistem Informasi atau Teknik Industri
Memiliki ketertarikan dalam bidang Performance Management & HR Analytics
Memiliki ketertarikan dalam mengolah dan menganalisis data dasar (Excell & Google Sheet)
Memiliki keinginan mendalami konsep dasar KPI, penilaian kinerja atau pengukuran performa
Mampu bekerja dengan data, teliti dan sistematis
Bersedia magang selama 6 bulan",https://www.linkedin.com/jobs/view/4421788522/?eBP=NOT_ELIGIBLE_FOR_CHARGING&refId=ELx9o%2FYWqyhhOVShmK6ihg%3D%3D&trackingId=dwbhRKCdlAtUp6Yar0L7Mg%3D%3D&trk=flagship3_search_srp_jobs,Data Scientist,Indonesia,[],0,2026-05-30T20:14:42.141285
4417635868,P&G Indonesia Management Internship - IT,Procter & Gamble,"Tanah Abang, Jakarta, Indonesia (On-site)",,"About the job

Job Location

JAKARTA GENERAL OFFICE

Job Description

Job Description

How would you like to apply your education in exciting and meaningful ways from day one? Are you passionate about crunching the numbers to drive strategy in a substantial way? If so, we have the perfect chance for you. Internship in P&G finance function is a unique opportunity to obtain insights into the world of finance through a fast-moving consumer goods company and benefit from business topics at the heart of today’s news – Evolving, competition, and customers’ reality makes working in a consumer good’s business dynamic every single day!

What we offer you:


You will have business responsibilities from Day 1 – You will work on at least one or two big projects.
You will receive continuous coaching & mentorship– We are passionate about our work. We will make sure you receive both formal training and as regular mentorship from your manager and others.
You will join our dynamic and respectful team and work closely with colleagues from other functions – We live our Purpose, Values, and Principles daily. We value every individual and encourage initiatives promoting agility and work/life balance.
You will work in flexible work arrangements.


Internship Information


Our interns are considered the best pipeline of talent for our permanent positions. Based on your performance, you may get full time job offer from P&G


Qualifications

Job Qualifications


Open to all fields of study, but majors/having experience with finance/business/related field are preferred.
You are 3rd year or last year student
You are still university students (haven't graduated yet) as of 20 July 2026
Committed to do a full-time internship for 3-month/12-week (20 July - 30 October 2026).
Have base analytical thinking for insights-based decision making.
Born leaders and are passionate to make things happen.
Have an external focus and a real passion for finance.
Like to bring creativity & innovation to their work.
Have strong analytical thinking and skills.
Collaborate well with diverse groups of people.
Willing to relocate


About Us

We produce globally recognized brands and we grow the best business leaders in the industry. With a portfolio of trusted brands as diverse as ours, it is paramount our leaders are able to lead with courage the vast array of brands, categories and functions. We serve consumers around the world with one of the strongest portfolios of trusted, quality, leadership brands, including Always®, Ariel®, Gillette®, Head & Shoulders®, Herbal Essences®, Oral-B®, Pampers®, Pantene®, Tampax® and more. Our community includes operations in approximately 70 countries worldwide.

Visit http://www.pg.com to know more.

Our consumers are diverse and our talents - internally - mirror this diversity to best serve it. That is why we’re committed to building a winning culture based on Inclusion and our ideal candidate is passionate about the same principle: you will join our daily effort of being “in touch” so we craft brands and products to improve the lives of the world’s consumers now and in the future. We want you to inspire us with your unrivaled ideas.

We are committed to providing equal opportunities in employment. We do not discriminate against individuals on the basis of race, color, gender, age, national origin, religion, sexual orientation, gender identity or expression, marital status, citizenship, disability, veteran status, HIV/AIDS status, or any other legally protected factor.

P&G is improving everyday life as a Force for Growth and a Force for Good — for you, for the world, and for generations to come.

Job Schedule

Full time

Job Number

R000152219

Job Segmentation

Internships",https://www.linkedin.com/jobs/view/4417635868/?eBP=CwEAAAGeeQM-JzR3yBFHkD3mlNaADkyXRm8k8ZyAL8C0AGbAhmNexy8hSNcTci6NHeGhpQBMy1mp7zeMuJ964iZaqBKqtUacSPMfZAoEDZ0xnP--OBAdDS9ALwi81rhgC1kuwp-0tHKYefsN5t_7hJPmlIw2Ppci7bfLqUeAr82pi41gjyfgG-PSIhyAMozZc5yytjGaW6EomDSj4emIH6cfLyt960iMPKnmtrl6W-QCjkD0aJKEl7ekNslXOFLzbgNuwvrUvplnK_jMId0AF1lA-SsOrKat72KoIOK71OJ6o8yzB-NBAm7rcGGxjqKitZi5AQr9KMp-dnEyTnKLLWgIoE2w5EyQLwRfg5dNmo-_jI7H4kZ_YUSQRQhzAGPNPmRRHL0ng02TlEJFz4QSENAZRUpiBkb6WRZa1N-9rs6RhkosH-0axoJAv_E5v12crZzqu2P0viaxGsA5mS95tyVw0LY8X4980l6ietazFDl4KE4IxISt-9yrug&refId=ELx9o%2FYWqyhhOVShmK6ihg%3D%3D&trackingId=y4roTMI6eny7bLkKDhG0lg%3D%3D&trk=flagship3_search_srp_jobs,Data Scientist,Indonesia,"['rust', 'ios', 'express']",3,2026-05-30T20:14:47.127224
4417835826,Marketing Research Analyst | $50/hr Remote,Crossing Hurdles,APJ (Remote),,"About the job

Position: Market Research Analysts and Marketing Specialists

Type: Contract

Compensation: $25 - $50/hour

Location: Remote

Commitment: 10-40 hrs/week




Role Responsibilities

Research and analyze market conditions to identify trends and opportunities across local, regional, national, and online markets.
Gather and synthesize data on competitors, pricing, sales, and distribution channels to inform strategic decisions.
Develop actionable insights and recommendations to guide marketing and advertising campaigns effectively.
Employ search marketing tactics and leverage data to optimize market visibility and enhance brand reach.
Analyze web metrics and reporting to improve search engine rankings and increase audience engagement.
Collaborate cross-functionally to support AI training objectives and provide expert feedback on marketing data.




Requirements

Have a minimum of of experience in market research, marketing analysis, or a related field.
Possess exceptional written and verbal communication skills, with a proven ability to present complex findings effectively.
Have advanced expertise in analyzing market trends, competitor data, and web metrics.
Demonstrate the ability to develop and execute effective marketing campaigns.
Be proficient with a variety of digital marketing and analytics tools.




Application Process

Easy Apply on LinkedIn
Check email for next steps
Participate in resume evaluation & interview stage



Desired Skills and Experience

Data Analysis, DIGITAL MARKETING, Market Research",https://www.linkedin.com/jobs/view/4417835826/?eBP=NOT_ELIGIBLE_FOR_CHARGING&refId=ELx9o%2FYWqyhhOVShmK6ihg%3D%3D&trackingId=oxIcwyaoSdaKx%2BFMXEK7kQ%3D%3D&trk=flagship3_search_srp_jobs,Data Scientist,Indonesia,['git'],1,2026-05-30T20:14:52.202714
4408632970,Product Management Intern (S&R&A&C) - Sea Labs,Shopee,"Jakarta, Indonesia (On-site)",,"About the job

About The Team

Sea Labs is at the core of the Sea platform development, supporting diverse business lines from e-commerce, supply chain, games, payment, and finance, among many others. The strong growth and unique positioning of Sea's e-commerce business, Shopee, spurred the launch of Sea Labs Indonesia. Since its inception, passionate engineers have charted the course to drive the best experience for our users in Indonesia, many of which solutions are even adapted to other regional markets.

Sea's hyper-growing business scale has transformed most ""innocent"" problems into huge technical challenges, and there is no better place to experience world-class projects first-hand if you love technologies as much as we do. Together with our passionate and driven teams, you'll get to develop your skills, build on industry knowledge, and collaborate with global teams in a dynamic space. Browse our Sea Labs Indonesia team openings to see how you can make an impact with us.

At Shopee Search & Recommendation, we connect users to what they may want at scale. As a pillar of e-commerce discovery experience, every day, our products enable tens of millions of users to discover relevant and interesting things among hundreds of millions of products and contents available on Shopee. We’re a passionate, young, and diverse team, committed to creating a convenient, delightful, and intelligent discovery experience for our users. You will be working closely with the business and product team to make significant impacts on Shopee's search & recommendation engine through both technical and operational processes.

Job Description


Collaborate with a cross-functional team of business leads, product managers, engineers, and operation teams to identify problems, opportunities, and solutions.
Ensure the operational aspects of the feature development with the local team to support the timeliness of the deliverables of the features.
Ensure smooth communication for new feature development & localization to local teams, includinging conducting A/B testing and troubleshooting.
Drive the enhancement of the overall feature performance and user experience to achieve higher impact with developers and product managers.
Manage bugs and errors reported by customers, including prioritizing, investigating, coordinating resolution, and effectively communicating with relevant teams.
Maintain an exhaustive and up-to-date record of reported issues, their status, resolution progress, and post-resolution analysis.
Perform a thorough root cause analysis of errors and problems to identify underlying issues and help prevent future occurrences.


Requirements


Final Year Student or Recent Graduate with Information System, Computer Science, Business, or equivalent relevant experience.
Strong communication skills and well-versed in English (spoken and written) to facilitate cross-border collaborations and communications.
Strong interests in AI and chatbot.
Solid analytical, critical thinking, and problem-solving skills. Proficiency in SQL for data analysis and reporting is a plus.
Excellent stakeholder management skills, with the ability to collaborate effectively with teams from diverse markets and backgrounds.
Strong execution skills, attention to detail, ability to innovate and optimise business processes.",https://www.linkedin.com/jobs/view/4408632970/?eBP=CwEAAAGeeQM-J8TyzSWi3aFAStGqx1DfIBW0hZkOFSDdSuyVA7uLKsxpqJPHlkXCvCg5izCQBsBJTCWKRvEpcF4_FNs5AZsMoyjBqZIEOpuJEKV-kDe8TeHGkWUGDyFvasUKNQeC2Z7-BRQUP3onphbR63sljG7kf_VaHtqRvGb3oDywk17fmYUm4r5MX_Hx9NMJpxIrEQnTXA3-lmD0YcFgc7y-MSSNeASQ-_8Wf7hYYkdSHhy_RssRvyfTLs8vT-PX4JiixfX3fb4HkQHzw7jNgAt_oNZWd-WhhDuADjk7eRUQlIKn6eJZKniOpyRU3omIbMmFIrGobXxIcaAhtoAiTRJkhNwJa9DgqFx-CSe9YqoXOVeV5WtdT3DF938Pt5SKpXNBw8FDZwZpvbC51Z2CPaakKk0DYYIVmB2CFGjjD3sefzmiKL59FSrEkpJZjGzM8NuFRzwZi-gGmp603CgrJArji8SzbhiCWx9-QZ6Lf8x5fw&refId=ELx9o%2FYWqyhhOVShmK6ihg%3D%3D&trackingId=n2r5X2Km26NbjLiuDqXHTA%3D%3D&trk=flagship3_search_srp_jobs,Data Scientist,Indonesia,['sql'],1,2026-05-30T20:14:57.200608
4406926827,"Associate, User Incentive Operation (Free Shipping Max)",Lazada,"Jakarta, Indonesia (On-site)",,"About the job

Key Responsibilities:

Campaign Configuration & Maintenance: Manage the daily setup and maintenance of FSM (Free Shipping Module) marketing campaigns, including configuring coupon rules, adjusting thresholds, and allocating budgets to ensure timely and error-free launch.
Dynamic Rule Optimization:Execute dynamic rule adjustments within the system based on business objectives (e.g., GMV, Unit Economics/UE), such as setting differentiated free shipping thresholds for specific countries or product categories.
Product Collaboration & Testing: Collaborate with Product and R&D teams to test new features (e.g., dynamic logistics routing, merchant self-service tools), ensuring they meet business expectations and are launched smoothly.
Data Monitoring & Issue Resolution: Establish and maintain daily data dashboards to monitor key metrics—including subsidy burn rate, redemption rate, ROI, and UE performance—across various countries and categories, with the capability to rapidly identify and diagnose issues.
Data Analysis & Reporting: Utilize SQL to extract foundational data and generate daily/weekly reports, providing accurate data support for senior leadership decision-making.
Logistics Coordination: Liaise with the Logistics team to synchronize changes in shipping lane costs and adjust front-end subsidy strategies accordingly.




Job Requirements:

Educational Background:

Bachelor's degree or above preferred. Majors in Statistics, Mathematics, Computer Science, E-commerce, or related fields are highly desirable.




Data Processing Skills:

Advanced Excel Proficiency: Mastery of Pivot Tables, VLOOKUP, IF functions, and other essential formulas is mandatory.
SQL Querying: Foundational SQL skills required; must be able to independently write queries using SELECT, JOIN, GROUP BY, etc., for data extraction.
BI Tools: Prior experience with Business Intelligence tools (e.g., Tableau, PowerBI, Looker) is a plus.




Language Proficiency:

Fluent in English (listening, speaking, reading, and writing);
Must be capable of reading English product documentation, drafting -professional emails, and thriving in a cross-border communication environment.




Personal Attributes:

Strong Sense of Responsibility: Accountable for data accuracy and outcomes. Capable of maintaining composure under high pressure during major sales promotions to ensure zero-error delivery.
Logical & Closed-Loop Thinking: Proactive problem-solver who takes ownership. Able to execute a full closed-loop process: ""Identify Issue -> Analyze Root Cause -> Propose Solution -> Validate Results.""
Business Acumen: Basic understanding of e-commerce promotional mechanics (e.g., discounts, free shipping thresholds, coupons) with the ability to quickly grasp complex business logic.
Communication & Collaboration: Outgoing personality with active listening skills. Able to communicate effectively with colleagues across diverse functions including Product/R&D, Logistics, and Finance.




Preferred Qualifications (Bonus Points):

Hands-on experience with backend operations of e-commerce platforms such as Shopee, Lazada, or TikTok Shop.
Hybrid background in ""Operations + Data,"" or prior internship experience in operations roles at top-tier internet companies.",https://www.linkedin.com/jobs/view/4406926827/?eBP=CwEAAAGeeQM-J2uCJE3d_HnwwAwkM_6fabhBg7ZUOpqpNKx4U6cNApIgdgcLopBmhTtdmXO4pM3IHHHY7OApdFTk6SslMwz0weOxnHE8UmTtilYMU80EB_eEa0Sbq9JB5EErKGHQAAM--Hubke9x_nF6mvGX48YyCCyyKf62034yvtQrxnR1smBPvF33YUzADG6Yf7k6nvQzUbuXn9WqO0TqJ29wt4selVW-jccyBxFeET-p6Bj_vaknmNsFXwIqBT7KI8jtnh_e2cxFzBhAoV07Fy85YV5GmQK2NRpjPqInK99XPgdBnAR1pkNQ_1Flp1ab37TX9c6GsjoiWa8qtYzGeou6CDszJem8IVQ6G4lI59_kyv7gm8SOEwRyC-VsgLCILWMb9-xBEyKkbVxN9WMQvYGCmxfgxvNUBmN55Avp0BOecVBgicpR-HzZsRSjYZuXy9-mj4uE8g-76MUmytPjEACPsnXwQ1mnvmmz43ULcWUPeewoFJY&refId=ELx9o%2FYWqyhhOVShmK6ihg%3D%3D&trackingId=dUspCMNLm9GtDB5QUkHHJQ%3D%3D&trk=flagship3_search_srp_jobs,Data Scientist,Indonesia,"['tableau', 'sql']",2,2026-05-30T20:15:02.178389
4422038668,Connectivity Intern,Anteraja,"Jakarta, Jakarta, Indonesia (Hybrid)",,"About the job
This job is sourced from a job board. Learn More

Responsibilities


 Mengolah data reporting untuk review performance dan outstanding parcel dengan Partner 3PL
 Berkoordinasi dengan Tim Opeasional untuk mengatasi kendala dan improvement proses
 Berkoordinasi dan review performance dengan Partner 3PL(eksternal)
 Support improvement proses dengan Partner 3PL


Requirements


 Minimal S1
 Mampu mengoperasikan Ms. Excel (Formula, Lookup, Pivot, Chart)
 Memiliki kemampuan pengolahan data dan ketelitian yang baik
 Memilki kemampuan problem solving dan komunikasi yang baik",https://www.linkedin.com/jobs/view/4422038668/?eBP=NOT_ELIGIBLE_FOR_CHARGING&refId=ELx9o%2FYWqyhhOVShmK6ihg%3D%3D&trackingId=2PrT94vW3IlcYQSzgQqfXg%3D%3D&trk=flagship3_search_srp_jobs,Data Scientist,Indonesia,[],0,2026-05-30T20:15:07.137452
4419000252,Clinical Research Associate 1/2,IQVIA,"Jakarta, Jakarta, Indonesia (Hybrid)",,"About the job

Job Overview

Perform monitoring and site management work to ensure that sites are conducting the study(ies) and reporting study data as required by the study protocol, applicable regulations and guidelines, and sponsor requirements.

Essential Functions


Perform site monitoring visits (selection, initiation, monitoring and close-out visits) in accordance with contracted scope of work and regulatory requirements, i.e., Good Clinical Practice (GCP) and International Conference on Harmonization (ICH) guidelines
Work with sites to adapt, drive, and track subject recruitment plan in line with project needs to enhance predictability.
Administer protocol and related study training to assigned sites and establish regular lines of communication with sites to manage ongoing project expectations and issues.
Evaluate the quality and integrity of study site practices related to the proper conduct of the protocol and adherence to applicable regulations. Escalate quality issues as appropriate.
Manage the progress of assigned studies by tracking regulatory submissions and approvals, recruitment and enrollment, case report form (CRF) completion and submission, and data query generation and resolution. May support start-up phase.
Ensure copies/originals (as required) site documents are available for filing in the Trial Master File (TMF) and verify that the Investigator's Site File (ISF) is maintained in accordance with GCP and local regulatory requirements.
Create and maintain appropriate documentation regarding site management, monitoring visit findings and action plans by submitting regular visit reports, generating follow-up letters and other required study documentation.
Collaborate and liaise with study team members for project execution support as appropriate.
If applicable, may be accountable for supporting development of project subject recruitment plan on a per site basis.
If applicable, may be accountable for site financial management according to executed clinical trial agreement and retrieve invoices according to local requirement.


Qualifications


Bachelor's Degree in scientific discipline or health care preferred.
Requires at least 1 year of on-site monitoring experience.
Equivalent combination of education, training and experience may be accepted in lieu of degree. Req
Good knowledge of, and skill in applying, applicable clinical research regulatory requirements (i.e., Good Clinical Practice (GCP) and International Conference on Harmonization (ICH) guidelines).
Good therapeutic and protocol knowledge as provided in company training.
Computer skills including proficiency in use of Microsoft Word, Excel and PowerPoint and use of a laptop computer and iPhone and iPad (where applicable).
Written and verbal communication skills including good command of English language.
Organizational and problem-solving skills.
Effective time and financial management skills.
Ability to establish and maintain effective working relationships with coworkers, managers, and clients.


IQVIA is a leading global provider of clinical research services, commercial insights and healthcare intelligence to the life sciences and healthcare industries. We create intelligent connections to accelerate the development and commercialization of innovative medical treatments to help improve patient outcomes and population health worldwide. Learn more at https://jobs.iqvia.com

IQVIA is committed to integrity in our hiring process and maintains a zero tolerance policy for candidate fraud. All information and credentials submitted in your application must be truthful and complete. Any false statements, misrepresentations, or material omissions during the recruitment process will result in immediate disqualification of your application, or termination of employment if discovered later, in accordance with applicable law. We appreciate your honesty and professionalism.",https://www.linkedin.com/jobs/view/4419000252/?eBP=CwEAAAGeeQM-J0YeGTiSs7fL3Pd8-1GsSY77pyAK3THAx0KKZM6bOwwtpl8TSUq3g3xrN6THi_lsM5INQYA58OohgRQORmYfJCwn_X3IAZqJ7Cepa75PfHY2YXyomPgrHYD3UPQIt31IHncLecy-ibf7mcZaX7usZIPBLRzAzy1ySSKjprsHKFTyK_n5EDvwdGCQnTKbjZDh0hPWrJItohk-RASz4m1NqxC4nd-X0weG1Ug_Bdsc91EtLEVTW1jgQ4gPwCkVlx7LR3NsTPw-jlrBKd-9WybcMiFYo0XIP6DMbiItGCSOaJyVdMuK1iwESaJCn5V49XlYfdqxFNH9OTb5a2TG1OSOF5tRMaaBpS9Ft055RXda-dyGW-x2Rf4M3AyCqhiw5LxEwnpH5H1ZJdAc-JdkHwkTHBJk040Yl1niLfPsX2v9Zcah8We0N5ob_ssUzl4s2Tvtb8QXl7Zn6fcxwaf8gM7UYngG885dDAdKRMOTAw&refId=ELx9o%2FYWqyhhOVShmK6ihg%3D%3D&trackingId=niXElrN0XauaMDFyXnvbnw%3D%3D&trk=flagship3_search_srp_jobs,Data Scientist,Indonesia,"['scala', 'gcp']",2,2026-05-30T20:15:12.097786
4418227099,Coach Trainee [Stocks/Crypto],Emtrade | We are hiring!,"Surakarta, Central Java, Indonesia (On-site)",,"About the job

Responsibilities:

Conduct in-depth stocks/crypto market analysis and deliver insights through regular reports, webinars, classes, articles or videos.
Answer client questions regarding market behavior, technical setups, risk management, and trading psychology
Collaborate with the marketing and content team to support campaigns, events, and product development
Stay current with industry trends, tools, and regulatory updates to keep your knowledge and teaching material relevant
Foster a positive, growth-oriented learning environment




Requirements:

Fresh graduates with experience in trading or investing in stocks/crypto market.
Bachelor’s degree in Economy, Management, Education, Accounting, Finance or related field.
Passionate about teaching, sharing knowledge, and highly committed to learning.
Communicative and proactive.
Experience in teaching, training, mentoring, or creating educational content is a plus.
Understand technical and fundamental analysis, and able to convey it in a way that is easy to understand.
Keeping up to date with the latest market trends and trading technology.
Able to communicate effectively in English, both verbally and in writing.",https://www.linkedin.com/jobs/view/4418227099/?eBP=NOT_ELIGIBLE_FOR_CHARGING&refId=ELx9o%2FYWqyhhOVShmK6ihg%3D%3D&trackingId=Solj5lefLXjNIde5wtQVPg%3D%3D&trk=flagship3_search_srp_jobs,Data Scientist,Indonesia,[],0,2026-05-30T20:15:17.037696
4410530992,"Analyst (Bangkok Based, relocation provided)",Agoda,"Jakarta, Jakarta, Indonesia (Remote)",,"About the job

About Agoda

At Agoda, we bridge the world through travel. Our story began in 2005, when two lifelong friends and entrepreneurs, driven by their passion for travel, launched Agoda to make it easier for everyone to explore the world.

Today, we are part of Booking Holdings [NASDAQ: BKNG], with a diverse team of over 7,000 people from 90 countries, working together in offices around the globe. Every day, we connect people to destinations and experiences, with our great deals across our millions of hotels and holiday properties, flights, and experiences worldwide.

No two days are the same at Agoda. Data and technology are at the heart of our culture, fueling our curiosity and innovation. If you’re ready to begin your best journey and help build travel for the world, join us.

Get to Know our Team:

The Performance Marketing Team of Agoda is a world leader in online marketing. This department is highly data-driven and focused on developing at-scale marketing programs that improve the lifetime value of Agoda customers through measurable marketing programs and channels. The team is a blend of the best analysts, marketing strategists, and data scientists in the world. The marketing leadership at Agoda have deep experience in data science, product, strategy, and other marketing fields and have built an organization that thrives on data, creative ideas, and technology. The Performance Marketing Team also fosters a great learning environment. You will be able to learn and grow by working closely with experts from a variety of backgrounds from all over the world.

In this Role, you’ll get to:


Search: Experiment with text ads, bidding, and campaign structures on Google, Bing, Baidu, Naver, and other search engines. Adapt to new product features and roll out changes from successful tests.
Display: Test, analyze, and optimize campaigns on Facebook, Twitter, Instagram, and others.
Modeling: Analyze the vast amounts of data generated by experiments, develop models we can use for optimization, and build dashboards for account managers.


What you’ll Need to Succeed:


Bachelor’s Degree or higher from top university in a quantitative subject (computer science, mathematics, engineering, statistics or science)
Ability to communicate fluently in English
Good numerical reasoning skills
Proficiency in Excel
Intellectual curiosity


It’s Great if you Have:


Exposure to one or more data analysis packages or databases, e.g., SAS, R, SPSS, Python, VBA, SQL
Experience in digital marketing
Academic research experience


#STRA#ANLS#MRKT#3 #Bengaluru #SãoPaulo #Delhi #NewYorkCity #Nigeria #London #Hyderabad #Pune #Mumbai #Colombia #Paris #Jakarta #Chennai #SanFrancisco #WashingtonDC #Toronto #Pakistan #LosAngeles #Dallas #Chicago #Kenya #Boston #Shanghai #Egypt #BuenosAires #Manila #Netherlands #Singapore #RiodeJaneiro #Beijing #Atlanta #Sydney #Madrid #Vietnam #SaudiArabia #Peru #Melbourne #Ireland #Russia #Bangladesh #MexicoCity #Philadelphia #Chile #SeattleArea #Noida #Kolkata #Guangdong #UnitedArabEmirates #TelAvivDistrict #Houston #KualaLumpur #BeloHorizonte #SouthKorea #Bangkok #Istanbul #Austin #Curitiba #Warsaw #Campinas #Barcelona #Ukraine #CostaRica #Berlin #Romania #Denver #Johannesburg #Minneapolis #Manchester #Miami #MexicoCity #Phoenix #Detroit #Coimbatore #Milan #PortoAlegre #Vancouver #Montreal #Charlotte #SanDiego #Ghana #SaltLakeCity #Raleigh #HongKong #Fortaleza #Munich #Prague #Ecuador #TampaBay #Tokyo #Serbia #Taipei #Cracow #Zhejiang #CapeTown #Brasilia #Columbus data representation data analysis SQL data analytics analytics python (programming language) data mining data science r (programming language) tableau analytical skills data visualization databases business analysis business intelligence (bi) microsoft sql server

Please review our Hiring Process Guidelines before your interview — click here to learn how interviewing at Agoda works.

Discover More About Working At Agoda


Agoda Careers https://careersatagoda.com
Facebook https://www.facebook.com/agodacareers/
LinkedIn https://www.linkedin.com/company/agoda
YouTube https://www.youtube.com/agodalife


Equal Opportunity Employer 

At Agoda, we pride ourselves on being a company represented by people of all different backgrounds and orientations. We prioritize attracting diverse talent and cultivating an inclusive environment that encourages collaboration and innovation. Employment at Agoda is based solely on a person’s merit and qualifications. We are committed to providing equal employment opportunity regardless of sex, age, race, color, national origin, religion, marital status, pregnancy, sexual orientation, gender identity, disability, citizenship, veteran or military status, and other legally protected characteristics.

We will keep your application on file so that we can consider you for future vacancies and you can always ask to have your details removed from the file. For more details please read our privacy policy.

Disclaimer

We do not accept any terms or conditions, nor do we recognize any agency’s representation of a candidate, from unsolicited third-party or agency submissions. If we receive unsolicited or speculative CVs, we reserve the right to contact and hire the candidate directly without any obligation to pay a recruitment fee.",https://www.linkedin.com/jobs/view/4410530992/?eBP=CwEAAAGeeQM-JyRlxtTmv2VrNgciBw-37O81-cQUtXwVGyowFqS3FBcHukO7uBVBwkgyWijTYooCpwOEqjP4uslfxaohwPZH-AcXMIa65ggSB4P_lQQwCRgNvC2auoykBT3EXhPds7b8bdCuRjKUQmZd8_VcqFANESPLGP3O52Mc82JBDYCIgkFtrMps5-ISwoWZsxZhAymy8q-Cam5E0xAQBvVUaGVgiYFiTOH2q_yWFUiLXXl12zcWdeoNxix12hZWtrq0UMjr2I-hOturhFmzO2mgmHO_d4oIIqIEH2QyREdVCdana4CWSd_XTKQm5x3NYbxasIjKNwdp6iI6_MYmMT0HpLSZspSAECt8HIpOZhAihvcx65JVwY_pIVfehNi9KpqTe3B2L96ZU_Ipbq0qryBRcB2hca4aoa3lJyXBfHvAdRL2-e2X3BrgS4SFYIcBwjTptAEcx0DTa1bkyEwpjSSMq7AFJWlAYscKcFTm-ZQycQ&refId=ELx9o%2FYWqyhhOVShmK6ihg%3D%3D&trackingId=mawZkobnENLqZxjKNg31HA%3D%3D&trk=flagship3_search_srp_jobs,Data Scientist,Indonesia,"['tableau', 'sql', 'ios', 'git', 'python']",5,2026-05-30T20:15:22.094798
4422014219,Demand Generation Intern (Kinsure),Kinobi AI,"Jakarta, Jakarta, Indonesia (On-site)",,"About the job

Kinsure is an innovative insurtech company that leverages technology, data, and AI to make insurance smarter, simpler, and more personalized. With a customer-centric platform, Kinsure offers easy policy management, instant claims, and secure, transparent coverage helping individuals and businesses protect what matters most with confidence.

About the role:

As a Demand Generation Intern you're going to support Kinsure's growth initiatives through lead generation, market research, and partnership outreach activities. In this role, you will also help identify potential clients and partners, support outreach campaigns, and maintain organized lead and CRM data.

This internship is ideal for someone who is interested in business growth, partnerships, marketing, and the insurtech industry, while gaining hands-on experience in a fast-paced startup environment.

Key Responsibilities:


Support lead generation and outreach initiatives to potential corporate clients, brokers, and partners.
Conduct market research to identify target industries, companies, and business opportunities.
Assist in preparing presentations, partnership decks, and outreach materials.
Maintain and update CRM data, lead tracking sheets, and pipeline reports.
Support administrative and scheduling tasks related to meetings and partnership activities.
Take meeting notes and prepare concise summaries, follow-ups, and recommendations.
Collaborate with internal teams to develop proposals and partnership materials.
Learn Kinsure's products and value propositions to better support demand generation activities.



Qualifications:


Final-year student or fresh graduate from any major; backgrounds in Business, Management, Marketing, Communication, or Economics are preferred.
Interest in the insurance, technology, or insurtech industry is a plus.
Strong communication and interpersonal skills, both written and verbal.
Proficient in Google Workspace or Microsoft Office, especially PowerPoint/Google Slides and Excel/Google Sheets.
Organized, proactive, and eager to learn in a dynamic startup environment.
Familiarity with CRM tools and lead management processes is an advantage.
Able to multitask and manage tasks with good attention to detail.
Based in Jabodetabek.
Available and committed for 6 months internship



Additional Information:


All stages of the recruitment process will be conducted in English
Please follow @/kinsure.id and @/pawsure.id on Instagram to proceed with the recruitment process",https://www.linkedin.com/jobs/view/4422014219/?eBP=NOT_ELIGIBLE_FOR_CHARGING&refId=ELx9o%2FYWqyhhOVShmK6ihg%3D%3D&trackingId=mvx3EgiXYifWHjJ2hYiXWA%3D%3D&trk=flagship3_search_srp_jobs,Data Scientist,Indonesia,['aws'],1,2026-05-30T20:15:27.254388
4419009284,Finance Intern,OTO,"Jakarta, Indonesia (On-site)",,"About the job

About Us:

OTO by CarDekho (automotive financing service marketplace) is a part of CarDekho SEA (India’s biggest digital automotive solutions provider). OTO by CarDekho SEA operates the business across Indonesia and initially focuses on new car dealerships and expanding the new business unit for used car financing, refinancing, dealer inventory funding, multi-financing, and auto insurance.




Responsibilities:

Process and verify vendor invoices accurately and timely.
Prepare monthly expense reports and support closing.
Manage employee reimbursements and cash advances (including settlement).
Ensure all payments are completed on schedule.
Prepare and execute vendor payments.
Perform bank reconciliation and maintain accurate records.
Handle inquiries and resolve payment discrepancies while ensuring compliance.




Requirements:

Bachelor’s degree in Accounting, Finance, or related field.
1-2 years of experience in Finance, Accounting (preferably specializing in AR).
Familiar with accounting systems (Oracle, Ms Excel, Google Spreadsheet).
Good attention to detail and accuracy.
Able to work with deadlines and high volume tasks.
Good communication skills, especially with vendors and internal teams.
Proactive and willing to learn.",https://www.linkedin.com/jobs/view/4419009284/?eBP=CwEAAAGeeQM-JwuuekzcS-AZi3UWYu4XNGY670vpRVQvojfhAO_e41AoApLTg5XcvKUuroBhjKJkQYq_je5zMGdQA6ZtZDcaAK_oAUUClOangupbtda_loif3sDzsjpCW55Ua62aigO45Z4Bf3jKDA48Tlz24taBXJM5losvdg2l2524lTnGHz2z0TQ4ASE-523Wb6CZnGxg-2Or2aKUyR4f5d9ad1nDfbaPbROoeucGMprbw2uKVbIp0FAXxIlXf5Sd188XBlpFwWNMR2PTnsLSviOqlT25yP1wyZfl1m8sEjqeR6qDHbQfRyBdyVLKlUKj4a8Jd43Qv6AvmjiKya1mhSAUa6E_avahWMSYXLR2oNmPKvvqyBAd9Y5wYmNOCn2ijJm0mCB5pSvfJ9_RwylxlfFmiuzBd9Fu__8Eu6jStuuK-Lrln50iUFyW08TXx1zxIMN2nkLydQFqwRcMOjos-ci7MzQRtR90cVwSSYV3PlXMJOkvzHN94bghMrbImNRRCg9a3wg&refId=ELx9o%2FYWqyhhOVShmK6ihg%3D%3D&trackingId=5PdHi%2FATFUtfz7LOy9vKQQ%3D%3D&trk=flagship3_search_srp_jobs,Data Scientist,Indonesia,['git'],1,2026-05-30T20:15:32.256023
4414878603,Learning System & Analytics Intern,PT Trakindo Utama,"Cileungsi, West Java, Indonesia (On-site)",,"About the job

Specification (For College student only)


Final-year student (S1) majoring in Educational Management, Educational Technology, Information Technology, Psychology, Human Resources
 Demonstrated proficiency in utilizing Microsoft 365 applications (Word, PowerPoint, Excel, Outlook, Sharepoint, One Drive, and Teams)
Strong attention to detail, with well-developed organizational and time management abilities
Skilled in administrative processes and capable of handling documentation with precision
Familiarity with design and video editing tools such as Adobe, Canva, Articulate 360 (portfolio submission is highly encouraged)
Analytical mindset with Power BI, with a data-oriented approach and a proactive attitude toward continuous learning
Willingness to work from the office (WFO) in Cileungsi.",https://www.linkedin.com/jobs/view/4414878603/?eBP=NOT_ELIGIBLE_FOR_CHARGING&refId=ELx9o%2FYWqyhhOVShmK6ihg%3D%3D&trackingId=5xrNcyDCB0IfLLCbQpvU3w%3D%3D&trk=flagship3_search_srp_jobs,Data Scientist,Indonesia,['power bi'],1,2026-05-30T20:15:37.233482
4399516639,Gojek - Supply & Pricing Associate,GoTo Group,"Jakarta, Jakarta, Indonesia (On-site)",,"About the job

About The Role

We’re looking for a Supply & Pricing Associate to join our GoSend Strategy & Planning team at Gojek in Jakarta, Indonesia. In this role, you’ll take charge of critical levers like customer pricing, driver pricing & incentives, and allocation. Your mission? Use structured problem-solving and a data-driven mindset to help GoSend strengthen its market position in a sustainable, profitable way. The best part: your work directly shapes GoSend’s (and GoBox) growth and bottom line.

What You Will Do


Develop and manage GoSend’s pricing and supply initiatives, from design to execution
Design data-driven experiments and communicate insights to support business and product prioritization
Collaborate closely with cross-functional teams to ensure seamless end-to-end implementation
Continuously explore Gojek’s rich data ecosystem to identify opportunities for growth and efficiency.


What Will You Need


Bachelor’s degree in Business, Engineering, Computer Science, Mathematics, Economics, Statistics, Data Science, or other related fields
Minimum of 1-2 years of experience in an analytical or strategic role
Strong problem-solving skills with a hypothesis-driven approach
Strong communication skills and a team player mindset
Demonstrated ability to manage complex projects and align multiple stakeholders
Proficiency in SQL, Tableau, or other data analysis tools is preferred
Eagerness to learn and grow in a fast-paced environment.


About The Team

The GoSend Strategy & Planning team is a lean team that plays a vital role in managing pricing, supply, and demand across all Gojek markets. Working closely with teams across Data, Product, Marketing, Operations, and Regional, we aim to meet growth targets for both revenue and margins, while ensuring reliable service for our customers. Through strong cross-functional collaboration, we support Gojek’s current business operations and drive expansion into existing and new markets, with a commitment to continuous improvement and thoughtful product development.

About GoTo Group

GoTo is the largest digital ecosystem in Indonesia. GoTo's mission is to 'empower progress' by offering technology infrastructure and solutions that help everyone to access and thrive in the digital economy.

The GoTo ecosystem provides a wide range of services, including mobility, delivery, payments, financial services, and technology solutions for merchants. The ecosystem also provides e-commerce services through Tokopedia and banking services through its partnership with Bank Jago.

About Gojek

Gojek is Southeast Asia’s leading on-demand platform and pioneer of the multi-service ecosystem with over 2.5 million driver partners across the regions offering a wide range of services such as transportation, food delivery, logistics and more. With its mission to create impact at scale, Gojek is committed to resolving consumer problems and raising standards of living by connecting consumers to the best providers of goods and services in the market.

About GoTo Financial

GoTo Financial accelerates financial inclusion through its leading financial services and merchants solutions. Its consumer services include GoPay and GoPayLater and serve businesses of all sizes through Midtrans, Moka, GoBiz Plus, GoBiz, and Selly. With its trusted and inclusive ecosystem of products, GoTo Financial is open to new growth opportunities and aims to empower everyone to Make It Happen, Make It Together, Make It Last.

GoTo and its business units, including Gojek and GoToFinancial (""GoTo"") only post job opportunities on our official channels on our respective company websites and on LinkedIn. GoTo is not liable for any job postings or job offers that did not originate from us. You should conduct your own due diligence to prevent being victims of any fake job scams, if they did not originate from GoTo's official recruitment channels.

We may use artificial intelligence (AI) tools to support parts of the hiring process, such as reviewing applications, analyzing resumes, or assessing responses. These tools assist our recruitment team but do not replace human judgment. Final hiring decisions are ultimately made by humans. If you would like more information about how your data is processed, please contact us.",https://www.linkedin.com/jobs/view/4399516639/?eBP=CwEAAAGeeQM-KOl7gNT3oyLB14Ci3ia-y1qd9mOk295EHMPSJkHgBJp8BP8mHnu9ZKBP9a97RN21cadc7z1AHhzY18akFTIVzrpgEPafpvqxXzxYGba6-F3IOp1vZfM7owLphxWLzy6oCvLhcf4-kqq3GM5b4WSF137v0GNRB_Si-20cQnjQzwlSLMQrzo5y9Y100mH4KOoD3xYgXle98z5D8WR6McpsiPtHMGl-pdKcMs5vE7Zm850tZgTtBN9rib1rvPHRqOVLVtONjFa2z-deYVVd09B_y7UeYIIUAocNv74cDfS7htaqnekw2k-O0CrQc3oFDkuyp-U2cWTAhRatpMNol-SjvQuZlxGTogwMK7WY-3jQmQSbFpWHjr-g3fxc7c_VgZ8MSBXTk_vajD86FwABEJk1Uj-a1CWuP0WI6CDfygfWHGyO0mFJ5WOeVlbMR66fWEmX7EpN9kcKxR9Llt5nxrT2xxYNayHWgvysJpyE8sRyinmldQ&refId=ELx9o%2FYWqyhhOVShmK6ihg%3D%3D&trackingId=0%2FAYBo03f2oCiRZBUcPiiw%3D%3D&trk=flagship3_search_srp_jobs,Data Scientist,Indonesia,"['tableau', 'rust', 'sql', 'git']",4,2026-05-30T20:15:42.361617
4371155188,Strategy Project Intern (TikTok Shop by Tokopedia Electronics) - 2026 Start (BS/MS),TikTok,"Jakarta, Jakarta, Indonesia (On-site)",,"About the job

Responsibilities

In particular, the e-commerce industry has seen tremendous growth in recent years and has become a hotly contested space amongst leading Internet companies, and its future growth cannot be underestimated. With millions of loyal users globally, we believe TikTok is an ideal platform to deliver a brand new and better e-commerce experience to our users.

As a project intern, you will have the opportunity to engage in impactful short-term projects that provide you with a glimpse of professional real-world experience. You will gain practical skills through on-the-job learning in a fast-paced work environment and develop a deeper understanding of your career interests.

Applications will be reviewed on a rolling basis - we encourage you to apply early. Successful candidates must be able to commit to at least 3 months long internship period.

Candidates who pass resume screening will be invited to participate in TikTok's technical online assessment.

The Electronic team is committed to driving the growth of our merchants by acquiring new sellers, supporting their success on the platform, and helping them thrive in the electronic ecosystem. Through our collective efforts, we aim to deliver the best possible customer experience by ensuring great service, strong partnerships, and a compelling electronic offering.

We are looking for a Strategy Intern to support our category strategy and seller operations initiatives. This role sits at the intersection of strategy, operations, and stakeholder management. You will work closely with Account Managers, Campaign teams, and Operations to help solve seller issues, generate insights, and support data-driven decision-making.

This is a great opportunity for someone who enjoys problem-solving, working with data, and collaborating across teams in a fast-paced environment.

Responsibilities


 Cross-Functional Collaboration
 Collaborate with internal teams such as Account Managers, Campaign, and Operations teams to ensure category strategies & operations are aligned with overall company objectives.
 Issue Escalation & Seller Support
 Assist sellers and Account Managers by identifying, gathering, and escalating issues to relevant backend or operations teams.
 Take ownership of day-to-day issue triaging, especially for recurring or operational tickets.


Escalate critical seller issues to the appropriate internal stakeholders.


 Track, monitor, and follow up on issue resolution to ensure timely closure.


Work closely with Account Managers to ensure seller issues are properly documented and addressed promptly.


 Reporting & Dashboarding
 Assist in preparing reports, presentations, and dashboards to clearly communicate findings, insights, and recommendations to stakeholders.
 Support regular performance tracking and analysis for internal reviews.
 Help identify growth opportunities and operational improvement areas based on data and on-the-ground issues.


Qualifications

Minimum Qualifications


 Currently pursuing a Bachelor’s or Master’s degree in Business Administration, Marketing, Economics, Data Analytics, or a related field.
 Strong analytical skills with the ability to interpret complex data and translate it into clear, actionable insights.
 Excellent communication and interpersonal skills.
 Comfortable working in a fast-paced, collaborative environment with multiple stakeholders.


Preferred Qualifications


 Past experience with e-commerce
 Good understanding on Elecronics Category


By submitting an application for this role, you accept and agree to our global applicant privacy policy, which may be accessed here: https://careers.tiktok.com/legal/privacy.

If you have any questions, please reach out to us at apac-earlycareers@tiktok.com

Job Information

About TikTok

TikTok is the leading destination for short-form mobile video. At TikTok, our mission is to inspire creativity and bring joy. TikTok's global headquarters are in Los Angeles and Singapore, and we also have offices in New York City, London, Dublin, Paris, Berlin, Dubai, Jakarta, Seoul, and Tokyo.

Why Join Us

Inspiring creativity is at the core of TikTok's mission. Our innovative product is built to help people authentically express themselves, discover and connect – and our global, diverse teams make that possible. Together, we create value for our communities, inspire creativity and bring joy - a mission we work towards every day.

We strive to do great things with great people. We lead with curiosity, humility, and a desire to make impact in a rapidly growing tech company. Every challenge is an opportunity to learn and innovate as one team. We're resilient and embrace challenges as they come. By constantly iterating and fostering an ""Always Day 1"" mindset, we achieve meaningful breakthroughs for ourselves, our company, and our users. When we create and grow together, the possibilities are limitless. Join us.

Diversity & Inclusion

TikTok is committed to creating an inclusive space where employees are valued for their skills, experiences, and unique perspectives. Our platform connects people from across the globe and so does our workplace. At TikTok, our mission is to inspire creativity and bring joy. To achieve that goal, we are committed to celebrating our diverse voices and to creating an environment that reflects the many communities we reach. We are passionate about this and hope you are too.",https://www.linkedin.com/jobs/view/4371155188/?eBP=CwEAAAGeeQM-KDYQzXx4Jq9jgYgjuof_9azLO_zqoH-V04lcnoL8LKgAnBz8Nse-UYxVMbXZJodczW6E1uAjLsoCyL57P-q-YGBM0UmM5VlB14PgHksgK_Ux5nrq1ee3qCcBuwgjdZIMyYOaO1Un0pcobnbc0-JJdTTaNJSyBzshp-_njy9X8Mw69uLRzEbhes31FKC-osY6hZvhegR3nwR4017BTncMLf_hIfq8oYcDVkjl34JCr95JJ6byI-TeZWeyuyMj9DkxtFahcFZGiM02GJPHZvzNcyjAFb7fBaYiVpLMn3qSkVxwLWkIShu5IVqTN-By8MTB0pX6QJjLKmO2mquStmxz62GMyvXRM55xJ_FGYdqEIZzMu0wqJb82szi1qK2ovBfDsCt_VcPyyYP8i2wbExYuVgCME1P8wqqJ2LWZyp2AxeAQYFFZ8q2hxL0oerHONaID7TDicABT&refId=ELx9o%2FYWqyhhOVShmK6ihg%3D%3D&trackingId=SyL1iNFkCRhNU60bT6ea5g%3D%3D&trk=flagship3_search_srp_jobs,Data Scientist,Indonesia,"['scala', 'ios', 'express']",3,2026-05-30T20:15:47.464833
4412110437,Operations Intern - Programming Language Migration,PT HM Sampoerna Tbk.,"Surabaya, East Java, Indonesia (On-site)",,"About the job

BE A PART OF A REVOLUTIONARY CHANGE!

At PMI, we’ve chosen to do something incredible. We’re totally transforming our business and building our future on one clear purpose – to deliver a smoke-free future.

With huge change, comes huge opportunity. So, wherever you join us, you’ll enjoy the freedom to dream up and deliver better, brighter solutions and the space to move your career forward in endlessly different directions.

We are seeking for bright university students to join our Internship Program. You will be part of a team where you can develop and improve yourself, also make an impact by providing solution in a specific internship project in our Operations Function to be placed in Surabaya.

YOUR DAY TO DAY


Convert the existing warehouse system (WISBAR) to a modern React.js and .NET platform
Understand and replicate current warehouse processes into the new system
Develop clean, scalable, and maintainable code
Support database setup and data migration
Test the new system to ensure it works accurately
Prepare basic documentation and project report


Who We're Looking For


Undergraduate students, preferably in 7th or 8th semester with minimum GPA 3.00 out of 4.00 from Computer Science, IT, or relevant major background with an educational level of bachelor’s degree.
Knowledge of React.js for front-end development and .NET for back-end development (mandatory).
Fundamental understanding of Object-Oriented Programming (OOP) concepts.
Knowledge of database design and development, preferably with hands-on experience using SQL Express.
Ability to apply clean code principles and best practices in software development
Good in English both oral and written


What We Offer

Our success depends on our talented employees who come to work here every single day with a sense of purpose and an appetite for progress. Join PMI and you too can:


 Seize the freedom to define your future and ours. We’ll empower you to take risks, experiment and explore.
 Be part of an inclusive, diverse culture, where everyone’s contribution is respected; collaborate with some of the world’s best people and feel like you belong.
 Pursue your ambitions and develop your skills with a global business – our staggering size and scale provides endless opportunities to progress.
 Take pride in delivering our promise to society: to deliver a smoke-free future


To join our growing team…

#Sampoerna

25572",https://www.linkedin.com/jobs/view/4412110437/?eBP=CwEAAAGeeQM-KKpQRlqF7U5Y9qtaQKh-4ArIrJqhV7dnmQVshRt_0hB7OMMKSbTpusRzCD12OJZqjCOhQ1vi_zLOFMOXyHwiXUiH8RYbSmqoFdsuUoLxt-XGrpaUSXgOnC7Zc8KKfrlbyX8t1pHqFeFVrlDql3DGVkN6uoySCcxkWJLlqxPhklpUXgsSN76OKQPYspXcQ4AkbmMHf0-v_uA-nmVYlyIgQc9BCGcmOeAZCYeZLGdxtZjDAaJBqO6UHOWKva7pLYvwefTGaYmK4HQ289NiNyi_wfSRLiPXi-iG17LFMmSQ_DAOrv0c4_zYrNYRJrx5g3ONFjbLHNLU5CAHT45REaOSv1heyJTgBnJtNPb3ZYdaEUbyjk8XzIDs40B9Q11QVDd6tC6CM1GP7r2wK4mPYX4GYKzhtq9UBo-88bOlnsfdxz4o4_6Y2C7K4TSS7MIMWtgWTVFtAmGtZIfhqkDiQ2ixTOBpn0MwT37cdP5YvVCG9x4cvw&refId=ELx9o%2FYWqyhhOVShmK6ihg%3D%3D&trackingId=z59iq3WbEvAcVp6gkyxNIQ%3D%3D&trk=flagship3_search_srp_jobs,Data Scientist,Indonesia,"['scala', 'sql', 'react', 'express']",4,2026-05-30T20:15:52.534727
4422521306,Management Trainee Program,Pt Glori Investama Surabaya,"Surabaya, East Java, Indonesia (On-site)",,"About the job

PT Glori Investama Berjangka adalah Perusahaan perdagangan berjangka resmi di Indonesia yang bertujuan untuk memberikan fasilitas transaksi (perdagangan) yang mudah dan lengkap untuk membantu proses transaksi online di pasar bursa berjangka. PT Glori Investama Berjangka merupakan anggota dari Indonesia Comodity and Derivatives Exchange (ICDX), Indonesia Clearing House serta di bawah pengawasan Badan Pengawas Perdagangan Berjangka dan Komoditi (BAPPEBTI) 




Job Description: 

 Mengikuti program pelatihan untuk membangun pengetahuan dan keterampilan
 Melakukan aktivitas sosialisasi produk langsung kepada konsumen (B2C).
 Menjadwalkan dan mendampingi pertemuan presentasi
 Membantu mengedukasi terkait investasi dan trading klien secara sederhana.
 Mempelajari dasar-dasar analisa pasar dan membuat laporan harian
 Menjalin serta mempertahankan hubungan baik dengan partner.
 Mengembangkan kemampuan kepemimpinan untuk memimpin tim di masa depan ( Future Leader)
 Mengikuti sertifikasi calon wakil pialang Perusahaan oleh BAPPEBTI




NB : Interview hanya dilakukan secara offline",https://www.linkedin.com/jobs/view/4422521306/?eBP=NOT_ELIGIBLE_FOR_CHARGING&refId=ELx9o%2FYWqyhhOVShmK6ihg%3D%3D&trackingId=r5QUcypEsTlVsI5yDdvlog%3D%3D&trk=flagship3_search_srp_jobs,Data Scientist,Indonesia,[],0,2026-05-30T20:15:57.578533
4420211606,Data Labeling Specialist,Alignerr,Indonesia (Remote),,"About the job

Data Labeling Specialist (AI Training)

About The Role

What if your attention to detail could directly shape how AI sees, reads, and understands the world? We're looking for Data Labeling Specialists to categorize, tag, and annotate the data that powers some of today's most advanced AI systems.

This is a fully remote, flexible contract role open to anyone with a sharp eye and a methodical mindset. No prior AI or tech experience needed — just reliability, focus, and a commitment to doing quality work.


Organization: Alignerr
Type: Hourly Contract
Location: Remote
Commitment: 10–40 hours/week


What You'll Do


Categorize, tag, and annotate text, images, or audio using structured guidelines
Apply predefined label sets accurately and consistently across large datasets
Maintain high quality and precision throughout task-based assignments
Participate in calibration exercises to ensure consistency across the team
Work independently and asynchronously on your own schedule


Who You Are


Detail-oriented and patient — you notice what others miss
Able to follow structured instructions precisely and consistently
Comfortable working with web-based tools and platforms
Self-motivated and reliable when working independently
No prior labeling, AI, or technical experience required


Nice to Have


Experience with data entry, quality assurance, or administrative work
Familiarity with AI tools or content platforms as an end user
Background in research, editing, or any field requiring careful attention to detail


Why Join Us


Work on cutting-edge AI projects alongside leading research labs
Fully remote and flexible — work when and where it suits you
Freelance autonomy with the structure of clear, meaningful, task-based work
Contribute to AI development that shapes how technology understands the world
Potential for ongoing work and contract extension as new projects launch",https://www.linkedin.com/jobs/view/4420211606/?eBP=NOT_ELIGIBLE_FOR_CHARGING&refId=ELx9o%2FYWqyhhOVShmK6ihg%3D%3D&trackingId=NHtdOE%2B1dpTKDTcgyAbEQA%3D%3D&trk=flagship3_search_srp_jobs,Data Scientist,Indonesia,[],0,2026-05-30T20:16:02.627162
4417120002,Finance Intern,Qpon Indonesia,"Jakarta, Indonesia (On-site)",,"About the job

Job Description:

As a Finance Intern, you will support the Accounting & Finance team in daily operational and administrative activities. This role is ideal for students or fresh graduates who want hands-on experience in financial processes, accounting tasks, and documentation management within a fast-paced environment.




Job Responsibilities:

• Assist in recording and posting financial transactions into the accounting system.

• Help verify and process employee reimbursement submissions.

• Support various administrative activities within the Accounting & Finance division.

• Organize, file, and maintain financial documents systematically.

• Provide general support to the finance team on ad-hoc tasks when needed.




Job Requirements:

• Final-year student or fresh graduate majoring in Accounting, Finance, or related fields.

• Able to join immediately or in the near term.

• Basic understanding of accounting principles is an advantage.

• Detail-oriented, organized, and proactive.

• Proficient in Microsoft Excel and Google Workspace.

• Willing to learn and able to work in a fast-paced environment.

• Good communication skills and a positive working attitude.

• Willing to work full WFO (Work From Office).",https://www.linkedin.com/jobs/view/4417120002/?eBP=BUDGET_EXHAUSTED_JOB&refId=ELx9o%2FYWqyhhOVShmK6ihg%3D%3D&trackingId=IiSuT0Cc5EFVBUvq00Y%2Ffw%3D%3D&trk=flagship3_search_srp_jobs,Data Scientist,Indonesia,[],0,2026-05-30T20:16:07.803636
4415779261,Freelance Insurance Agent - PT Allianz Life Syariah Indonesia,HD Life Agency by Vision - Allianz,Jakarta Metropolitan Area (Hybrid),,"About the job

🚀 Lagi cari income tambahan atau peluang karier yang bisa kasih cuan + fleksibilitas waktu? Atau bahkan pengalaman magang?




Kalau kamu ngerasa kerja sekarang:

– Penghasilan stuck

– Waktu gak fleksibel

– Pengen mulai sesuatu yang lebih besar

– Pengen punya income tambahan yang gede banget selain gaji dari kantor atau uang saku bulanan kamu. 




This might be for you.




⸻




Kami membuka kesempatan untuk kamu yang ambisius untuk membangun karier sekaligus bisnis di industri keuangan.




Kamu akan memulai sebagai Business Executive (Insurance Agent) dan dipersiapkan menjadi Business Partner Allianz (Insurance Entrepreneur)




👉 Bukan sekadar agent, tapi dibentuk jadi entrepreneur.




⸻




💼 Apa yang akan kamu lakukan

• Edukasi dan membantu orang mendapatkan proteksi finansial

• Mengikuti training rutin (skill & mindset)

• Membantu proses administrasi dan klaim nasabah

• Membangun bisnis agency kamu sendiri dengan mentor




⸻




💰 Benefits

• Income berbasis komisi (tanpa batas)

• Komisi 20% – 36% (recurring hingga 2 tahun)

• Potensi income:

• Tahun 1: ± Rp15 juta/bulan

• Tahun 2: Rp35 juta++/bulan

• Bonus bulanan & tahunan

• Trip ke luar negeri ✈




• Sistem kerja fleksibel (remote & time freedom)

• Training gratis: bisnis, sales, leadership, self development

• Fasilitas kantor untuk meeting & mentoring

• Bisa freelance atau full-time




⸻




🙌 Kualifikasi

• Fresh graduate atau mahasiswa tingkat akhir

• Karyawan yang ingin side income

• Entrepreneur yang ingin menambah bisnis tanpa modal

• Ambisius, growth mindset, dan mau berkembang




⸻




🧠 Tidak perlu pengalaman

Yang penting mau belajar karena sistem kami full mentoring dari nol sampai bisa.




✨ Tentang Kami

HD Life Agency merupakan bagian dari Vision Agency, salah satu agency terbesar di Asia Tenggara yang bekerja sama dengan Allianz Life Indonesia sejak 2016.




Saat ini sudah ada 400+ Business Partner dengan income di atas Rp1 Miliar/tahun.




🎯 Misi kami

Membantu kamu menjadi Insurance Entrepreneur, bukan sekadar mencari komisi.",https://www.linkedin.com/jobs/view/4415779261/?eBP=NOT_ELIGIBLE_FOR_CHARGING&refId=ELx9o%2FYWqyhhOVShmK6ihg%3D%3D&trackingId=xoild1Hhd6CSl8ss7U4qLg%3D%3D&trk=flagship3_search_srp_jobs,Data Scientist,Indonesia,[],0,2026-05-30T20:16:12.838272
4365034369,Talent Acquisition Project Intern (TAC-Global) - 2026 Start (BS/MS),ByteDance,"Jakarta, Jakarta, Indonesia (On-site)",,"About the job

Responsibilities

About the Team:

The TAC-Global (Talent Acquisition Center-Global) team focuses on building high-performance teams across ByteDance's global business units, shaping the future of talent acquisition and organizational growth.

As a project intern, you will have the opportunity to engage in impactful short-term projects that provide you with a glimpse of professional real-world experience. You will gain practical skills through on-the-job learning in a fast-paced work environment and develop a deeper understanding of your career interests.

Applications will be reviewed on a rolling basis - we encourage you to apply early.

Successful candidates must be able to commit to at least 3 months long internship period.

Responsibilities


 Assist in identifying and engaging potential candidates through job boards, social media, and networking platforms.
 Screen resumes to match qualifications with role requirements.
 Coordinate interview schedules between candidates and hiring teams.
 Support the tracking and updating of applicant information in the ATS (Applicant Tracking System).
 Help prepare recruitment reports and dashboards to monitor hiring progress.
 Ensure timely and professional communication with candidates.
 Assist in providing a smooth and engaging interview experience.



Qualifications

Minimum Qualifications


 Currently pursuing a Bachelor’s degree in Human Resources, Business, Psychology, or related fields.
 Strong organizational and communication skills with attention to detail.
 Interest in recruitment, employer branding, and talent strategy
 Ability to work in a fast-paced, dynamic environment.



Preferred Qualifications


 Proficiency in Microsoft Office or GoogleSuite; familiarity with LinkedIn Recruiter/ATS tools is a plus.



By submitting an application for this role, you accept and agree to our global applicant privacy policy, which may be accessed here: https://jobs.bytedance.com/en/legal/privacy.

If you have any questions, please reach out to us at apac-earlycareers@bytedance.com

Job Information

About Us

Founded in 2012, ByteDance's mission is to inspire creativity and enrich life. With a suite of more than a dozen products, including TikTok, Lemon8, CapCut and Pico as well as platforms specific to the China market, including Toutiao, Douyin, and Xigua, ByteDance has made it easier and more fun for people to connect with, consume, and create content.

Why Join ByteDance

Inspiring creativity is at the core of ByteDance's mission. Our innovative products are built to help people authentically express themselves, discover and connect – and our global, diverse teams make that possible. Together, we create value for our communities, inspire creativity and enrich life - a mission we work towards every day.

As ByteDancers, we strive to do great things with great people. We lead with curiosity, humility, and a desire to make impact in a rapidly growing tech company. By constantly iterating and fostering an ""Always Day 1"" mindset, we achieve meaningful breakthroughs for ourselves, our Company, and our users. When we create and grow together, the possibilities are limitless. Join us.

Diversity & Inclusion

ByteDance is committed to creating an inclusive space where employees are valued for their skills, experiences, and unique perspectives. Our platform connects people from across the globe and so does our workplace. At ByteDance, our mission is to inspire creativity and enrich life. To achieve that goal, we are committed to celebrating our diverse voices and to creating an environment that reflects the many communities we reach. We are passionate about this and hope you are too.",https://www.linkedin.com/jobs/view/4365034369/?eBP=CwEAAAGeeQM-KLcH5y0TxUOc8KQZdrjpDdwR2zqHYUXJhhmMXcMkAJgzI1la5QlDyvrhB-5L0Hnvko8CJieL8T5tGPQV_ZOLzrptiVXvLFjAZQdh_sKEQq0yQqPS7ZLxwcZr2qKxQLZTHdpFQxnP3BrDp6P9-_ge52aOU0KmQahpPg56Hdk2Xk4vwvje9f9Ks4UwvZ14Gk_bN1I7RJ0NntDvDQA2fofgoxSc4w7Hd1OL5zLWMw7uspqjcfesP4IObZNzpmmBic8yZ-V2YUDgDa8zbrco_1ro2a3RNQq7CVmpGoQcPaPEbupmMKat2YlXPw1Tn6PBlYbrBH7_sOw0FFvbp3Cjfk7VUejpsm35M20YHPCB80xqJG7Jd6Dbam-hZo8BwRkA54DMO1VmY5YgMa2Syh93-v2b9xGi5EsmMJXoZFG69uJCYL3S_qtM8nj-FAbc05VFFH_f7IUjRJWM4QAc5l3ahLMAlobfjwDaXM4EzY6HQZO-QRsXRG1Vn7Fq180&refId=ELx9o%2FYWqyhhOVShmK6ihg%3D%3D&trackingId=FFrjg%2Bx7jBLHBDK4p%2FRODw%3D%3D&trk=flagship3_search_srp_jobs,Data Scientist,Indonesia,"['ios', 'express']",2,2026-05-30T20:16:17.898713
4380378049,Talent Acquisition Intern,Meratus Group,Greater Surabaya (On-site),,"About the job

About The Job Talent Acquisition Intern

Meratus Group is a leading integrated maritime and logistics operator in Indonesia, pioneering innovative solutions that drive efficiency and sustainability in the industry. With a rich history dating back to 1957, Meratus has evolved into a powerhouse, operating over 45 shipping routes, a fleet of 100 vessels, and a network of container terminals and logistics centres.

At Meratus, we are committed to digitalization, innovation, and transformation, ensuring seamless logistics and maritime services across Indonesia and Southeast Asia. Our customer-centric approach and agile operations empower businesses to navigate complex supply chain challenges with confidence.

We take pride in fostering a dynamic and inclusive workplace, where talented professionals can thrive and contribute to shaping the future of maritime logistics. Join us and be part of a team that is redefining industry standards while making a meaningful impact on global trade and sustainability. 

Role Summary

 As a Talent Acquisition Intern, you will learn how recruitment works in real business settings — from sourcing, conduct initial screenings to coordinating interviews. You will gain practical exposure to using an Applicant Tracking System (ATS), understand recruitment analytics, and explore how AI tools are leveraged in modern hiring processes.

Requirements


Student semester 7/ 8/ last semester from related major
Communicates effectively in English (Both speaking and writing)
Ability to work independently and as part of a team
Familiarity with basic HR tools and platforms is a plus",https://www.linkedin.com/jobs/view/4380378049/?eBP=CwEAAAGeeQM-KHZpstoISqxv4tsvWeX6rVDUXgfB8xJgLcZ1Bpc8i51HUOdtQ239VNenu1uFvxcbluWEKUZCHARdcV5UyO4oU6p0U4ZCgK7qquti3C_3onOsvreEnGMz2BERb2hRY60Lada6p9ZxppL608lSKVAQv9P3O5v82wT73hrcWOCTk0ilvI8DxWfzLknEEfrXZUlfeJNJ87Es1Iec-69Mc8wEAb0ORY20Tkt3AM4uxQm-GiV8UEs5zXBM8etXPvLsgVMm2mie0clDV9FgjRYM3_EC3_gQpnJR3fl00lvty5ok8N_bAhJZjqO5W0qJ5fM7eYS-xc5-HlykzThYoMncC1nYhox1jkLwQUn8vBBs7A87atyrCE-zmaFqViKj4aCwNEkggRCH4nvvxrNxAR1-aU7Lr6xNLtOJbZFWzgGl8V4RAqPwks-RxiKF24wqM_yb40pQVIfudMgp-4g0v9xbHlUFHx5fT3Veqkl-UGq_Ux2AWdg&refId=ELx9o%2FYWqyhhOVShmK6ihg%3D%3D&trackingId=S6pluJ8BS7Jw8jkc7mNeFw%3D%3D&trk=flagship3_search_srp_jobs,Data Scientist,Indonesia,"['git', 'agile']",2,2026-05-30T20:16:22.886080
4363059390,Actuarial Analyst- Exam - Indonesia- IDN,Milliman,"Jakarta, Jakarta, Indonesia (On-site)",,"About the job

Position Name

Actuarial Analyst

Division

Employee Benefits

Department

Employee Benefits

Grade

ANA-1

Direct Superior

Associate Consultant

Matrix Superior

Job Purpose

To assist Consulting Team with all aspects of consulting to our Clients, including the data validation, development and preparation of actuarial modelling and projections, and any related desk researches.

Roles and Responsibility


 Develop and analyze robust calculation basis from members data, financial data, plan benefit polices and proposal for actuarial assumptions.
 Develop and prepare the actuarial modelling and projections
 Work with other team members (including senior consultants) to resolve clients’ issues and prepare a good presentation for actuarial report.
 Prepare good project documentation in accordance with guideline and approved principles for good documentations.
 Communicate and build a good business relationship with client
 Prepare actuarial report as required
 Understand and keep update on pension regulations
 Assists any related desk researches related to projects done by Consultant Team
 Supports Consultants team as required
 Act based on Company's Procedures, Company's Ethics, Code of Conduct, and Practice Standards. Show highest Compliance
 Responsible for relevant tasks assigned by Superior.


Job Specifications

Qualifications & Requirements

Bachelor’s Degree in Mathematics / Actuarial Science with minimum GPA 3.5

Master’s Degree is a plus

Good understanding of MS. Office. Strong knowledge in MS. Excel & Macro

Strong time management skills

Strong quantitative and analytical skills

Good written and spoken communication skills (in English and Bahasa)

Organized, able to prioritize, and possessing a sense of urgency.

Self-motivated, and good interpersonal skills

Good at working both individually and in a team.

Certifications

Completion of at least 3 (three) Actuarial Exams (PAI or Equivalent) is a value added

Work Experiences

0-3 years total of experience in Actuarial Discipline

Consulting Industry exposure is a plus. fresh graduates are welcome",https://www.linkedin.com/jobs/view/4363059390/?eBP=CwEAAAGeeQM-KK7tHz-SlADoh_hPFiKznFazFkGgri4ZB0xDHscGGrPBzJz1_iw7ZJbXt1rLByP9vL1Pi9w6pnntUPH3uW1J13zDKPL-xNmPJTYZESadI6lKbwfeMaPH29B7pcbikqKrLJMYJj6qaL93EI57dwrJTPt2PGjwR0NaADGNcr31-pwX8vyzHc5NsFkqK4a2CadDGhTX3hS5lFL6w0F8h0KFH7tSwdCWG2Tc_QE5fb1k_eMm6sE1x3KdHow_YsiwlArXYX0Z36_7SU4kNjWOiDmsmRa08MNABZ7OlpN8SQFAtRVaIBpEMeuxmu-5lHDpsna_nuatP1YzdOAG4lRVDCvq_yKaFJIXIOl4Ava2vtyxyOVal1rrH0gzJhbm5Nu9pFrBmwpC0PX1AHRjjwFh45vdWAZe-wf5uM9YxH5ZZjQA5PmYZd5BXVGg0V57PNui7GdlRnIotvYPgYkAw9OibEj_32gt3MgtJ5STNfu09Q&refId=ELx9o%2FYWqyhhOVShmK6ihg%3D%3D&trackingId=UU6jJvLntDs5h2P89fv8cQ%3D%3D&trk=flagship3_search_srp_jobs,Data Scientist,Indonesia,[],0,2026-05-30T20:16:28.074479
4280107747,"Research Associate, Research",CLSA,"Jakarta, Indonesia (On-site)",,"About the job

Key Areas of Responsibilities

- Market and Industry Research

Collect, analyze, and interpret data on local and regional markets, industries, and economic trends.
Conduct primary and secondary research to gather relevant information for reports and presentations.




- Data Analysis and Management

Use various tools to process large datasets, identify patterns, and generate insights.
Maintain and update databases, financial models, and research databases for accuracy and relevance.




- Financial Modeling and Valuation

Assist in building and updating financial models to project company performance and valuation.
Support senior analysts in conducting company and sector valuations using various methodologies.




- Report Preparation and Presentation

Draft and assist in preparing research reports, industry briefs, and company snapshots.
Create visual aids such as charts and tables to enhance report clarity and impact.




- Monitoring and Tracking News

Stay updated with the latest news, earnings releases, and market developments relevant to Indonesia and ASEAN markets.
Summarize key updates and notify the team of significant events.




- Support for Client Communications

Help prepare presentation materials, pitch decks, and client updates.
Respond to client inquiries by providing relevant data and insights.




- Collaboration with Other Departments

Coordinate with sales, trading, and corporate teams to align research outputs with business needs.
Participate in internal meetings to discuss research findings and strategy.




- Compliance and Data Confidentiality

Ensure all research activities adhere to regulatory guidelines and company policies.
Maintain strict confidentiality of sensitive information.




- Continuous Learning and Development

Keep abreast of industry best practices, new research tools, and market developments.
Attend relevant training sessions and contribute to knowledge sharing within the team.




- Administrative Tasks

Maintain organized files of research reports, data, and references.
Assist in scheduling meetings and managing research-related documentation.




Requirements

Bachelor degree or above in business related discipline, preferably with finance and/or accounting major – from reputable foreign or local universities
Minimum of 1 year relevant experience
Strong analytical skills
Strong financial modelling and Excel/ spreadsheet skills
Excellent interpersonal sensitivity
High sense of commercial awareness
Excellent communication, relationship and management skills to both internal and external clients
Fluent in Bahasa Indonesia and English",https://www.linkedin.com/jobs/view/4280107747/?eBP=CwEAAAGeeQM-KBddBraA5KK651_QjEv75ya-hHhLWZDmHNd6W1mG4gXA_VzPtFP1crAIKdMwQtf99ZW7sSRqWUW2kXmSluuhj-RXy3cNLn70qqq5rXPfeMpUqk0CWJ9_hrDWrWoOyA60E6nOyO8WlpoAk67Cw3wnztrWjGncX8eOYh2XrMoWTM8KST_p9R8ogpG9-0ojoHlzsr_t7Jx9wwhE6kmTokOLiISjdkDJaGOTNU_wB67nsUr2iIS_X6NPeZBqkTv5moVfl_NB8oEZz69ZjKpmpPpOYa4y8zXYuzREp0AAAPZlXN2yCuH9qlmFHJMWvEMfPGINMe6g7AydmAc8E9gchDnch7Hi4Ye0XDCjusLOfMdziDDXZq144GPKtKXmvlh2sC07zZSRIFPrGb7V8Uc4eTnQ13td8eseEfLSq_B0lWQPaUFI4GwLkr0fJsf83aS4tOd47F-7Wqk_BC-hbegD2knKurX4DURiZiau0OlYNXViQOM&refId=ELx9o%2FYWqyhhOVShmK6ihg%3D%3D&trackingId=rKBPQULvzxrOQEcAazTFcg%3D%3D&trk=flagship3_search_srp_jobs,Data Scientist,Indonesia,[],0,2026-05-30T20:16:33.271371
4419130459,Sales Trainee,Odoo,"Tangerang, Banten, Indonesia (On-site)",,"About the job

Sales Trainee Program (Odoo Indonesia)

This is an intensive 6-month acceleration program for Fresh Graduates and early careers with a maximum of 1 year of experience. The program's objective is to sharpen your knowledge and skills to prepare you to become a future professional Business Advisors at Odoo Indonesia. The output of this program is that you will become a Business Advisor’s professional.




Duration & Activities: The 6-month development program includes basic training, sales training, business case, coaching/buddy, and mentoring from external speakers.
Work Experience: You will start handling the full sales cycle of Odoo ERP products as a Business Advisors Trainee from the third month until the sixth month.
Work Location: Willing to work from the office 5 days a week in BSD, Tangerang.




Recruitment Timeline

Application open (21st May - 2nd July)
First Assessment (6th July - 10th July)
Focus Group Discussion & Panel Interview (3rd-4th Week of July)
Short Business Case (1st-2nd Week of August)
Onboarding (2nd Week of September)




What's great in the job?

Unlimited Learning opportunities
Chances to take Odoo Certification Test
Supportive Environment




Requirements

Education: Candidate must have at least a Bachelor’s Degree or Master’s Degree from any major, graduated from a reputable university.
GPA: Minimum GPA of 3.30.
Experience: Fresh Graduate or a maximum of 1 year of professional experience.
Skills & Mindset:

 a. Must have good English skills.

 b. Interest in sales, consultative selling, and target oriented.

 c. Able to work in a team and open for collaboration with other teams.

 d. Good communication skills, own a customer first mindset, be self-driven, and have good logical thinking.",https://www.linkedin.com/jobs/view/4419130459/?eBP=CwEAAAGeeQValApOSHXy16j2AYd2dNxzFVEk_XK0Qf3V_9-rXHznKeG_n8Eh2yhNIL3xzvtvhrrxGJd3KemIqRNDIqypvkuvpjZZW7GbdULL8PSDXUCb-xGIYv8CdbHEi4TwdQRAGHfo754xRIsEODQhL72fARwW0TcsNIpZ9PB5zaQMHOeT6nwt8WJcdpMCouvOjZ7b8tovv4w26CYLp3u9ll7pLnRs6kV3uuwsv44EIkv2aZXBP5SdjmgPaIxcmCcZGNJ-3n1Xoa6zfS8yTh5tDLXuBOa_t1T2Tq3Utj6Owio5tPsH0Vh-qOj55zp4SqeX02SH3V2uAuISz5PgQPfwvMpsUlSxjxq6TtjtEdES5cwu6Ktz8WAwI9OCKfOq9qkG7D2yb-I6ItFjxt--JMMU_C2p4oYVh6cNzlll1-3JhYpD68M08z-NRsP97P_cxfiIfKfFVI4q2msT0qziH1pPAH5pMdJW23gKAMPnEMrIW_MhSQ&refId=xSrcTvbKv0p3irElA53k3g%3D%3D&trackingId=C1npj2niBhNHCq2MaU0KoQ%3D%3D&trk=flagship3_search_srp_jobs,Data Scientist,Indonesia,[],0,2026-05-30T20:16:51.555629
4418257049,Sales Operations Intern,Kenvue,Jakarta Metropolitan Area (Hybrid),,"About the job

Kenvue Is Currently Recruiting For a

Sales Operations Intern

What We Do

At Kenvue, we realize the extraordinary power of everyday care. Built on over a century of heritage and rooted in science, we’re the house of iconic brands - including NEUTROGENA®, AVEENO®, TYLENOL®, LISTERINE®, JOHNSON’S® and BAND-AID® that you already know and love. Science is our passion; care is our talent.

Who We Are

Our global team is ~ 22,000 brilliant people with a workplace culture where every voice matters, and every contribution is appreciated. We are passionate about insights, innovation and committed to delivering the best products to our customers. With expertise and empathy, being a Kenvuer means having the power to impact millions of people every day. We put people first, care fiercely, earn trust with science and solve with courage – and have brilliant opportunities waiting for you! Join us in shaping our future–and yours. For more information, click here.

Role Reports To

Senior Sales Data & Customer Development Manager

Location:

Asia Pacific, Indonesia, Jawa, Jakarta Raya

Work Location:

Hybrid

What You Will Do

We are looking for a highly motivated and detail-oriented Sales Operations Intern to support Customer Readiness Transition Project. This role plays a critical part in ensuring smooth handling of customer-related documentation and operational requests, helping to maintain efficient Order-to-Cash (O2C) processes and prevent potential sales disruption.

Project Scope

The internship focuses on supporting Customer Readiness Transition Project, including handling various customer-related requests such as:


Official letters for business agreements
Program mechanisms (TMB/SKP)
Return commitments
Other legal and operational documentation


The intern will assist in structuring, monitoring, and prioritizing these requests to ensure timely and well-organized execution.

Key Responsibilities


Collect, document, and organize all incoming customer-related requests
Categorize requests based on urgency and priority levels
Coordinate with internal stakeholders to ensure smooth execution
Monitor progress and follow up on pending requests
Maintain structured documentation to support operational transparency
Help ensure alignment across teams to prevent inefficiencies in O2C processes


Requirements


A third or fourth year student from a reputable university (any major; Business Administration, Law, or Economics preferred)
Basic understanding of project management principles
Proficient in Microsoft Excel (data tracking, reporting, and organization)
Strong attention to detail and organizational skills
Excellent communication and coordination abilities
Proactive, responsible, and able to work collaboratively across teams


What You Will Gain


Hands-on experience in project coordination and customer operations
Exposure to business process management (O2C flow)
Opportunity to work cross-functionally (Sales, Legal, Operations)
Development of analytical, organizational, and stakeholder management skills


If you are an individual with a disability, please check our Disability Assistance page for information on how to request an accommodation.",https://www.linkedin.com/jobs/view/4418257049/?eBP=CwEAAAGeeQValNSTtnVQMkAW9lV7tOkA51p816G3q62WHhHvsIE9b2-LiWnV3auCutLktRwLhlPlqZvuGcuDZT_MO53MXlJf-LhKuZMLz56ZCDuaiuRvXkbWEr-pLKY-iC9QdtXfdmoFFbXzVOcUYGhZ_u5Zzq6opqVGnKJTarUlgQ5sq2OgQJy2ojQ_ZHtHm7kOVeLp2gqHOcrvmI5WXn6LvR3tbchhpXos5lYQGifJ7WKXu1ZeRvdC3vKQq8zLLeM7O0qKxuh1e0aMeKAdiz-fskcVnq5N1ZRnE0UgMS5f1P5hmfE7sODTap7vFKcqANISi-xm2OE1EE8xFVmqp4Yr2r5GAn_NdI4auXp002FAWLsWWJNfIwisuDK8niCdmovOYfNgRzbZvU6N25S3NDenqqATtp5e_0O5wEy6Sg9pa0yqo-RX8iD0558ltBXHiZ_kxTfgil7fKydUmtoVJafzqQP2HThJM4cZ9sVEmnhTj2Cig48Jdru2BF4wlbu9d-rECppf&refId=xSrcTvbKv0p3irElA53k3g%3D%3D&trackingId=3rEThFZB2ggxQ65mzncdPQ%3D%3D&trk=flagship3_search_srp_jobs,Data Scientist,Indonesia,"['rust', 'vue']",2,2026-05-30T20:16:56.741433
4419180092,Intern [GIP] - Corporate Functions,Grab,Jakarta Metropolitan Area (On-site),,"About the job

Company Description

About Grab and Our Workplace

Grab is Southeast Asia's leading superapp. From getting your favourite meals delivered to helping you manage your finances and getting around town hassle-free, we've got your back with everything. In Grab, purpose gives us joy and habits to build excellence, while harnessing the power of Technology and AI to deliver the mission of driving Southeast Asia forward by economically empowering everyone, with heart, hunger, honour, and humility.

Job Description

Grab Internship Overview & Role

Be a part of an exciting internship that last 4.5 Months from July 2026 - December 2026.

Work placement may be vary across Indonesia, ie, Jakarta, Medan, Palembang, Surabaya, Bali, Semarang, Yogyakarta, where Grab operates.


You will be reporting to the team manager and will based on-site.
You will establish relationships with multiple team members through managing people, communication, public affairs, legal, finance & accounting, or any other general services. The output expectation is to provide an excellent service to support the operational teams and our overall efficiency.


Qualifications

What Essential Skills You Will Need


Minimum GPA of 3.25 and coming from reputable universities
College students or fresh graduates with a background in Management, Finance, Accounting, Law, Public Policy Management, Psychology, Administration, Political Science, International Relations or other similar majors.
Experience operating Microsoft & Google Suites
Proficiency in English both in written & verbal.


Additional Information

Additional information

Life at Grab

We care about your well-being at Grab, here are some of the global benefits we offer our Interns:


Comprehensive training and personal development programs: You will develop your soft skills and hard skills curated for you
Mentoring by the Grab Leaders: You will be accompanied by a team of experienced leaders during the internship program
Government Medical benefit: We have you covered with 3 BPJAMSOSTEK programs
Engagement and networking activities: You will participate in fun & interactive engagements that not only entertain but also provide valuable networking opportunities
Balancing personal commitments and life's demands are made easier with our Flex Work arrangements such as differentiated hours


What We Stand For At Grab

We are committed to building an inclusive and equitable workplace that provides equal opportunity for Grabbers to grow and perform at their best. We consider all candidates fairly and equally regardless of nationality, ethnicity, race, religion, age, gender, family commitments, physical and mental impairments or disabilities, and other attributes that make them unique.",https://www.linkedin.com/jobs/view/4419180092/?eBP=NOT_ELIGIBLE_FOR_CHARGING&refId=xSrcTvbKv0p3irElA53k3g%3D%3D&trackingId=8N44sOasgPtJty055IwAGg%3D%3D&trk=flagship3_search_srp_jobs,Data Scientist,Indonesia,[],0,2026-05-30T20:17:01.759945
4416805016,Category Analyst - Business Development (Contract-based),Shopee,"Jakarta, Indonesia (On-site)",,"About the job

Job Description


Assist and coordinate with Shopee’s Relationship Management and Merchandisers within the category.
Analyze seller’s progress, activities, sales performances, and category initiatives to drive transaction and revenue performance.
Assist analysis of category product & seller performance.
Work on ad-hoc projects and assignments.


Requirements


Bachelor’s degree and above from all majors.
Fresh graduates are welcome.
Basic proficiency in English is required.
Good knowledge of the e-commerce industry.
Proficiency in using Microsoft Excel will be an advantage.
Self-motivated with the ability to work independently or in a team.",https://www.linkedin.com/jobs/view/4416805016/?eBP=CwEAAAGeeQValXwtmYwOgve8XsgmlLn_o-GckskAICCi-QXWFg8AhbTrgb_XRo_gFuS4zYGBpz7aoZ-qFoCoKJWqOehkEevEhH9OSa7MtVOHE9EiLifUtWkmIYo_NjVBH6ThVaUlLqj_atLU61LHFZYJsOX9ZtP54VbwtU3q635y-46GYONO3M4A39-FdeBVUmZHSC68qKtHFffHV2Jl3LXHGqD3mZmh7p-lTngjOy6fivb6GQ3LDQJl9kr4SAjb9C7UYvH5noe420uvBKL88V19CGuoNgmG5kzXgg16kETT667a2IWNFh5ovc0cG4XzggdlhDMg42U2VZN6A6eVwqD264Ddda6cJapRvMD3sdwEUgQw331oczfBJ46ucnPcHte2KOKls0mWDpdncf8r4eSYdQwX8Rg8xB878CMlyUZ4n5hNSEyPhfCn9vwdigVgk5HoY7xsj9ok6ztzJajM&refId=xSrcTvbKv0p3irElA53k3g%3D%3D&trackingId=3U7g%2FeLAnGmDqKPwvlnN8Q%3D%3D&trk=flagship3_search_srp_jobs,Data Scientist,Indonesia,[],0,2026-05-30T20:17:06.733639
4420234502,Management Trainee Operation (Talent Pool),Arista Group,"East Jakarta, Jakarta, Indonesia (On-site)",,"About the job

TALENT POOL

Management Trainee (MT) Operations – Arista Group

📍 Jakarta & Branches Nationwide

⏳ 12-Month Structured Development Program




About Arista Group

Arista Group is one of Indonesia’s leading automotive dealership companies, established in 2003 as an authorized multibrand dealer providing integrated automotive solutions, including vehicle sales, after-sales services, rental, auction, and mobility solutions. With more than 150 sales points across Sumatra, Java, and Kalimantan, Arista Group continues to grow as a trusted automotive business ecosystem in Indonesia.




Arista Group represents a wide portfolio of leading automotive brands such as BYD, Denza, Honda, Hyundai, Mitsubishi, Suzuki, Wuling, Mercedes-Benz, Yamaha, Hino, and Farizon. 

Driven by its core values “T.R.U.S.T” and a strong commitment to operational excellence, Arista Group focuses on developing high-performing talents and future leaders who are ready to contribute to business growth, innovation, and the future of the automotive industry.




About the Program

The MT Operations Program is a 12-month intensive development program designed to prepare future leaders and operational specialists across various strategic functions within Arista Group.

This program provides hands-on learning and direct exposure in Sales Operations, Logistics, Warehouse Management, Sales Planning, and Branch Operations through cross-functional rotations at both Head Office and branch offices. Participants will also be involved in project-based assignments focused on business and operational development.




Qualifications

Bachelor’s degree in Industrial Engineering, Management, Economics, or other related fields
Open to fresh graduates and candidates with a maximum of 2 years of working experience
Strong analytical and problem-solving skills
High learning agility and leadership potential
Good communication and coordination skills
Strong interest in the automotive industry and operational management
Willing to be placed at Head Office (Jakarta) or Arista Group branches across Indonesia




Why Join Arista Group

Accelerated career path toward leadership positions in Operations
Direct mentoring from functional leaders and Branch Managers
Exposure to large-scale dealership operations with multi-branch networks
Structured development program with performance-based evaluations
Opportunity to be involved in improvement projects with direct business impact




✨ If you aspire to build a long-term career in operations and grow into a future leader within a dynamic automotive group, we encourage you to apply.",https://www.linkedin.com/jobs/view/4420234502/?eBP=CwEAAAGeeQValX7xZ5QsrPJtu8DyTMRqJrwevZ43vuzUi-InBEw4_qWaPqcvfQgfb-MZ9NwTs4O1QZoRuPXPC50LhfiU-zOdAmetQ7l-deNlPnxOpzbk-T8Y43Z2Aq7Q1l7Q2nz0IwijhPwSJMvO4YOGT0e8egEtEo346C7GmNyntV8d-br96skzTURmuN1D0oFHwtLNcbUeZOI8PlRHHcn5TXNaGIOEqtsXr4-TMfPogtqX1tMoYYVGYobNUtptoCqpQtC4HH4CV6VKdcen8uahWx2fm2goAoLmQ5sMEgFATeW3kszXdJ4aBUYTs_uywz1gU0q5d5EmCwQc3o9X022pwaek6pT3yQ6gDJwX3wwtFwGeHSgzOMzgLZ1OqQjHIx289Yz7fCwwgAI67voreF8oT6IS6kk8vgBhpR6o5W8AwiDizbI0GuN78tpgUPl5d79Ob1ewGaEJQj2xnKhd2AAh4ZxYZcIaSSy7aLM1WIQdnsWS0gutS49O6Qa3K9AjalesqA&refId=xSrcTvbKv0p3irElA53k3g%3D%3D&trackingId=suZzG93KJlO%2BqxJzK%2BCt%2BA%3D%3D&trk=flagship3_search_srp_jobs,Data Scientist,Indonesia,"['rust', 'java']",2,2026-05-30T20:17:11.804005
4415214538,Business & Clinical Support Intern – Diagnostic Imaging.,Siemens Healthineers,Jakarta Metropolitan Area (On-site),,"About the job

Do you want to contribute to the future of healthcare? As Siemens Healthineers values those who dedicate their energy and passion to this cause, our company’s name is dedicated to our employees. It’s their pioneering spirit, blended with our long history of engineering in the ever-evolving healthcare industry that truly makes us unique as an employer.

We offer you a flexible and dynamic environment and the space to stretch beyond your comfort zone in order to grow both personally and professionally. Sound interesting?

Then come join us, as a Business & Clinical Support Intern – Diagnostic Imaging.

Your tasks and responsibilities:


Assist in monitoring and managing sales-related data across multiple modalities, ensuring data accuracy, accessibility, and timely updates to support business reporting.
Support the existing team in daily coordination activities related to ongoing sales initiatives.
Collect and organize clinical images for use in product presentations and marketing materials.
Support the development of clinical pathway materials through proper clinical image documentation.
Ensure all patient data is anonymized in full compliance with privacy and regulatory standards.
Collaborate with cross-functional teams, as well as Clinical Image Collection to ensure smooth day-to-day operations.


Your qualifications and experience:


Currently pursuing a degree in Biomedical engineering, Business Administration, Health Sciences, Medical Imaging, Data Management, or a related field (students from other disciplines are also welcome to apply).
Able to commit to a minimum 3-month part-time internship.
Previous internship experience in data management, healthcare, or administrative support is a plus.


Your attributes and skills:


You are proficient (spoken and written) in Bahasa Indonesia and English and possess good communication skills.
Proficient in Microsoft Office applications, particularly Excel, PowerPoint, and Word.
Proficient in DICOM Viewer software for viewing, managing, and organizing clinical imaging data.
Strong attention to detail with the ability to handle and maintain data accuracy and confidentiality.
Understanding of or willingness to learn data privacy and regulatory compliance standards related to patient data.
Highly proactive, well-organized, and a strong problem solver when facing challenges.
Team player, able to manage multiple tasks, perform well under pressure, and contribute positively to team operations.


Our global team:

We are a team of 66,000 highly dedicated employees across more than 70 countries passionately pushing the boundaries of what’s possible in healthcare to help improve people’s lives around the world. As a leader in the industry, we aspire to create better outcomes and experiences for patients no matter where they live or what health issues they are facing. Our portfolio, spanning from in-vitro and in-vivo diagnostics to image-guided therapy and innovative cancer care, is crucial for clinical decision-making and treatment pathways.

Our culture:

We are part of an incredible community of scientists, clinicians, developers, researchers, professionals, and skilled specialists pushing the boundaries of what’s possible, to improve people’s lives around the world. We embrace a culture of inclusivity in which the power and potential of every individual can be unleashed. We spark ideas that lead to positive impact and continued success.

To find out more about us, have a look at https://www.siemens-healthineers.com/en-id

We care about your data privacy and take compliance with GDPR as well as other data protection legislation seriously. For this reason, we ask you not to send us your CV or resume by email. We ask instead that you create a profile in our talent community where you can upload your CV. Setting up a profile lets us know you are interested in career opportunities with us and makes it easy for us to send you an alert when relevant positions become open. Click here to get started.

To all recruitment agencies: Siemens Healthineers does not accept agency resumes. Please do not forward resumes to our job’s alias, employees, or any other company location. Siemens Healthineers is not responsible for any fees related to unsolicited resumes.",https://www.linkedin.com/jobs/view/4415214538/?eBP=CwEAAAGeeQValYeNUFFNl9xgt5_97MZlDstfwgDKvB0ZX7vAvIyGE9yhh1w1SRkvaKdSWFppVCBSeT9StLt9OFB0rgnbZgpk1MCZwsG9-nwwpuakcGD3HuWDzx6DOSH23v6Li_eCiQWA-NWWFH_yzwS6jDhJhHpZMSu9X7DeYxdyh9AaohKSllva_MfA91kITc5BbnE_d4QSNKpbnUjpkLqok05atwEpP9kupqc0d9YIYPw_Su7Fq0pzjDKu1ICgTv5ULkrwuCIdoOf5cusy92TalHj6yxpKQOLM78cx_VBUwl3qph4AXlsKob43Q6IF4IDiQ_HOYoSoNYxxHenSSQlQi2Bs1pLpFR4kljkwdzRoHwPtMj63iYlGAuIMFlG0UHIyfQ8a5FQ3uxmLe6F4Z1y3KilkuJ-yisqn2pzxhz4wq5We7if4wVsLb-y0pxfZ64VYu3ky1pZ-ASb4jSCW5zoeySl0tjsbKNFNisUsSa5V3iK9pA&refId=xSrcTvbKv0p3irElA53k3g%3D%3D&trackingId=btJEWPQUdWpqIrlvw4RESQ%3D%3D&trk=flagship3_search_srp_jobs,Data Scientist,Indonesia,['spark'],1,2026-05-30T20:17:16.846949
4417898436,FMCG (Beauty & Personal Care) Category Strategist - Project Intern (TikTok Shop) - 2026 Start (BS/MS),TikTok,"Jakarta, Jakarta, Indonesia (On-site)",,"About the job

Responsibilities

In particular, the e-commerce industry has seen tremendous growth in recent years and has become a hotly contested space amongst leading Internet companies, and its future growth cannot be underestimated. With millions of loyal users globally, we believe TikTok is an ideal platform to deliver a brand new and better e-commerce experience to our users.

As a project intern, you will have the opportunity to engage in impactful short-term projects that provide you with a glimpse of professional real-world experience. You will gain practical skills through on-the-job learning in a fast-paced work environment and develop a deeper understanding of your career interests.

Applications will be reviewed on a rolling basis - we encourage you to apply early. Successful candidates must be able to commit to at least 3 months long internship period.

About The Team

The Beauty & Personal Care (BPC) Category & Account Management team is part of TikTok Shop x Tokopedia's Indonesia Operations, responsible for driving category growth and commercial strategy across one of the most dynamic verticals in Indonesia's e-commerce market. The team works closely with brands and sellers to accelerate their presence and performance on the platform.

Responsibilities:


 Own day-to-day performance data tracking and monitoring to support data-driven decision making across the category.
 Partner with the Category Lead to review and track the progress of key projects, ensuring milestones are met and blockers are surfaced in a timely manner.
 Collaborate with Account Managers to follow up on daily tasks and maintain execution standards across accounts.
 Conduct daily price competitiveness analysis to ensure the category remains commercially positioned against market benchmarks.
 Monitor real-time campaign and project performance, and maintain comprehensive post-campaign evaluation reports to drive continuous improvement.
 Provide support on ad-hoc initiatives and cross-functional tasks as required by the team.


Qualifications

Minimum Qualifications:


 Proficient in Microsoft Excel, with the ability to manage and analyze data effectively.
 A proactive self-starter with a strong sense of ownership and the initiative to drive tasks forward independently.
 Currently pursuing a Bachelor's degree in relevant related courses


Preferred Qualification:


 Prior internship experience in e-commerce, retail, or brand/marketing environments is a strong advantage.


If you have any questions, please reach out to us at apac-earlycareers@tiktok.com

Job Information

About TikTok

TikTok is the leading destination for short-form mobile video. At TikTok, our mission is to inspire creativity and bring joy. TikTok's global headquarters are in Los Angeles and Singapore, and we also have offices in New York City, London, Dublin, Paris, Berlin, Dubai, Jakarta, Seoul, and Tokyo.

Why Join Us

Inspiring creativity is at the core of TikTok's mission. Our innovative product is built to help people authentically express themselves, discover and connect – and our global, diverse teams make that possible. Together, we create value for our communities, inspire creativity and bring joy - a mission we work towards every day.

We strive to do great things with great people. We lead with curiosity, humility, and a desire to make impact in a rapidly growing tech company. Every challenge is an opportunity to learn and innovate as one team. We're resilient and embrace challenges as they come. By constantly iterating and fostering an ""Always Day 1"" mindset, we achieve meaningful breakthroughs for ourselves, our company, and our users. When we create and grow together, the possibilities are limitless. Join us.

Diversity & Inclusion

TikTok is committed to creating an inclusive space where employees are valued for their skills, experiences, and unique perspectives. Our platform connects people from across the globe and so does our workplace. At TikTok, our mission is to inspire creativity and bring joy. To achieve that goal, we are committed to celebrating our diverse voices and to creating an environment that reflects the many communities we reach. We are passionate about this and hope you are too.",https://www.linkedin.com/jobs/view/4417898436/?eBP=CwEAAAGeeQValeIqmt6AemqSZPeCZQsG2LX-M96Sxx-5NQpMTAmNZn-OyepkUPuH6Oc-8AtQ_1ZXX_-HldkkW8khqqQEzSHlqkyFpp4AuUh_7cHIPGKCBmjlrEH-EtpO2eHcQWz648p6CteVMaZN-tN4Px9BuLoACBZ09fPnzRN-HCS0MX82zgSw6XckIniHBf-JfTTi8B3c71SqAGQtQm89ycOSwpkoRNSIYYPjbrY16TGOHiADMSGYvaZVlZ21Maa09yrY00HukyCqp3lrGI9ohjl-ZcV8Da6KnZkvFUyWJ6KGVQtMKHvTap-ZQ2kAfK1EnXnKa8liEK45Ki_PZGvqkmmMpRqmlR3vSmWv1HHoHX_h5Aw44pjA3ox8G6cd2TP8EmrcKaEYDDrK0ToqmQWLn6vAn29MRcvbiLH3Jwqapo5EptRVASzm5px_oOybGDGnacwQ8Xt7KzZgec2ElS_StChhl2qdazB-KHgddaI_hKs9_e6X9MyLD0YEtCv2_iWWPtCy&refId=xSrcTvbKv0p3irElA53k3g%3D%3D&trackingId=63GZdZexTR11CwmrdONrmA%3D%3D&trk=flagship3_search_srp_jobs,Data Scientist,Indonesia,"['ios', 'express']",2,2026-05-30T20:17:21.879643
4346504878,Product Operations (S&R&A&C) - Sea Labs,Sea,"Jakarta, Indonesia (On-site)",,"About the job

About the Team:

Sea Labs is at the core of the Sea platform development, supporting diverse business lines from e-commerce, supply chain, games, payment, and finance, among many others. The strong growth and unique positioning of Sea's e-commerce business, Shopee, spurred the launch of Sea Labs Indonesia. Since its inception, passionate engineers have charted the course to drive the best experience for our users in Indonesia, many of which solutions are even adapted to other regional markets.

Sea's hyper-growing business scale has transformed most ""innocent"" problems into huge technical challenges, and there is no better place to experience world-class projects first-hand if you love technologies as much as we do. Together with our passionate and driven teams, you'll get to develop your skills, build on industry knowledge, and collaborate with global teams in a dynamic space. Browse our Sea Labs Indonesia team openings to see how you can make an impact with us

About the Team:

Shopee Search & Recommendation team provides AI-based online services to our users. Behind the scenes, these services are powered by petabytes of data, numerous state-of-the-art machine learning algorithms, sophisticated and scalable service architectures, and creative business strategies. We create intelligence from massive seemingly nebulous data and turn innovative ideas into tangible products. We keep on breaking our systems’ limit to keep pace with Shopee's fast-growing business. We aim to deliver a “smart” shopping experience on users’ next click.

Job Description:


Bridging between local teams and regional Product Managers to assess all aspects of Content feature requirements from both business and product perspectives
Ensure the operational aspects of the feature development with the local team to support the timeliness of the deliverables of the features
Ensure smooth communication for new feature development & localization to local teams, such as conducting A/B testing and troubleshooting
Manage requests from internal stakeholders, support the end-to-end product operations from project planning, and execution, to reporting and measuring of performance related to content
Ensure daily workflow tasks are completed with good quality within designated timelines
Explore content products trends by conducting regular research and analysis of market
Drive the enhancement of the overall feature performance and user experience to achieve higher impact with developers and product managers



Requirements:


At least 1-2 years of experience in operational roles, or working with cross-functional teams is a plus
Bachelor’s degree across all disciplines
Have a track record of delivering results
Strong execution skills, attention to detail, ability to innovate and optimise business processes
Strong ownership, bias towards actions, get things done independently
Strong communication, especially in complex business/technical information verbally and in writing
Able to work in a dynamic environment with multiple parties involved
Analytical and quantitative reasoning with good critical thinking and data-based decision-making skills
Good command of Excel/Google Sheet. Basic knowledge of SQL",https://www.linkedin.com/jobs/view/4346504878/?eBP=CwEAAAGeeQValcf3gDtoaB-xxk4CMDvDhybaNxDcZRSZQ9GN5UonjujWO9btxLE-1qX1AHna682jH61CRnbZu2rZPa3K3fUAG0bP44ldRrwmqLrjp4DbsVgQDfVmuGayErCNmJpyWa_Dh3btchuYMZZGrPaY-6ZUORVSIzN1gFP71CuU773qeLXp-xCmbhKkBG3pW93UiGzb-BKBZX6BWmYrGQ9ploVz2YJ2AzNKzZtO_FYwFJ88DZ4_sJUpsO3FpIg4WlnvplW6jioceIGoZKWsTUW0JUwol1hW-VQNRyRrLBRTB3caNkn_Ig5fW_nWYN8Fnv10HiZOg9lmD89AIeYpgLKR3L4PH7klhIlSMx8EhWYHwWO13asV98vzJ8b658LetNPgc2Mt7eElej9F301WkzIkUksMvU7ZGtU1dRO56Ms_C6AXFmWykNEssKkMKocB-pblZzJTaG_OgRELzE-QuL1XWrmqb9qhCNXBBMy_t5oWubPlXA8hU2AgKoXhoRMLaiTf&refId=xSrcTvbKv0p3irElA53k3g%3D%3D&trackingId=odnoLcLe2TJkN3unuPSHrQ%3D%3D&trk=flagship3_search_srp_jobs,Data Scientist,Indonesia,"['scala', 'sql']",2,2026-05-30T20:17:26.974581
4417863247,Cost Control Officer,MSC Mediterranean Shipping Company,"Jakarta, Indonesia (On-site)",,"About the job

MSC Mediterranean Shipping Company is a global business engaged in the shipping and logistics sector. Present in 155 countries, MSC facilitates international trade between the world’s major economies, and among emerging markets across all continents.




Founded in 1970 and headquartered in Geneva, Switzerland, since 1978, MSC is a privately-owned organization driven by the Aponte family. A world leader in container shipping, MSC has evolved from a one vessel operation into a globally respected business with a fleet of 570 vessels and more than 100,000 staff.




MSC delivers goods and services to local communities, customers and international business partners. With access to an integrated global network of road, rail and sea transport resources, the company prides itself on delivering global service with local knowledge.




Through a network of 524 offices, MSC ensures that shippers can talk directly to our representatives, as well as using a variety of e-business solutions for digitalized cargo bookings. Responding to the needs of our customers, MSC is a major driving force behind the evolution of smart containers in our industry, helping to set the standards for digital shipping.

MSC calls at 500 ports on 215 trade routes, carrying some 21.5 million TEU (twenty-foot equivalent units) annually, via a modern fleet, equipped with the latest green technologies.




Over the years, MSC has diversified its activities to include overland transportation, logistics and a growing portfolio of port terminal investments. Today, our focus remains true to our roots and we continue to build and retaining long-term trusted partnerships with customers of all size and scale.




We are pleased to announce an opening for the position of Finance Officer (Cost Control) based in Jakarta, Indonesia.




There will be opportunities for MSC to invest in your professional journey for excellence.




Key Responsibilities:

Collect, verify, and recap all feeder vessel, logistics, and operational costs in the PVE (DA, GA & LLIE) reports (Excel) for Jakarta and all branch ports. 
Submit PVE (DA, GA & LLIE) reports in the TMS System for all relevant ports. 
Input actual amounts and invoice numbers into DA, GA, and LLIE reports for all vessel and logistics costs. 
Check actual invoices from vendors, assign DA/GA/LLIE numbers, and coordinate with the AP team for SAP uploads and TMS (ECR) dispatch. 
Reconcile and verify all actual feeder vessel and logistics costs reflected in TMS (ECR), and submit final GA & LLIE reports. 
Calculate freight tax and submit reports to the Tax Department. 
Create SD Billing related to Ship Management costs. 
Update account codes per actual movement in ECR (TMS) for all ports. 
Recap all advances from the Operations Department to vendors, check costs per vessel based on agreements, and report to the Assistant Manager. 
Double-check all vessel-related costs, feeder, Logistics and operational costs for correct account codes, create voucher numbers in ECR (TMS), and submit DA, GA and LLIE. 
Maintain and update folders (DAGALLIE), vendor invoice lists, and manage invoices received via email and hardcopy. 
Ensure all costs are recorded in accordance with approved tariffs and company policies.




Requirement:

Candidate must possess at least Bachelor's Degree in Accounting from reputable university
Minimum 1 year of experience in Finance Department. 
Excellent knowledge in financial planning and cost control 
Knowledge of shipping/logistics business process
Good English proficiency both verbal and written
Strong sense of innovation and ability to generate new ideas.
Result-driven and customer-focused.
High attention to detail and accuracy.
Strong analytical and problem-solving skills.
Ability to work independently and as part of a team.",https://www.linkedin.com/jobs/view/4417863247/?eBP=CwEAAAGeeQValZRneVP8xYPaLhp9I_9ZI6TxkBdAa5_suWyA866Ivq31OKBYJfPPm2HobGQ23FOa1KbJD7djgBHXMAjItCQT7jIdHd2t8GClK6MZqt4ROaRO75QCRilYy80wwNsBbwkn-cqV5J198uQpHTq9M64P6d9a67GRp06brfXFmtBEe2NH0FgLNLvybIg0v3AOtbm7wnOEF_X--wYc3kJDBVS2gUcOp4rfi1LxZ8La4PWy4EAd7KJn-TQHA7X5_NyWXPeLH6NONBKsyXQSSlEiGN_UUHyaIKw9BRvkMjzhqk6L43cwUVrKRQ9svTUwZZ8uqo84p3J15z99djy7ITLxZXsGnTI7k-sP3TM4u31UAK7NRT64fzW4wxcwIYXlglG8fSiZibrfEzoHFLFBb9P31QPFxcWSETu1Xha31zH2Fe14RMwAkBGtsDIppinnY8CzeAisJ4XC7NovU69cSKiNVbprvGxphZP-xJtnTgo&refId=xSrcTvbKv0p3irElA53k3g%3D%3D&trackingId=Y7RJ9OqWGRgq32bLxGnlmA%3D%3D&trk=flagship3_search_srp_jobs,Data Scientist,Indonesia,"['rust', 'git']",2,2026-05-30T20:17:32.047914
4409268799,Customer Success Manager Project Intern (Lark APAC) - 2026 Start (BS/MS),ByteDance,"South Jakarta, Jakarta, Indonesia (On-site)",,"About the job

Responsibilities

About the team:

Customer Success team is laser-focused on putting our customers at the heart of everything we do. We don’t just solve problems – we anticipate needs, offering tailored solutions that help our customers achieve their unique goals. Fueled by a deep understanding of their challenges and needs and powered by data, we’re here to ensure our clients thrive in every step of their journey. With empathy, expertise, and a commitment to going above and beyond, we’re dedicated to being true partners in our customers’ growth journey.

As a project intern, you will have the opportunity to engage in impactful short-term projects that provide you with a glimpse of professional real-world experience. You will gain practical skills through on-the-job learning in a fast-paced work environment and develop a deeper understanding of your career interests.

Applications will be reviewed on a rolling basis - we encourage you to apply early.

Responsibilities:


 Collaborate with the team to develop high-quality documentation and training materials for onboarding new customers.
 Be the go-to person for answering basic customer questions and providing clear, helpful support.
 Lead standard training sessions for small and medium-sized enterprises, helping them maximize the value of our solutions.
 Manage batch operations for customers, ensuring a smooth and consistent experience.



Qualifications

Minimum Qualifications:


 Currently pursuing an undergraduate or postgraduate degree, preferably with a focus on Business, Marketing, or a related field.
 Fluency in written and spoken English is needed to manage stakeholders in the APAC market.
 Strong communication and interpersonal skills, with the ability to clearly explain concepts and solutions.



Preferred Qualification(s):


 Proactive, resourceful, and able to manage multiple tasks in a fast-paced environment.
 Detail-oriented with excellent organizational skills to manage documentation and client interactions effectively.
 A team player with a customer-first mindset, eager to learn and contribute to customer success initiatives.



If you have any questions, please reach out to us at apac-earlycareers@bytedance.com

Job Information

About Lark

Lark is the next-generation collaborative tools that boost organizations' efficiency, creativity, and engagement by integrating Messenger, Docs, Calendar, Video calls, Emails, and more into one easy-to-use app.

Why Join ByteDance

Inspiring creativity is at the core of ByteDance's mission. Our innovative products are built to help people authentically express themselves, discover and connect – and our global, diverse teams make that possible. Together, we create value for our communities, inspire creativity and enrich life - a mission we work towards every day.

As ByteDancers, we strive to do great things with great people. We lead with curiosity, humility, and a desire to make impact in a rapidly growing tech company. By constantly iterating and fostering an ""Always Day 1"" mindset, we achieve meaningful breakthroughs for ourselves, our Company, and our users. When we create and grow together, the possibilities are limitless. Join us.

Diversity & Inclusion

ByteDance is committed to creating an inclusive space where employees are valued for their skills, experiences, and unique perspectives. Our platform connects people from across the globe and so does our workplace. At ByteDance, our mission is to inspire creativity and enrich life. To achieve that goal, we are committed to celebrating our diverse voices and to creating an environment that reflects the many communities we reach. We are passionate about this and hope you are too.",https://www.linkedin.com/jobs/view/4409268799/?eBP=CwEAAAGeeQValcMkV3xGT8ctMEFqrtgTW-v08J41a3Xyah4kL7H_GtCPfdOFbwdT6kYQ9Bj1CzUSh9UhioFDR-78GBlJdV-NfNNMYDhpI5u0dZLmbkjyBXdWk7qpsjJBhulFDE677lUh0dBp43FUDS7alB8NeSX9aOwkHO8Itv4XwXTnW-WoPXq75giZnMBIwBTuw-Vg50X6JtZkzJ1xiD5ue2cJkajUbOMMQp_Dk4QD6aU_RfBaABqF8A0oV8Aed4x1oYiKlafxatq4UOajGx_y33EFzvkKbBi1EzRsU2Cr5EJ8-CEDYvnEeRVbhVm5-BEIx4DBbZJxNfc-Gehlqa0lm9ZanRzFymf6PdYm7qGL1iAws1rTI8delM3xZdJ01tQZT29-RW5nsKF5jUQHiQ64hXLqRINsyUxyKx5LG0VoZwYI3FDcPobvOrBpuKlFtrRqROSTfrAeQzern_ZY0aqnmlDj_DnujR4_VckD66ethhkwjQ&refId=xSrcTvbKv0p3irElA53k3g%3D%3D&trackingId=pojWe2TQe8e90mkyB84R9A%3D%3D&trk=flagship3_search_srp_jobs,Data Scientist,Indonesia,"['ios', 'express']",2,2026-05-30T20:17:37.110293
4326820990,GoTo Financial - AI Linguistic Voice Intern,GoTo Group,"Jakarta, Jakarta, Indonesia (On-site)",,"About the job

About The Role

We’re looking for Indonesian Literature students to join us as AI Linguistic Voice Interns for an upcoming AI project. You’ll contribute high-quality voice samples that will help train and improve our internal AI models. This internship gives you the chance to be part of an innovative project and gain firsthand exposure to how AI technologies are developed and refined.

What You Will Do


Record your voice to help power and improve GoTo’s internal AI voice models. (Your voice data directly contributes to training and strengthening our Indonesian language capabilities!)
Read and recite provided Indonesian scripts clearly and consistently according to project guidelines.
Review and re-record segments when needed to ensure accuracy and quality.
Provide feedback if you encounter unclear scripts or pronunciation challenges.
Collaborate with the project team on timelines, file submissions, and quality checks.


What You Will Need


Pursuing or holding a degree in Sastra Indonesia or Pendidikan Bahasa dan Sastra Indonesia, or a closely related field.
Strong communication skills for effective collaboration and documentation.
Ability to work independently and as part of a team.
Willingness to learn and adapt in a fast-paced environment.
Ability to provide constructive feedback and contribute to team discussions.
Paid Internship and Laptop provided.


About The Team

You’ll join the GoTo Data Science team—a group dedicated to building machine learning solutions that keep GoTo’s digital payment ecosystem safe and reliable. Our team combines expertise in math, statistics, and machine learning to solve real business challenges for GoPay. We work collaboratively, learn from each other, and share ideas through team discussions, internal forums, and regular knowledge-sharing sessions.

About GoTo Group

GoTo is the largest digital ecosystem in Indonesia. GoTo's mission is to 'empower progress' by offering technology infrastructure and solutions that help everyone to access and thrive in the digital economy.

The GoTo ecosystem provides a wide range of services, including mobility, delivery, payments, financial services, and technology solutions for merchants. The ecosystem also provides e-commerce services through Tokopedia and banking services through its partnership with Bank Jago.

About Gojek

Gojek is Southeast Asia’s leading on-demand platform and pioneer of the multi-service ecosystem with over 2.5 million driver partners across the regions offering a wide range of services such as transportation, food delivery, logistics and more. With its mission to create impact at scale, Gojek is committed to resolving consumer problems and raising standards of living by connecting consumers to the best providers of goods and services in the market.

About GoTo Financial

GoTo Financial accelerates financial inclusion through its leading financial services and merchants solutions. Its consumer services include GoPay and GoPayLater and serve businesses of all sizes through Midtrans, Moka, GoBiz Plus, GoBiz, and Selly. With its trusted and inclusive ecosystem of products, GoTo Financial is open to new growth opportunities and aims to empower everyone to Make It Happen, Make It Together, Make It Last.

GoTo and its business units, including Gojek and GoToFinancial (""GoTo"") only post job opportunities on our official channels on our respective company websites and on LinkedIn. GoTo is not liable for any job postings or job offers that did not originate from us. You should conduct your own due diligence to prevent being victims of any fake job scams, if they did not originate from GoTo's official recruitment channels.",https://www.linkedin.com/jobs/view/4326820990/?eBP=CwEAAAGeeQVala1l6eOpQLuBw731xgVxhYvoNDuA8k5UHl_wRT_BzPJ0P0TbCFylBA8EFUpoU9MElm_4Mshg5ksuyJpRwJkfOwTu0RVjViuiVsfYD824YT990L164x1Au53LtUUwPggIAFL4DoaPa9Pa6efajH3r09q9XONtVn-beXm3q7zhN-ILHEqiEM9k9FFCQ7oTlBKqHB3qOR6pashFrGdvDDdpFKTgGWNMb-ruTlye71ewUTcHjJ-tzrvVpwh5qyuoZgkiDW-Z0FBb7yK97gp_1Hotmv9F5RBXNaZpPq7uDC9Z-IqUuxl5wMELOhTNiDyGWlAwgl1TiuaWsEY-wu5ctUTXzXpcbVCdRN-MGkEbG5In8wEgt17zyhoL6Q45H1t5DYAkyfV8uhcGN6unRoH9SkJe3s0ZxoXYU7X81p0-WgCDu-LBIqHtFEp11mT6qzpsCy0DH9ZX4Y52SF8x96Xwcft1gvw48r9CBPIAwImj-w&refId=xSrcTvbKv0p3irElA53k3g%3D%3D&trackingId=xa5BmA5%2B%2FUoCV3Y9EPIBdg%3D%3D&trk=flagship3_search_srp_jobs,Data Scientist,Indonesia,"['rust', 'git']",2,2026-05-30T20:17:42.065706
4410549422,"Analytical roles - Analyst/ Senior Analyst/ Associate Manager (Bangkok Based, Relocation Provided)",Agoda,"Jakarta, Jakarta, Indonesia (On-site)",,"About the job

About Agoda

At Agoda, we bridge the world through travel. Our story began in 2005, when two lifelong friends and entrepreneurs, driven by their passion for travel, launched Agoda to make it easier for everyone to explore the world.

Today, we are part of Booking Holdings [NASDAQ: BKNG], with a diverse team of over 7,000 people from 90 countries, working together in offices around the globe. Every day, we connect people to destinations and experiences, with our great deals across our millions of hotels and holiday properties, flights, and experiences worldwide.

No two days are the same at Agoda. Data and technology are at the heart of our culture, fueling our curiosity and innovation. If you’re ready to begin your best journey and help build travel for the world, join us.

Get to Know our Team:

The Performance Marketing Team of Agoda is a world leader in online marketing. This department is highly data-driven and focused on developing at-scale marketing programs that improve the lifetime value of Agoda customers through measurable marketing programs and channels. The team is a blend of the best analysts, marketing strategists, and data scientists in the world. The marketing leadership at Agoda has deep experience in data science, product, strategy, and other marketing fields and has built an organization that thrives on data, creative ideas, and technology. The Performance Marketing Team also fosters a great learning environment. You will be able to learn and grow by working closely with experts from a variety of backgrounds from all over the world.

Due to continued expansion, there are multiple analyst roles within the marketing team across different marketing channels. While the scope will vary depending on these channels, here are some examples:


Experimentation and optimizing campaign performance: Experiment with ads/campaign structures and bidding& pricing strategies on partners such as Google, Bing, Tripadvisor, Trivago, and other search engines. Adapt to new product features and roll out changes from successful tests.
Modeling: Analyze vast amounts of data generated by experiments, develop predictive models using data science techniques (e.g. understanding the impact on bookings from large-scale TV campaigns or demand elasticity from pricing optimization), and liaise with product teams on an implementation roadmap
Reporting, analysis, and insights: Building dashboards to track performance, derive insights, understand growth levers, and communicate recommendations via presentations to stakeholders


What you’ll Need to Succeed:


Bachelor’s degree or higher from top university in a quantitative subject e.g. computer science, mathematics, engineering business, science, or relevant field of study
0 to 4 years experience in data crunching from top-tier consulting, investment banking, private equity or strategy/business role for a fast-growing global tech company
Experience in one or more data analysis packages or databases, e.g. SQL, SAS, R, SPSS, Python, VBA and visualization tools, e.g. Tableau, Power BI, etc.
Excellent verbal and written communication skills in English
Ability to move fast and be efficient, making decisions on objective data evidence 
Innate desire to take ownership, make an impact and influence outcomes
Excellent organizational skills, attention to detail and ability to work independently


It’s Great if you Have:


Experience in digital marketing or e-commerce
Experience with A/B testing and other testing metrics
Strong presentation and negotiation skills


#STRA#ANLS#MRKT#3 #sanfrancisco #sanjose #losangeles #sandiego #oakland #denver #miami #orlando #atlanta #chicago #boston #detroit #newyork #portland #philadelphia #dallas #houston #austin #seattle #washdc #tirana #yerevan #sydney #melbourne #perth #vienna #graz #baku #minsk #brussels #antwerp #ghent #charleroi #saopaolo #sofia #toronto #vancouver #montreal #shanghai #beijing #shenzhen #zagreb #cyprus #prague #Brno #Ostrava #copenhagen #cairo #alexandria #giza #estonia #helsinki #paris #nice #marseille #rouen #lyon #toulouse #tbilisi #berlin #munich #hamburg #stuttgart #cologne #frankfurt #dusseldorf #dortmund #essen #Bremen #leipzig #dresden #hanover #nuremberg #athens #hongkong #budapest #bangalore #newdelhi #jakarta #bali #bandung #dublin #telaviv #milan #rome #naples #turin #palermo #venice #bologna #florence #tokyo #osaka #yokohama #nagoya #okinawa #fukuoka #sapporo #amman #irbid #riga #beirut #tripoli #vilnius #luxembourg #kualalumpur #malta #chisinau #amsterdam #oslo #jerusalem #manila #warsaw #krakow #sintra #porto #braga #cascais #loures #amadora #almada #doha #alrayyan #bucharest #moscow #saintpetersburg #riyadh #jeddah #mecca #medina #belgrade #singapore #bratislava #capetown #johannesburg #seoul #barcelona #madrid #valencia #seville #bilbao #malaga #oviedo #alicante #laspalmas #zaragozbanga #stockholm #zurich #geneva #basel #taipei #tainan #taichung #kaohsiung #Phuket #bangkok #istanbul #ankara #izmir #dubai #abudhabi #sharjah #london #manchester #edinburgh #kiev #hcmc #hanoi #sanaa #taiz #aden #gibraltar #marrakech #lodz #wroclaw #poznan #Gdansk #szczecin #bydgoszcz #lublin #katowice #rio #salvador #fortaleza #brasilia #belo #belem #manaus #curitiba #portoalegre #saoluis data representation data analysis SQL data analytics analytics python (programming language) data mining data science r (programming language) tableau analytical skills data visualization databases business analysis business intelligence (bi) microsoft sql server machine learning statistics power bi

Please review our Hiring Process Guidelines before your interview — click here to learn how interviewing at Agoda works.

Discover More About Working At Agoda


Agoda Careers https://careersatagoda.com
Facebook https://www.facebook.com/agodacareers/
LinkedIn https://www.linkedin.com/company/agoda
YouTube https://www.youtube.com/agodalife


Equal Opportunity Employer 

At Agoda, we pride ourselves on being a company represented by people of all different backgrounds and orientations. We prioritize attracting diverse talent and cultivating an inclusive environment that encourages collaboration and innovation. Employment at Agoda is based solely on a person’s merit and qualifications. We are committed to providing equal employment opportunity regardless of sex, age, race, color, national origin, religion, marital status, pregnancy, sexual orientation, gender identity, disability, citizenship, veteran or military status, and other legally protected characteristics.

We will keep your application on file so that we can consider you for future vacancies and you can always ask to have your details removed from the file. For more details please read our privacy policy.

Disclaimer

We do not accept any terms or conditions, nor do we recognize any agency’s representation of a candidate, from unsolicited third-party or agency submissions. If we receive unsolicited or speculative CVs, we reserve the right to contact and hire the candidate directly without any obligation to pay a recruitment fee.",https://www.linkedin.com/jobs/view/4410549422/?eBP=CwEAAAGeeQValZHzqKwL9OIzrvXrMp8GzJmzny63DsBqauUCJWWCFGCW_31JsL7KZzNiEpX910AdFu0athulNIe6_0g-7e4EMMX6T6iajJCpiDp_T1MaMVJWj2gKSMcvTKZPgyUlpdD0O2kuqlSGKJXTJe0tXUUmNcVodUZhk37nyF8QtMSuYEGpCQo6iY1Z4OHcRVB2kI0t2i0SZ9DHcNktOKOFbvi35KTZ0KK_JfksKxsY7CLEBbTIYRGYHw-Yx3dCzafl3hKGPKmBz-1zYDX0SWNDVts2PGVKLj18ZNDibUdHiwGY0232cd6Nik0NrBWTWsngz82vruWWvUyxR-HP-CTw_0j6ET65OrwkF3e2K9qg7LkVa7a40UlLCUPw-SkA8-5ohkG60ZKhdue7EGsyNTL3repSX78bbLwK1BoEYLq43gLPwS8YlOBQ5A-BD4ZoOIiplFnP6kiinzqnFG1eIcxd7TohrzphDF-7IDYjX2Y&refId=xSrcTvbKv0p3irElA53k3g%3D%3D&trackingId=oxDXyCyY0RI8NUuvDglrxA%3D%3D&trk=flagship3_search_srp_jobs,Data Scientist,Indonesia,"['power bi', 'tableau', 'sql', 'ios', 'git', 'python']",6,2026-05-30T20:17:47.169234
4420203751,AI Data Quality Analyst,Alignerr,Indonesia (Remote),,"About the job

About The Role

AI is only as good as the humans who evaluate it. We're looking for sharp, detail-oriented people to review AI-generated outputs and provide the structured feedback that helps cutting-edge AI systems learn, improve, and deliver better results.

This is a fully remote, flexible contract role — you set your schedule and work as much or as little as fits your life. No AI background required. If you can read critically, think analytically, and communicate clearly, you're already qualified.


Organization: Alignerr
Type: Hourly Contract
Location: Remote
Commitment: 10–40 hours/week


What You'll Do


Review AI-generated responses across text, image, and structured data formats for accuracy, relevance, and quality
Rate content using clear rubrics and evaluation guidelines
Identify errors, inconsistencies, and areas where AI responses fall short
Write clear, actionable feedback that directly informs how AI models are improved
Work across a wide range of topics and content types — no two tasks are the same


Who You Are


A natural eye for detail — you notice when something is off
Strong analytical thinking and reading comprehension
Comfortable working independently and managing your own time
Clear, concise written communication in English
Self-motivated and reliable when working asynchronously
No prior AI or technical experience required — we'll provide everything you need


Nice to Have


Background in writing, editing, research, or quality assurance
Familiarity with structured evaluation or rubric-based scoring
Curiosity about how AI systems work and improve


Why Join Us


Work on meaningful technology — your feedback directly shapes AI systems used by millions
Fully remote and flexible — work from anywhere, on your own schedule
Freelance freedom — autonomy, variety, and global collaboration without the 9-to-5
Engaging, varied work — evaluate diverse content across science, culture, technology, and everyday topics
Potential for ongoing contracts — strong contributors are regularly extended and matched to new projects",https://www.linkedin.com/jobs/view/4420203751/?eBP=NOT_ELIGIBLE_FOR_CHARGING&refId=xSrcTvbKv0p3irElA53k3g%3D%3D&trackingId=5qqXIGd7mEkmZTBTLK7ung%3D%3D&trk=flagship3_search_srp_jobs,Data Scientist,Indonesia,['ios'],1,2026-05-30T20:17:52.283478
4420003077,ERP Consultant Intern,PT Yonyou Network Indonesia,"West Jakarta, Jakarta, Indonesia (On-site)",,"About the job

ERP Consultant Intern

Position Overview

The ERP Consultant Intern will support the ERP implementation team in analyzing business requirements, configuring ERP systems, conducting testing, preparing documentation, and assisting with user training and post-implementation support. This role provides hands-on exposure to ERP projects and business process transformation initiatives.

Key Responsibilities

Assist ERP Consultants in ERP implementation and support projects.
Gather, analyze, and document business requirements from clients and end-users.
Support business process mapping and gap analysis activities.
Assist in ERP system configuration and setup based on project requirements.
Perform System Integration Testing (SIT), User Acceptance Testing (UAT), and document test results.
Prepare project documentation, including Business Requirement Documents (BRD), Functional Specifications, SOPs, User Manuals, and Training Materials.
Support end-user training and system demonstrations.
Assist in troubleshooting system issues and providing post-implementation support.
Collaborate with Project Managers, ERP Consultants, Developers, and client stakeholders throughout project execution.
Support data migration, data validation, and data cleansing activities when required.
Monitor project progress and assist in ensuring project deliverables are completed on schedule.

Requirements

Final-year student or fresh graduate in:
Information Systems
Computer Science
Industrial Engineering
Accounting
Business Administration
or other related fields.
Strong interest in ERP systems, business processes, and digital transformation.
Basic understanding of business functions such as Finance, Procurement, Inventory, Sales, Supply Chain, or Manufacturing.
Good analytical, problem-solving, and communication skills.
Proficient in Microsoft Office (Excel, Word, and PowerPoint).
Detail-oriented, proactive, and eager to learn.
Able to work effectively both independently and within a team environment.",https://www.linkedin.com/jobs/view/4420003077/?eBP=CwEAAAGeeQValWeB7zFpaxLI7yHEWlPpTNRgYCjl2oLtNQOlgrqfLAlWvUDvHv6afES7uH3VMuPyWsWd-Lq-eWUR-OjrOek72lLSW5xHm7azxtOnFj1o6IyDxOWMhsq8uRPTKF-TZTgpxmYKNKcPzorJFID4T6pXx29gdXZ0luVr06tWs_QPdnnLgLWrcn_OOYTqq_xXA-bdBUtn0PwHc-b6eG4WrgQZZe1AMJn3ybVx2vHIPOAzXT16kmjQPYjUwUwwbtlZ6Rw0Qh4Q2TZ3FQOFMNbFEDj9RNToVwQFj17eV_FbnF7ZiPeOCFOHKntDHr9H5AUiE8yO31DzvVJScqvXXwasf8isfJA_Vi5og1N1ebYXibjMNsOqL44vvtvcFY4arXuSYWLYiRBkRpR6Sb76QBcAuTtZBh2y4XnzubEdATue3XLC2AFW_sEZIf0OPGB3YRTs10YiLaooE_YkRIsZwaQPaW4FCAnvNRdnH_4hFKE&refId=xSrcTvbKv0p3irElA53k3g%3D%3D&trackingId=UX2AqvefuQmecNxFAt3nhA%3D%3D&trk=flagship3_search_srp_jobs,Data Scientist,Indonesia,['git'],1,2026-05-30T20:17:57.327036
4419038225,Stimulation Specialist,Berkat Sentosa Utama,"Jakarta, Indonesia (On-site)",,"About the job

Company Description
 
Berkat Sentosa Utama is a forward-thinking organization dedicated to innovation and excellence in its field. Operating from Jakarta, Indonesia, the company is committed to delivering high-quality services and solutions to meet evolving industry needs. With a professional team and a collaborative environment, Berkat Sentosa Utama fosters growth, creativity, and skill development. The company values diversity and strives to create impactful contributions to its community and stakeholders. Joining our team signifies embracing a stimulating and rewarding career path.
 Role Description
 
We are seeking a Stimulation Specialist for an on-site, full-time position based in Jakarta, Indonesia. The Stimulation Specialist will be responsible for developing and implementing stimulation programs in alignment with organizational goals. Key tasks will include conducting assessments, designing tailored stimulation strategies, tracking performance, and collaborating with relevant teams to deliver impactful outcomes. This role demands a proactive and creative approach to problem-solving and the execution of strategies.
 Qualifications
 

Strong understanding of stimulation methods, techniques, and tools tailored for building engagement and developmental outcomes.
Ability to strategize, plan, and implement effective programs aligned with organizational objectives.
Excellent communication, collaboration, and interpersonal skills to work effectively within teams and with stakeholders.
Analytical and problem-solving skills to assess needs and measure the impact of implemented activities.
Detail-oriented with the ability to manage multiple priorities and adhere to deadlines.
A Bachelor's degree or relevant professional experience in a related field would be an advantage.
Familiarity with stimulation tools, industry-specific standards, and relevant best practices is preferred.",https://www.linkedin.com/jobs/view/4419038225/?eBP=NOT_ELIGIBLE_FOR_CHARGING&refId=xSrcTvbKv0p3irElA53k3g%3D%3D&trackingId=zj8t7srhL4ofaSQQejFanw%3D%3D&trk=flagship3_search_srp_jobs,Data Scientist,Indonesia,[],0,2026-05-30T20:18:02.562111
4418189722,Otopprentice IT / Intern - AOP,PT Astra International Tbk,"Jakarta, Jakarta, Indonesia (On-site)",,"About the job

Deskripsi Pekerjaan

Workshop Automation Engineer Intern (Karawang)


Menyiapkan proses otomasi untuk pemindahan/relokasi bengkel produksi (workshop) ke pabrik Karawang.
Menyiapkan sistem IoT workshop untuk mendukung tim produksi.


AI Engineer Intern (Karawang)


Mendukung proyek implementasi AI (kecerdasan buatan) di lingkungan manufaktur.
Membantu sistem manajemen data untuk proyek otomasi.
Mengembangkan perangkat (tools) berbasis AI untuk meningkatkan efektivitas kerja.


Persyaratan

Workshop Automation Engineer Intern (Karawang)


MAHASISWA AKTIF Teknik Informatika, minimal sudah memasuki tahun ke-2 atau ke-3.
Bersedia menjalani magang secara langsung di lokasi (onsite).
Menguasai keahlian teknis (tech stacks): PLC & Python.


AI Engineer Intern (Karawang)


MAHASISWA AKTIF Teknik Informatika / Sistem Informasi / Sains Data / jurusan teknik IT terkait, minimal berada di tahun ke-2 atau ke-3.
Bersedia menjalani magang secara langsung di lokasi (onsite).
Memiliki minat dan semangat tinggi (passionate) di bidang kecerdasan buatan (artificial intelligence), machine learning, dan otomasi.",https://www.linkedin.com/jobs/view/4418189722/?eBP=NOT_ELIGIBLE_FOR_CHARGING&refId=xSrcTvbKv0p3irElA53k3g%3D%3D&trackingId=kkQzoqWMZvXhnjKP%2FJ9MqA%3D%3D&trk=flagship3_search_srp_jobs,Data Scientist,Indonesia,['python'],1,2026-05-30T20:18:08.718618
4360889549,Fraud Reviewer,Kredivo Group,Jakarta Metropolitan Area (On-site),,"About the job

Responsibilities

The Fraud reviewer analyzes high-frequency transaction data and user behavior to identify fraudulent/ high risk transactions as well as suggest improvements to business processes and systems to prevent such transactions from happening in the future. The roles and responsibilities include the following (but not limited to) :


Review suspicious transactions on a daily basis and take appropriate action.
Conduct thorough investigations into merchants flagged for suspicious behavior or high-risk activities.
Assess new merchant registrations to identify any potential risk factors
Investigate hack complaints reported by users
Monitor social media platforms for fraudulent activity related to our brand and take necessary steps to report and mitigate risks
Review apps installed by users for any signs of suspicious activity or potential security risks


We are excited to welcome dynamic robust Fraud Reviewer who have:


Bachelor's degree in a related field or equivalent experience.
At least 2 years experience in fraud detection or investigation.
Strong analytical skills with attention to detail.
Excellent communication and interpersonal skills.
Ability to work effectively in a fast-paced environment and meet deadlines.
Have experience in SQL is a plus",https://www.linkedin.com/jobs/view/4360889549/?eBP=CwEAAAGeeQValXsnqXjHlaQ38RGPzioC0EbQz9_t0Dw_JqEkGLyzpFCSiCuQOZdk0YqlBZbDYCt00_DhN3VIlQjqptr7F5HikR-HeIrSSC8a58-ndCycPaL7TSBdo9fPT2BVow7WrH2LOSh6fy08_u3FyPEFkOBpzMt02IiZ0wikVbpX-VGTjUIO71YSGwdXHRNi01RlDw1nvfL1fzsYHlunHM8e9kfXUlhTQJLNN3cWzlqE7186M-l5h3Gzjw8p8seq8yTZKGK1uu5VAQN1QyCbSh7AMw5AdxYllXc8UAhzUhvzcyuCGaAokLMe-GEU4Yu3uxEnyq7FOM9DxtFdgvgJRql7LzAt2rzendpIc7ZIf0asCQAG4FfI_kbyIaXCHTKTS8rf7fthUqJ8QzBbpXruBHf4SDsotgZhcgL1MHbi71XMMh6K9vLInmfJwYxF2VC82MBiVsrzakgzzapogUmSF_y7Nu_EH17H9AFe51qrXxiDUg&refId=xSrcTvbKv0p3irElA53k3g%3D%3D&trackingId=9%2FT4JPfR4EQmrRrqYq%2FusA%3D%3D&trk=flagship3_search_srp_jobs,Data Scientist,Indonesia,['sql'],1,2026-05-30T20:18:13.901254
4409913405,People Intern (July Intake),Carousell Group,"West Jakarta, Jakarta, Indonesia (On-site)",,"About the job

Company Description

Laku6 is the leading AI-first end-to-end electronics recommerce platform in Indonesia where our technology has helped over 500,000 users sell their gadgets directly for cash or via Trade-In with leading eCommerce Partners. Laku6 is part of Carousell Group, the leading multi-category platform for secondhand in Greater Southeast Asia on a mission to make secondhand the first choice. Founded in August 2012 in Singapore, the Group has a leading presence in seven markets under the brands Carousell, Carousell Media Group, Cho Tot, Laku6, LuxLexicon, Mudah.my, OneShift, REFASH and Revo Financial, serving tens of millions of monthly active users. Carousell is backed by leading investors including Telenor Group, Rakuten Ventures, Naver, STIC Investments, 500 Global and Peak XV Partners (formerly known as Sequoia Capital India).

Laku6 is the leading AI-first end-to-end Electronics Recommerce platform in Indonesia where our technology has helped over 500,000 users sell their gadgets directly for cash or via Trade-In with leading eCommerce Partners and in over 1,000 offline retail shops. We believe that making it easier for sellers to sell and safer for buyers to buy used-electronics and smartphones is a critical step to achieving that.

Visit www.laku6.com for more information.

Job Description

During this 6 months internship you will have the opportunities:


To learn and support in HR projects such as developing and implementing various HR initiatives and programs.
Collaborate to develop and execute employer branding strategies on social media and the careers website; organize branding events.
Assist the regional recruitment process; job postings, resume screening, interview scheduling, and onboarding.
Support HR project planning, execution, policy development, and employee engagement activities.
Work with different teams to support HR projects and initiatives.
Help plan and execute HR-related events as employee engagement projects.


Qualifications


ACTIVE university students, available to commit for 6 months internship
Fluency in both English and Bahasa Indonesia
Has a keen interest in human resources and people management. Any educational background is welcomed!
Collaborative with ability to communicate effectively throughout different regions such as Indonesia, Singapore, and Malaysia
Positive attitude and solution oriented, and the ability to think out of the box to innovate
Enthusiastic about AI and automation; knowledge-sharing on new tools and initiatives are a plus
Strong analytical and problem solving skills with attention to detail 
Proficiency in using Google sheet, docs and slides.
Passionate about e-commerce, omnichannel, and technology sectors


Additional Information

By proceeding with your application, you are adhering to our PDPA policies. In case you are interested to know more, read about our Candidates Personal Data Privacy Statement.",https://www.linkedin.com/jobs/view/4409913405/?eBP=CwEAAAGeeQValWllvUsjA-oEYQGW_Xda_sWjBGc51aZS9qx-NS_kKrZc0K4k5GlHXWXePCSGVPb7qZctVCeCTPW4WYb7yCKxV7hC7rhKLJwnLE3p4NmQ9i1cudoSARZFjeBU5g3DXp1Qm78g1hGloAfZfBor_tPaNHfFdogB58KAcrsj28BGP_wwEtCMfBC36AE1QUAQgOneurW_cQUU9LTkr1Uk7sgwulTU82cMWsKu1vvnyELEuNIHQTzsKhpo5dMeOErF9KEIeLpkpD4mMf0tFNCpK24TG0JorUUg8jUTzf5bVNipXtpTRT9dYdwBuYHnK2YHn_3WU54NeGKxn3yW9b_xGmOyxOtG5ENQ7lPWhbDPshCeNElUYhqK6DmghyEX5XTCsEdERMbbV5i2D7yV9idqrqQZBRa6k6xKM_RhjCZBIQnWlD-D-RfY6ubWH477F7FjhvQaMZBf2g&refId=xSrcTvbKv0p3irElA53k3g%3D%3D&trackingId=YViT3QCvkW50%2BsqPGflMyA%3D%3D&trk=flagship3_search_srp_jobs,Data Scientist,Indonesia,[],0,2026-05-30T20:18:19.059237
4422510420,Freelance Crew,AR Media (PT Arya Wira Media),"Greater Jakarta, Indonesia (On-site)",,"About the job

We're Hiring!

Freelance Crew for Journalist Handling

Jobdesc in General:
- Handling journalists on our events
- Administrative work, such as manage data in Microsoft Excel and Google Sheets
- Hospitality work, such as serve clients and journalists on events, handling f&b, etc
- Communicates and connects with many people

Requirements:
- Fresh graduates are welcome
- Knows how to operate Microsoft Excel and Google Sheets
- Communicative, hard working, responsible, trustworthy, can be a part of a team
- Experience as a crew in an event organizer is a plus
- Owns a personal laptop is a plus
- Drivers Liscense (SIM A) active is a plus
- Available on July - August 2026
- Jabodetabek area

Send your Application Letter, Latest CV, and Photo to:
aryawiramedia@gmail.com

*Application will be closed on June, 20th 2026*

More Info:
- LinkedIn - Arya Wira Media
- Instagram - @mediaaryawira

#freelance #mediahandling #mediacoordinator",https://www.linkedin.com/jobs/view/4422510420/?eBP=NOT_ELIGIBLE_FOR_CHARGING&refId=xSrcTvbKv0p3irElA53k3g%3D%3D&trackingId=DVfySadRPhhVbWGOcP%2Fz2Q%3D%3D&trk=flagship3_search_srp_jobs,Data Scientist,Indonesia,['rust'],1,2026-05-30T20:18:24.186732
4417852119,BRILiaN Banking Associate Program (BBAP) Relationship Manager (RM) Funding & Transaction Region 8 Jakarta 3 Batch 1,PT Bank Rakyat Indonesia (Persero) Tbk,"Tangerang, Banten, Indonesia (On-site)",,"About the job

Job Description:

BRiLiaN Banking Associate Program (BBAP) merupakan program rekrutmen sekaligus pendidikan untuk mempersiapkan pekerja baru di level Associate melalui mekanisme kontrak / PKWT selama 18 (delapan belas) bulan dan dilakukan evaluasi untuk dipertimbangkan menjadi Pekerja Tetap.

Sebagai Relationship Manager (RM) Funding & Transaction, kamu akan melakukan akuisisi dan peningkatan portfolio bisnis dana dan transaksi (antara lain Giro, Tabungan, Deposito, Merchant, e-banking, BRIVA, dll) di wilayah kerja Kantor Cabang dan Kantor Cabang Pembantu untuk mencapai target bisnis yang ditetapkan sesuai dengan ketentuan. Selain itu, kamu juga akan menjalin relationship hingga memberikan solusi terintegrasi (integrated banking solution) demi peningkatan portfolio nasabah/calon nasabah.







Requirements




Diutamakan Pendidikan S1/D4 (semua jurusan) dari Universitas/Perguruan Tinggi Terakreditasi dengan IPK ≥ 2.75 (skala 4)
Memiliki kemampuan membina hubungan/networking yang luas
Berkelakuan baik yang dibuktikan dengan Surat Keterangan Catatan Kepolisian (SKCK) yang masih berlaku
Diutamakan berdomisili di wilayah/area Unit Kerja setempat
Bersedia ditempatkan di seluruh Unit Kerja BRI",https://www.linkedin.com/jobs/view/4417852119/?eBP=CwEAAAGeeQValfa5Dc0WMKqUIFtlKIK4yBPIsmoi9zHw6u0RTr6-qTqmafjoFkfvPvEfY9SdQA3_etZ88dM6TGjzPKHa5ANdxz_8xJv-yK4xUVoj4tFfcfb3FsGXlxhw0lLTmXgyRQV9Nq0ikUulVEsqYJaPqo1MBHVzvxB_3iREqZdpijXyD44jNqvIAEwSmkpTuhEi0fW-6kFrPjRLtTomRFd_v2gjpUfMRVdKa9YDc0llvf0uGgOo_7VihTL5oPvRvGqua-WHJUoxRdHz23B8bS4XaOSwTmMR9zSRGjZIFuWFa8gopVPIYLZOFGLFQ6Yxy__v9JjVXoZtk07Tf6U4y1Jj2jSpIdciiM9NKKXGVymx1cZw4gUWGn8FHZUSPlKBQYJ1ZXS5Gehg_0cOHVjVI4hCowSqcFYVUUPulZig1umhIY1_HtNtvqyUHE_g0ajtiCpzy_jnfhwU9X3WToSS2xxlT2qAQWAFynROf05lsR9EOxPcD-lfS7FWcOuTL6ZpqS1J&refId=xSrcTvbKv0p3irElA53k3g%3D%3D&trackingId=vCPjuERvBUO5u7cgPv7ECA%3D%3D&trk=flagship3_search_srp_jobs,Data Scientist,Indonesia,[],0,2026-05-30T20:18:29.303784
4417650093,GA Internship,PT Trakindo Utama,"Balikpapan, East Kalimantan, Indonesia (On-site)",,"About the job

Location :

Balikpapan

Job Type

Internship

About Us

Trakindo is a leader in the heavy machinery industry, specializing in the manufacturing and distribution of high-quality equipment for construction, mining, and industrial application. We are committed to fostering a culture of innovation, safety, and employee growth. Join us as a GA intern to gain hands-on experience in GA management within a dynamic, fast-paced industrial environment.",https://www.linkedin.com/jobs/view/4417650093/?eBP=NOT_ELIGIBLE_FOR_CHARGING&refId=xSrcTvbKv0p3irElA53k3g%3D%3D&trackingId=PDOPeyyLslTMJp%2FpT0IM%2Bg%3D%3D&trk=flagship3_search_srp_jobs,Data Scientist,Indonesia,[],0,2026-05-30T20:18:34.365091
4421307182,Data Scientist,micro1,APAC (Remote),,"About the job

Job Title: Data Scientist




Job Type: Contractor




Location: Remote




Job Summary: In this role, you'll apply your expertise to help train next-generation AI systems. Your work will shape how models learn, reason, and perform through high-quality, real-world input. No prior experience in AI is required — your domain knowledge is what matters.




Key Responsibilities:

Collect, clean, and preprocess diverse data sets to ensure integrity and readiness for analysis.
Develop, validate, and implement statistical models to extract actionable insights from complex data.
Conduct exploratory data analysis to identify trends, patterns, and opportunities for business improvement.
Present findings and recommendations through compelling data visualizations and reports, tailored for technical and non-technical stakeholders.
Collaborate closely with team members to design and execute end-to-end data projects, from ideation to delivery.
Continuously improve analytical methodologies and automation processes to enhance data workflows.
Communicate effectively in both written and verbal formats, ensuring clarity and impact of data-driven recommendations.




Required Skills and Qualifications:

Expertise in statistics, mathematics, and data analysis techniques.
Proven experience in collecting, handling, and cleaning large, complex data sets.
Proficiency in programming languages such as Python, R, or similar for data manipulation and modeling.
Strong data modeling skills with experience in building and validating predictive models.
Advanced ability to visualize data using tools like Tableau, Power BI, or related libraries.
Meticulous attention to detail and commitment to data quality at every stage.
Excellent written and verbal communication skills, with an emphasis on clarity and precision.




Preferred Qualifications:

Experience working in a remote, cross-functional, or customer-focused team environment.
Background in developing and deploying machine learning solutions in production settings.",https://www.linkedin.com/jobs/view/4421307182/?eBP=NOT_ELIGIBLE_FOR_CHARGING&refId=xSrcTvbKv0p3irElA53k3g%3D%3D&trackingId=u%2FHYEhi4FDjLplZUmoOqYg%3D%3D&trk=flagship3_search_srp_jobs,Data Scientist,Indonesia,"['power bi', 'tableau', 'python']",3,2026-05-30T20:18:39.379911
4418966226,Revenue Growth Management Analyst,Mondelēz International,"Jakarta, Jakarta, Indonesia (On-site)",,"About the job

Job Description

Are You Ready to Make It Happen at Mondelēz International?

Join our Mission to Lead the Future of Snacking. Make It With Pride.

As an RGM analyst, you will play a pivotal role in developing our price and mix strategies through data cleansing, in-depth analytics and providing hands-on support in deriving 'so what' conclusions and strategic recommendations. The position offers a unique opportunity to contribute to the success of one of the world's leading FMCG companies in SEA region.

How You Will Contribute

You will:


Data cleansing and analysis: Lead data collection, cleansing and in-depth analysis related to pricing, sales and product & customer mix.
RGM Strategy development: Take ownership of developing and optimizing pricing and product & customer mix actions based on market insights and analysis
Competitor analysis: Conduct research and analysis of competitor pricing and promotional activities to identify opportunities and threats
Performance monitoring: Develop dashboard to monitor and report on the effectiveness of implemented strategies, providing actionable insights for continuous improvement
Forecasting: Utilize data-driven models to support scenario planning
Conclusions and recommendations: Translate data and analysis into strategic conclusions and actionable recommendations, actively contribute to decision-making processes
Stakeholder engagement: Collaborate closely with cross-functional teams, including Marketing, Sales, CP&A and Finance, to ensure alignment and implementation of RGM strategies
Presentation and reporting: Prepare and deliver clear and concise presentations and reports to communicate findings and recommendations to cross-functional teams and senior management



What You Will Bring


A desire to drive your future and accelerate your career and the following experience and knowledge:
'Bachelor's or Master's degree in Business Economics, Finance, Engineering or a related field
Proven experience in data analysis within CPG industry.
Proficiency in data analysis tools such as Excel, Tableau, or similar software
Strong problem-solving skills, attention to detail and ability to think strategically (seeing the bigger picture)
Ability to lead and collaborate in a cross-functional team environment
Enthusiasm for the FMCG industry and Mondelez portfolio of brands
Eagerness to learn and adapt to a fast-paced, dynamic work environment



No Relocation support available

Business Unit Summary

Mondelēz International in Southeast Asia is in five countries serving 19 markets with more than 18 nationalities and 7,500 employees. This group is emerging as one of the fastest growing regions in Asia, the Middle East and Africa, and we are proud of consistently producing high quality products in nine manufacturing sites. We are market leaders in key snacking categories, making and selling brands like Oreo and Tiger biscuits, Kinh Do mooncakes, Jacob’s crackers, Cadbury Dairy Milk chocolate, Tang powdered beverage, Halls candy and Eden cheese. We set the benchmark in being a responsible business and contributing to the communities in which we operate.

Mondelēz International is an equal opportunity employer and all qualified applicants will receive consideration for employment without regard to race, color, religion, gender, sexual orientation or preference, gender identity, national origin, disability status, protected veteran status, or any other characteristic protected by law.

Job Type

Regular

Category Planning & Activation

Sales",https://www.linkedin.com/jobs/view/4418966226/?eBP=CwEAAAGeeQValX9q0EBJQim3DLPgR4LDb1jc7leLzlN6h0fZ-R_ecTolWlZ4KP6OVRaJ6TvfeTbnlkZiV7qmYzet-R-g0bthUUTQgd1B4OMOLqsS8c1yiJmWYvFD_vRNj7W6gzVI8-sdmg186Fcb4YZ3sWhMgKvgjh_Zs4NVgQ2jbBvW6ot4fjAvuv9hRuFUmIziFZKOv_7jHiD1nXnTb0XoKDZ7-4OEfFFjn_ao-J7FMl7eUVkFDFf8kANlhrMaNensFnl10YHextKVz0yOXuyd4SZ4u8mLR68X2EMHtPxwpHnEJJkSjNu8DSd-eQW3EmlSA7vW8MaTYhRf2lLmLANj3XKu7b2pzAyzqxXIefdiVKauFxbxCxQEBrxXckRWlZKqOT5Dx4aeJcssgJk42NSPhhyLoSE2FnBC-j5EjJlXjPo-fJXEb7ppAQa9dlENuvK1NjMMmxAQFGIujnv3XIO6ndwWPKzB3iLGbA&refId=xSrcTvbKv0p3irElA53k3g%3D%3D&trackingId=ojBVdh3b8gXnxx8i8SF37Q%3D%3D&trk=flagship3_search_srp_jobs,Data Scientist,Indonesia,['tableau'],1,2026-05-30T20:18:44.500650
4417617618,Finance Internship,Siloam Hospitals Group,"Mampang Prapatan, Jakarta, Indonesia (On-site)",,"About the job

Job Description


 Membantu Pengolahan Data Administrasi Keuangan & Pajak
 Membantu Pengelolaan Dokumen Keuangan3. Mendukungan pengecekan Proses Pembayaran


Administrasi Pajak


 Melakukan koordinasi dengan pihak terkait


Qualifications


 Lulusan SMK, Mahasiswa/i semester akhir atau fresh graduate dari jurusan Akuntansi, Keuangan, atau Manajemen,
 Memiliki pemahaman dasar tentang keuangan dan perpajakan
 Teliti, detail-oriented, dan memiliki keterampilan administrasi yang baik
 Mahir menggunakan Microsoft Excel dan software pajak seperti e-Faktur, e-SPT, atau Accurate
 Memiliki kemampuan komunikasi dan koordinasi yang baik


Additional Information

[BEWARE OF RECRUITMENT SCAMS]

It has come to our attention that there are fake job offers claiming to be hiring for Siloam Hospitals Group. Please note that Siloam Hospitals Group do not require applicants to make payment when seeking employment with our hospitals.",https://www.linkedin.com/jobs/view/4417617618/?eBP=NOT_ELIGIBLE_FOR_CHARGING&refId=xSrcTvbKv0p3irElA53k3g%3D%3D&trackingId=B0krjy0qbW2uohV1bafZOg%3D%3D&trk=flagship3_search_srp_jobs,Data Scientist,Indonesia,[],0,2026-05-30T20:18:49.654599
4409930554,Financial Strategy & Analytics Specialist | Remote,Crossing Hurdles,Indonesia (Remote),,"About the job

Position: Financial Analyst

Type: Hourly contract

Location: Remote

Commitment: 10 40 hours/week




Role Responsibilities

Analyze complex financial data to identify trends and deliver actionable business insights.
Evaluate embedded finance opportunities and support investment strategy initiatives.
Develop predictive financial models and data visualizations using modern analytics tools.
Conduct market and industry research to support strategic recommendations.
Present financial findings clearly through written reports and stakeholder presentations.
Monitor trends in digital finance, embedded finance, and regional economic markets.
Collaborate with cross-functional teams to translate analytical insights into business outcomes. 




Requirements

Bachelor s degree in Finance, Economics, or a related field.
Strong experience in financial analysis, forecasting, and predictive analytics.
Proficiency with visualization and analytics tools such as Power BI, Tableau, Python, or R.
Experience with investment strategy and embedded finance initiatives.
Excellent written and verbal communication skills with strong attention to detail.
Strong research and analytical capabilities for synthesizing financial information.
Understanding of Asian financial markets and economic trends. 




Application Process (Takes 20 Min)

Easy Apply on LinkedIn
Check email for next steps
Participate in resume evaluation & interview stage



Desired Skills and Experience

Financial Analyst",https://www.linkedin.com/jobs/view/4409930554/?eBP=CwEAAAGeeQValc0uvpw56xAhrzUv5Y8hagqddwvc5_Z5T1JrVukSug4YWz0oTrOYuPHrRBLnRAzlaGMG1nZmo2DNftoQFh2Co7t2wf3HmtXhi4pzcMsY42LWkW-_3MDnJXGq2RXCQtQfn2f35KLXE-_c1uNcGv7Mp2iBueUJ2cKKiYSBqMGfY7_sgSx4IJzv6bAq3m3Y-HOhMeSpxG5mqXQfQPCBYeedTeThjlr68RQoBjRy-ktBvHRGilTEP-SFysGIy922zdrIe-ONqcwGaa55nJlt1MBwd0YSnDwXcTIrqXJva80w8ADgKdDC8EY5JvigLomL3MjQzo2zaPFkBGUv02ZuDxpBwSMEAmUjAC7Yus7vxjf4n_S_LF7LrtRlGumwHg7miQvaqcCaFM92hcYIYtby7Mh3sTD14B05UadVOPY_XYZkfBfw_HIO43ECohOpTsCHC6QDZZHUgKBjJECDZUxm6wIjVTtH48JSaZDS-YH1gswj&refId=xSrcTvbKv0p3irElA53k3g%3D%3D&trackingId=d6RvcxAJ7seT8gIRmyizwA%3D%3D&trk=flagship3_search_srp_jobs,Data Scientist,Indonesia,"['power bi', 'tableau', 'git', 'python']",4,2026-05-30T20:18:54.752222
4408642370,Creator Operations & Data Project Intern (TikTok Shop) - 2026 Start (BS/MS),TikTok,"Jakarta, Jakarta, Indonesia (On-site)",,"About the job

Responsibilities

In particular, the e-commerce industry has seen tremendous growth in recent years and has become a hotly contested space amongst leading Internet companies, and its future growth cannot be underestimated. With millions of loyal users globally, we believe TikTok is an ideal platform to deliver a brand new and better e-commerce experience to our users.

As a project intern, you will have the opportunity to engage in impactful short-term projects that provide you with a glimpse of professional real-world experience. You will gain practical skills through on-the-job learning in a fast-paced work environment and develop a deeper understanding of your career interests.

Applications will be reviewed on a rolling basis - we encourage you to apply early. Successful candidates must be able to commit to at least 3 months long internship period.

About The Team

The Creator Cooperation Team at TikTok Shop Indonesia bridges creator partnerships with FMCG (Fast Moving Consumer Goods) Brands. We manage top-creator programs, coordinate multi-MCN campaigns, and drive social commerce growth through strategic creator alignment.

In this role, you'll support the execution of creator-driven FMCG campaigns by managing data tracking and operational coordination across multiple initiatives.

Responsibilities:


 Build and maintain performance trackers across campaigns
 Compile campaign data, manage dashboards, ensure data quality
 Coordinate sample shipments, logistics, and delivery follow-ups
 Coordinate across multiple internal and external stakeholders
 Support operational alignment across projects


Qualifications

Minimum Qualifications


 Currently enrolled in an undergraduate or graduate program.
 Proficiency in Excel or any related tools, comfortable with formulas, data organization, pivot tables)
 Strong organizational and time management skills
 Ability to work with multiple stakeholders and communicate clearly across teams
 Attention to detail and ability to manage multiple tasks simultaneously


Preferred Qualifications


 Familiarity with data analysis programming languages (SQL, Python) and statistical methods.
 Knowledge of data visualization best practices and dashboard design principles.
 Prior exposure to e-commerce or FMCG data analysis (e.g., sales trends, consumer insights).
 Demonstrated ability to thrive in a fast-paced environment, with a strong work ethic and adaptability.


If you have any questions, please reach out to us at apac-earlycareers@tiktok.com

Job Information

About TikTok

TikTok is the leading destination for short-form mobile video. At TikTok, our mission is to inspire creativity and bring joy. TikTok's global headquarters are in Los Angeles and Singapore, and we also have offices in New York City, London, Dublin, Paris, Berlin, Dubai, Jakarta, Seoul, and Tokyo.

Why Join Us

Inspiring creativity is at the core of TikTok's mission. Our innovative product is built to help people authentically express themselves, discover and connect – and our global, diverse teams make that possible. Together, we create value for our communities, inspire creativity and bring joy - a mission we work towards every day.

We strive to do great things with great people. We lead with curiosity, humility, and a desire to make impact in a rapidly growing tech company. Every challenge is an opportunity to learn and innovate as one team. We're resilient and embrace challenges as they come. By constantly iterating and fostering an ""Always Day 1"" mindset, we achieve meaningful breakthroughs for ourselves, our company, and our users. When we create and grow together, the possibilities are limitless. Join us.

Diversity & Inclusion

TikTok is committed to creating an inclusive space where employees are valued for their skills, experiences, and unique perspectives. Our platform connects people from across the globe and so does our workplace. At TikTok, our mission is to inspire creativity and bring joy. To achieve that goal, we are committed to celebrating our diverse voices and to creating an environment that reflects the many communities we reach. We are passionate about this and hope you are too.",https://www.linkedin.com/jobs/view/4408642370/?eBP=CwEAAAGeeQd6gvSQC1pe7L5Q7oTBLzoEYEqHMR7-NiyHSi5U6jOpGgZvh7BhzVSriWzAbIjjSSkoDz8asAiWZa6UkM6AxMK15uLg1WFdt4tmGsSYXVGwoGm2AcVP2GRoxQyG8Uv6EyndN1S2OiL2prgo7U53ydmhHCb6-mCYcKGQkszIz5BukqlViG6R_9Rak3QPGOKTUb6Prt_aWnrAyaoJoMIWKYMafBJS0Bay0En-0wIWEESEmnJBeuzZglU4HeqFz_zDVJVlWGQRjgYVcmgDbxwDYCobV3MwDlAzSZhKjbFg46qHn0h-okqfs5JkftFscz2YAukXth3XOlLpLZYh-si54_cGzlyYdbzUztH6gjS3zLHSurv_xsUppxZl5vY67Hd9c0iSS_WAkPUZLAqCDczAKyTeaNbf_MD2yWX9j1PeDGnLS2c1HdEkm7E6mDswHyeCNVvppg6SAna1YEJ2uVtlSBQRgTEOmSNBYssS4CEXuS1kiV8&refId=P7%2BFfkJwQkKKc7n3F%2FxPQw%3D%3D&trackingId=UMgD%2BfluXxXEhzXEPilPZQ%3D%3D&trk=flagship3_search_srp_jobs,Data Scientist,Indonesia,"['sql', 'ios', 'python', 'express']",4,2026-05-30T20:19:13.234782
4419153016,New Business Reporting (Contract),Prudential Syariah,"Jakarta, Indonesia (Hybrid)",,"About the job

Prudential Syariah’s purpose is to be partners for every life and protectors for every future. Our purpose encourages everything we do by creating a culture in which diversity is celebrated and inclusion assured, for our people, customers, and partners. We provide a platform for our people to do their best work and make an impact to the business, and we support our people’s career ambitions. We pledge to make Prudential a place where you can Connect, Grow, and Succeed.




Responsibilities:

Responsible for BAU New Business reporting according in line with the agreed timelines, especially for month-end closing activities.
Prepare monthly analysis and commentary on key drivers of New Business performance, including month-on-month and year-on-year movement, as well as actual-versus-plan 
Provide support for New Business Profit (NBP) forecasts and business planning activities.
Liaise with internal stakeholders (including Sales, Distribution, Operations, Pricing, Product, and other relevant teams) and respond to basic data or reporting queries.
Assist with ad‑hoc tasks and projects related to New Business reporting as required.




Job Specification:

Bachelor’s degree in Actuarial Science, Mathematics, Statistics, or a related major from a reputable university, with a minimum GPA of 3.00.
Good working knowledge of Excel, SQL, and actuarial software (e.g. Prophet).
Progress toward professional actuarial qualifications, with some PAI or SOA examinations passed.
Strong communication, interpersonal, and analytical skills.
Basic understanding of actuarial mathematics, insurance concepts, and Sharia principles.
Prior work or internship experience in the actuarial field is highly preferred.
Willing to take 6 months employment contract




Prudential Syariah is an equal opportunity employer. We provide equality of opportunity of benefits for all who apply and who perform work for our organization irrespective of sex, race, age, ethnic origin, educational, social and cultural background, marital status, pregnancy and maternity, religion or belief, disability or part-time / fixed-term work, or any other status protected by applicable law. We encourage the same standards from our recruitment and third-party suppliers taking into account the context of grade, job and location. We also allow for reasonable adjustments to support people with individual physical or mental health requirements.",https://www.linkedin.com/jobs/view/4419153016/?eBP=CwEAAAGeeQd6ginQLJILiS19pFqF5Uf-j_-yeOsB8wdAT_CbYuC6Sxdfq2mXfFZH947VaEtw96KXaLNzs6nyp3Hr7w_hL-b2KSekSLTDPz6U3O7-sL8bpWB_UwpLU1V2SKttFxmeL9WmzlOvRHOXH4NhePJ1jV7fptBB1nr4DKxllKP2GUEso5l_eOJfN9Qsd4AK_2dtCVX4LEQzwd-R1dj3hjsx4V-c8sTHp0BqjAo56_1MeYl_DORTURnx5AdlZG5UuaBJoknkOO2uRl25O3kyLHXgpp5RVVmQNGnaaEaV-dmv66iHSYcaouJ5t1PGsAJZOV125RTyFvKKX-b352fTdl9grYZkjdpO4xBW1HHHhXvDyNxjaMA8u-AhkpxVpa_R4uGkEm4KqRmyp4KU5BUXfWbuPMUe5CYNwBgAhtch-OUgJaSdTq0cJmvVIONZAsKuGajoj-O5Klo7-MpPQu_07fNFH1Ism8wZfBeqBTBY40wNs5cILd0&refId=P7%2BFfkJwQkKKc7n3F%2FxPQw%3D%3D&trackingId=uB%2BRAIqrG3KK4nBdfKsl%2Fg%3D%3D&trk=flagship3_search_srp_jobs,Data Scientist,Indonesia,['sql'],1,2026-05-30T20:19:18.282125
4419177196,Intern [GIP] - Product Management & Product Design,Grab,Jakarta Metropolitan Area (On-site),,"About the job

Company Description

About Grab and Our Workplace

Grab is Southeast Asia's leading superapp. From getting your favourite meals delivered to helping you manage your finances and getting around town hassle-free, we've got your back with everything. In Grab, purpose gives us joy and habits build excellence, while harnessing the power of Technology and AI to deliver the mission of driving Southeast Asia forward by economically empowering everyone, with heart, hunger, honour, and humility.

Job Description

Grab Internship Overview & Role

Be a part of an exciting internship journey with the Grab Internship Program!

This is a 4,5 months internship program and will start in July 2026 - December 2026. You will be reporting to the team Manager and you will be based onsite. This program is a paid internship and a non-credit bearing internship.


The assigned roles may include Product Management & Product Design.
You will have to help improve our product using metrics and datasets and also promote collaborations between diverse teams toward a successful product.
You will work with backend, frontend, mobile, QA, product design & development and other team that work with technology and product improvements.


Qualifications

What Essential Skills You Will Need


Minimum GPA of 3.25 and coming from reputable universities
Final year students (min. 7th semester) or fresh graduates (max. 1 year from graduation) from Industrial Engineering, Information System, Computer Science, Business Management and other relevant field
Experience with design and prototyping tools (Figma, Zeplin, Sketch)
Proficiency in English both in written & verbal
You are passionate about building products, features, and platforms to accelerate business growth


Additional Information

Life at Grab

We care about your well-being at Grab, here are some of the global benefits we offer our Interns:


Comprehensive training and personal development programs: You will develop your soft skills and hard skills curated for you
Mentoring by the Grab Leaders: You will be accompanied by a team of experienced leaders during the internship program
Government Medical benefit: We have you covered with 3 BPJAMSOSTEK programs
Engagement and networking activities: You will participate in fun & interactive engagements that not only entertain but also provide valuable networking opportunities
Balancing personal commitments and life's demands are made easier with our Flex Work arrangements such as differentiated hours


What We Stand For At Grab

We are committed to building an inclusive and equitable workplace that provides equal opportunity for Grabbers to grow and perform at their best. We consider all candidates fairly and equally regardless of nationality, ethnicity, race, religion, age, gender, family commitments, physical and mental impairments or disabilities, and other attributes that make them unique.",https://www.linkedin.com/jobs/view/4419177196/?eBP=CwEAAAGeeQd6gt5YXNLZHqLbke0OFicyBAKcLqC4_st_7x6fFNYvNBOS7x3lZHEPBccAzIkks4dZq7oVAnGb2SomIR7L1hM_5uqYhvArrpUe0r7iYt2B0s1CEJ3iGrjuku6MzzjbZIldIxzgMQcEN5EtDBvytZYc0VG7Ef0G1wLpOYCepM_xXAUV4ffc1M2qSYG_glij600D41nX5TnKOw0mzvQSXWAJvEsGXbTeHmjMI3NcDQRIhKDwwAlzJKtwt1dCP-0Bnu9ccQHJ3Ft_4PuVXKkBYBU1_JOvvXcgTijoUvFoFjDkFfceirueT0yuc-dNAJUROzKhXIiBv6-LMMEf0HrUiaV1yqv-ZcnYZ4ref8NHInUo0UhCJvZ8vk15yiv44Pj2hgmoF7u8tOTN7OS7eKJMXvkC0wqQ8h8dHNGTLSSimB77n3CdDIsE8y6l3lsqc_zQmS8lL5wqhMDEkG-cWRC_P0nAHSry5WkgKa8nJJ8LOgBTlYw&refId=P7%2BFfkJwQkKKc7n3F%2FxPQw%3D%3D&trackingId=211b9%2BsQcXZyT4yrFk8SLA%3D%3D&trk=flagship3_search_srp_jobs,Data Scientist,Indonesia,[],0,2026-05-30T20:19:23.269105
4421080736,Sales Academy,PT Korea Tomorrow & Global TSPM,Jakarta Metropolitan Area (On-site),,"About the job

Job Description:

Participate in structured sales training (classroom & field)
Support daily sales operations and achieve assigned targets
Build relationships with customers and expand market coverage
Execute sales strategies and monitor performance
Prepare regular sales reports and analysis




Requirements:

Bachelor Degree (All Major)
GPA 3,2 (All Major)
Fresh Graduates / Max 2 years Experience in sales field",https://www.linkedin.com/jobs/view/4421080736/?eBP=CwEAAAGeeQd6gs3W_mx_pmukAg7FGUIHjLR-GJH-H7-MFqm0huqNKEKaPLDjIf-pMb938uRtcuWk431T0DYde9e93te2urwbiw4sjifRxo3saFar5FSJvfnr448hj0fx0c4SsE_SK7Mwd921wet1ZpX8YaITnczOSjKE5njmTN8wC2A62HTlhiDzBTE1H5yqjumcqoLlQe6KR6yxcYNLksdI4wgbwxAi8FJbSDh7xwZUt-pB-zORHxvTt1MOKzluHLdRrjWF8WcVEII46ta7D5kAKGDluJ4Z85TvNrAvUUyIVhpoFeyiDsHdyyLr8ZdJGerLrlmQe1mkVSYCI_T5Chc-Q86HqSvFLtx8IGB2BL2M5Qxbl9QXTqPMREfCD39i1Jl93_U17_ykjioOFpTFiwUoxOjHyGNUOFCjQZn5DWpqY79QAJKYJY8WZVLypgp4G6sicWgsUuIOzgA5bB_pFVVeOgMEF0xzhgVBAST-o0i-oSdnwhjfEmQ&refId=P7%2BFfkJwQkKKc7n3F%2FxPQw%3D%3D&trackingId=M7yW4ylVHgbBbg5y2FGvyQ%3D%3D&trk=flagship3_search_srp_jobs,Data Scientist,Indonesia,[],0,2026-05-30T20:19:28.212903
4420664571,QA Internship,Gameloft Indonesia,Greater Yogyakarta (On-site),,"About the job








At Gameloft, great games are built through teamwork, creativity, and attention to detail. We are looking for QA Tester Interns who enjoy games and are interested in learning how quality assurance supports smooth, high-quality player experiences.


As part of our QA team, you will support various game projects by testing features, identifying issues, and collaborating with developers to help improve game quality.


If you are curious, detail-oriented, and motivated to grow your career in games, we’d like to hear from you.


We are currently opening multiple internship positions for various game projects.


The recruitment process for QA Tester Interns will begin through the Beyond Testing: QA Masterclass program. Candidates will first participate in the masterclass, complete several challenges throughout the program, and selected participants will have the opportunity to be hired.


 


WHAT YOU WILL BE WORKING ON


Your Main Challenge


Support the QA team in making sure our games provide fun, smooth, and enjoyable experiences for players across various game projects.


 


What It Means on a Daily Basis


You will:


Test gameplay features and experiences across various projects
Identify and report bugs found during testing
Support the QA process by following testing guidelines
Collaborate with the QA team and learn game development workflows
Provide feedback to help improve player experience


 


WHAT SUCCESS WILL LOOK LIKE


Within your first 1–2 months, you will learn our QA workflow, tools, and testing processes while working closely with the team.


By the end of the internship (6 Months), you are expected to identify issues, provide clear feedback, contribute effectively to improving game quality and player experience, grow toward becoming a professional QA, and bring a positive impact to the team and work environment.


 


WHO YOU WILL BE WORKING WITH


You will work closely with the QA Lead in each team while collaborating with:


QA trainer
QA tester
Cross-functional collaboration with game developer teams


 


 

WHAT YOU NEED TO SUCCEED


Who You Are


Fresh graduate or max 1 year experience (open to all majors)
Plays games (mobile / PC / console) and able to give simple feedback on gameplay, UI, or experience
Curious, detail-oriented, and willing to learn
Has ownership mindset and open to feedback
Shows initiative to improve things or suggest better ways of working
Basic ability to break down simple problems and think through possible scenarios
Communicates clearly (written & verbal)
Basic English (BI/B2 level English, able to understand instructions and write simple reports)
Interest in games or technology (AI/tools)


WHERE THIS ROLE CAN TAKE YOU


We believe in long-term growth.


This role offers clear career progression opportunities from: Intern → Junior → Senior → Expert → Lead


 

YOUR RECRUITMENT JOURNEY


Submit your application and complete the registration form: https://forms.office.com/e/WCcxGenvDs (its a must)
Initial screening with the Talent Acquisition team
Selected candidates will join our Beyond Testing: QA Masterclass program consisting of 4 sessions:
QA Thinking: Protect Player Experience
Finding Bugs: Reporting with Impact
Automation Mindset
AI as QA Partner
Throughout the Masterclass, participants will go through evaluation and selection processes
The top 5 participants will be selected to join our 3-month QA Internship Program ( with possibility to extend another 3 months )

 

WHAT’S IN IT FOR YOU


As Intern 


Work in creative and fun work environment 
Attractive Allowance for interns
Comprehensive Benefits, 

BPJS Health & Social coverage
BPJS Employment retirement savings (JHT)


Curious about the incredible perks of joining our team? Don’t miss out—check them out PERKS and see what’s waiting for you!


Ready to create unforgettable game audio experiences with us?


Join Gameloft Yogyakarta Studio and help shape the quality of our games.",https://www.linkedin.com/jobs/view/4420664571/?eBP=CwEAAAGeeQd6gq9Am0OzEvNzqz5mrGcwWW6RaFUXUzwYSwh34PDg5QDttUxNHbFpGmCkXRInCVefdZiNj_-oxrvs70J1G9xjB5HDPJxk2tbVglEZfWL-fV9OMq0q9YDYhnlQ4pDAMbf6wJqbDcSnq7Ovi1EnIDUbPg6yhCywHtsXA5K6eQC4ZWRT9Bi3JOxr95PHa_uEBVRf0_KbKuEXxzbnwhqivG8RSLjO9My_ESO6iekkGjd5mqA_Q4Lm8_CgV1wBIgE37MeaRPi-yeY1zfBPvQ4cilBCWS8gD3YYoxSRnsAIbts_VLKeVn9GdlJxhjqYnp4QNp9CEFwk-uYBZhFohQdtA0NC8hYvcD0JoGA_UJRHFqfV0ygXjyW7-Z_MRll2CR0UXEUzNqrOcF7sck58lXAc_sZwKm1fDq7WcDst_l9BKUaFnHO0bSa_-TKXtUi76m8jEl_38gzgyLfqocl9zKbsf9WpdLFHGI8LlwN1azmoHzxFhWsO5A&refId=P7%2BFfkJwQkKKc7n3F%2FxPQw%3D%3D&trackingId=z9MZJPpI%2F8TLVeu4%2Bu4ZWQ%3D%3D&trk=flagship3_search_srp_jobs,Data Scientist,Indonesia,['ios'],1,2026-05-30T20:19:33.506163
4410297799,2026 (Q1 Intake) MSP - WM career fair,Meratus Group,Greater Surabaya (On-site),,"About the job

About the job 2026 (Q1 Intake) MSP - WM career fair

Meratus Group is a leading integrated maritime and logistics operator in Indonesia, pioneering innovative solutions that drive efficiency and sustainability in the industry. With a rich history dating back to 1957, Meratus has evolved into a powerhouse, operating over 45 shipping routes, a fleet of 100 vessels, and a network of container terminals and logistics centers.

At Meratus, we are committed to digitalization, innovation, and transformation, ensuring seamless logistics and maritime services across Indonesia and Southeast Asia. Our customer-centric approach and agile operations empower businesses to navigate complex supply chain challenges with confidence.

We take pride in fostering a dynamic and inclusive workplace, where talented professionals can thrive and contribute to shaping the future of maritime logistics. Join us and be part of a team that is redefining industry standards while making a meaningful impact on global trade and sustainability.

Program Overview

OPEN TO 2025/2026 GRADUATES OF BACHELORS OR MASTERS DEGREES

Meratus Star Program is an accelerated development initiative designed to shape high-potential fresh graduates into future leaders at Meratus.

This Comprehensive Program Includes


Structured learning & development
Intensive on-the-job training


Program Journey

Phase 1: Onboarding & Orientation

An in-depth introduction to Meratus Group values, culture, and core operations.

Phase 2: Business Unit Assignment

Real-life project involvement and functional training in your assigned department.

Phase 3: Business Improvement Project

Take ownership of real business challenges through cross-functional improvement projects that build strategic thinking and leadership skills.

Candidate Profile

MUST HAVE's

 You must have graduated with either a Bachelors or Master's Degree in subjects related to our core business or corporate functions.

These May Include (but Not Limited Too)


Marine or Ocean Engineering and Naval Architecture
Logistic and Industrial Engineering or Supply Chains
Ocean Transport or Ports Logistics
International Trade
Mathematics or Data Science
Accounting/Finance/Law/Communications/IT/HR/Management


You must have better than a 3.50 GPA from a Tier-1 Recognized Tertiary Institution or Ship Management College.

 You must have graduated in either 2025 or before 1st March 2026. 

We are looking for highly motivated, adaptable, and purpose-driven individuals who demonstrate the following behavioral qualities:


Integrity & Trust - You act ethically and earn the confidence of others.
Results Orientated - You take ownership, deliver outcomes, and aim high.
Analytical Thinking - You use logic and data to make sound decisions.
Customer Focused - You understand and act on internal and external customer needs.
Mobility - You are open to placements across Indonesia.
Language Proficiency - You are fluent in written and spoken English.",https://www.linkedin.com/jobs/view/4410297799/?eBP=CwEAAAGeeQd6gtSzFY_OFFnXmM1pcquq7W0tKJjaKJhqSpG_FMtkJZSWZOxSucJk7ObxwkZ5FuAf2WI0FKOfOvmsqcBc0vnW9_Irmm-MjjFE2pvZKwwnmWHDSSbprLXauR5msJ1cTKhpVkOYSnyS72rGT2iIm_mhx78Ruoo2wrlxGHXL8MEaWRXIHqqHYA3dqDUSQKlc4B-_hTxpnfmku3p5IOOAsJA1FqDJGi9m0FB__dc46_7RJoH_DauhxH2O5NHl4RRvJnjJiFqfioztcgfSsXy4QwR6SG7r0u4OVEaDmldNcIFOQ8rqIoJIjBqoB6QKD6fNF3VOSC2cM1vbziDQ2kGxIlw2jnv5J7MIEFl7emDbOaX1lbWf1uYCrkeXunFpLw-l-qt_mGVUgsPZIeP5baNONoYihgi46KxI20zXrwyCxK2fwngMyHLtAGhZCUfK0rVwKxnwAmYJbufrKdbB0LDzCIS2z6mJ6j5rhO_bpUCaiyP24MVlv0nC&refId=P7%2BFfkJwQkKKc7n3F%2FxPQw%3D%3D&trackingId=sHD%2F0Le29tgWYUmMMmqe6w%3D%3D&trk=flagship3_search_srp_jobs,Data Scientist,Indonesia,"['rust', 'git', 'agile']",3,2026-05-30T20:19:38.664170
4410706622,Sourcing Project Intern,GE Vernova,Greater Bandung (On-site),,"About the job

Job Description Summary

GE's internships offer a unique opportunity to gain hands-on experience through challenging

projects, learn from some of the brightest and most innovative minds in the business and network

with a variety of talented professionals.

Job Description

Essential Responsibilities:

Key Responsibilities Include (but Are Not Limited To)


Lead process improvement project for sourcing especially focus on fulfilment, cost out, cash and Supplier management for repair shop in Bandung, Indonesia


Drive project to improve process in sourcing activities based on lean kaizen approach


Working with other function such as operation, quality and finance.


Conducting data collection and learn to apply data-driven analytical approach to problem solving


Internship Benefits


Opportunity to learn and execute lean six sigma


Opportunity to learn the business from end to end


Opportunity to have global exposure


Exposure to power generation workshop machinery and operating technology


Supporting Vendor qualification Project


Exposure to Power generation repair workshop machinery & operating technologies.


Qualifications/Requirements


Currently pursuing/Completed a Degree in any Major, engineering or accountancies preferred


Competent with MS Office applications


Being inclusive and having the imagination and courage to make changes - Possess good communication skills


Experience in exchange student program, study abroad program or leadership activities (preferable)


Able to work together as team


Willing to be based in Bandung, full WFO


""We are passionate about creating an inclusive work environment. By valuing the ideas and contributions of a diverse workforce we help inspire others to grow, succeed, and raise the bar for everyone. Join us at GE Gas Power, where results can be achieved by embracing a community of belonging""

Additional Information

Relocation Assistance Provided: No",https://www.linkedin.com/jobs/view/4410706622/?eBP=BUDGET_EXHAUSTED_JOB&refId=P7%2BFfkJwQkKKc7n3F%2FxPQw%3D%3D&trackingId=oSXpRLQ42R%2BO60lR12kYDQ%3D%3D&trk=flagship3_search_srp_jobs,Data Scientist,Indonesia,[],0,2026-05-30T20:19:43.716057
4388446814,Data Analytics Consultant (Junior & Senior),EY,"Gambir, Jakarta, Indonesia (On-site)",,"About the job

About EY:

EY, a global leader operating in more than 150 countries delivers unparalleled service in Consulting and assists clients to transform and upskill their capabilities.

We serve our clients to build a better working world, helping them to create long-term value for people and society and build trust in the capital markets. That starts with a culture that believes in giving you the training, opportunities, and creative freedom to make things better. Whenever you join, however long you stay, the exceptional EY experience lasts a lifetime. And with a commitment to hiring and developing the most passionate people, we work towards our ambition to be the best employer.

At EY, you’ll have the chance to build a career as unique as you are, with the global scale, support, inclusive culture, and technology to become the best version of you. And we’re counting on your unique voice and perspective to help EY become even better, too. Join us and build an exceptional experience for yourself, and a better working world for all.

The exceptional EY experience. It’s yours to build.

We look forward you to joining us in the EYDS AI and Data team:

Ideally, you must have:


Bachelor’s Degree or above in Information Systems, Computer Science, Informatics, Electronics and Communications, or related disciplines.
Minimum 1-2 years (for Associate level) and 3-5 years (for Senior level) in data engineering. 


Job description:


Collect, process, and analyse large data sets to identify trends and patterns.
Develop and maintain dashboards and reports using Microsoft Power BI.
Collaborate with cross-functional teams to understand data needs and provide actionable insights.
Conduct data quality assessments and ensure data integrity.
Present findings and recommendations to stakeholders in a clear and concise manner.


Technical skill:


Data collection, processing and analysis
Identifying trends and patterns in data
Data visualization and dashboard development
Data quality assessment and ensuring data integrity


Tools:


Power BI
SQL-based databases


The opportunity:

You will help our clients navigate the business and technology transformation vision. We’ll look to you to provide our clients with a unique business and technology perspective on how technology can transform and improve their entire organization – starting with key business issues they face. This is a high-growth, high-visibility area with plenty of opportunities to enhance your skill set and build your career. 

Your key responsibilities: 

You’ll spend most of your time working with a wide variety of clients and your colleagues to deliver the latest trends, practices, technologies, and architecture to design, build and maintain scalable and robust solutions that unify, enrich, collaborate and deliver value. 

Skills and attributes for success:


Outstanding team player
High level of motivation
Strong work ethic
Self-starting attitude
Independent and able to manage and prioritize workload
Ability to quickly and positively adapt to change
Excellent written and verbal communication, presentation, client service, and technical writing skills, coupled with excellent executive presence.
Significant experience in managing and delivering medium to large teams on complex programs and projects.
Assessing, designing, architecting, and developing solutions leveraging the latest technologies and trends to exceed the business requirements
Unifying, enriching, and delivering value to derive insights and opportunities
Leveraging in-house and partners - platforms and solutions as needed and recommending and building new platforms/solutions as required to exceed business requirements
Communicating findings, recommendations, and opportunities to improve platforms and solutions
Demonstrating a deep understanding of technology, concepts, tools, features, functions, and benefits of different approaches
Seeking out information to learn about emerging methodologies and technologies
Clarifying problems by driving to understand the true issue
Looking for opportunities for improving methods and outcomes
Collaborating, influencing, and building consensus through constructive relationships and effective listening
Solving problems by incorporating data into decision making 
Proven track record of sales and delivery in a consulting context with established client relationships and experience


What we look for: 

We’re interested in passionate individuals with a strong vision and a desire to stay on top of trends. If you have a genuine passion for helping businesses achieve their full potential, then these role(s) are for you. 

What we offer:


Continuous learning: You’ll develop the mindset and skills to navigate whatever comes next
Success as defined by you: We’ll provide the tools and flexibility, so you can make a meaningful impact, on your way
Transformative leadership: We’ll give you the insights, coaching, and confidence to be the leader the world needs
Diverse and inclusive culture: You’ll be embraced for who you are and empowered to use your voice to help others find theirs


If you can demonstrate that you meet the criteria above, please contact us as soon as possible.",https://www.linkedin.com/jobs/view/4388446814/?eBP=CwEAAAGeeQd6gmjSSxuWwrnvz7BdJgaPcRmiZw1a6NSmQJoLEnFdQGbuNf9E3dLvDHn6FkS_qprks77K3B3yA8CKbbc539YRnUhR7XMFgq1rp24wcKk8EeVR_r4tCKA8XSE3vuBRYb6PC4-HV0t69Oei9E9fpg4v0YBa_ivFEw5YymA49EfmoOHvjdBsXTTkw9BsVxWuof0cOp3-zjzucpBF2CbUIuAUlm5kt55OJYgFIS2BUAYhWbTR_uq1W83CUhnEBOPi-rxmVMozo2RDR3SdV1u89V9GIxuUwOcNR9duVBzyk2NIEkpuG4gMqywuAZ220fGwmgACy44eLUMes6P4IALmXBVDjOEiGMGp33fXBSj1jd29mrZY2LzjjrP4UZTcfpr7QCcm4aB8CXE30dZotLlJmMDtg8PeqMg3kQCJwe_VkY8vYakSPKKHH7PP07pbjBqqOzZxxxvT7M2Fn1EVrS5CKCvq4NUNGqkv50uUrT3PrxHYh2xIDA&refId=P7%2BFfkJwQkKKc7n3F%2FxPQw%3D%3D&trackingId=2qm5LinnxtTpPnjMFDG3pw%3D%3D&trk=flagship3_search_srp_jobs,Data Scientist,Indonesia,"['power bi', 'scala', 'rust', 'sql']",4,2026-05-30T20:19:48.937977
4421031268,Sr Specialist Data Management,APP Group,"Serpong, Banten, Indonesia (On-site)",,"About the job

At APP Group, our innovation drives opportunity, making us your gateway to a career that champions inclusivity, growth and sustainable future.




Why Join Us?

Work with international teams and gain valuable experience in a diverse and dynamic global finance environment.
Be part of a leading company in the paper production industry, known for its commitment to sustainability and innovation.
Engage in complex financial analysis and reporting that supports strategic decision-making and drives business success.




What You Will Experience:

Administrating Relational Database Management System in Microsoft SQL Server and Postgres environment
Ability to work in spatially enabled Relational Database Management System using native and ArcGIS environment (ESRI products)
Design and implement ETL (Extract, Transform and Load) workflow for data inoperability with third party systems (SAP, API, etc.)
Ability to work with R and Python in Relational Database Management System environment
Proficient in operating ArcGIS and QGIS software
Analyze and interpret large dataset in tabular, vector and raster format
Strong verbal, written, presentation and other communication skills
Ability to work independently or in coordination with other team members




What is Required:

University graduate majoring in Information Technology, Forestry, Agriculture, Geodesy, Geography or Geology from reputable university
Having at least eight years experience working in similar position
Familiar with GIS (Geographical Information System), Remote Sensing or GNSS (Global Navigation Satellite System) technologies
Having experience in programming on desktop, web and mobile platform
Knowledge of forest mensuration
Familiar with forestry industry or forest plantation business process
Familiarity with ERP systems such as SAP
Familiar with Project Management
Proficient in Indonesian and English
Willing to be placed in Serpong




Submit your application and start a better tomorrow, today

Further info: Career@app.co.id",https://www.linkedin.com/jobs/view/4421031268/?eBP=CwEAAAGeeQd6gjHh5MIPkDPCtbSP38X6ojfq2EW4y5OoSI4mp3XrZUOGWn7nvG_gcsdDUfT5uvTaGb4upTm0zCz0aMyHNo71H_yiTbm1RlE3FHuPdw6hSdRXMkf9aS4fyyGfqjLSI04EiaZl8YfAxTiZ8Og73l4AOmbvl9JxbBJlQLh_3ujwuqAFKhvMOTjSpa551MtKiEIYr-2pYAzk1F6QcixJwRF0RfN8kyqH100rGrL35Q9jpBg1yg8LXASko9vH8Y3AhiySkaS4-lSL9-jWLt-9d5Or7F0QAqni_oeBPELbTXFjKJMx5lHzhVy1QixAal6PHyP8ttvU_PiUUbp3pClfOqZvuq8Vwk5CLw1phY_QWsWaPmKy_J3xAgQuMxJDt_Cprdpv6G9MR4w5dEyXeOilCyEpTfYUsBiPOkBHPlu5DACn-LPFE_8pzVHNwy9H-sRW5PbVUxsUSGRzUkOmQ7gd17wbm67UIu9sqJbrR-J0jvu6_Sc&refId=P7%2BFfkJwQkKKc7n3F%2FxPQw%3D%3D&trackingId=6IQzHzOgYSPxcspaAc9v6Q%3D%3D&trk=flagship3_search_srp_jobs,Data Scientist,Indonesia,"['sql', 'python']",2,2026-05-30T20:19:53.984371
4419121921,Marketing Staff,ORIX Indonesia Finance,"Central Jakarta, Jakarta, Indonesia (On-site)",,"About the job

Why Join Us?

As pioneer in lease financing, we have been operating more than 50 years and contributing to our client’s business across industries in Indonesia.




Our employees come from diverse backgrounds, and this diversity is one of our competitive advantages. We are committed to developing our people as one of our most valuable assets.




Responsibilities

Assess a market condition and identify sales opportunities
Achieve business/commercial targets
Build and maintain a strong relationship with customers and suppliers
Handle the financing process from the initial stage until the end of the contract




Qualifications

Minimum Bachelor's Degree from any discipline
Fresh graduates or has 2 years of experience in the banking or leasing industry.
Has strong interpersonal skills and good teamwork
Has excellent negotiation skills
Has excellent communication skills; both in writing and verbal communication
Has strong analytical skills
Highly motivated and positive attitude




Location: Jakarta",https://www.linkedin.com/jobs/view/4419121921/?eBP=CwEAAAGeeQd6gtiRovr1oR-pWFucPTJWNY0Vc2PpB_sy2luYQ_MXVluwhJOjAQfNaP787BmsSbh28Ut25RyHpmXuSGgxuSzJOkxhxDwYj0xEg-JbheymABl3wq7DYUONm0xpIDIsC3NTqE2f_ZWxdHBKt8p-xi-wjTHKOmGNWEC5gTPtgLduaa32Weo01n2QmdhJrQZHc8IgBYJYBap6_3HNL5lNWtxIZZBZcUYnH7RjL_4PqX1qWvwJqt3DIjrNg63uPAxOmHIf04FFYHfhXy7rYFyUhJ0dqng_nIu0_vK6EJgciltbCbbutimjgp1l3PvUjgqgy2QEM0pvtJn9tL-wvaCrrZk6K159Yyvk0_uunHKVkCpCXx7L8Sg1yQJTWH97WYH7x676vBkfh0mabeJKAMi4O2qRy6BqEL96qdPRndmRG6w6WlMz2hXnEmPLpRzvMoRbxOtRmhX-VRvNXZCDEu69lMWgyjU_NYx0aoL77GuSeh40KnsHZOlPKD7sGDlnp-PxGvMyDA&refId=P7%2BFfkJwQkKKc7n3F%2FxPQw%3D%3D&trackingId=3a8%2FzmLpLMhHJznxXk%2BFbw%3D%3D&trk=flagship3_search_srp_jobs,Data Scientist,Indonesia,[],0,2026-05-30T20:19:59.118982
4411350628,Temporary Junior Consumer Intelligence Manager (Contract Based),L'Oréal,"Jakarta, Indonesia (On-site)",,"About the job

Are you a meticulous researcher who aspires to translate consumer data into powerful business strategies?

Then joining the L'Oréal CMI (Consumer & Market Intelligence) team as Jr Consumer Intelligence Manager might be the opportunity that you've been looking for!

Now we are looking for a dynamic and agile person to work as Consumer Intelligence – Jr. Manager.

⚠ Please note: This is a temporary contract position for 5 months specifically for maternity leave replacement.

You Will...


Deliver Strategic Consumer Insights: Manage the end-to-end research process, from drafting briefs to reviewing final reports, ensuring all key business questions are answered.
Master Research Methodologies: Coordinate qualitative, quantitative, and social listening projects (Concept tests, Product tests, U&A) in close collaboration with external agencies.
Monitor Brand Health: Track equity metrics and provide clear diagnostics and actionable recommendations to marketing teams.
Evaluate Campaign Impact: Analyze the effectiveness of marketing campaigns through rigorous pre and post-launch analysis.
Facilitate Agile Decision-Making: Lead internal workshops for Divisions, Brands, and Creators to generate immediate insights for fast-paced business needs.
Synthesize Data & Tell Stories: Merge multiple data touchpoints—from social listening and beauty panels to brand tracking—into simple, visual, and impactful presentations.
Analyze Competitive Landscapes: Help stakeholders identify specific growth opportunities or barriers within the Indonesian beauty market.
Drive Business Partnership: Collaborate with the internal CDMO team, brand stakeholders, and Regional CMI teams to align local insights with global and zone strategies.


You Have...


Experience in Consumer Intelligence: A proven track record in managing diverse research projects and consumer data analysis.
Strong Educational Background: Minimum hold a bachelor's degree from a reputable university.
Market Sensitivity: A deep understanding of Indonesian beauty consumer trends and the ""who, what, how, and why"" of their behavior.
Data Synthesis Skills: Excellence in turning complex information from multiple sources into clear business directions.
Strategic Communication: Fluent in English with the ability to partner effectively with senior stakeholders (GMs, CDMO pillars, and Zone teams).


You are…


Entrepreneurial. Every single day, you spot opportunities to shake things up and change the world for the better.
Adventurous. You'll embrace challenges and changes with fire in your belly and a great big smile on your face.
Open. To new ways of doing things. To other people's (sometimes crazy) ideas.
Respectful. Whether you're talking to our internal or external stakeholders, consumers, you treat everyone the same.
Ambitious. You crave for success and we'll support you all the way.
Only Human. You'll screw up sometimes but you have no fear of failure because you're smart enough to learn from mistakes.
You. You're real. And you're true to yourself. We cherish and celebrate diversity so you'll feel right at home whoever you are.",https://www.linkedin.com/jobs/view/4411350628/?eBP=CwEAAAGeeQd6grQP0pHji1HZb6_MjLMu527h-FQLlEmJQISNoGZy5CjrLUYF5IysPIuK741WIFuZgoSmeiiY-SvfPyVwer4xvg2p6S-c_TC07EhYnCSDpyD3XOJ8qG21xkZ5Rs1weoKhvnumUgHUwF6xohZCbQ2Jq299wl4VTZMD7fP_Yo6W2IB3y4iN52VNsLRew1MOaFVMMOOsG9OuwdUyEiXSGDmeIIy5My_yXgU9LIg1js_LeIWltWianBcwKayhEOoeIT9Trh4NBqVCubO7gJcdyJFkHA4HBocMTsCff5npIkQX6b_DVebgtOnJl7lyGQgwUwxGCWYBRwDlcckrlHE9OPlu208OAt9Xo5eM_RQgshI0wAFEmoBA1MytFUYj_a4ntCd1lKTp8APvKLhxOYpwZ9YwD8gS0HN8oCHFympfWP1T0LMCsHjCDS-JUhd5sxRUsOUrmD9udSCJl7nMfzgxvhjHRz6pCubckpo_TeVRNUZHv7Y&refId=P7%2BFfkJwQkKKc7n3F%2FxPQw%3D%3D&trackingId=EQRdl%2BOfZjUOS4QFhfzfJg%3D%3D&trk=flagship3_search_srp_jobs,Data Scientist,Indonesia,['agile'],1,2026-05-30T20:20:04.226714
4417840858,The Complete Banker Programme,CIMB Niaga,"Jakarta, Indonesia (On-site)",,"About the job

Job Descriptions :




TCB Programme is one of the graduate programs at CIMB Niaga whose main purpose is to prepare fresh graduate talents with comprehensive general banking knowledge and exposure to be placed in key positions for a short period of time.




Requirements :




Possess Bachelor or Master Degree
Outstanding achievement in academic & non-academic activities that demonstrate the following qualities:
Leadership potential
Strong desire to learn and succeed
Creative and innovative
Ability to Think without the Box
High energy, enthusiasm and drive
Good proficiency in English and/or Mandarin, both written and verbal
Willing to be placed in all CIMB Niaga location throughout Indonesia",https://www.linkedin.com/jobs/view/4417840858/?eBP=CwEAAAGeeQd6gi-YqlMpQZSlNOFb4pqIncL35RHv7Mp9nJYgoWqfFLW4YpUL0ILqqnYHSrtcJBB2No9ZRmZtkdC8NTQP19C9HtSNFHxmlvtfrwZx524Sx6Y5uYgHdSrY2N9_c9MAaq2Z_xcUDfqxpufSk3pn1bHBp_5thuYhvH8hpiB_fDc-VZElEegYmkTfHFtslrJ9JW3WVSLnpa_bXNx5xIG1kk9rtS9RVebKEWkpTFkCspEsIQ-yfQ604J8AcDGIZGhdmPzTXeZWfl-rQwWVlHK03N-EnSNDmRXBUsX1g-cz0iSegK2hVlsZB1MIWn7x1BS7cVREuvm20jRYi95Sp2Qqmal_BdrCQoIWd8eyDnbz3PuSnnVd4n-5r1HlKiGSzu2SRZk-PUehbXKfnHKA2euOdS4cNsg7of1572Mj8z-slNj3chMOMAvTehWzsda-270kSxyURMKZqigRjhyBKX5sL9ZMEQ54BtV06JKEwjqvzP14zWZULjOcUxy3HJX1o28wh-w&refId=P7%2BFfkJwQkKKc7n3F%2FxPQw%3D%3D&trackingId=J5sl%2FAt8Ld86adNzQxq5vA%3D%3D&trk=flagship3_search_srp_jobs,Data Scientist,Indonesia,[],0,2026-05-30T20:20:09.228916
4410554113,"Business Data Analyst (Bangkok Based, relocation provided)",Agoda,"Jakarta, Jakarta, Indonesia (On-site)",,"About the job

About Agoda

At Agoda, we bridge the world through travel. Our story began in 2005, when two lifelong friends and entrepreneurs, driven by their passion for travel, launched Agoda to make it easier for everyone to explore the world.

Today, we are part of Booking Holdings [NASDAQ: BKNG], with a diverse team of over 7,000 people from 90 countries, working together in offices around the globe. Every day, we connect people to destinations and experiences, with our great deals across our millions of hotels and holiday properties, flights, and experiences worldwide.

No two days are the same at Agoda. Data and technology are at the heart of our culture, fueling our curiosity and innovation. If you’re ready to begin your best journey and help build travel for the world, join us.

Get to Know our Team:

The Flights Marketing Team of Agoda is a world leader in online marketing. This department is highly data-driven and focused on developing at-scale marketing programs that improve the lifetime value of Agoda customers through measurable marketing programs and channels. The team is a blend of the best analysts, marketing strategists, and data scientists in the world. The marketing leadership at Agoda have deep experience in data science, product, strategy, and other marketing fields and have built an organization that thrives on data, creative ideas, and technology. The Performance Marketing - Flight Team also fosters a great learning environment. You will be able to learn and grow by working closely with experts from a variety of backgrounds from all over the world.

In this Role, you’ll get to:


You'll be heavily involved in growing our Flights business
Experiment with various pricing strategies on Agoda and Metasearch to grow the business
Analyze massive amounts of data generated in experiments, build dashboards, and develop predictive models
Work with diverse stakeholders to arrive at investment plans for markets and channels


What you’ll Need to Succeed:


Bachelor’s Degree or higher from top university in a quantitative subject (computer science, mathematics, engineering, statistics or science)
Ability to communicate fluently and succinctly in English 
Good numerical reasoning skills
Strong problem solving skills
Proficiency in Excel and SQL
Intellectual curiosity


It’s Great if you Have:


Exposure to one or more data analysis packages or databases, e.g., SAS, R, SPSS, Python, VBA, SQL
Experience in digital marketing


#STRA#ANLS#MRKT#3 #Bengaluru #SãoPaulo #Delhi #NewYorkCity #Nigeria #London #Hyderabad #Pune #Mumbai #Colombia #Paris #Jakarta #Chennai #SanFrancisco #WashingtonDC #Toronto #Pakistan #LosAngeles #Dallas #Chicago #Kenya #Boston #Shanghai #Egypt #BuenosAires #Manila #Netherlands #Singapore #RiodeJaneiro #Beijing #Atlanta #Sydney #Madrid #Vietnam #SaudiArabia #Peru #Melbourne #Ireland #Russia #Bangladesh #MexicoCity #Philadelphia #Chile #SeattleArea #Noida #Kolkata #Guangdong #UnitedArabEmirates #TelAvivDistrict #Houston #KualaLumpur #BeloHorizonte #SouthKorea #Bangkok #Istanbul #Austin #Curitiba #Warsaw #Campinas #Barcelona #Ukraine #CostaRica #Berlin #Romania #Denver #Johannesburg #Minneapolis #Manchester #Miami #MexicoCity #Phoenix #Detroit #Coimbatore #Milan #PortoAlegre #Vancouver #Montreal #Charlotte #SanDiego #Ghana #SaltLakeCity #Raleigh #HongKong #Fortaleza #Munich #Prague #Ecuador #TampaBay #Tokyo #Serbia #Taipei #Cracow #Zhejiang #CapeTown #Brasilia #Columbus data representation data analysis SQL data analytics analytics python (programming language) data mining data science r (programming language) tableau analytical skills data visualization databases business analysis business intelligence (bi) microsoft sql server #flight #pricing

Please review our Hiring Process Guidelines before your interview — click here to learn how interviewing at Agoda works.

Discover More About Working At Agoda


Agoda Careers https://careersatagoda.com
Facebook https://www.facebook.com/agodacareers/
LinkedIn https://www.linkedin.com/company/agoda
YouTube https://www.youtube.com/agodalife


Equal Opportunity Employer 

At Agoda, we pride ourselves on being a company represented by people of all different backgrounds and orientations. We prioritize attracting diverse talent and cultivating an inclusive environment that encourages collaboration and innovation. Employment at Agoda is based solely on a person’s merit and qualifications. We are committed to providing equal employment opportunity regardless of sex, age, race, color, national origin, religion, marital status, pregnancy, sexual orientation, gender identity, disability, citizenship, veteran or military status, and other legally protected characteristics.

We will keep your application on file so that we can consider you for future vacancies and you can always ask to have your details removed from the file. For more details please read our privacy policy.

Disclaimer

We do not accept any terms or conditions, nor do we recognize any agency’s representation of a candidate, from unsolicited third-party or agency submissions. If we receive unsolicited or speculative CVs, we reserve the right to contact and hire the candidate directly without any obligation to pay a recruitment fee.",https://www.linkedin.com/jobs/view/4410554113/?eBP=CwEAAAGeeQd6gnD4qMe8nJfXVyZecgVROmjzSpIEZifzJaS45JvgBX-UzVpqhlyDkUQXEunmpFMp0QZdeKeix6nA37PrNa3W1nu3hCVNwD4LjRUeC3F52RvHzubXUyXiCB7-MSkihz-OaYVliWx24g6nMULMTzC0Qb8HFfBJ1G5ZiGFxcyH5mIyeTkL5ZxoW9fE-J0HNWl1oGNKXvSg_dPfgmwNjqSmJeoOyeGV1MLbyCHJ88CuKOXwWigl074S2UzNEWahOFRsWL5_tgQ_BiVN8FItmBAHhqDaRF3du-N38KQynuXpRoms5WCNrfoVmUNils7HZGIxbwzXsDTnmtAozTWcVn2hGVvcDAm2qUKoK4QVV_XuHWo6fQp9dMtZapG6pmg2OS5vg7ywLEc_JbMZVQSVG4nSFyz68A7bYfi3aGIMS-9aXFbeU9OIV51IEdIcX4rZKONCa7mOcKM91db8SU29k4lJmVDzEESicbKKpwAo4YtHt&refId=P7%2BFfkJwQkKKc7n3F%2FxPQw%3D%3D&trackingId=qWzC9U0RR5GIm9wXzB3Hfw%3D%3D&trk=flagship3_search_srp_jobs,Data Scientist,Indonesia,"['tableau', 'sql', 'ios', 'git', 'python']",5,2026-05-30T20:20:14.426540
4309452509,Chatbot & Business Insight - Regional Seller Experience (Contract),Shopee,"Jakarta, Indonesia (On-site)",,"About the job

Job Description


Analyze chatbot transcripts to identify issues and propose improvements.
Coordinate and monitor sentiment surveys across countries.
Evaluate chatbot features against global competitors and identify improvement areas.
Classify historical chat data to build a structured Q&A repository.
Label datasets with relevant tags (intent, sentiment, etc.) for machine learning use.
Assist in compiling requirements, coordinating rollouts, and collecting post-launch feedback.


Requirements


Strong research skills, especially in analyzing external platforms and competitors
Ability to transform unstructured data into clear, actionable insights
Proficient in data analysis, quality assurance, and competitive benchmarking
Detail-oriented with strong analytical thinking
Excellent communication and coordination across teams
Self-motivated and proactive with the ability to work independently",https://www.linkedin.com/jobs/view/4309452509/?eBP=CwEAAAGeeQd6gjUkMrFoojbhQ0DLrQ8fO8FSyV2NvIzrJNJdJJSgKDEYu6j4r-8Ggh-K_eDNuZ_GVKLv6EbPnkb8uzBw9fsZbASqQxIP-r2HGpRF6sdWrAtZvxBEyfQsz47Whl1sGA6lWvM2n3H1DJWBUtk44pgasYwogsDwIucK2uxIimKJLDxeXheRPcEIadyfCLHL_DdyqI8Nl-ALklPgJSD2cw9jQpF2hslSDoH4MBgYEUskJ6fW-SqEOzXru5q3_0T_7cjEhZ28M69IR6tcFOaQEpChphIzX8x4tf5NpriGHFLFEs1621zcvVTkbIzisYLbHKf6sGmQl32S3FJdZBmY7oon79zhpBwX4d1c4eftN1kuWEgEvIqZLerVl0y997wj6oRlp2bAGDkpO1jjlJIPEzFZ--tfKfrxd2KeHLBoNAgwJpCEBfBpXYejmmm5m-mbcLgGMEUsvhElUf2C_Ifo5K5AVj09yQZeBuzVL74efq2OW_FcPHEHNDQvYhUpZA&refId=P7%2BFfkJwQkKKc7n3F%2FxPQw%3D%3D&trackingId=pE9W9Cmk3q1fbGKiWy1n0Q%3D%3D&trk=flagship3_search_srp_jobs,Data Scientist,Indonesia,[],0,2026-05-30T20:20:19.467448
4422047457,Market Research & Outreach Intern,Y Ventures Group,"Jakarta, Jakarta, Indonesia (Hybrid)",,"About the job
This job is sourced from a job board. Learn More

Responsibilities

We are seeking proactive and communicative Market Research & Outreach interns to support the pilot testing phase of our CPNS preparation platform. This role involves identifying and reaching out to potential CPNS test takers, guiding them through the product trial experience, monitoring engagement, and gathering user feedback and insights. The intern will play an important role in helping the team validate product-market fit and improve the user experience.

Key Responsibilities


Map and identify potential CPNS test takers through online communities, campuses, social media platforms, and personal networks 
Conduct outreach and communicate with potential users to introduce the platform and pilot program 
Assist participants during onboarding and guide them through the product trial process 
Follow up with participants to ensure active product usage and trial completion 
Gather user feedback, pain points, and insights from participants 
Maintain simple tracking and reporting of participant progress and outcomes 
Share field insights and recommendations with the internal team 


Note: This is a primarily remote position, with possibilities to conduct certain activities offline within your respective local area when relevant.

Requirements


Currently pursuing or recently completed Diploma/Bachelor’s degree from any major 
Strong communication and interpersonal skills 
Comfortable approaching and engaging with new people 
Proactive, resourceful, and able to work independently 
Organized and able to manage multiple participants simultaneously 
Familiarity with Telegram, WhatsApp, Discord, LinkedIn, TikTok, X, Thread, or other online communities is a plus 
Interest in education, career preparation, startups, or digital products is preferred",https://www.linkedin.com/jobs/view/4422047457/?eBP=NOT_ELIGIBLE_FOR_CHARGING&refId=P7%2BFfkJwQkKKc7n3F%2FxPQw%3D%3D&trackingId=wIWmiH%2FdZLBWAT42PaOmYA%3D%3D&trk=flagship3_search_srp_jobs,Data Scientist,Indonesia,['git'],1,2026-05-30T20:20:24.581962
4418284130,Financial Data Analyst | $30/hr Remote,Crossing Hurdles,Indonesia (Remote),,"About the job

Position: Bilingual Finance Annotator

Type: Hourly contract

Compensation: $25 - $30/hour

Location: Remote

Commitment: 10 40 hours/week




Role Responsibilities

Compare AI-generated financial data with source documents to ensure accuracy.
Validate and correct structured data within JSON schemas.
Verify calculations and ensure financial totals and line items are correct.
Identify discrepancies and resolve data inconsistencies.
Collaborate with technical teams and provide detailed feedback.
Process high volumes of data fields with strong attention to detail.
Maintain and update annotation guidelines and documentation. 




Requirements

Fluency in English and an additional relevant language.
Strong experience with financial or related document analysis.
Ability to interpret and validate complex JSON data structures.
Strong reading comprehension for detailed, multi-page documents.
Excellent written and verbal communication skills.
High attention to detail and accuracy.
Ability to work independently in a fast-paced environment. 




Application Process (Takes 20 Min)

Easy Apply on LinkedIn
Check email for next steps
Participate in resume evaluation & interview stage



Desired Skills and Experience

DATA ANNOTATOR, Financial Analyst",https://www.linkedin.com/jobs/view/4418284130/?eBP=CwEAAAGeeQd6gnhyG3IHIGCMrlb80CBuOB-D5ifh2hApw_5Eqeu3r1lbaOSNZSbNrMi_3LzTdtRQcLG532mSwY5oe7y1kqewHdGgi58LUQBjLYNsJeAHuO-4uCPmTHz284M1xBPStEGTG3FX48sYNwUpoS9kJSGgE9Yv55CMkSVcWi5jmqLl9nUUvOgWGriPqoMRhxE6WPMJ3BYFPZd9pW9OHeQ6L27uvhjxEws44WzHitJqbcHPIowujOKp1r7p5nMsnVfggotAkfkodWPxN-ON75gtJOWNjQZDinLovwqFNzT4TIeUWHTTjIaRHO3y7wNVOqxu6Q8e7wg0hGQZdV_AYhnN9ZbdDTBr-dlBb2V6LEeSjszBtsDLmVg1_v4DwBWlODbkoiSyPH9konwLqw9WPh7DrSgaGInfRfywVEjlgnvL3oh972p8WNJhaokf9AmHWwqzxWh3lQjshP2ZHRZk2R72pimMLkw7Tb7tEVxqdZ017kWsgKAYXtWR&refId=P7%2BFfkJwQkKKc7n3F%2FxPQw%3D%3D&trackingId=p1mUefDUmGOe%2FCQRYhYK9A%3D%3D&trk=flagship3_search_srp_jobs,Data Scientist,Indonesia,[],0,2026-05-30T20:20:29.647147
4418560662,CUDA Developers,Highbrow Technology Inc,Indonesia (Remote),,"About the job

🚀 Hiring Now | CUDA with C++ & Python Developers | Remote Contract Opportunity with Turing

📌 Job ID: 80323

🌍 Location: Bangladesh, Brazil, Colombia, Egypt, Ghana, India, Pakistan, Indonesia, Kenya, Nigeria, Turkey & Vietnam

💼 Role Type: Short-term Contract (3 Months)




⏰ Availability Required: 8 hours/day with 4 hours overlap with PST

About the RoLE

We are looking for experienced CUDA Developers to work on cutting-edge AI and Machine Learning projects. This role involves solving complex GPU programming challenges, optimizing CUDA workloads, reviewing AI-generated code, and contributing to advanced LLM training initiatives.

🔹 Key Skills Required:

✔ 5+ years of software development experience with strong focus on CUDA

✔ Strong expertise in C/C++

✔ Hands-on Python experience with PyTorch & NumPy

✔ Experience with CUDA 12.3+

✔ Strong understanding of GPU programming, parallel computing & performance optimization

✔ Experience with CUDA libraries like Thrust, cuBLAS & cuDNN

🔹 What You’ll Work On:

• GPU acceleration & CUDA optimization

• AI-generated code review and enhancement

• Kernel performance analysis & memory optimization

• Building high-quality coding prompts and evaluations for AI systems

• Debugging CUDA kernels and synchronization issues

• Collaborating with global AI research teams

🎯 Selection Process:

1 Technical Interview + Delivery Review

📍 Important:

LinkedIn profile link must be included in the resume submission.",https://www.linkedin.com/jobs/view/4418560662/?eBP=CwEAAAGeeQd6gg8MJIfq01BK80afn_JRuahKizeH8OogcjCE861SjCBnOorQZF45bziy0ia20bGYQvXELUFSCRvpJgZwa4nZSkYu7PJK0oGklxA-SI2iLf7xAiAj5MvlJu8mMWhOmDYdfvIC2HeW5Ec7djELxhKeZRhkZtIN7lWhStz5E20Zpjhjf5h-Eqz3WycUIRyNGixt4bSv8i1EL0FTb0O2T47_mBP-cKl7lVx0HdC5Lz1cnfxHE8h3Tcd9iDjbU7G0wxF-cG0Psc8WIHM9v7ig08ibBibS05vYx7SNJ-E-SRKaRCibHcJwLqhaG8Yb2JuIlkWyECaFk07v7bjP34_WyPdmCcpljUoiJtWIcN_1MaupvL83-EYSZMW2nszJ-XHcRccuK4XKYW6w90BQHhRw1YX6wMOixVdwIzXzkZ84WJlszdf-LEC_TKiw7jtFHCsSZ6m1S03dKxVUpgc&refId=P7%2BFfkJwQkKKc7n3F%2FxPQw%3D%3D&trackingId=G%2Fct1B1NclMvwYwSCzp96A%3D%3D&trk=flagship3_search_srp_jobs,Data Scientist,Indonesia,"['pytorch', 'rust', 'c++', 'python', 'numpy']",5,2026-05-30T20:20:34.715951
4420244332,Graduate Trainee Programme - Digital Marketing,99 Group (99.co | Rumah123 | SRX),"South Jakarta, Jakarta, Indonesia (On-site)",,"About the job

Join Us and Lead the Real Estate Revolution!

At 99 Group, we're on a mission to revolutionize the real estate industry by seamlessly integrating cutting-edge technology and innovation. If you're excited to be at the forefront of this transformation and are ready to tackle the industry's challenges head-on, we want you to be a part of our dynamic team.

Your Role: Graduate Trainee Program - Digital Marketing

What You'll Be Doing:

Analyze campaign and business performance data to identify trends, opportunities, and actionable insights.
Explore and learn digital marketing platforms such as Meta Ads and Google Ads through hands-on experimentation and continuous learning.
Design, execute, and evaluate marketing experiments to improve campaign performance and drive growth.
Take ownership of assigned projects and initiatives, proactively identifying issues and implementing solutions.
Work closely with cross-functional teams to test ideas, measure results, and optimize outcomes.
Develop a data-driven approach to problem-solving by forming hypotheses, validating assumptions, and making recommendations based on findings.
Continuously learn and adapt in a fast-paced Performance Marketing environment, embracing new challenges and opportunities for growth.

What We're Looking For:

Bachelor’s or Master’s Degree in Marketing, Business Administration, Communications, or a related field.
A minimum GPA of 3.50.
Proficiency in Microsoft Office and Google Suite.
Basic understanding of digital marketing tools (e.g., Google Analytics, SEO/SEM, social media platforms) is a plus.
A creative, analytical, and results-driven mindset.
Strong communication, teamwork, and organizational skills.
Fluency in English, both verbal and written.

Are you ready to shape the future of real estate? Join us in this exciting journey of innovation, collaboration, and growth. Together, let's redefine what's possible in the world of real estate.





Make your mark at 99 Group. Apply now




!",https://www.linkedin.com/jobs/view/4420244332/?eBP=CwEAAAGeeQd6grTRjsbF9lOayanfn-vLeLxOQmAgaPyc8dvvJ6qzMoZ2lsvQPylXBXbi0O0eE9kLFk3AdSKyJCihlM_6gifesVXr6Q-zFf0S0gDePdBocg0Da4EMJR8baL84UG8W6Uhwy_FYq7Hj2nME0AxpZaRMHAmA--0UgFowXx7qIPtCHzurVuT8699ffjTCd7XJFKABwI5dPoAb2fuWuDtelp5UZc0l7Alv2LlA8muzAYzY-zk5lNPX_HDfhQe63wLcXXHB8kLgC5AWoiNRKOq__14VVYqhcRIVBxrWNplqYdC1MApcAVA4fjXKQmX56ufdo4N1Gy9MISDITE6ip_WDJQENfQcZUnhgHyYEfNgtcI5Uq6UZB9jVocE09-iCJwqL4DaFK1mbg5sbZXR3YtHclZeFI0LDBqpgl1Vx_Mriff1BBRuErkcFYEAnmB3hUlvZQKfR_Bx5jvtHikarCu3ge5vLnHKxLhYsBBWIuxJwN-W2AAghidGo8N1ZL1-1vfsD1TmUYg&refId=P7%2BFfkJwQkKKc7n3F%2FxPQw%3D%3D&trackingId=4%2FYn0nMbhJsTxjlyzHTsSQ%3D%3D&trk=flagship3_search_srp_jobs,Data Scientist,Indonesia,['git'],1,2026-05-30T20:20:39.744650
4420221305,E-commerce Data Analyst,Alignerr,Indonesia (Remote),,"About the job

E-commerce Data Analyst (AI Training)

About The Role

What if your eye for detail and familiarity with online shopping could directly improve the AI systems that millions of people use to discover and buy products every day? We're looking for E-commerce Data Analysts to review, categorize, and improve product data that powers next-generation AI shopping and recommendation engines.

This is a fully remote, flexible contract role open to anyone who shops online and has a knack for spotting what looks right — and what doesn't. No formal e-commerce or retail background required.


Organization: Alignerr
Type: Hourly Contract
Location: Remote
Commitment: 10–40 hours/week


What You'll Do


Review product listings for accuracy, completeness, and correct categorization
Evaluate AI-generated product descriptions and recommendation outputs
Tag and classify products using structured category systems and guidelines
Identify duplicate, misleading, or low-quality product entries
Provide clear, structured feedback to improve AI-powered product search and discovery
Work independently and asynchronously on your own schedule


Who You Are


Familiar with online shopping platforms and how product categories work
Naturally detail-oriented with a consistent, systematic approach to tasks
Comfortable working with structured data and web-based tools
Strong written communication skills
Self-motivated and reliable when working independently
No prior e-commerce, retail, or AI experience required


Nice to Have


Experience in retail, merchandising, inventory management, or product data
Background in data entry, quality assurance, or content moderation
Familiarity with AI tools or e-commerce platforms as an end user


Why Join Us


Work on cutting-edge AI projects alongside leading research labs
Fully remote and flexible — work when and where it suits you
Freelance autonomy with the structure of meaningful, task-based work
Contribute to AI development that shapes how people discover and shop for products worldwide
Potential for ongoing work and contract extension as new projects launch",https://www.linkedin.com/jobs/view/4420221305/?eBP=NOT_ELIGIBLE_FOR_CHARGING&refId=P7%2BFfkJwQkKKc7n3F%2FxPQw%3D%3D&trackingId=pMsOKY75uDEzqyf4eARjhQ%3D%3D&trk=flagship3_search_srp_jobs,Data Scientist,Indonesia,[],0,2026-05-30T20:20:44.859597
4252939391,Data Engineer & Analytics,Kredivo Group,Jakarta Metropolitan Area (On-site),,"About the job

As a Data Engineer and Analytic you will be tasked with empowering internal stakeholders to delve deep into the complexities of the data in our warehouse. You will work closely with Product, Engineering, and Data teams to build scalable data pipelines and design data analytics engines that empower deep insights for users. The person in this position will take work seriously, has a strong sense of duty, and is disciplined. The position will generally be task oriented, requiring someone with a conservative, careful, and cautious approach to work.

About The Job


Design and develop scalable business data solutions across the entire data supply chain.
Create and review technical and user-focused documentation for data solutions (data models, data dictionaries, business glossaries, process and data flows, architecture diagrams, etc.).
Solve for complex data integrations across multiple systems.
Collaborate with management, business partners, analysts, developers, architects, and engineers to support data quality efforts.
Expertise (can teach/instruct others): in current data warehousing concepts (using technologies like Redsift, Spark, Hadoop, web services, etc to support business-driven decisioning)
SQL and database scripting
With data manipulation scripting languages (like Python or Scala)
With Data Science toolsets and technology stack


About You


A passionate and curious individual in Data Engineering and Analytics subject areas
1-3 years of any relevant experiences in Data Engineering, Data Warehouse, Business Intelligence, Analytics
Good proficiency in writing SQL, either in RDBMS (i.e. MySQL, PostgreSQL, etc) or OLAP (i.e. BigQuery, Redshift, Oracle, etc.)
Ability to write robust and scalable code in Python or other scripting programming language
Good knowledge in creating a workable business dashboard.
Basic proficiency or experience in infrastructure setup using cloud services (i.e. AWS, GCP, Azure).
Strong passion in data engineering or business intelligence areas, ability to search or create solutions.
Good communication skills in Bahasa and English. Mostly explaining technical things.
Good workable attitude, something we could invest time to develop.",https://www.linkedin.com/jobs/view/4252939391/?eBP=CwEAAAGeeQd6ghCee0XFJIyXlwzD_RkJNHKMRu0HcrMtC_IWyOtWzoRcY66vkCg1nAY7ZLOt8JChG95NALW0gGicGwMK8iux9bZyFb0B6anhDaV5-RokbWv0rlDnnBVcbZp1Hx-9fo5IAwR2vd6SPOMLpNlhM7TzYfaC86iuRI_xbzRPy6cWqGlOZY57syPfjDuLTNGUJGbDvuOzVearh5DV_lOgseSDXHVk3_tOlVrz0PwYCK57bnMByPo-GeQWZo_Aup7dvS9zMPQ2d5DAt0dQqhgZOARcE_PcgYCdooDEFbldjB1iOCRe6SpuQpWWjMpJQptpmR9FI-o3NDEYRPK0RnrtjcGy-ZwuO2AX-lACk7D8G7KZzgzrrTvpJ6vLc1os-yJ6eZ5RN02uy3MafQ28aBo3UaAsn6-tkjnlZagICnLY2W7hVJPqzDiD-UKGOGxWyHaa0I4Um8CQSHeiKr0pIX2H0nd__uAX_yL-jB6T8BwIg82h2P8MvethETJUtg1rbOVH9NFMeg&refId=P7%2BFfkJwQkKKc7n3F%2FxPQw%3D%3D&trackingId=rSs0%2FO%2FdFkpbuJc3vZdaWg%3D%3D&trk=flagship3_search_srp_jobs,Data Scientist,Indonesia,"['scala', 'hadoop', 'postgresql', 'azure', 'sql', 'python', 'gcp', 'mysql', 'spark', 'aws']",10,2026-05-30T20:20:49.918759
4418978317,"Budget & Planning Specialist - Financial Planning & Analysis, SPX Express",Sea,"Jakarta, Indonesia (On-site)",,"About the job

Job Description:


Build overall financial & budget projections for SPX Express
Monitor and analyze revenue structure along with driver expenses
Collaborate with cross-functional teams to do an analysis and execution
Provide ad-hoc support/analysis on critical projects/initiatives
Conduct benchmarking with global peers, analyse annual reports, as well as other public information



Requirements:


Bachelor’s degree from any major
Minimum 3-5 years of professional experience in strategy & analytics, financial planning, management consulting, or investment banking in start-ups, or Fortune 500 companies
Previous relevant industry experience will be an advantage
Solid data management and excel spreadsheet skills
Strong analytical thinking, structured approach, and data-driven decision making process",https://www.linkedin.com/jobs/view/4418978317/?eBP=CwEAAAGeeQd6gr1UcjfB5GiqY4Pjmedm7dXa9AEOLpGa9eRxYnHZSNEHp-TV4IE3Utqj5vTJR_xSn21onQXB2ibb0CWkdrAtjWeCDDi2vylSpbvGxkWcGwPJ-jX9XuOuNW7fQzYCJVgbc2hz5XjcppLuB_2wvUxlwKvnuOaYIoCvJlWUxdOknxlp5w8C8n-olo2hydVlk0mKgjDdk3TpDoEvo-AkehIT07oCoR42gtR9hhF6DCcRP3HLeu_CsUmQhR9fWlk637K4ylSprmwXoGRiMdx3nyU3KF9eMXKglj8O4R717rnpGCO_DRPI62Wjqoj-J-vPqITxIh1EXRGtbLuKuys3misnGCrBAx3Bmne2W098YG7vzpgWs7ADL5lH3543aLizUvly3WGnMV-RGzURkUu7xgLbOeXjHblVlze1jj8WMVOHw8ANU7IHjZSE1-HauuVVBpwoHVewCpvRrN1qA7AJ152wOehJI-Kq9sYjsByCVYs1qkm0auMEPeu37VhssSSnU8I-I1P8&refId=P7%2BFfkJwQkKKc7n3F%2FxPQw%3D%3D&trackingId=pG%2BSz0I0hCje%2BtE6ZXpADw%3D%3D&trk=flagship3_search_srp_jobs,Data Scientist,Indonesia,['express'],1,2026-05-30T20:20:54.962031
4409924033,Engineering Intern (July Intake),Carousell Group,"West Jakarta, Jakarta, Indonesia (Remote)",,"About the job

Company Description

Laku6 is the leading AI-first end-to-end electronics recommerce platform in Indonesia where our technology has helped over 500,000 users sell their gadgets directly for cash or via Trade-In with leading eCommerce Partners. Laku6 is part of Carousell Group, the leading multi-category platform for secondhand in Greater Southeast Asia on a mission to make secondhand the first choice. Founded in August 2012 in Singapore, the Group has a leading presence in seven markets under the brands Carousell, Carousell Media Group, Cho Tot, Laku6, LuxLexicon, Mudah.my, OneShift, REFASH and Revo Financial, serving tens of millions of monthly active users. Carousell is backed by leading investors including Telenor Group, Rakuten Ventures, Naver, STIC Investments, 500 Global and Peak XV Partners (formerly known as Sequoia Capital India).

Laku6 is the leading AI-first end-to-end Electronics Recommerce platform in Indonesia where our technology has helped over 500,000 users sell their gadgets directly for cash or via Trade-In with leading eCommerce Partners and in over 1,000 offline retail shops. We believe that making it easier for sellers to sell and safer for buyers to buy used-electronics and smartphones is a critical step to achieving that.

Visit www.laku6.com for more information.

Job Description


Learn to write code that solves real problems, not just completes assignments.
Ask questions about why we're building features, not just how to build them.
Work alongside experienced engineers in small teams to build features that real users will use.
Participate in code reviews and team discussions to understand how technical decisions impact the business.
Get hands-on experience with the full development cycle from idea to production deployment.


Qualifications


Strong foundation in programming fundamentals (basic data structures, algorithms) from coursework or self-study.
Understanding of how web applications work (client-server, databases, APIs) at a conceptual level.
Some experience with any programming language - we use Go for backend but will teach you what you need.
Basic knowledge of HTML, CSS, JavaScript and exposure to any modern framework.
Curiosity about why code exists, not just how it works.
Ability to ask questions when things don't make sense instead of blindly following instructions.
English proficiency for team communication.
Currently pursuing or recently completed a degree in Computer Science or related field (or equivalent self-taught knowledge).


Additional Information

Good to have:


You've built something (anything) that other people have actually used, even if it's small.
You prefer understanding concepts over memorizing syntax.
You're comfortable admitting what you don't know and eager to learn.
You've wondered why certain features exist in apps you use daily.
You can explain technical concepts to non-technical friends.


By proceeding with your application, you are adhering to our PDPA policies. In case you are interested to know more, read about our Candidates Personal Data Privacy Statement.",https://www.linkedin.com/jobs/view/4409924033/?eBP=CwEAAAGeeQd6gtb2sPYt8Gya0mP2puPUZF8WVa9HXvhRK_yY-bhNF81PLtPO1NnMlMaSpH1xNTC49NO72gT_9RdoEl-IXf7dYlWu61J5U2CYIeBUyJZoBYkTJjBnvnMdzF9VWM8l_51w9qtlvM-Vb6orZ36mHEqaebteyOlQ5Pgq6_Y2Of51OdVJysn-engWQSchdqtoztLSQ_w-kMilsYFjr1rLQqCLpabqd7dD1qFDYDX5q8DbQLgiqeRMnO0vR-qc0rNffFalUt8nF5IfkEka0vGJ2z0EtkfgTS4hXxhZwbLNmyhv7ce20rATDhs8EeHMQFqAwaYD5pBdRdEnxuwso5bbeENrfwvXim_pfM2JLQSx5Zg2uLZ18ngkYvZk_j7pDEoF2Jv8dDGn694WcIa8DuPbkegAkGwclF1WCn_IDmoANcWV2FTVmR-wKmRb4JR6iNmYBHMx4b4l8sOs37npFQrqe6npcvw4jUtGKFo&refId=P7%2BFfkJwQkKKc7n3F%2FxPQw%3D%3D&trackingId=qKUCs1S9dh0aliGfKdDChw%3D%3D&trk=flagship3_search_srp_jobs,Data Scientist,Indonesia,"['javascript', 'ios', 'java']",3,2026-05-30T20:21:00.096231
4419156527,Trade Marketing Intern,Versuni,Jakarta Metropolitan Area (Hybrid),,"About the job

About The Role




Join the Perfect Store Execution (PSE) team and play a key role in bringing our brands to life in-store. From creating impactful retail experiences to executing shopper promotions, you'll learn how Trade & Shopper Marketing works end-to-end across multiple product categories. This opportunity provides broad exposure to retail execution, merchandising, promotions, shopper insights, and commercial strategy—giving you a holistic understanding of the consumer electronics business.




Driving in-store visibility through POSM development, retail execution, and planogram compliance monitoring. 
Supporting promotional activation initiatives, particularly store exhibitions, to enhance shopper experience and brand engagement at the point of purchase. 
Collaborating with cross-functional teams to ensure effective execution of Trade & Shopper Marketing initiatives across retail channels.




The Impact You’ll Make:




Assist in the development and deployment of in-store visibility materials (POSM) across Kitchen Appliances and Home Life categories in offline retail channels. 
Assist in the planning and execution of promotional programs, with a focus on managing operational aspects of external events in Modern Retail (MR) channels. 
Support day-to-day Perfect Store Execution (PSE) operations, including coordination with internal stakeholders, agencies, and retail partners. 
Monitor and track in-store execution performance, providing timely updates and recommendations for improvement. 
Collaborate with cross-functional teams to ensure the effective implementation of Trade & Shopper Marketing initiatives.




The Skills And Knowledge You’ll Bring:




Final-year and third-year undergraduate students, preferably majoring in Marketing, Business Management, or related fields, are also welcome to apply. 
Proficient in Microsoft Excel and PowerPoint (basic to intermediate level). 
High attention to detail and strong organizational skills. 
Good communication and coordination skills. 
Willing to work in a hybrid arrangement (2 days per week in the office) based in the Cilandak office area. 




Ready to make an impact?




From developing game-changing air fryers to perfecting the art of coffee making, Versuni’s purpose is turning houses into homes — and we’re calling on your talent to bring it to life. Join our global team of 6,000+ passionate individuals, work with world-class brands, and shape the future of home living. We’re ready for you — are you ready for us?",https://www.linkedin.com/jobs/view/4419156527/?eBP=CwEAAAGeeQd6gtIUhT1HxV27n7ot4HKqBr6NI80w16MURDc423i1ALkM4jBjzTTwM_z_lhHhjDYc6fteJfZJ2RBuY4ioWNMguTATaUARrCCNA9OwWOUaAqh0toUGFdt6h02V6_WCBPkN56rGIDBX8cMvGIKstaOi1YVnZRjkLc1EzTegVsHdj7rlsjexpHLz_T_vFKRYKCnXc3HWhX0TRWEpvB5w6AyAWba029A2_R0nSuBwqaivXbZlEuUQylYXRtOYDpZI-hDnc_bNzUIo_rKM_avdGx5thTXS-dwTlimxpeO4_u06W6NKxGuSE_hzgkOe-8gexT255knN4bZCZnDDK4v7oTz8Y3Wv-N0GitWX6-GbFKGKh4MAks91DpKUHl6KHToG2Rc4MYGWAVri4n7dakCK4bBWg2IalBRcy-NFjSl4LwA1iQ3pfF1kurTUO2fHbXd9SlBCuVfhpUouE5Yb9z_XJe25VBSunQyL_5L9YoUpE6WQhMkx_HwL4tu2aOlTFwi0Xl0&refId=P7%2BFfkJwQkKKc7n3F%2FxPQw%3D%3D&trackingId=j3ttCW3VPcPogxIqC%2Biu8w%3D%3D&trk=flagship3_search_srp_jobs,Data Scientist,Indonesia,[],0,2026-05-30T20:21:05.212599
4417845918,Research Associate (Generalist) - BCG Vantage,Boston Consulting Group (BCG),"Jakarta, Jakarta, Indonesia (On-site)",,"About the job

Who We Are

Boston Consulting Group partners with leaders in business and society to tackle their most important challenges and capture their greatest opportunities. BCG was the pioneer in business strategy when it was founded in 1963. Today, we help clients with total transformation-inspiring complex change, enabling organizations to grow, building competitive advantage, and driving bottom-line impact.

To succeed, organizations must blend digital and human capabilities. Our diverse, global teams bring deep industry and functional expertise and a range of perspectives to spark change. BCG delivers solutions through leading-edge management consulting along with technology and design, corporate and digital ventures—and business purpose. We work in a uniquely collaborative model across the firm and throughout all levels of the client organization, generating results that allow our clients to thrive.

What You'll Do

As a Research Associate within BCG Vantage's Global Research Organization (GRO) team, you will form an integral part of our South East Asia GRO team. Through the delivery of secondary research, you will contribute to BCG’s client work and knowledge base by supporting proposals, client cases and business or internal development initiatives.

You will clearly synthesize, package, articulate and deliver your findings in a timely and accurate manner and conduct research on commercial, multi-industry and economic topics. Excellent organizational skills are essential for successfully managing a variety and volume of research requests by accurately summarizing data and facts into appropriate and timely output i.e. email, Excel, PowerPoint, Word. Along with supporting research products (i.e. news alerts, company profiles etc.), you will also contribute to knowledge capture and documentation.

What You'll Bring


Undergraduate Degree minimum (a preference for a degree in business, economics, engineering, sciences)
0-2 years relevant working experience
Excellent English; Indonesian Native
Familiar with research databases (Capital IQ, EMIS, Factiva, etc)


Additional info

BCG Vantage is a powerhouse of expertise, seamlessly embedded within Practice Areas and markets to drive extraordinary impact. It equips BCG case teams and clients with cutting-edge expertise, proprietary assets, actionable data, and transformative insights that empower our case teams and enable our clients to achieve their aspirations.

With global experts across 20 Practices, covering more than 100 topics, sectors and offers, plus four focused geographic markets, BCG Vantage delivers unparalleled depth and breadth of insight & expertise. BCG Vantage consists of three career paths, each playing a crucial role in delivering value to clients, case teams and practice teams.


 Client Focus (Embedded Expertise)


Integrates into client-facing teams to deliver direct client impact through expertise, know-how, and proprietary tools and assets


 Topic Activation (Sector Expertise with Proprietary Tool & Data Solutions)


Combines deep domain insights with our know-how and proprietary assets to address targeted challenges directly with clients and project teams; co-creates insights on industry trends and functional topics, proprietary data and tools, and teams to codify IP that all enables BCG to deliver excellent business value with its clients


 Research (Practice Topic and Sector-Aligned Research and Insights)


Delivers actionable research and insights tailored to the client project’s needs; works with qualitative and quantitative data, conducts research and provides synthesized results from sources including commercial data, public and open source, company and industry research, macro-economic, commodities and trade data.

You're Good At


Engaging with customers
You will thrive learning in a rich, fast paced, deadline driven yet thoughtful environment that is customer focused. Working closely with more senior team members, you will engage with Internal clients daily with the aim to understand, scope and deliver accurate, timely and relevant data and information
Thinking analytically
You’re an organized thinker who commits to learning research analysis including: methods, databases and tools, synthesis & packagin
Working accurately in a fast paced, deadline focused environment
You will have strong attention to detail by clarifying request objectives under direct supervision and discussing the most appropriate and timely research approach. You will do this whilst communicating directly with BCG stakeholders to evaluate and recommend the most efficient and successful research strategy per project
Working well independently and in a collaborative team environment
Working closely with fellow colleagues, you will approach all interactions with the highest level of quality and customer service. You will also guide outsourcing partners in their research analysis and do quality assurance
Seeking professional development
You will welcome the opportunity to grow and learn in an apprenticeship culture where you can quickly build and expand your research knowledge base to the next level
Communicating with confidence and ease
You will be a clear and confident communicator, able to deliver messages in a concise manner with a positive disposition and you will help build a loyal customer base for GRO

Boston Consulting Group is an Equal Opportunity Employer. All qualified applicants will receive consideration for employment without regard to race, color, age, religion, sex, sexual orientation, gender identity / expression, national origin, disability, protected veteran status, or any other characteristic protected under national, provincial, or local law, where applicable, and those with criminal histories will be considered in a manner consistent with applicable state and local laws.

BCG is an E - Verify Employer. Click here  for more information on E-Verify.",https://www.linkedin.com/jobs/view/4417845918/?eBP=CwEAAAGeeQd6gr_VuqX_lC99DQn-Td3LoR9waN55S-XfuybikpVp3yTwRQ8LhnbFALiO5eT-GKlEC3UDfHrqHF0O0SwooUbE9LAG7ro4zt3TwmjelebB9usOtnrD5WlZrjogWEDVqkwgSJZp86K1cF8Q2iJssYnS58446lzF3To0zq_Gkrk01dYPFhYZsWqj2O9BWspuWn6eXz8lXp0F93FMGx_9v8rTht6ke6KLxLI2qufD3KTx0ut4efvy8Fjg-rGAeuC0N1eBcWcVQMvZ3lZVJGLGp7wDZYKXJu2SUBtPk47QHqYInXacVYvlJ4NH_i-BB81ppdHqwCGzOoGZmpvlCx5qIZPW4usSabImQnXGuyJe8i9wDVbNalGPMTDRg6RHLI7WavzcDE-swKEkA0nXme-13b6ehdsmyyxwmalWw_xT-7vl-hTKPcY8iLpCJOxA2FfD-1wMrQmRpvf-LRRpFIoSQmEcikZlhEY2iKLaHRcfta-hzAs&refId=P7%2BFfkJwQkKKc7n3F%2FxPQw%3D%3D&trackingId=%2BAzpUPnPwx1JzHblDLSDbg%3D%3D&trk=flagship3_search_srp_jobs,Data Scientist,Indonesia,"['git', 'spark', 'aws', 'express']",4,2026-05-30T20:21:10.379479
4420292051,Retail Engagement Executive - West Java,PT HM Sampoerna Tbk.,"Sumedang, West Java, Indonesia (On-site)",,"About the job

[THIS POSITION IS NOT ELIGIBLE FOR HM SAMPOERNA EMPLOYEE REFERRAL PROGRAM REWARD]

Be a part of a revolutionary change

At PMI, we’ve chosen to do something incredible. We’re totally transforming our business and building our future on one clear purpose – to deliver a smoke-free future.

With huge change, comes huge opportunity. So, wherever you join us, you’ll enjoy the freedom to dream up and deliver better, brighter solutions and the space to move your career forward in endlessly different directions.

We are looking for Retail Engagement Executive in Bandung, Sumedang and Subang.

Your ‘day to day’

You will be responsible to execute direct selling distribution and build good relationship in General Trade (GT) and Modern Trade (MT) that will promote product visibility and availability through integrated trade programs activities to maximize consumer potency.

Who we’re looking for


 Minimum of Bachelor degree (S1) from any discipline with minimum GPA 2.75
 Fresh Graduate are welcome to apply
 Detail oriented and achievement oriented
 Good analytical thinking, good priority setting and communication skills
 Fast learner and able to work in minimum guidance and supervision
 Perseverance and agility behaviors
 Team player, proactive, and highly motivated
 Have ability to dealing with people
 Willing to work in field
 Have a driver license (SIM) type C / A
 Willing to be relocate in all over Indonesia


What we offer

Our Success Depends On Our Talented Employees Who Come To Work Here Every Single Day With a Sense Of Purpose And An Appetite For Progress. Join PMI And You Too Can


 Seize the freedom to define your future and ours. We’ll empower you to take risks, experiment and explore.
 Be part of an inclusive, diverse culture, where everyone’s contribution is respected; collaborate with some of the world’s best people and feel like you belong.
 Pursue your ambitions and develop your skills with a global business – our staggering size and scale provides endless opportunities to progress.
 Take pride in delivering our promise to society: to deliver a smoke-free future


To join our growing team…

#Sampoerna

24387",https://www.linkedin.com/jobs/view/4420292051/?eBP=CwEAAAGeeQd6g_vQ98mW7eJRE2JdEfCW1yPmoPjD4l4cGgGAfAawjc399fzSjBerhXZKv1auM9yT9hiAow5BFvUeacPi3-6YcpxwrlJBImWcCINkBEq_mMlB5GttZW3za7w1zmcK_NJg0wHJDclkh-NxEZSfZI2VanETv30fPbTQhJawa1xDlMdmFafW1Ra2pR7Yj5RPu49HOjf0DJHa5jdvve2sJ4_ZWKCN9H2wIzzn-p_Xst53KSbDPrAZYukT1xJ0EH9ZW_YIKPvmqb0yxlUl4od3L-v0CIYHLurQWbBXF4N7Gjf0E7NXx9zWu4EwYep4ZEJzZt0-MAIlNSjjgDi_EnrDmgKv1Ibsa4FVwOcP8TksTYsy7yBsfYgWM5pgeWsRvcbQmFMnpTKZHVw81uVWG2e8Bg0bpCgA7NDrl0csz1uMI8PyR4-WjlhwIRvgCkGFoRxJ-bsVnBY4saJCUK9gtQcPG9rH3IzhaQvrMizyJMRRjEhRvhu2SxUM&refId=P7%2BFfkJwQkKKc7n3F%2FxPQw%3D%3D&trackingId=YWhdJlIZyWJ8Q7gIxQp%2Fyg%3D%3D&trk=flagship3_search_srp_jobs,Data Scientist,Indonesia,[],0,2026-05-30T20:21:15.473807
