id,title,company,location,job_description,job_url,search_role,search_location,extracted_skills,skills_count,scraped_at
2147623717,Product Developer Intern,DANA Indonesia,"Jakarta, Indonesia (On-site)","About the job

About Business Automation

At Business Automation, we believe that meaningful progress begins when people are empowered to do their best work. Our purpose is to transform complex, time-consuming processes into seamless, intelligent systems that enable teams to operate with greater clarity, speed, and confidence. By reducing manual effort, we create room for ideas to grow, innovation to thrive, and people to truly excel in what they do best.




We don’t aim for simple process improvement—we strive to reshape the way the organization works. Through smart automation, data-driven insights, and thoughtful design, we unlock new levels of efficiency and capability. Whether it’s accelerating decision-making, simplifying workflows, or enabling smarter business operations, our focus is on delivering solutions that create real, measurable impact.




To us, automation is more than just technology—it is about collaboration, curiosity, and continuous growth. We are driven by the joy of solving real problems, exploring new possibilities, and creating solutions that truly make a difference. Ultimately, we take pride in empowering teams across the organization to work smarter, achieve more with less friction, and experience greater satisfaction in what they do every day.




About the role

As a Product Intern, you will be part of the Business Automation Team. Your main role is to bring value by ensuring alignment between business objectives / user needs.

If you are someone who is eager to make an impact, solving complex problems, and coming up with creative solutions, then this role is for you.




You'll be working on:

Product Strategy & Vision: Collaborate with cross-functional teams to define the product strategy, vision, and roadmap for Automation Team product.
Data-Driven Decision Making: Analyse data to inform product decisions, track performance metrics, and ensure product features are aligned with user needs and business goals.
Prioritization: Prioritize feature development to ensure what is being delivered brings the most business value.
Stakeholder Management: Participate in meetings with stakeholders, ensuring alignment between stakeholders and Automation Team.
Product Delivery: Support the product development life-cycle of Automation Team’s product, from ideation to launch.

Qualifications:

Pursuing an S1/Bachelor’s degree in STEM or Technical / Engineering background (e.g. Computer Science, Data Science, Information System, Engineering, etc).
Currently in the 3rd or 4th year of study.
Able to commit to a 6-month internship with placement in Jakarta.
Must have strong knowledge and hands-on experience in SQL.
Strong analytical skills and great understanding of the user's behavior.
Self-motivated and able to thrive in a fast-paced and dynamic environment.
Excellent communication skills in English both verbal and written.
Preferred: knowledge and skills in Data Science / GenAI / Automation tools.",https://www.linkedin.com/jobs/view/2147623717/?eBP=CwEAAAGd9IQcPe9xIsf2WVhGIVjEsjuritcVq2DpuyG165R2_rSjeS8hRg70ek1j6NFaaSeWRGwmvF-Te33sQ4a0S_miKBPOAWNsoy_bXAtJQe0BbVGg0jPkvDsr7GiZ4BVOrHSEhv7BqOdJaVpsx26Qd_sK28t30KJYtmPUk0qM1Q3VXMXZmDIEpxbraXYcIP48MnoT2BcEUq4p1-Ypfz01LSxeepUOJwe6LpLwUkLO0KF5KiVOIKcHVYiu5Zvgoac6YP6T1E_MgfFvD9Fzhj7yfYGmHXwX84aPMX8btCwprkteqcLiZC0rHAjQoIAy1c9N9zPo17pJg7zbPgHgVraXm7Yf0u46reoVD4-yVOo08D-IO79YVS2pb2rIOp6MSgF8BwbdOTGzUQSg3EnSJza5CAxaZe2qYghUkpss5eCIYf__xf7QuYVJJ3trsHgTIfnPZ8V90vUeibmRRkGG04f0z3ZrqlxGd9WBlLShcKN78dOS4O2Rbcv2woUIL-v2dGHv2ev4&refId=yxoRF7rwSxHYrb11IYmZ2w%3D%3D&trackingId=ZUfvs0ZPP34gHL4885PshQ%3D%3D&trk=flagship3_search_srp_jobs,Progammer,Indonesia,"['r', 'ios', 'sql']",3,2026-05-05T02:43:29.748462
4299315688,Data Analyst / Data Engineer – SCG Indonesia,SCG,"Jakarta, Indonesia (On-site)","About the job

About SCG in Indonesia

With operations spanning manufacturing, packaging, and distribution, SCG generates a wealth of data in Indonesia. Turning this data into insights is essential for driving efficiency, customer value, and sustainability.




For analytics professionals, this role offers a platform to work on high-impact data projects across industries.




About the Role

As a Data Analyst / Data Engineer, you will collect, process, and analyze data to support decision-making across SCG Indonesia’s businesses.




Key Responsibilities

Build data pipelines and ensure data quality.
Develop dashboards and reports for business teams.
Analyze trends in operations, sales, and supply chain.
Support forecasting, cost analysis, and performance tracking.
Document data flows and support governance practices.




Qualifications

Bachelor’s in Data Science, Computer Science, or related fields.
0–3 years in analytics or engineering; new graduates are welcome.
Skills in SQL, Python, Excel, or BI tools (Power BI, Tableau).
Strong analytical and communication skills.




Career Development

Pathways into data engineering, business intelligence, or regional digital strategy roles across SCG’s network.",https://www.linkedin.com/jobs/view/4299315688/?eBP=BUDGET_EXHAUSTED_JOB&refId=yxoRF7rwSxHYrb11IYmZ2w%3D%3D&trackingId=v6ucbkNQ2GcXG%2FPTUeMB0A%3D%3D&trk=flagship3_search_srp_jobs,Progammer,Indonesia,"['power bi', 'r', 'python', 'git', 'sql', 'tableau']",6,2026-05-05T02:43:34.440466
4356191746,Executive Reporting (BI Analyst & Data Engineer),WPP Media,"Jakarta, Jakarta, Indonesia (On-site)","About the job

About WPP Media

WPP is the trusted growth partner for the world’s leading brands. With exceptional talent, trusted data and intelligence, and world-class partnerships – all united by our pioneering agentic marketing platform, WPP Open – we help clients navigate change, capture opportunity, and deliver transformational growth. 

WPP Media is WPP's AI-driven media operating unit, bringing together media, data, and partnerships to deliver creative personalisation at scale. Connected through WPP Open and powered by Open Intelligence, clients see exactly where, how, and why their media investment is working.

For more information, visit wppmedia.com.

About The Role

We are looking for a data-driven professional to support executive-level reporting by combining strong Business Intelligence (BI) capabilities with data engineering expertise. This role will play a key part in transforming raw data into meaningful insights, enabling leadership to make informed, strategic decisions.

Key Responsibilities


Design, build, and maintain executive dashboards and reports (weekly, monthly, quarterly)
Translate business and leadership requirements into data models and reporting solutions
Develop and manage data pipelines to ensure reliable, accurate, and timely data flow
Integrate data from multiple sources (internal systems, third-party platforms, etc.)
Ensure data quality, consistency, and governance across reporting outputs
Provide actionable insights and recommendations to support business strategy
Collaborate with cross-functional teams (Finance, HR, Operations, Commercial, etc.)
Automate reporting processes to improve efficiency and scalability


Requirements


Proven experience in Business Intelligence, Data Analytics, or Data Engineering roles
Strong proficiency in BI tools (e.g., Power BI, Tableau, Looker)
Solid SQL skills and experience working with large datasets
Experience with data pipeline tools and programming languages (e.g., Python, ETL tools)
Understanding of data warehousing concepts and data modeling
Strong analytical thinking and problem-solving skills
Ability to communicate insights clearly to non-technical stakeholders (including executives)
High attention to detail and strong sense of ownership


Please read our Privacy Notice for more information on how we process the information you provide.",https://www.linkedin.com/jobs/view/4356191746/?eBP=NOT_ELIGIBLE_FOR_CHARGING&refId=yxoRF7rwSxHYrb11IYmZ2w%3D%3D&trackingId=xNebWnV5V84LEaE4LmnoZQ%3D%3D&trk=flagship3_search_srp_jobs,Progammer,Indonesia,"['power bi', 'rust', 'r', 'python', 'sql', 'scala', 'tableau']",7,2026-05-05T02:43:39.141566
4370636535,Business Intelligence - Engineering Intern (Data Governance),Shopee,"Jakarta, Indonesia (On-site)","About the job

Job Description:

We are looking for a motivated Full Stack Engineering Intern to join our Data Governance team, focusing on platform and tool development related to data security, inventory, and access control. This role is suitable for final-year students or fresh graduates who want hands-on experience building data marts and internal tools that support governance and compliance initiatives.

Job Description:


Work under the Data Governance team to build and maintain data tables and internal data tools:
Help to develop tools and products related to data governance and security initiatives
Optimize and improve access control, audit and compliance processes in the Company
Learn and grow alongside Shopee employees while contributing to real, production-facing internal products


Requirements:

Qualifications & Skills:


Final-year student or recent graduate in Computer Science, Data Engineering, Software Engineering, or related field
Internship experience in data engineering, frontend/backend development is a plus
Familiar with front end and/or back end development
Can code in at least one language (e.g., Python)
Familiar with Kubernetes is a plus
Understanding of SQL query and data modeling are a plus
Ability to learn quickly in a fast-paced environment
Self driven to learn and grow both technical and problem solving skills
Good communication and collaboration skills (English is required)",https://www.linkedin.com/jobs/view/4370636535/?eBP=BUDGET_EXHAUSTED_JOB&refId=yxoRF7rwSxHYrb11IYmZ2w%3D%3D&trackingId=tfTim6wXdnlse085W%2F4AdA%3D%3D&trk=flagship3_search_srp_jobs,Progammer,Indonesia,"['r', 'python', 'sql', 'kubernetes']",4,2026-05-05T02:43:43.828256
4252939391,Data Engineer & Analytics,Kredivo Group,Jakarta Metropolitan Area (On-site),"About the job

As a Data Engineer and Analytic you will be tasked with empowering internal stakeholders to delve deep into the complexities of the data in our warehouse. You will work closely with Product, Engineering, and Data teams to build scalable data pipelines and design data analytics engines that empower deep insights for users. The person in this position will take work seriously, has a strong sense of duty, and is disciplined. The position will generally be task oriented, requiring someone with a conservative, careful, and cautious approach to work.

About The Job


Design and develop scalable business data solutions across the entire data supply chain.
Create and review technical and user-focused documentation for data solutions (data models, data dictionaries, business glossaries, process and data flows, architecture diagrams, etc.).
Solve for complex data integrations across multiple systems.
Collaborate with management, business partners, analysts, developers, architects, and engineers to support data quality efforts.
Expertise (can teach/instruct others): in current data warehousing concepts (using technologies like Redsift, Spark, Hadoop, web services, etc to support business-driven decisioning)
SQL and database scripting
With data manipulation scripting languages (like Python or Scala)
With Data Science toolsets and technology stack


About You


A passionate and curious individual in Data Engineering and Analytics subject areas
1-3 years of any relevant experiences in Data Engineering, Data Warehouse, Business Intelligence, Analytics
Good proficiency in writing SQL, either in RDBMS (i.e. MySQL, PostgreSQL, etc) or OLAP (i.e. BigQuery, Redshift, Oracle, etc.)
Ability to write robust and scalable code in Python or other scripting programming language
Good knowledge in creating a workable business dashboard.
Basic proficiency or experience in infrastructure setup using cloud services (i.e. AWS, GCP, Azure).
Strong passion in data engineering or business intelligence areas, ability to search or create solutions.
Good communication skills in Bahasa and English. Mostly explaining technical things.
Good workable attitude, something we could invest time to develop.",https://www.linkedin.com/jobs/view/4252939391/?eBP=CwEAAAGd9IQcPYv7uprVKM3I6J23za-mkAMkJ3P0ND0FEg5tmFtKyptsuZAlOMq_tAMMn9Mi6TJXw5SOO91dsh86rZXwQ1p4iOFmjxdCtLp5csBhO8Ju-ZGwUU_WWN0pw6P8fgblvN1SitoYD6P6htDWbrqri4umiFhEy3jJzd46OQUsQVf-czIypwIzDw9dw6cFx3t6Aije1-couXCgDnM7YsbmvcFBFza7Pk2TleHFj6ZUUlr5g1gsP5Oll4Jf1hiSE_1hRCxfd3c7FaZ9dIol4BGK0RXv4Njc_a97Ka0XRj9eblFW7y9EG5FR5y2nSWiQ6NgYYqVJEYTutVpGaGc24LB_Ix8KPEkJwLOPguQkZfnbbtuOQI_2tTWelIPYdFlJ3u7gLbJo4D8ONavOyV2mc-HlDpGkVUyJVV4dxwHWt8zIJPQWRqXQiUIpAtyJzoecYNTdD5B5LF0rJA&refId=yxoRF7rwSxHYrb11IYmZ2w%3D%3D&trackingId=1o6ydyIB1ZajvAVtYmZGwg%3D%3D&trk=flagship3_search_srp_jobs,Progammer,Indonesia,"['gcp', 'spark', 'mysql', 'azure', 'hadoop', 'r', 'python', 'aws', 'sql', 'postgresql', 'scala']",11,2026-05-05T02:43:48.529184
4254252793,Power Bi developer,Techno One Consulting,"Jakarta, Jakarta, Indonesia (On-site)","About the job

Our company looking for an Power BI Developer with following requirements :


To understand business requirements in the BI context and design data models to convert raw data to meaningful insights.
To create dashboards and visual interactive reports using Power BI.
To identify KPIs with clear objectives and monitor them consistently.
To analyse data and present it through reports that can help in decision-making.
To be able to convert business requirements into technical specifications and decide the timeline to accomplish tasks.
To design, develop, and deploy Power BI scripts and perform efficient detailed analysis.
 To perform DAX queries and functions in Power BI. 
 To create charts and document data with algorithms, parameters, models, and relations explanations. 
 To conduct data warehouse development. 
 To perform SQL querying for best results. 
 To use filters and graphs for a better understanding of the data. 
 To define and design new systems by analyzing current ETL processes. 
 To make technical changes to existing BI systems in order to enhance their working",https://www.linkedin.com/jobs/view/4254252793/?eBP=NOT_ELIGIBLE_FOR_CHARGING&refId=yxoRF7rwSxHYrb11IYmZ2w%3D%3D&trackingId=%2B%2Fhd%2BVp11mduOzwh8TGkyQ%3D%3D&trk=flagship3_search_srp_jobs,Progammer,Indonesia,"['power bi', 'r', 'sql']",3,2026-05-05T02:43:53.194908
4353730753,Next Level Internship,Mekari,"Jakarta, Jakarta, Indonesia (On-site)","About the job

Mekari is Indonesia's no. 1 Software-as-a-Service (SaaS) company. With our ecosystem of software solutions—including Mekari Jurnal, Mekari Talenta, Mekari Qontak, and Mekari Flex, we aim to facilitate entrepreneurs and leaders as they accelerate the digital transformation of their businesses. In our 10+ years of journey we have reached over 1 Million platform users, and we're not planning to stop any time soon.

Through the Next Level Internship program, Mekari is providing a highway for achievement-oriented young talents to #ElevateThroughImpact in a competitive and encouraging environment, where they get to contribute in raising Indonesia's software standard.

If You Are


A University student studying in Indonesia, OR;
An alumnus, max. 1 year after graduation


Send in your application now and start your journey to:


Experience working at Indonesia's no. 1 SaaS company
Get a min. 3-month period internship experience with your preferred team and role
Receive evaluations to keep your Next Level journey on track 


Important

Before going ahead with your application, make sure you have these items ready to submit:


 An updated CV
 Up to 3 of your preferred teams and roles (Please refer to bit.ly/MekariNLIOpenings to see the complete list of teams and roles at Mekari).


Still got any questions? Shoot us a DM on Instagram at @lifeatmekari

Good luck and we hope you make it to the Next Level of your journey with Mekari!

Mekari Next Level Internship Program: Pick Your Team, Pave Your Way",https://www.linkedin.com/jobs/view/4353730753/?eBP=NOT_ELIGIBLE_FOR_CHARGING&refId=yxoRF7rwSxHYrb11IYmZ2w%3D%3D&trackingId=kekj6npGKyGMRlodN6PS6g%3D%3D&trk=flagship3_search_srp_jobs,Progammer,Indonesia,"['r', 'git']",2,2026-05-05T02:43:57.879484
3765732695,Back-end Developer (Android),Sagara Technology,"Bandung, East Java, Indonesia (On-site)","About the job

Integration of user-facing elements developed by a front-end developers with server-side logic
Building reusable code and libraries for future use
Optimization of the application for maximum speed and scalability
Implementation of security and data protection
Design and implementation of data storage solutions.",https://www.linkedin.com/jobs/view/3765732695/?eBP=NOT_ELIGIBLE_FOR_CHARGING&refId=yxoRF7rwSxHYrb11IYmZ2w%3D%3D&trackingId=cTCYQsBbHVfhVGN%2F6kcRkA%3D%3D&trk=flagship3_search_srp_jobs,Progammer,Indonesia,"['r', 'scala']",2,2026-05-05T02:44:02.536061
3740022960,Labs Bootcamp Program,Sea,"Jakarta, Indonesia (On-site)","About the job

About the Team:

Sea Labs Indonesia is the tech force behind Sea Group. We are here to make a real impact for millions of users in Indonesia through the transformative power of technology. We solve real-life problems to create a good user experience through various business operations, mainly Shopee and SeaMoney.

Job Description:

In Sea Labs Indonesia we aim to develop Digital Talents in and for Indonesia. As part of our commitment, we are opening a Labs Bootcamp program for young talents with a passion for software engineering. Through this bootcamp, individuals will get exposure on working in a global organisation, as well as obtain knowledge and training to flourish the role in one of tracks as Software Engineer.

The Labs Bootcamp is a twenty-week program that covers software engineering, QA, and SRE fundamentals, best coding practices on common tech stacks and tools used in the enterprise development center, and near-the-job training through simulated projects by the end of the program.

Only candidates who pass the technical test and interview will be enrolled in the program.

Exceptional performance during the program will have the opportunity to enroll in the selection process to become a permanent employee and build a career in Sea Labs Indonesia.

Batch 8

Starting Date: 12 January 2026

Requirements:


Final year student or Bachelor’s Degree from any majors
Passionate and interested in pursuing a career in software development and programming
Have a basic knowledge of coding skills and the fundamental computer science
Willing to be located in Jakarta and participate in the Bootcamp Program offline



Note: This program is free of charge and each participant will get a monthly allowance throughout the training period. A full commitment in attending the full-day class is mandatory.",https://www.linkedin.com/jobs/view/3740022960/?eBP=BUDGET_EXHAUSTED_JOB&refId=yxoRF7rwSxHYrb11IYmZ2w%3D%3D&trackingId=yAzSEOPGnuf1NWg19aNc1w%3D%3D&trk=flagship3_search_srp_jobs,Progammer,Indonesia,"['r', 'git']",2,2026-05-05T02:44:07.204423
4410047740,Intern Data Engineer,kumparan,"Jakarta, Jakarta, Indonesia (On-site)","About the job
This job is sourced from a job board. Learn More

What You’ll Learn


ElasticSearch, Airflow, Redshift, TensorFlow, Docker, Lambda, and AWS Big Data and Machine Learning solutions.


Job Requirements


Currently in the final semester of your bachelor’s degree or a recent graduate.
Strong engineering background in highly quantitative fields.
Proficiency in Python or other object-oriented programming languages.
Interest in delivering large-scale engineering solutions, particularly in building full-stack data products.",https://www.linkedin.com/jobs/view/4410047740/?eBP=NOT_ELIGIBLE_FOR_CHARGING&refId=yxoRF7rwSxHYrb11IYmZ2w%3D%3D&trackingId=Gh58ltFIl9m1BZ9KT%2F5I6A%3D%3D&trk=flagship3_search_srp_jobs,Progammer,Indonesia,"['elasticsearch', 'airflow', 'docker', 'r', 'python', 'aws', 'tensorflow']",7,2026-05-05T02:44:11.874825
4407737312,Test Engineer Intern,Flip,"Jakarta, Indonesia (Hybrid)","About the job

About the Role

As a Test Engineer Intern, you will play a key role in ensuring the quality and reliability of our products before they reach users. You will work closely with engineers, product managers, and designers to understand feature requirements, identify potential risks, and validate that each release meets high-quality standards.




This internship is ideal for someone who is detail-oriented, curious about how systems work, and excited to build a strong foundation in software quality engineering within a fast-paced, collaborative environment.




What You'll Do:

Design, implement, and execute comprehensive test plans and test cases based on product requirements and technical specs.
Build and maintain automated test suites using scripting languages and modern test frameworks.
Identify, document, and track bugs or anomalies using issue tracking tools.
Collaborate closely with engineers, product managers, and designers to understand feature scope and edge cases.
Perform thorough regression testing, smoke testing, and user acceptance testing (UAT) before production releases.
Actively contribute to improving QA processes and testing standards across teams.
Support performance, security, and exploratory testing efforts as needed.




What You'll Need:

Final-year student or recent graduate in Computer Science, Information Systems, Software Engineering, or a related field
Basic understanding of software development lifecycle (SDLC) and quality assurance processes
Familiar with at least one programming/scripting language (e.g., Python, JavaScript) and basic exposure to automation frameworks (e.g., Selenium, Cypress, Playwright).
Strong attention to detail with the ability to identify edge cases, break down requirements, and think critically about potential failures.
Able to clearly document bugs, reproduce issues, and communicate findings in a structured manner.
Comfortable working cross-functionally with engineers, product managers, and designers in a fast-paced environment.
Proactive, curious, and eager to learn new tools/technologies with a strong sense of ownership and accountability.",https://www.linkedin.com/jobs/view/4407737312/?eBP=BUDGET_EXHAUSTED_JOB&refId=yxoRF7rwSxHYrb11IYmZ2w%3D%3D&trackingId=wleqOZie1%2BDejUAJPAkGjQ%3D%3D&trk=flagship3_search_srp_jobs,Progammer,Indonesia,"['java', 'r', 'python', 'javascript']",4,2026-05-05T02:44:16.559385
4250959834,Coding Specialist (Fluent in Indonesian) - Freelance AI Trainer Project,"Meridial Marketplace, by Invisible",Indonesia (Remote),"About the job

Are you a coding expert fluent in Indonesian eager to shape the future of AI? Large‑scale language models are evolving from clever chatbots into powerful engines of scientific discovery. With high‑quality training data, tomorrow’s AI can democratize world‑class education, keep pace with cutting‑edge research, and streamline software development for engineers everywhere. That training data begins with you—we need your expertise to help power the next generation of AI.

We’re looking for coding specialists who live and breathe algorithms, data structures, software architecture, frontend and backend development, cloud infrastructure, and systems programming—and who can do so fluently in Indonesian. You’ll challenge advanced language models on topics like asynchronous programming, RESTful API integration, memory management, object-oriented design, secure coding practices, and debugging distributed systems—documenting every failure mode so we can harden model reasoning.

On a typical day, you will converse with the model on software engineering tasks and technical scenarios in Indonesian, verify logical accuracy and coding fluency, assess naturalness and correctness of Indonesian language usage, capture reproducible error traces, and suggest improvements to our prompt engineering and evaluation metrics.

A bachelor’s or master’s in computer science, software engineering, or a closely related technical field is ideal; real-world coding experience, technical writing in Indonesian, or open-source contributions signal fit. Clear, metacognitive communication—“showing your work”—is essential.

Ready to turn your coding and Indonesian language expertise into the knowledge base for tomorrow’s AI? Apply today and start teaching the model that will teach the world.

We offer a pay range of $8‑to‑$65 per hour, with the exact rate determined after evaluating your experience, expertise, and geographic location. Final offer amounts may vary from the pay range listed above. As a contractor you’ll supply a secure computer and high‑speed internet; company‑sponsored benefits such as health insurance and PTO do not apply.

Job title: Coding Specialist - (Fluent in Indonesian) - AI Trainer

Employment type: Contract

Workplace type: Remote

Seniority level: Mid‑Senior Level",https://www.linkedin.com/jobs/view/4250959834/?eBP=NOT_ELIGIBLE_FOR_CHARGING&refId=yxoRF7rwSxHYrb11IYmZ2w%3D%3D&trackingId=9VAEK5QD1BmZCbV0xJAaGw%3D%3D&trk=flagship3_search_srp_jobs,Progammer,Indonesia,"['r', 'ios']",2,2026-05-05T02:44:21.222881
4408643467,Data Engineer | Remote,Crossing Hurdles,Indonesia (Remote),"About the job

Position: Data Engineer

Type: Full-time

Compensation: $80K - $150K/yr

Location: Remote

Role Responsibilities


Design, build, and maintain scalable data pipelines to ingest, process, and transform data from multiple sources.
Collaborate with AI researchers and data scientists to structure and prepare datasets for experimentation and model training.
Develop and maintain data models, schemas, and storage systems optimized for large-scale datasets.
Write efficient SQL queries and Python scripts to extract, transform, and analyze data.
Ensure data quality, integrity, and reliability across data pipelines and storage layers.
Implement data validation, monitoring, and automation workflows that support iterative research cycles.


Requirements:


Have strong proficiency in Python and SQL.
Have experience designing and maintaining ETL / ELT pipelines.
Have solid experience with data manipulation libraries such as Pandas and NumPy.
Have experience working with structured and semi-structured datasets.
Be familiar with relational databases such as PostgreSQL or MySQL.


Application Process:


Easy Apply on LinkedIn
Check email for next steps
Participate in resume evaluation & interview stage





Desired Skills and Experience

Python, Pandas",https://www.linkedin.com/jobs/view/4408643467/?eBP=BUDGET_EXHAUSTED_JOB&refId=yxoRF7rwSxHYrb11IYmZ2w%3D%3D&trackingId=7UbFEhSriUbMPOQqBcoPig%3D%3D&trk=flagship3_search_srp_jobs,Progammer,Indonesia,"['pandas', 'mysql', 'r', 'python', 'numpy', 'sql', 'postgresql', 'scala']",8,2026-05-05T02:44:25.912558
4402007176,QA Engineer Intern,SimpliDOTS - Innovative Supply Chain Solutions,"Kecamatan Kebayoran Baru, Jakarta, Indonesia (Remote)","About the job
This job is sourced from a job board. Learn More

Quota : 1 people

Employment Type : Intern

Location : Remote

Job Descriptions

We are seeking a motivated and detail-oriented QA Intern to join our team. The QA Intern will assist in both automation and manual testing, ensuring the quality and reliability of our software products. This is an excellent opportunity to gain hands-on experience in software testing and quality assurance in a dynamic and collaborative environment.

Responsibilities


Assist in both automation and manual testing.
Create test cases and test scenarios for new features or changes.
Ensure the validity of reported bugs and provide clear steps to reproduce them.
Understand and validate requirements for new features or changes.
Provide test reports or test summaries for the conducted testing.
Contribute to maintaining the quality of the software/product.


Requirements


Basic knowledge of software testing principles, both manual and automated.
Experience or practical knowledge of software testing tools such as Cypress, along with proficiency in JavaScript or TypeScript, and familiarity with Gherkin, is a plus
Ability to create test cases and test scenarios for new features or changes.
Understanding of bug reporting processes and ability to provide clear steps to reproduce them.
Ability to understand and validate requirements for new features or changes.
Capability to provide test reports or test summaries for conducted testing.
Strong analytical skills to identify and accurately report issues.
Good communication skills, both verbal and written, to collaborate with the development team.
Motivation to learn and contribute to maintaining software or product quality.
Ability to work in a fast-paced and dynamic environment, and to complete tasks within tight deadlines. 


Benefit


Paid internship opportunity.
Learn from experienced professionals in the QA team.
Flexible working hours and a supportive work environment.
Potential for future employment opportunities within the organization.



Desired Skills and Experience

JavaScript, cypress, QA Testing, TypeScript, Automation Testing",https://www.linkedin.com/jobs/view/4402007176/?eBP=NOT_ELIGIBLE_FOR_CHARGING&refId=yxoRF7rwSxHYrb11IYmZ2w%3D%3D&trackingId=57ay3sNNzrUUkrJtrQmOnQ%3D%3D&trk=flagship3_search_srp_jobs,Progammer,Indonesia,"['typescript', 'java', 'r', 'javascript', 'ios']",5,2026-05-05T02:44:30.603950
4401319417,QA Automation & AI Intern,Entropik,"Lembang, West Java, Indonesia (On-site)","About the job

About Entropik

Entropik is a human insights AI company that enables brands across the globe to conduct market research and optimize customer and user experiences. Our suite of AI products combines quantitative and qualitative research with patented Emotion AI technologies like Facial Coding, Eye Tracking, and Voice AI, helping companies make faster, smarter, and bias-free decisions.

About The Role

We’re looking for a QA Automation & AI Intern who is excited to work at the intersection of testing, automation, and AI. This is not a traditional QA role, manual testing will be minimal. You’ll work on building intelligent, scalable testing systems and explore how AI can transform quality engineering.

What You’ll Do


Assist in designing and building automation frameworks for web applications
Work with the team to explore AI-driven and agent-based testing approaches
Contribute to integrating testing into CI/CD pipelines (shift-left testing)
Help build tools/utilities to improve test coverage and efficiency
Identify bugs, support debugging, and ensure product quality
Collaborate closely with Engineering and Product teams


What We’re Looking For


Pursuing or recently completed a degree in Computer Science or related field
Basic programming knowledge (Python or JavaScript preferred)
Strong interest in automation, AI, and quality engineering
Familiarity with testing concepts (UI/API testing is a plus)
Eagerness to learn, experiment, and build in a fast-paced environment


Bonus Points


Exposure to automation tools (Selenium, Playwright, etc.)
Basic understanding of CI/CD workflows
Curiosity about applying AI in testing",https://www.linkedin.com/jobs/view/4401319417/?eBP=NOT_ELIGIBLE_FOR_CHARGING&refId=yxoRF7rwSxHYrb11IYmZ2w%3D%3D&trackingId=UJmUfLfOQlxUxXYTDFWBzw%3D%3D&trk=flagship3_search_srp_jobs,Progammer,Indonesia,"['java', 'r', 'python', 'javascript', 'ios', 'scala']",6,2026-05-05T02:44:35.285706
4299325817,T&T Consultant - Artificial Intelligence & Data (Data Engineer) - ID,Deloitte,Jakarta Metropolitan Area (On-site),"About the job

Date: 2 May 2026

Service Line / Portfolios: Engineering, AI & Data

Location:

Jakarta, ID

Are you ready to unleash your potential?

At Deloitte, our purpose is to make an impact that matters for our clients, our people, and the communities we serve.

We believe we have a responsibility to be a force for good, and WorldImpact is our portfolio of initiatives focused on making a tangible impact on society’s biggest challenges and creating a better future. We strive to advise clients on how to deliver purpose-led growth and embed more equitable, inclusive as well as sustainable business practices.

Hence, we seek talented individuals driven to excel and innovate, working together to achieve our shared goals.

We are committed to creating positive work experiences that foster a culture of respect and inclusion, where diverse perspectives are celebrated, and everyone is recognised for their contributions.

Ready to unleash your potential with us? Join the winning team now!

Work you’ll do:

This role sits within the Artificial Intelligence & Data team of Deloitte Southeast Asia, which encompasses data, analytics and intelligent automation (IA). As a leader of this group, you will drive the growth of our IA business in the region and be responsible for the creation, sale and delivery of IA solutions: robotic process automation, intelligent character recognition, chatbots/virtual assistants and artificial intelligence.

The Artificial Intelligence & Data team leverages the power of data, analytics, robotics, science and cognitive technologies to uncover hidden relationships from vast troves of data, generate insights, and inform decision-making. We help clients transform their business by architecting organizational intelligence programs and differentiated strategies to win in their chosen markets.


 Apply emerging technologies to help our clients maximize the value of their data by generating actionable insights that provide real business outcomes. 
 Designing and implementing data structures to support Big Data, Analytical models and traditional BI/DW reporting solutions using technologies such as Microsoft SQL, Oracle, SAP, Cloudera, IBM Watsons, MuleSoft, Qlik Technologies or Informatica. 
 Designing and developing data integration using Data Governance, Data Quality, MDM and Metadata management. 
 Applying analytical models to predict business outcomes with tools such as DataRobot and languages like Python or R. 
 You will be part of a collaborative team that provides our clients with solutions that are practical as well as visionary and have an impact from the back office to the boardroom. 
 Demonstrated experience across a broad range of industries such as Energy and Resources, Public Sector, Financial Services, Life Sciences and Health Care, Consumer Business, Manufacturing, Telecommunications or Consumer Business. 
 Ability to link industry specific business requirements to BI, Analytics and Big Data solutions. 
 Ability to recommend BI/DW/Analytics processes, governance, organisational and platform models, tool selections, and data integration options to clients. 
 Project experience through all phases of the project lifecycle from strategy and advisory, scoping and planning, requirements gathering, design, development, testing, training and deployment. 


Your role as a leader:

At Deloitte, we believe in the importance of empowering our people to be leaders at all levels. We connect our purpose and shared values to identify issues as well as to make an impact that matters to our clients, people and the communities. Additionall y, Consultant ac ross our Firm are expected to:


 Actively seek out developmental opportunities for growth, act as strong brand ambassadors for the firm as well as share their knowledge and experience with others. 
 Respect the needs of their colleagues and build up cooperative relationships. 
 Understand the goals of our internal and external stakeholder to set personal priorities as well as align their teams’ work to achieve the objectives. 
 Constantly challenge themselves, collaborate with others to deliver on tasks and take accountability for the results. 
 Build productive relationships and communicate effectively in order to positively influence teams and other stakeholders. 
 Offer insights based on a solid understanding of what makes Deloitte successful. 
 Project integrity and confidence while motivating others through team collaboration as well as recognising individual strengths, differences, and contributions. 
 Understand disruptive trends and promote potential opportunities for improvement. 


Requirements:


 A good honors Degree, preferably at postgraduate level, in Computer Science, Software Engineering, Statistics, Mathematics or related disciplines. 
 Experience in Big 4 or MNC Consulting firm or industry equivalent role. 
 Minimum 2 years (Analyst) or 4 years (Consultant) of relevant experience. 
 Strong experience in one or more of the following programming languages: Scala, Python, or R. 
 Experience with one or more non-relational data stores such as Pivotal, Cloudera, Hortonworks, MapR, Oracle BDA. 
 Experience with one or more relational data stores using SQL, Oracle DB, Microsoft SQL Server, IBM Netezza, Teradata or MySQL. 
 Experience building data ingestion and transformation pipelines using Big Data technologies, including one or more of the following: Spark, Hive, Pig, Kafka, MapReduce, HBase, Sqoop, Flume or Storm. 
 Experience in cloud Data Engineering 
 Experience working with Agile software engineering tools and applying Agile methodologies in a pragmatic manner. 
 Experience working with Source Control Management tools such as Git, Subversion or Mercurial. 
 General knowledge of Linux/Unix based operating systems and Shell scripting. 
 Experience directly interfacing with business and IT stakeholders for clients. 
 Excellent problem solving skills, ability to think out-of-the-box, work under pressure and tight project timelines. 
 Drive, tenacity, client focused and results oriented. 
 Excellent communication and presentation skills in English. 


In addition to strong client service orientation, we are also seeking talented leaders who have the capability to deliver quality solutions with superior analytical and problem solving skills. Besides excellent interpersonal and communication skills, candidates should have proven demonstration of sound business acumen, teamwork and leadership qualities. An appreciation of the consulting lifestyle and ability to travel is a pre-requisite.

Due to volume of applications, we regret that only shortlisted candidates will be notified.

Please note that Deloitte will never reach out to you directly via messaging platforms to offer you employment opportunities or request for money or your personal information. Kindly apply for roles that you are interested in via this official Deloitte website.

Requisition ID: 110573

In Indonesia, the services are provided by Imelda & Rekan and other related entities in Indonesia (""Deloitte in Indonesia""), which are affiliates of Deloitte Southeast Asia Ltd. Deloitte Southeast Asia Ltd is a member firm of Deloitte Touche Tohmatsu Limited. Deloitte in Indonesia, which is within the Deloitte Network, is the entity that is providing this Website.",https://www.linkedin.com/jobs/view/4299325817/?eBP=CwEAAAGd9IQcPZgn2CX_KG_QqaWP8v2Y_rNhLdj6zezjbs69uwuTXyO-3hMtuMccN84n9V3KRia3Ng_M-ca7O0iwXG7QBRl2A3m_04lMiZtFS-D06101n67v7IS4uLJ74EbtpAvYP_YycKCJReIlYLjs9fgZTVvz7hK0yXoPGGqepVGBh1XLVyTytAr6CLqxWitto8rFnh_O-u1Na2r5qoWRlq_QI2nwxo6OmkP63zFnMRq0fI0GjNwroTK-aqC_lOZDhblavJrWtyhArI9Hr1OJl4lh4aTk2DHqaU1VgGI5yQIALA8bbXj9JS2pkexq6oumWQUUflhcdB8ZjQo9HGMK6Gm2PRabRpwvmRAl5sXuPQlNafN7v0kXZtZRsCRACphBVPxpaq0fSDac-AFKH35dBk3Uaj6TKhj4TTnNV1YR0JzfoISzl0njkdPf9YKQjeZYl3XHfIMaxS0oXQODhhPOmrLZE9wG0i4eIq_xa28pwMX8IY9IBLoGVDISoVyfrlin&refId=yxoRF7rwSxHYrb11IYmZ2w%3D%3D&trackingId=s4WfZjB2neqRLLvlgXzfQQ%3D%3D&trk=flagship3_search_srp_jobs,Progammer,Indonesia,"['spark', 'mysql', 'linux', 'agile', 'r', 'python', 'git', 'kafka', 'ios', 'sql', 'scala']",11,2026-05-05T02:44:40.001352
4404565485,Junior AI / ML Engineer,"Protelindo, PT","Jakarta, Indonesia (On-site)","About the job

About SMN Group




At SMN Group, we offer a highly inclusive, collaborative, and supportive workplace to realize your full potential. We empower our team to contribute by providing a brighter future and making an impactful transformation for our clients, people, and society. We are always looking for people with relentless energy to push themselves further and find new avenues and unique ways to reach our shared goals.




Find out more about what we do here: www.ptsmn.co.id




This position will be placed for: PT iForte Solusi Infotek

Within these locations: Medan, Padang, Palembang, Banten, Jakarta, Bogor, Pangandaran, Bekasi, Karawang, Surabaya, Madura, Bali, Mataram, Kupang, Pontianak




What You Will Do:

Design, develop, train, and evaluate machine learning and AI models based on defined use cases.
Apply appropriate algorithms such as regression, classification, clustering, recommendation, or natural language processing.
Perform feature engineering, data preprocessing, and model tuning to improve performance.
Work with structured and unstructured data from multiple sources.
Perform data exploration and analysis to identify patterns, anomalies, and opportunities.
Support data cleansing, transformation, and validation processes required for model training.
Integrate machine learning models into applications, APIs, or business systems.
Support model deployment using appropriate frameworks or services.
Ensure models are reliable, scalable, and efficient in production.
Assist in monitoring model performance and identifying degradation or drift.
Support troubleshooting and enhancements of deployed models
Test AI/ML models and pipelines for accuracy, stability, and performance.
Validate model outputs against business expectations.
Identify and fix defects in model logic, data usage, or integration points.
Participate in user acceptance testing (UAT) support as needed.
Apply ethical considerations in AI model usage, including fairness, transparency, and data privacy.
Comply with internal IT security, data protection, and governance policies.
Support audit or review activities related to AI systems and data usage.
Stay current with AI/ML technologies, tools, and industry best practices.
Learn and experiment with new techniques, frameworks, or approaches.
Share knowledge and lessons learned with the IT and data community.
Contribute ideas for new AI use cases or improvements to existing solutions




What You Will Need:

Have 1–3 years of experience in developer, AI/ML development, data science, or software development (fresh graduates with strong competence may be considered). 
Bachelor’s degree in Information Technology, Information Systems, Computer Science, Mathematics, or related field. Skills & Knowledge.
Have good communication, reporting and presentation skill.
Fluent in English both written & verbal.
Strong analytical and logical thinking. 
Proficiency in programming languages commonly used for AI/ML (e.g., Python).
Knowledge of machine learning libraries and frameworks (e.g., TensorFlow, PyTorch, scikit-learn).
Basic understanding of data structures, algorithms, and statistics.
Familiarity with databases, APIs, and data processing concepts.
Have a good understanding with ISO 27001




What We Offer:

You will be part of one of the fastest-growing connectivity solution provider companies in Indonesia.
You will be part of a fast-growing team that continuously strives for delivering client satisfaction.
Competitive benefit and exceptional career experience.




Due to the high volume of applications we are experiencing, our team will only be in touch with you if your application is shortlisted.",https://www.linkedin.com/jobs/view/4404565485/?eBP=CwEAAAGd9IQcPVowXVTn49V8J8bjtItZNWd5d0P3torDrM_ytrKDwSfn80angh-5DOk3vK98wWd4jSSoNTdkYxDqr92Hqu0poKTLq0Lh2SjsyhFWydKfy0I9Ap9REAyeSi0iE-qWFPChJRfAkUxfMLhStnLDOCT21mTUQ7vkBCGu5ZNKdvsd9u4J3Iod8u18uZgXhzFpIq1PXN4WZ9KE4z5sXFIeWGlFk9BIS69aPaw-TdaJkwJByArDXaqF0foNDlCfslvZPaCs5hn6yUoiM1fzLvD88f86OsCj2zm5a_ih2N3RnkTOeoOk0PwgmClUWyPSpC6-obAbsKnoz_G2QWMuVdc_wGoik5hD0V6PgX1lq5wZUY9P-vq9OaQepPQuy-0fja1HnEjpokPLXU7nVbyb7v4KQEWvwqGbU2DS7VdO4OGs-4pU1KLn7YrlMmqT1dSc3imv-k4tg5H0HA&refId=yxoRF7rwSxHYrb11IYmZ2w%3D%3D&trackingId=R06IFe38K7Mey8uC4oVmNg%3D%3D&trk=flagship3_search_srp_jobs,Progammer,Indonesia,"['pytorch', 'r', 'python', 'tensorflow', 'scikit-learn', 'scala']",6,2026-05-05T02:44:44.709814
4405673992,Software Engineering Intern (AI Taskforce),StraitsX,"Jakarta, Jakarta, Indonesia (Hybrid)","About the job

About the Role

In this role, you will support the development and adoption of AI-driven tools and solutions that improve internal workflows and team productivity. You will work closely with different teams to explore new technologies, build simple prototypes, support best practices, and help measure the impact of these solutions across the organization.

What You Will Do


Support Agentic Workflows: Participate in the development of AI-powered automations that streamline internal engineering and operational processes — learning how these systems are designed and shipped end-to-end.
Explore MCP & AI Tooling: Get hands-on experience with Model Context Protocol (MCP) servers and tools that connect AI agents to internal systems, APIs, and data sources.
Support AI Adoption: Help teams integrate AI tools like Claude Code and Kiro into their daily workflows. Be the person who finds new ways to make things faster.
Contribute to Governance & Security: Support the AI team in evaluating AI tools, documenting best practices, and helping establish guidelines for safe, responsible usage across the organization.
Prototype & Learn: Build small internal tools, bots, or proof-of-concepts that demonstrate the potential of agentic AI — with guidance and mentorship from the team.
Measure Impact: Help track and quantify efficiency gains from AI adoption — time saved, automation coverage, and developer experience improvements.


What We Are Looking For


Agentic AI Curiosity: You have been tinkering with tools such as Claude Code, Cursor, Kiro, or similar AI-native development tools. You don't need to be an expert — but you should be excited about what these tools can do. You should aware how how such tools can have their capabilities expanded (e.g. through MCPs, Skills)
The ""100x"" Mindset: You are obsessed with efficiency. You look at a 10-step manual process and immediately think about how to reduce it to one. You believe AI should be doing most of the repetitive work so humans can focus on what matters.
Language Agnostic: You've tinkered with at least one backend language (e.g., Python, Go, TypeScript, Ruby) and are eager to learn whatever gets the job done.
Tools: Familiarity with Git for version control.
Mindset: A ""can-do"" attitude, a love for trying new AI tools the day they launch, a strong desire to learn, and the ability to communicate your ideas clearly.
Bonus Points: Experience with workflow orchestration tools (n8n, LangChain, etc.), familiarity with LLM APIs, or an interest in Fintech, Crypto, or how money moves globally.",https://www.linkedin.com/jobs/view/4405673992/?eBP=NOT_ELIGIBLE_FOR_CHARGING&refId=yxoRF7rwSxHYrb11IYmZ2w%3D%3D&trackingId=UUzm%2BejCDKlDIJWJDYo5aQ%3D%3D&trk=flagship3_search_srp_jobs,Progammer,Indonesia,"['typescript', 'r', 'python', 'git', 'ios']",5,2026-05-05T02:44:49.381398
4393010545,Fullstack Engineer Intern (Data Platform),tiket.com,"Jakarta, Jakarta, Indonesia (On-site)","About the job

We think you also hate when travel app is giving you a headache, right? A slight misinformation can ruin the trip.

That is exactly what we are tackling as t-fam! Making sure that our 50+ million users have the best experience in crafting their own adventure.

As a Fullstack Engineer Intern for Data Platform, you will sit at the intersection of fullstack engineering and data engineering. Your mission is to bridge the gap between complex big data systems and the end-users (other product and tech teams) by building and maintaining ""Data as a Service"" (DaaS) products. This is a unique opportunity for a Fullstack Engineer to gain deep exposure to big data processing, security, and scalable infrastructure.

Your Main Duties In Flying With Us


 Assist in designing new backend services
 Create a Rest API server
 Make documentation API contract with front-end engineers
 Having hands-on experience in Golang is preferable
 Having hands-on experience in Databases such as MySQL and PostgreSQL
 Preferred to have knowledge on how to fetch data from other services


Mandatory Belongings That You Must Prepare


 Ability to develop software in Python & Go (Node JS is additional point)
 Excellent knowledge of relational databases, SQL, and ORM
 Experience developing REST API services
 Have a good knowledge of SOLID principles and design patterns
 Ability to read/write document requirements and specifications


In the event that you haven’t received any updates after 3 weeks, your data will be kept and we may contact you for another career destination. Meanwhile, discover more about tiket.com on Instagram, LinkedIn, or YouTube.",https://www.linkedin.com/jobs/view/4393010545/?eBP=CwEAAAGd9IQcPnIvNdcElK7RyO52XmR45LJY3IcAKqZp5xtil7Zjec7uE_HZWSmooBY-xyMoPHIti0LGd5lbYZuw7_A6_ZwiD7YKNK7SPwHikir3a9gGuD95Kn-tvUdnEwZimH5sMdKvYJ5E3y5-iWJnkN6-YcuLls2iC4n_8JZojQFel5JQ0kTMadgAN9-agpU_lP9rQKorQE-61Xe8NYy4JUps0ZDxpTwh6Mg7yHk07k1dVGB8E-LThL5adO232qI8aErYiT4iRm31u7CjUuA1PdreMFICBqJb0pEiREa--aqljLBJjLcJK34w3x6qqmgC4Aipl7uKvxJxA6lF5Wwpg5yHiWwDft05CDJWTv-bcR_dj4qRCYkwhtgCMEbmFjbDzoPVM7DhxXLPq2QoEncG38ivvlSCYOC7TfKZNaCrMzxF7SCGHeLxYUyTQgjoy3Uk4cWN718mhBMskJVlIeZgg4qwyFKsMGSmdQ-mIA_GnPHKqeFB162EY_E48DkuSKS8K-socPU&refId=yxoRF7rwSxHYrb11IYmZ2w%3D%3D&trackingId=yVFNXz3FiYz2bvf2aaXWbw%3D%3D&trk=flagship3_search_srp_jobs,Progammer,Indonesia,"['mysql', 'golang', 'r', 'python', 'sql', 'postgresql', 'scala']",7,2026-05-05T02:44:54.061256
4379853935,IT Programmer Bali,PT. Kayu Mebel Indonesia,"Badung, Bali, Indonesia (On-site)","About the job

Mengembangkan dan memelihara sistem/aplikasi internal perusahaan
Melakukan coding, debugging, dan testing aplikasi (web/desktop)
Menganalisis kebutuhan user dan menerjemahkannya ke sistem digital
Menulis dokumentasi teknis dan user manual
Berkoordinasi dengan tim IT dan divisi lain terkait pengembangan sistem",https://www.linkedin.com/jobs/view/4379853935/?eBP=NOT_ELIGIBLE_FOR_CHARGING&refId=yxoRF7rwSxHYrb11IYmZ2w%3D%3D&trackingId=PEY6uCoLdg8ueVEMe3Ys%2FQ%3D%3D&trk=flagship3_search_srp_jobs,Progammer,Indonesia,"['r', 'git']",2,2026-05-05T02:44:58.733246
4400082615,"Software Engineer, Fullstack - Insurance",Grab,Jakarta Metropolitan Area (On-site),"About the job

Company Description

About Grab and Our Workplace

Grab is Southeast Asia's leading superapp. From getting your favourite meals delivered to helping you manage your finances and getting around town hassle-free, we've got your back with everything. In Grab, purpose gives us joy and habits to build excellence, while harnessing the power of Technology and AI to deliver the mission of driving Southeast Asia forward by economically empowering everyone, with heart, hunger, honour, and humility.

Job Description

Get to know our Team

At GrabFin, we empower the people of Southeast Asia, from consumers and drivers to every-day entrepreneurs, by ensuring financial inclusion for the underserved. The team is building solutions by enabling our partners (i.e. drivers and merchants) to get access to financial services (lending and insurance) products for their everyday needs.

Get to know the Role

You will report to the Engineering Manager, Insurance, based in Indonesia and will develop the complex backend systems powering the many end-to-end user journeys across all Insurance products available in multiple Grab apps. We're looking for candidates that embody ownership, display a hunger for learning and improvement, excel in autonomy, and have the desire to go above and beyond expectations.

The Critical Tasks You Will Perform


You will develop high-quality and scalable backend applications
You will write clean, efficient, and maintainable code to solve challenging problems in the InsurTech domain
You will collaborate with diverse teams to design, and ship new features
You will participate in code reviews to maintain code quality and share knowledge
You will participate in On-Call rotations to ensure the reliability of services


Qualifications

What Essential Skills You Will Need


Years of relevant experience in software development, with proficiency in one of the major programming languages, e.g., Java (preferred) and Golang, relational databases such as MySQL, PostgreSQL, or Oracle and code versioning systems like Git
Computer Science fundamentals in algorithms and data structures, and capability to recognise when to use them


Additional Information

Life at Grab

We care about your well-being at Grab, here are some of the global benefits we offer:


We have your back with Term Life Insurance and comprehensive Medical Insurance.
With GrabFlex, create a benefits package that suits your needs and aspirations.
Celebrate moments that matter in life with loved ones through Parental and Birthday leave, and give back to your communities through Love-all-Serve-all (LASA) volunteering leave
We have a confidential Grabber Assistance Programme to guide and uplift you and your loved ones through life's challenges.


What We Stand For At Grab

We are committed to building an inclusive and equitable workplace that provides equal opportunity for Grabbers to grow and perform at their best. We consider all candidates fairly and equally regardless of nationality, ethnicity, race, religion, age, gender, family commitments, physical and mental impairments or disabilities, and other attributes that make them unique.",https://www.linkedin.com/jobs/view/4400082615/?eBP=BUDGET_EXHAUSTED_JOB&refId=yxoRF7rwSxHYrb11IYmZ2w%3D%3D&trackingId=FXl91qwLyDvoyr9FaN9IYg%3D%3D&trk=flagship3_search_srp_jobs,Progammer,Indonesia,"['mysql', 'golang', 'java', 'r', 'git', 'sql', 'postgresql', 'scala']",8,2026-05-05T02:45:03.448321
4403521907,BI Developer,Bernhard Heckmann,"Jakarta, Jakarta, Indonesia (On-site)","About the job
This job is sourced from a job board. Learn More

Design, develop and maintain interactive dashboard, visual reports, and self-service BI solutions using Power BI
Integrate and model data from multiple sources including SQL server, Excel and other cloud-based platforms
Collaborate with stakeholders to gather BI requirements and translate them into effective reports and visualizations
implement and maintain Power BI Copilot features to drive faster and smarter insights
Ensure data quality, governance and security in all dashboards and data pipelines
Develop DAX queries and data transformation scripts (Power Query/M)
Support the planning and transition to microsoft fabric and build semantic models, lakehouse, and predictive analytics
Assist in building AutoML use cases and contribut to AI-readiness across business teams
Maintain documentation and provide end-user support for BI and data tools.


Minimum Qualifications


Bachelor's degree in computer science, information system, statistics, or a related field
Minimum 3 years of hands-on experience with Power BI development
Strong knowledge of DAX, Power Query (M), and data modeling best practices
Familiarity with power BI copilot or other AI-assisted BI tools
Experience working with SQL Database, REST APIs, or data lakes
Excellent analytical thinking, problem solving and communication skills
Willingness to learn and explore new technologies including Microsoft Fabric, Lakehouse, and AutoML
Experience in data storytelling and Dashboard UI/UX is a plus
Knowledge of predictive analytics or experience in AI/ML tools (AutoML, Azure ML, etc.) is highly desirable",https://www.linkedin.com/jobs/view/4403521907/?eBP=NOT_ELIGIBLE_FOR_CHARGING&refId=yxoRF7rwSxHYrb11IYmZ2w%3D%3D&trackingId=cX8dbQZfD6qG45tFDr4p0Q%3D%3D&trk=flagship3_search_srp_jobs,Progammer,Indonesia,"['power bi', 'azure', 'r', 'sql']",4,2026-05-05T02:45:08.126657
4393507810,Software Engineer in Data (Junior - Senior),Indodana,"Jakarta, Jakarta, Indonesia (On-site)","About the job

Job Description


Developers will work with international teams as well as Indonesian teams to understand requirements and translate it to high quality software products. 
Work with cutting edge and solve technically challenging problems to deliver mission critical product


Qualifications


Fresh Graduates is welome to apply
3+ years experience for Senior level, Experience from startup / fintech / banking industry is a plus
Ability to work with mentors and team leads on international teams to deliver projects. 
Focus on quality, quantity and timeliness of results, high ownership of tasks assigned
Good communication skill, moderate proficiency in English language
Ability to translate detailed design into high quality software
Ability to produce high quality software from specifications without much rework
Strong coding skills in at least one of {Java, Python, JavaScript/Node.js}. We use all three languages so proficiency in multiple languages is a bonus. 
Good understanding of software engineering practices like object-oriented design, data structure
Familiar with version control (git) and basic linux operations
Fresh graduates are welcome to apply


Additional Information


A formal degree in Computer Science is preferred, but candidates with demonstrable skills and experience are equally valued
Preferable: Familiar with GCP or AWS cloud service
Preferable: Familiar with Cloud Dataflow/Apache Beam
Preferable: Familar with Machine Learning Algorithm (Regression, Decision Tree, Neural Network/Deep Learning) and Machine Learning as a Service (MLaaS)
Preferable: Familiar with DBT and Apache Airflow
Preferable: Familiar with data platform services: ETL Ingestion, Data Lake, Data Warehousing: BigQuery, Redshift, Snowflake, Hadoop, big data processing: apache beam, flink, spark, etc, BI visualization tools: Redash, Looker, Tableau
If you think you're capable, prove to us that you have the ability or portfolio",https://www.linkedin.com/jobs/view/4393507810/?eBP=NOT_ELIGIBLE_FOR_CHARGING&refId=yxoRF7rwSxHYrb11IYmZ2w%3D%3D&trackingId=RZYzciZoSpIYaeyYCgGYWw%3D%3D&trk=flagship3_search_srp_jobs,Progammer,Indonesia,"['gcp', 'airflow', 'spark', 'linux', 'hadoop', 'java', 'r', 'python', 'javascript', 'git', 'aws', 'tableau']",12,2026-05-05T02:45:13.193960
4409126485,AI Prompt Engineer,PT. Nale System Integrator,"Malang, East Java, Indonesia (On-site)","About the job
This job is sourced from a job board. Learn More

Kualifikasi

Prompt Writing


Mampu menulis prompt yang jelas, terstruktur, dan terarah.
Memahami teknik zero-shot, few-shot, dan chain-of-thought untuk menghasilkan output yang akurat.


Prompt Iteration & Optimization


Mampu mengevaluasi hasil prompt, mengidentifikasi kelemahan, lalu memperbaiki secara bertahap hingga output mencapai kualitas yang diinginkan.


Pemahaman Cara Kerja AI


Memahami konsep context window, token, temperature, dan cara model AI menghasilkan respons — agar bisa menyesuaikan prompt dengan perilaku model.


Penggunaan AI Tools


Terbiasa mengoperasikan ChatGPT, Claude, Gemini, dan tools AI lainnya.
Memahami perbedaan karakter tiap model dan kapan menggunakannya.


Pemrograman Dasar & API


Memahami minimal satu bahasa (Python atau JavaScript) dan mampu menggunakan API AI
Mengirim request, membaca response JSON, dan mengintegrasikan ke aplikasi sederhana.


Testing & Dokumentasi


Mampu menguji output AI secara sistematis, mencatat hasil eksperimen prompt, dan mendokumentasikan template yang sudah terbukti efektif.


Komunikasi & Problem Solving


Mampu menerjemahkan kebutuhan bisnis ke dalam instruksi AI yang tepat, serta menjelaskan hasil dan keterbatasan AI kepada tim non-teknis secara mudah dipahami.



Desired Skills and Experience

Analisis Data Berbasis Kecerdasan Buatan, Pemrograman Kecerdasan Buatan, Pengujian Aplikasi Berbasis Kecerdasan Buatan",https://www.linkedin.com/jobs/view/4409126485/?eBP=NOT_ELIGIBLE_FOR_CHARGING&refId=yxoRF7rwSxHYrb11IYmZ2w%3D%3D&trackingId=t4ElMtGBc2XdqADaAlBT6g%3D%3D&trk=flagship3_search_srp_jobs,Progammer,Indonesia,"['java', 'r', 'python', 'javascript']",4,2026-05-05T02:45:17.895913
4403370292,Python Game Developer (Panda3D) - Remote,YO IT Consulting,"Jakarta, Jakarta, Indonesia (Remote)","About the job

Job Title: Python Game Developer (Panda3D)

Job Type: Contract

Location: Remote

Job Summary

Join our customer's team as an expert Pyhton Game Developer (Panda3D), where you’ll contribute to cutting-edge AI training projects using one of the most robust and flexible open-source game engines. This specialized role focuses on harnessing Panda3D’s capabilities to deliver immersive, high-performance simulations compatible with both legacy and contemporary hardware.

Key Responsibilities


 Design, develop, and optimize 3D game simulations and environments using Panda3D for AI training applications.
 Collaborate with multidisciplinary teams to transform requirements into technical solutions.
 Implement, maintain, and debug Python and C++ codebases integrated with Panda3D.
 Contribute to version control workflows using GitHub to ensure smooth project collaboration.
 Ensure cross-platform compatibility and performance across diverse hardware configurations.
 Document architectural decisions, code, and processes clearly to support collaborative development.
 Actively participate in code reviews, brainstorming sessions, and team meetings, emphasizing exceptional verbal and written communication.


Required Skills And Qualifications


 Proven, hands-on experience developing with Panda3D—experience with similar engines does not substitute.
 Advanced proficiency in Python and C++ programming languages.
 Strong command of GitHub for code management, branching, and pull requests.
 Deep understanding of 3D graphics pipelines, simulation logic, and cross-platform development.
 Exceptional written and verbal communication skills—clear documentation and collaboration are critical.
 Ability to work independently in a remote environment, meeting deadlines with minimal supervision.
 Demonstrated attention to detail and a problem-solving mindset.


Preferred Qualifications


 Prior game development experience for AI, simulation, or training purposes.
 Familiarity with optimizing 3D assets for performance across a range of hardware.
 Background in collaborative, distributed Agile environments.",https://www.linkedin.com/jobs/view/4403370292/?eBP=NOT_ELIGIBLE_FOR_CHARGING&refId=yxoRF7rwSxHYrb11IYmZ2w%3D%3D&trackingId=TqHuzmib7vjbwUjl4GYMRA%3D%3D&trk=flagship3_search_srp_jobs,Progammer,Indonesia,"['agile', 'r', 'python', 'git', 'c++']",5,2026-05-05T02:45:22.590061
4371206149,Junior Developer Java dan .Net,PT. Adi Data Informatika,Jakarta Metropolitan Area (On-site),"About the job
This job is sourced from a job board. Learn More

Java Developer Technical Skills (Basic Level)


Basic understanding of Java (OOP concepts).
Familiar with Spring / Spring Boot (basic)


Net Developer Technical Skills (Basic Level)


Basic understanding of C# and .NET / .NET Core.
Familiar with ASP.NET MVC or Web API.


Minimum Qualifications

Junior Developer (Java & .Net)

Pengalaman Min 6 Bulan - 1 Tahun

Diutamakan Dapat Join Segera


Java Developer* Technical Skills (Basic Level)
Basic understanding of Java (OOP concepts).
Familiar with Spring / Spring Boot (basic).
Basic knowledge of REST API concepts.
Basic understanding of SQL and relational databases (MySQL, PostgreSQL, Oracle).
Familiar with Git / version control.
Basic knowledge of JSON and HTTP concepts.
Net Developer* Technical Skills (Basic Level)
Basic understanding of C# and .NET / .NET Core.
Familiar with ASP.NET MVC or Web API.
Basic knowledge of HTML, CSS, and JavaScript.
Basic knowledge of SQL Server and simple SQL queries.
Familiar with Git / version control.
Basic understanding of REST API concepts.",https://www.linkedin.com/jobs/view/4371206149/?eBP=NOT_ELIGIBLE_FOR_CHARGING&refId=wHX2fmpvdn6InAwx25DCsg%3D%3D&trackingId=K7JkUM7Yet4tQtX6uACz8Q%3D%3D&trk=flagship3_search_srp_jobs,Progammer,Indonesia,"['mysql', 'c#', 'spring boot', 'java', 'r', 'javascript', 'git', 'sql', 'postgresql']",9,2026-05-05T02:45:39.593782
4368171398,Claude Coder,Develop Coaching,Indonesia (Remote),"About the job

The Role

As a Claude Coder, you will be responsible for developing and maintaining high-quality code for various applications. You will work closely with cross-functional teams to ensure that all coding standards are met and that projects are delivered on time.


Develop and implement software solutions
Collaborate with team members on project requirements
Maintain and improve existing codebases
Participate in code reviews and testing
Ensure adherence to coding standards and best practices


Team Structure: You will be part of a dynamic team of developers, designers, and project managers.

Ideal Profile

The ideal candidate will possess a blend of technical and interpersonal skills.


Experience with coding languages (e.g., Python, Java)
Familiarity with version control systems (e.g., Git)
Understanding of software development methodologies (e.g., Agile)
Problem Solving
Communication


Education: A degree in Computer Science or a related field is preferred but not mandatory.

What's On Offer

We offer a competitive salary and benefits package, along with opportunities for professional growth and development.


Flexible work arrangements
Access to training and learning resources
Supportive company culture",https://www.linkedin.com/jobs/view/4368171398/?eBP=NOT_ELIGIBLE_FOR_CHARGING&refId=wHX2fmpvdn6InAwx25DCsg%3D%3D&trackingId=f9EikgJbUUpYMn1epXbVqQ%3D%3D&trk=flagship3_search_srp_jobs,Progammer,Indonesia,"['agile', 'java', 'r', 'python', 'git']",5,2026-05-05T02:45:44.270076
3918806038,Labs Bootcamp Program,Shopee,"Jakarta, Indonesia (On-site)","About the job

About The Team

Sea Labs Indonesia is the tech force behind Sea Group. We are here to make a real impact for millions of users in Indonesia through the transformative power of technology. We solve real-life problems to create a good user experience through various business operations, mainly Shopee and SeaMoney.

Job Description

In Sea Labs Indonesia we aim to develop Digital Talents in and for Indonesia. As part of our commitment, we are opening a Labs Bootcamp program for young talents with a passion for software engineering. Through this bootcamp, individuals will get exposure on working in a global organisation, as well as obtain knowledge and training to flourish the role in one of tracks as Software Engineer.

The Labs Bootcamp is a twenty-week program that covers software engineering, QA, and SRE fundamentals, best coding practices on common tech stacks and tools used in the enterprise development center, and near-the-job training through simulated projects by the end of the program.

Only candidates who pass the technical test and interview will be enrolled in the program.

Exceptional performance during the program will have the opportunity to enroll in the selection process to become a permanent employee and build a career in Sea Labs Indonesia.

Batch 7

Starting Date: 28 July 2025

Requirements


Final year student or Bachelor’s Degree from any majors
Passionate and interested in pursuing a career in software development and programming
Have a basic knowledge of coding skills and the fundamental computer science
Willing to be located in Jakarta and participate in the Bootcamp Program offline


Note: This program is free of charge and each participant will get a monthly allowance throughout the training period. A full commitment in attending the full-day class is mandatory.",https://www.linkedin.com/jobs/view/3918806038/?eBP=BUDGET_EXHAUSTED_JOB&refId=wHX2fmpvdn6InAwx25DCsg%3D%3D&trackingId=jR2Ix69p8f6oWiOmcSrH6g%3D%3D&trk=flagship3_search_srp_jobs,Progammer,Indonesia,"['r', 'git']",2,2026-05-05T02:45:48.942770
4408634207,Odoo Developer Intern,FOOM LAB GLOBAL,"South Jakarta, Jakarta, Indonesia (On-site)","About the job

About the Role

We are looking for a motivated Odoo Developer Intern to support the development, customization, and implementation of our ERP system. You will work closely with the tech and operations team to improve business processes through Odoo modules.




Key Responsibilities

Assist in developing and customizing Odoo modules (Python & XML)
Support implementation of Odoo across different business functions (Finance, Sales, Inventory, HR)
Debug, troubleshoot, and fix issues in existing Odoo system
Collaborate with functional teams to understand business requirements
Help in system integration with third-party tools (API)
Maintain technical documentation for developments and changes
Participate in testing (UAT) and deployment processes




Requirements

Final year student or fresh graduate in Computer Science, Information Systems, or related field
Basic understanding of Python programming
Familiar with PostgreSQL and database concepts
Understanding of ERP systems (experience with Odoo is a plus)
Basic knowledge of web technologies (HTML, CSS, JavaScript, XML)
Strong problem-solving skills and willingness to learn
Able to work in a fast-paced environment",https://www.linkedin.com/jobs/view/4408634207/?eBP=BUDGET_EXHAUSTED_JOB&refId=wHX2fmpvdn6InAwx25DCsg%3D%3D&trackingId=cAXV%2BVF7gXGFtzLqjCbJ2Q%3D%3D&trk=flagship3_search_srp_jobs,Progammer,Indonesia,"['java', 'r', 'python', 'javascript', 'sql', 'postgresql']",6,2026-05-05T02:45:53.622243
4404488892,Junior Quality Assurance Engineer,Luxehouze,"Gambir, Jakarta, Indonesia (On-site)","About the job

About Luxehouze

Luxehouze is a fast-growing omnichannel luxury marketplace operating across Indonesia and Singapore, serving high-value customers in watches, fashion, and beauty. We operate in an environment where trust, speed and excellence matter, and where outcomes matter more than activity.

We are looking for a Junior Quality Assurance Engineer who takes responsibility naturally, thinks in outcomes and wants to build, improve, and scale - not just “execute tasks.”

What Will Be Challenging

Please read this carefully - it’s here to help you self-select.


Expectations are high and visible
Problems may be ambiguous and fast-moving
Priorities can change as the business scales
Feedback is direct and frequent
Performance is measured by results, not intentions
If you require rigid structure, narrow scope, or close supervision to perform well, this environment may not be a good fit.



Role Summary

Junior Quality Assurance Engineer is responsible for supporting the QA team in ensuring software quality through manual and automated testing. This role will execute test cases, identify and document defects, perform regression testing, and collaborate with developers and product teams to ensure stable and high-quality releases. The position also supports test automation initiatives to improve testing efficiency and coverage.

Responsibilities:


Execute manual test cases for web applications.
Create, review, and maintain test cases and test scenarios based on business requirements.
Perform functional, regression, and smoke testing before each release.
Identify, document, and track bugs using a defect management tool.
Collaborate closely with Product, Design, and Business stakeholders to clarify requirements and reproduce issues.
Support test automation activities to improve test coverage and efficiency.
Validate API responses and system integrations when required.
Ensure application quality meets acceptance criteria before production release.
Assist in UAT preparation and support deployment validation.
Contribute to continuous improvement of QA processes and documentation.



Requirement & Qualifications:


Bachelor’s degree in Computer Science, Information Technology, Software Engineering, or related field.
0–2 years of experience in software testing (fresh graduates are welcome to apply).
Basic understanding of Software Development Life Cycle (SDLC) and Software Testing Life Cycle (STLC).
Familiar with manual testing concepts (functional, regression, smoke testing).
Ability to create and document test cases and test scenarios clearly.
Experience working in Agile/Scrum environments.
Knowledge of performance or load testing tools is a plus.
Familiarity with cross-browser and responsive testing (desktop & mobile).
Basic knowledge of bug tracking tools (e.g., Jira, Trello, Azure DevOps, etc.).
Understanding of web application structure (frontend, backend, API).
Understanding of database basics and ability to perform simple queries (SQL).
Basic knowledge of API testing (e.g., Postman) is a plus.
Exposure to automation tools (e.g., Playwright, Selenium, Cypress) is an advantage.
Strong analytical thinking and attention to detail.
Good communication and teamwork skills.
Willingness to learn new tools and testing methodologies.",https://www.linkedin.com/jobs/view/4404488892/?eBP=NOT_ELIGIBLE_FOR_CHARGING&refId=wHX2fmpvdn6InAwx25DCsg%3D%3D&trackingId=6QLuxz%2Bacar7h5uZqlpMPw%3D%3D&trk=flagship3_search_srp_jobs,Progammer,Indonesia,"['rust', 'agile', 'azure', 'scrum', 'r', 'ios', 'sql']",7,2026-05-05T02:45:58.310737
4394430709,Data Engineer,DANA Indonesia,"Jakarta, Indonesia (On-site)","About the job

About Business Automation

At Business Automation, we believe that meaningful progress begins when people are empowered to do their best work. Our purpose is to transform complex, time-consuming processes into seamless, intelligent systems that enable teams to operate with greater clarity, speed, and confidence. By reducing manual effort, we create room for ideas to grow, innovation to thrive, and people to truly excel in what they do best.




We don’t aim for simple process improvement—we strive to reshape the way the organization works. Through smart automation, data-driven insights, and thoughtful design, we unlock new levels of efficiency and capability. Whether it’s accelerating decision-making, simplifying workflows, or enabling smarter business operations, our focus is on delivering solutions that create real, measurable impact.




To us, automation is more than just technology—it is about collaboration, curiosity, and continuous growth. We are driven by the joy of solving real problems, exploring new possibilities, and creating solutions that truly make a difference. Ultimately, we take pride in empowering teams across the organization to work smarter, achieve more with less friction, and experience greater satisfaction in what they do every day.




About the role

Automation Data Engineer will work on managing and improving scalable data platform for Automation Team to enable data-driven automation process.




You'll be working on:

Architect and manage scalable data systems and instance migrations that enable seamless operations and informed decision-making across teams
Build and optimize intelligent ETL/ELT pipelines from diverse data sources, with familiarity in AI-assisted and automation-first approaches to data operations.
Work across data, product, and analytics functions to prepare datasets for visualization and modeling, while exercising strong problem-solving skills to identify efficient, scalable solutions.
Develop end-to-end data quality frameworks that proactively safeguard integrity, improve trust in data products, and support operational excellence at scale.

Qualifications:

Minimum 2 years of experience as a Data Engineer, with a strong background in data processing and infrastructure.
Programming Skills: Proficiency in Python is required; experience with additional programming languages is a plus.
Containerization & Deployment: Advanced expertise in Docker, particularly for application deployment via APIs.
Orchestration & Workflow Management: Basic experience with Kubernetes, Airflow , or similar technologies.
Data Storage & Processing: Deep understanding of Elasticsearch/OpenSearch, Data Warehouse modeling
Database Proficiency: Strong knowledge of SQL for data querying, transformation, and performance optimization.
Data Visualization: Familiarity of using Tableau and Metabase to create analytics dashboard
Understanding of distributed data processing using Apache Spark, Apache Flink, and Apache Kafka
Familiarity with Vector Database and RAG",https://www.linkedin.com/jobs/view/4394430709/?eBP=BUDGET_EXHAUSTED_JOB&refId=wHX2fmpvdn6InAwx25DCsg%3D%3D&trackingId=tKN3dWJmvojuMYKS%2BbTtJA%3D%3D&trk=flagship3_search_srp_jobs,Progammer,Indonesia,"['elasticsearch', 'airflow', 'spark', 'rust', 'docker', 'r', 'python', 'kafka', 'ios', 'sql', 'scala', 'kubernetes', 'tableau']",13,2026-05-05T02:46:02.993328
4404690098,Research Analyst | $15/hr Remote,Crossing Hurdles,Indonesia (Remote),"About the job

Position: SwarmBench Task Engineer Knowledge / Research

Type: Short-Term Contract (4 weeks)

Compensation: $15 per hour

Location: Remote

Commitment: 8 hours per day with 4 hours overlap with PST




Role Responsibilities

Build multi-agent benchmark tasks requiring deep reading, analysis, and synthesis of large document collections
Curate real-world research datasets (academic papers, case studies, technical reports) for AI evaluation
Design complex research-driven questions requiring cross-document reasoning and synthesis
Create structured ground-truth outputs (JSON) with precise, verifiable answers
Develop LLM judge prompts to evaluate outputs against defined schemas and oracles
Design decomposition strategies to split research tasks across multiple parallel agents
Analyze model outputs and ensure correctness, completeness, and factual grounding
Work with agentic frameworks and evaluation pipelines for AI benchmarking




Requirements

Strong experience in research (academic or industry) across any scientific domain
Strong reading comprehension with the ability to extract structured insights from unstructured data
Experience with JSON/data structures (schema design, validation, structured outputs)
Proficiency in Python for scripting, data processing, or evaluation workflows
Familiarity with AI coding benchmarks (SWE-bench, Terminal-bench, etc.)
Comfortable with Linux/terminal workflows, Git, and development tools
Experience with Docker (Dockerfiles, building images, debugging containers)
High attention to detail, especially for creating precise, verifiable outputs




Application Process

Apply / Easy Apply via LinkedIn
Fill out the application form shared via email
Complete the assessment (post-shortlisting; to be completed within 24 hours)



Desired Skills and Experience

Coding",https://www.linkedin.com/jobs/view/4404690098/?eBP=CwEAAAGd9IQhqhzFR8JFuiaqqVsSlJvXqdju5F0Vlqvxai-Yhkgtw7W4NTYDZUh12ly_3SdaIvfSxeiagv-lb_Mns7Dp2xqytRms3P_0Lh0fdFdoR-PTRtl7GBeM5wcts0wzv1ddA6WZxCF4dlBpXAH1QS5ZHcFjWdoJChX-dB6Cw7i0HVVI6CNxJ9nTuupCwJyDvgwuGJBrOaA0K5N5eRi4d1KRfjO7usXIJ6y1QLVFz23aHPtPrudrVy6jvOTpMeMQ0oLgggZe3bUOxXKTl4eMXYUoeXCQadWyd83vt5Sw_hzNZ8qOQI0iGIxUxoImyK8aIqsnllVUYl8_vzswkFIyMncpKV417BYmiOt3SBGA300a3KCqBkAEHqeHB3Ea2rNKdbDsc5r1rzxFUGh3KLGHJ4BIwwcsTQnMQzNycdRvfzQ-hZIqKFz4YgpG6Z_LT_pKzrlhv-mv4f5z-7uFg11i6qQEWD0KJBd8jHSTf98aE6q6Q3cxwE4&refId=wHX2fmpvdn6InAwx25DCsg%3D%3D&trackingId=aSOExQ1fevz7i%2FtDZXgYOw%3D%3D&trk=flagship3_search_srp_jobs,Progammer,Indonesia,"['linux', 'docker', 'r', 'python', 'git']",5,2026-05-05T02:46:07.678228
4400362349,"Software Engineer (Surabaya, Indonesia)",camLine | Elisa Industriq,"Surabaya, East Java, Indonesia (On-site)","About the job

Job Description :


Involve in the entire development cycle from requirements analysis to design, coding, testing, implementation and support
Overseas travel will be required for the purpose of customers meeting or onsite projects support
Works with customers, applications and product management to capture requirements and translate into software functional specifications


Job Requirements :


University degree in the field of Computer Science/ Information Technology/ Software Development or equivalent
Minimum has two years of working experience in related field
Provicient in JAVA programming, knowledge in other programming language will be an advantage
Can master any new technologies, programming language or design concept
Can master of mathematical sciences models such as: statistics, linear programming, graphs, and many complicated concepts will be used
Have mathematical score such as algorthm, calculus, basic math, aljabar, statistics (minimum B+)
JAVA programming test will be conducted
Good teamwork and communication skill
Independent, self-discipline and result oriented


Contact:

Email: jobs@camline.com",https://www.linkedin.com/jobs/view/4400362349/?eBP=CwEAAAGd9IQhqods4hTP61-c2JlJicS6Z9cw8THRRf5svNmF0mULppX1Hg6a-6qMZ3IxHPe1HPKrlUb8ZzkOGKcM7Vblq3Yi1mwuS6qH5ZJaGdMPuOoh4FQK4j02CBEk08wzFBSfPNGUByUoVZXtSfHg_WGvuxcEyRj-5smpn4X2s6Go7gM5FikZIWK4fWQwX0yAWcaIlIpEuJY5OMT9oV3CfOzFbmjY93mQaXHb6TmRAtqOUGWHHl_lBiEk3KXDckfgOkEf5m-wvK40CxtscM1j3vt4QxaEHeZgw3H0xEkz1HgIJBSWnI_NeQumhD13kzvaWYnOwhiTM3FTS-VRhkOatQH5ZspMBZTM4lbPJSNsKhyYnAMUJvcXoIaezkuuTxqPW9N1zoDRUsJ_wE9n6mK0PZbM_yt6PtiOs46Czb2fVCqjCPCehm9-i20iv8aQ633ANmKVo7Qz1y5KgObuwQBenbKeByYtE4Y9ncNm9yWRo_UYmy5tC7MXkyyRLgUfmZ5o8w&refId=wHX2fmpvdn6InAwx25DCsg%3D%3D&trackingId=BLk9tstg03M0X4uC4WhSPg%3D%3D&trk=flagship3_search_srp_jobs,Progammer,Indonesia,"['java', 'r']",2,2026-05-05T02:46:12.344224
4400469938,Junior Software Engineer (Backend) - Multiple Positions,Flip,"South Jakarta, Jakarta, Indonesia (Hybrid)","About the job

We’re hiring Junior Software Engineers (Backend) for multiple teams at Flip - the Accept Payment and Money Management team. If you’re passionate about building reliable systems, eager to learn, and excited to work on products that impact millions of Indonesians, this is your chance.




About the Accept Payment team

When you shop on an e-commerce platform and proceed to payment, the seamless payment page with multiple payment options is the work of our Accept Payment team.

Join us to play a pivotal role in building and enhancing our payment gateway and payment page solutions. These essential features empower merchants and partners to integrate payment flows effortlessly into their applications, ensuring a smooth and efficient experience for their customers. Our work not only simplifies transactions for users but also helps businesses scale with confidence.

As a member of this team, you will collaborate with skilled professionals to design, develop, and optimize the payment experience—shaping the future of digital commerce.




About the Money Management team

Money Management team is responsible for building and managing Flip's suite of financial growth and protection products, empowering users to save, invest, and stay secured with confidence. We oversee Super Flip, a seamless and Sharia-compliant savings account in partnership with Aladin Syariah Bank; Investment through Flip Gold, enabling accessible and reliable gold-based wealth building; and Insurance offerings, including Money Transfer Guarantee and 3rd-party protection products that enhance user safety across transactions. Our team focuses on delivering trustworthy, scalable, and user-centric financial solutions that help Indonesians manage their money better every day.




About Flip

Flip was founded in 2015 by three friends from Universitas Indonesia — Rafi, Luqman, and Anjar — with the goal of making money transfers fairer for Indonesians. Today, millions of individuals and businesses trust Flip to send trillions of rupiah across banks every year.

We’re backed by leading investors such as Sequoia India, Insight Partners, and Insignia, and our mission is simple: to give Indonesians access to one of the most progressive and fairest financial services in the world.

At Flip, we always strive to provide the fairest place for you to work, learn, and grow with talented and fun people in various opportunities to advance your career and get fair rewards. We believe that we have to treat employees, customers, and all stakeholders fairly and respectfully. Fair treatment for employees means we establish clear goals, facilitate our employees to achieve them, and value their contribution to the company with equitable benefits.




What you’ll do

Work with senior engineers to build and maintain backend services used across Flip’s ecosystem.
Write clear, tested, and efficient code, mainly in Go.
Review and learn from code written by peers and provide constructive feedback.
Collaborate cross-functionally with product managers, designers, and other engineers to deliver reliable features.
Help troubleshoot and resolve production issues under guidance.




What you’ll need

Basic programming experience in any backend language (Go experience is a strong plus).
Understanding of core computer science concepts: data structures, algorithms, OOP, and clean code principles.
Willingness to learn new tools and technologies quickly.
Familiarity working with AI-assisted coding platform (especially for the Accept Payment team).
Good problem-solving mindset and eagerness to grow.
Strong communication skills and ability to collaborate in a team.
Alignment with Flip’s values of fairness, respect, and continuous learning.




Why join Flip?

Learn directly from experienced engineers working on large-scale systems.
Be part of a mission-driven company making finance fairer in Indonesia.
Grow your career in a supportive and collaborative environment.
Enjoy fair rewards, clear goals, and recognition for your contributions.",https://www.linkedin.com/jobs/view/4400469938/?eBP=BUDGET_EXHAUSTED_JOB&refId=wHX2fmpvdn6InAwx25DCsg%3D%3D&trackingId=9Faf26mNAj1nl6YzE1IS1Q%3D%3D&trk=flagship3_search_srp_jobs,Progammer,Indonesia,"['rust', 'r', 'git', 'scala']",4,2026-05-05T02:46:17.017785
4403529866,AI Engineer,Bernhard Heckmann,"Jakarta, Jakarta, Indonesia (On-site)","About the job
This job is sourced from a job board. Learn More

Design, develop, and deploy AI-based solutions to optimize systems, workflows, and customer experiences.
Adapt and apply predictive models and machine learning algorithms to analyze customer behavior, trends, and operational data.
Develop and maintain chatbots, automation tools, and other AI-powered features to enhance user engagement and personalization.
Collaborate with cross-functional teams (engineering, product, data) to integrate AI solutions seamlessly into existing platforms and infrastructures.
Monitor, evaluate, and fine-tune AI/ML models to ensure high performance, accuracy, and relevance over time.
Apply AI techniques to data analytics, enabling automated insights, anomaly detection, and forecasting using structured and unstructured data.
Integrate AI systems with data sources, including relational databases such as SQL Server, for real-time and batch data processing.
Maintain and scale product recommendation engines using Google Cloud Platform (GCP) ML services.
Stay current with advancements in Generative AI, LLMs, and emerging ML technologies (e.g. RAG, Agentic AI, MCP etc). 


Minimum Qualifications


Bachelor's or Master's degree in Computer Science, Data Science, Artificial Intelligence, or a related field.
Proven experience as an AI Engineer, Data Scientist, or in a similar role for minimum 3 years
Strong programming skills in Python + GCP ML services
Experience with LLM/Generative AI implementation
Knowledge of data preprocessing, feature engineering, and model evaluation techniques.
Understanding of RAG (Retrieval Augmented Generation) and vector databases
Excellent problem-solving and analytical skills.
Good communication skills and the ability to work in a collaborative environment.
Experience in developing AI solutions for consumer products or e-commerce industry is an advantage.
Experience in data analytics using AI/ML, including dashboards, automated data pipelines, and ML-based decision support.",https://www.linkedin.com/jobs/view/4403529866/?eBP=NOT_ELIGIBLE_FOR_CHARGING&refId=wHX2fmpvdn6InAwx25DCsg%3D%3D&trackingId=U8KVgglDds%2FRAQzLsi7UzA%3D%3D&trk=flagship3_search_srp_jobs,Progammer,Indonesia,"['gcp', 'r', 'python', 'sql']",4,2026-05-05T02:46:21.698951
4403126090,Junior Java Developer,Bumi Amartha Teknologi Mandiri,"Jakarta, Jakarta, Indonesia (On-site)","About the job
This job is sourced from a job board. Learn More

Develop, test, and maintain backend services using Java Spring Boot
Design and optimize database queries and data structures using SQL
Collaborate with cross-functional teams to gather and analyze system requirements
Review, debug, and improve existing code for performance and scalability
Ensure system reliability, security, and performance standards are met
Support integration with internal and external systems (e.g., APIs)
Document technical specifications and system processes
Participate in code reviews and follow best practices in software development


Minimum Qualifications

Note: 3 month contract based with possibility to extend


Bachelor’s degree (S1) in Computer Science, Information Systems, or a related field
Minimum GPA of 3.00
1–2 years of experience in software development
Proficiency in Java Spring Boot
Strong understanding of SQL databases
Strong programming logic and problem-solving skills
Ability to analyze and understand existing code
Understanding of banking business processes is a plus
Available to join ASAP is preferred",https://www.linkedin.com/jobs/view/4403126090/?eBP=NOT_ELIGIBLE_FOR_CHARGING&refId=wHX2fmpvdn6InAwx25DCsg%3D%3D&trackingId=UsAIMgV5tbN3RuxF6%2FDpVw%3D%3D&trk=flagship3_search_srp_jobs,Progammer,Indonesia,"['spring boot', 'java', 'r', 'sql', 'scala']",5,2026-05-05T02:46:26.366037
4404040508,Quality Assurance Automation Engineer,VLink Inc,Jakarta Metropolitan Area (On-site),"About the job

Job Description

Designing and developing test automation scripts.
Using test automation guidelines.
Researching issues in software through testing.
Collaborating with QA Analysts and Software Developers to develop solutions.
Keeping updated with the latest industry developments
Prepare data and configure automation testing tool according to test scenario

Minimum Qualifications

Bachelor's degree in computer science, software development, or a related field.
Previous experience as a test automation engineer (Selenium, Appium, Katalon Studio), webdriver.io
Preferably has experience in Life insurance
Performance Testing using tools e.g : Jmeter,
Proficiency in programming languages such as C# and Java.
Excellent mathematical and problem-solving skills.
Highly accurate and detail-oriented.
Strong analytical and planning skills;
Good communication and presentation skills;
Excellent problem-solving skills;",https://www.linkedin.com/jobs/view/4404040508/?eBP=CwEAAAGd9IQhqkAqDcB8n2nGR9Kz2VExjyY3hrn74XuAJyDnCpAhji3-Bs7iuzdSdu0ToV9t99cAmVOmUMU_1-SZ8YSF3cX2tPNlD_Hhg8R3rGszLj_KcgzWUYHZry7fcd9FWDjL84N25tsVeQtsMR9UdMzF0pKRciIwxXaXxzZ5BPpnR1GSX7cYXA2s0ZMN9cGnKaw17z9TCO7piN3hKkyTB68P8THkEDH59LdcE2mEcPy_XB9xmZilOI2NpDuhDZMNpuw54Wx0wAETA_EQvA_qsbT_zqvWQBrqUhBimYtbYk9nqn5NMkg56ZEoglLutmdLaICvOtjCqE1lEG80EY81DqdgynQ6h_LMqsoXKxhO65H2zjns5CMU-WO0sW6qUTB7gHUffjM-Vk6qH2TX-30lBYmGgsxcbO-S8KsReZAeOXb3BXxYAslMeoLHkIW_NU3x2caT0pTvibV77A&refId=wHX2fmpvdn6InAwx25DCsg%3D%3D&trackingId=QfZtrx7OX6YiPqZqDIR1IQ%3D%3D&trk=flagship3_search_srp_jobs,Progammer,Indonesia,"['c#', 'java', 'r']",3,2026-05-05T02:46:31.051362
4388352153,APAC Graduate Development Program,Hewlett Packard Enterprise,"Gambir, Jakarta, Indonesia (Hybrid)","About the job

This role has been designed as ‘Hybrid’ with an expectation that you will work on average 2 days per week from an HPE office.

Who We Are

Hewlett Packard Enterprise is the global edge-to-cloud company advancing the way people live and work. We help companies connect, protect, analyze, and act on their data and applications wherever they live, from edge to cloud, so they can turn insights into outcomes at the speed required to thrive in today’s complex world. Our culture thrives on finding new and better ways to accelerate what’s next. We know varied backgrounds are valued and succeed here. We have the flexibility to manage our work and personal needs. We make bold moves, together, and are a force for good. If you are looking to stretch and grow your career our culture will embrace you. Open up opportunities with HPE.

Job Description

A career as a Presales Graduate allows you the opportunity to drive deals from qualification to close and grow into a true professional with valuable relationships and international working experience.

Program Start Date: August 2026

What You'll Do


Gather information appropriately to develop an accurate understanding of customer technology infrastructure in the Data Centre Technologies Area
Contribute to the creation of an appropriate technical solution to meet the customer’s requirements
Adapts solution design to new requirement
Maintain good communications with customers and partners.
Advance opportunities effectively
Actively support the account team with product advice, proposal support, presentations, and other customer communications
Engage appropriate additional technical resources as needed 


What You’ll Need


Completed Bachelor’s or Master’s degree within the last 12 months from the start date in computer science, software engineering or equivalent
Strong understanding of
cloud computing concepts, architectures, and services (e.g., AWS, Azure, Google Cloud)
artificial intelligence concepts, machine learning frameworks and data analytics
sustainability concepts, practices, and technologies, particularly in how they relate to IT solutions
security and containerization technologies (e.g. DevOps tools or Kubernetes)
Data Center Infrastructure & Networking concepts
Proficiency in programming languages such as Python, Java, or JavaScript
Strong analytical skills with the ability to interpret complex data sets
Strong verbal and written communication skills in English
Experience or a proven interest in sales and a passion for technology
Excellent at building relationships at all levels and having solution focused discussions
Ability to convey complex technical information clearly

What We’d Prefer You Bring


The drive to seek out what’s next and to deliver exceptional results
A collaborative, solution focused spirit and overall sense of urgency
The desire to embrace new ideas and fresh thinking and seek out ideas different than your own
Experience as an active leader on campus who strives to make a positive impact on the world
Comfort with working in a hybrid (virtual and face-to-face) environment
Exceptional communication and presentation skills and the ability to ask smart questions


Additional Skills

Accountability, Accountability, Action Planning, Active Learning, Active Listening, Bias, Business, Calendar Management, Coaching, Computer Literacy, Creativity, Critical Thinking, Design Thinking, Empathy, Follow-Through, Group Problem Solving, Growth Mindset, Intellectual Curiosity (Inactive), Long Term Planning, Managing Ambiguity, Office Administration, Policy and procedures, Recordkeeping, Risk Assessment, Software Development {+ 5 more}

What We Can Offer You

Health & Wellbeing

We strive to provide our team members and their loved ones with a comprehensive suite of benefits that supports their physical, financial and emotional wellbeing.

Personal & Professional Development

We also invest in your career because the better you are, the better we all are. We have specific programs catered to helping you reach any career goals you have — whether you want to become a knowledge expert in your field or apply your skills to another division.

Unconditional Inclusion

We are unconditionally inclusive in the way we work and celebrate individual uniqueness. We know varied backgrounds are valued and succeed here. We have the flexibility to manage our work and personal needs. We make bold moves, together, and are a force for good.

Let's Stay Connected

Follow @HPECareers on Instagram to see the latest on people, culture and tech at HPE.

Job

Administration

Job Level

Entry

HPE is an Equal Employment Opportunity/ Veterans/Disabled/LGBT employer. We do not discriminate on the basis of race, gender, or any other protected category, and all decisions we make are made on the basis of qualifications, merit, and business need. Our goal is to be one global team that is representative of our customers, in an inclusive environment where we can continue to innovate and grow together. Please click here: Equal Employment Opportunity.

Hewlett Packard Enterprise is EEO Protected Veteran/ Individual with Disabilities.

HPE will comply with all applicable laws related to employer use of arrest and conviction records, including laws requiring employers to consider for employment qualified applicants with criminal histories.

No Fees Notice & Recruitment Fraud Disclaimer

It has come to HPE’s attention that there has been an increase in recruitment fraud whereby scammer impersonate HPE or HPE-authorized recruiting agencies and offer fake employment opportunities to candidates. These scammers often seek to obtain personal information or money from candidates.

Please note that Hewlett Packard Enterprise (HPE), its direct and indirect subsidiaries and affiliated companies, and its authorized recruitment agencies/vendors will never charge any candidate a registration fee, hiring fee, or any other fee in connection with its recruitment and hiring process. The credentials of any hiring agency that claims to be working with HPE for recruitment of talent should be verified by candidates and candidates shall be solely responsible to conduct such verification. Any candidate/individual who relies on the erroneous representations made by fraudulent employment agencies does so at their own risk, and HPE disclaims liability for any damages or claims that may result from any such communication.",https://www.linkedin.com/jobs/view/4388352153/?eBP=NOT_ELIGIBLE_FOR_CHARGING&refId=wHX2fmpvdn6InAwx25DCsg%3D%3D&trackingId=J%2BuxPT%2F2SC6tIfwiEICuvw%3D%3D&trk=flagship3_search_srp_jobs,Progammer,Indonesia,"['azure', 'java', 'r', 'python', 'javascript', 'ios', 'aws', 'kubernetes']",8,2026-05-05T02:46:35.771266
4311189411,Coding Specialist (Fluent in Indonesian) - Freelance AI Trainer Project,"Meridial Marketplace, by Invisible",Indonesia (Remote),"About the job

Are you a coding expert fluent in Indonesian eager to shape the future of AI? Large‑scale language models are evolving from clever chatbots into powerful engines of scientific discovery. With high‑quality training data, tomorrow’s AI can democratize world‑class education, keep pace with cutting‑edge research, and streamline software development for engineers everywhere. That training data begins with you—we need your expertise to help power the next generation of AI.

We’re looking for coding specialists who live and breathe algorithms, data structures, software architecture, frontend and backend development, cloud infrastructure, and systems programming—and who can do so fluently in Indonesian. You’ll challenge advanced language models on topics like asynchronous programming, RESTful API integration, memory management, object-oriented design, secure coding practices, and debugging distributed systems—documenting every failure mode so we can harden model reasoning.

On a typical day, you will converse with the model on software engineering tasks and technical scenarios in Indonesian, verify logical accuracy and coding fluency, assess naturalness and correctness of Indonesian language usage, capture reproducible error traces, and suggest improvements to our prompt engineering and evaluation metrics.

A bachelor’s or master’s in computer science, software engineering, or a closely related technical field is ideal; real-world coding experience, technical writing in Indonesian, or open-source contributions signal fit. Clear, metacognitive communication—“showing your work”—is essential.

Ready to turn your coding and Indonesian language expertise into the knowledge base for tomorrow’s AI? Apply today and start teaching the model that will teach the world.

We offer a pay range of $8‑to‑$65 per hour, with the exact rate determined after evaluating your experience, expertise, and geographic location. Final offer amounts may vary from the pay range listed above. As a contractor you’ll supply a secure computer and high‑speed internet; company‑sponsored benefits such as health insurance and PTO do not apply.

Job title: Coding Specialist - (Fluent in Indonesian) - AI Trainer

Employment type: Contract

Workplace type: Remote

Seniority level: Mid‑Senior Level",https://www.linkedin.com/jobs/view/4311189411/?eBP=BUDGET_EXHAUSTED_JOB&refId=wHX2fmpvdn6InAwx25DCsg%3D%3D&trackingId=WGpJ8ebBlxMPGM8p3RV1gg%3D%3D&trk=flagship3_search_srp_jobs,Progammer,Indonesia,"['r', 'ios']",2,2026-05-05T02:46:40.444673
4403367386,Python Game Developer (Panda3D) - Remote,YO IT Consulting,Indonesia (Remote),"About the job

Job Title: Python Game Developer (Panda3D)

Job Type: Contract

Location: Remote

Job Summary

Join our customer's team as an expert Pyhton Game Developer (Panda3D), where you’ll contribute to cutting-edge AI training projects using one of the most robust and flexible open-source game engines. This specialized role focuses on harnessing Panda3D’s capabilities to deliver immersive, high-performance simulations compatible with both legacy and contemporary hardware.

Key Responsibilities


 Design, develop, and optimize 3D game simulations and environments using Panda3D for AI training applications.
 Collaborate with multidisciplinary teams to transform requirements into technical solutions.
 Implement, maintain, and debug Python and C++ codebases integrated with Panda3D.
 Contribute to version control workflows using GitHub to ensure smooth project collaboration.
 Ensure cross-platform compatibility and performance across diverse hardware configurations.
 Document architectural decisions, code, and processes clearly to support collaborative development.
 Actively participate in code reviews, brainstorming sessions, and team meetings, emphasizing exceptional verbal and written communication.


Required Skills And Qualifications


 Proven, hands-on experience developing with Panda3D—experience with similar engines does not substitute.
 Advanced proficiency in Python and C++ programming languages.
 Strong command of GitHub for code management, branching, and pull requests.
 Deep understanding of 3D graphics pipelines, simulation logic, and cross-platform development.
 Exceptional written and verbal communication skills—clear documentation and collaboration are critical.
 Ability to work independently in a remote environment, meeting deadlines with minimal supervision.
 Demonstrated attention to detail and a problem-solving mindset.


Preferred Qualifications


 Prior game development experience for AI, simulation, or training purposes.
 Familiarity with optimizing 3D assets for performance across a range of hardware.
 Background in collaborative, distributed Agile environments.",https://www.linkedin.com/jobs/view/4403367386/?eBP=NOT_ELIGIBLE_FOR_CHARGING&refId=wHX2fmpvdn6InAwx25DCsg%3D%3D&trackingId=uzkJvTH0PYEpiESn6Iik3g%3D%3D&trk=flagship3_search_srp_jobs,Progammer,Indonesia,"['agile', 'r', 'python', 'git', 'c++']",5,2026-05-05T02:46:45.126096
4392096942,Full Stack Developer Internship,Juke Solutions (PT Juke Solusi Teknologi),"Jakarta, Jakarta, Indonesia (On-site)","About the job

Apply Now!

Full Stack Developer Internship

Jakarta Pusat, Indonesia

Deskripsi pekerjaan

Kualifikasi Umum


Pendidikan minimal S1 di bidang Teknologi Informasi, Ilmu Komputer, Sistem Informasi, atau jurusan terkait.
Mampu bekerja secara mandiri maupun dalam tim.
Memiliki komitmen tinggi, konsisten, dan bertanggung jawab (amanah) dalam menyelesaikan pekerjaan.
Memiliki semangat belajar tinggi, gigih, dan adaptif terhadap teknologi baru.
Bersedia WFO


Kualifikasi Teknis


Memahami konsep OOP, dan MVC.
Menguasai bahasa pemrograman Java/Golang/Python
Berpengalaman dalam pengembangan API (REST/JSON/XML) dan AJAX / HTTP Client
Menguasai DBMS PostgreSQL atau MySQL diutamakan menguasai query kompleks dan optimasi database (select, join, aggregate, subquery, dll)
Terbiasa menggunakan database management tools seperti DBeaver, SQL Developer, pgAdmin, atau sejenisnya.
Memahami konsep middleware integration, API Gateway, atau ESB menjadi nilai tambah (TIBCO, IBM, dll)
Memahami konsep dasar version control (Git) dan SDLC.
Menguasai JavaScript, HTML5 dan CSS3 (menjadi nilai tambah).",https://www.linkedin.com/jobs/view/4392096942/?eBP=NOT_ELIGIBLE_FOR_CHARGING&refId=wHX2fmpvdn6InAwx25DCsg%3D%3D&trackingId=g9%2BKlHv3wIcmjdFTM%2Bckxw%3D%3D&trk=flagship3_search_srp_jobs,Progammer,Indonesia,"['mysql', 'golang', 'java', 'r', 'python', 'javascript', 'git', 'sql', 'postgresql']",9,2026-05-05T02:46:49.796637
4398823400,AI Engineer,WRS Health,Indonesia (Remote),"About the job

Company Overview

Voted #1 EHR by PC Mag, WRS Health delivers a fully integrated cloud based EMR and practice management solutions to its clients. We bring solutions to physicians by providing constant enhancement of our products and services including EHR, practice management, marketing, patient coordination and billing.

Job Purpose and Role

We are seeking a skilled Artificial Intelligence Engineer to join our team and contribute to enhancing our AI-driven Electronic Health Record (EHR) systems. This role focuses on developing and refining AI prompts to improve natural language processing (NLP) applications for healthcare workflows. Additionally, you will build applications that enhance user interactions with language-based data, ensuring seamless integration and effective utilization of AI capabilities within our healthcare solutions.

Key Responsibilities:
Develop and refine prompts to ensure optimal performance of Large Language Models (LLMs) in healthcare applications
Experiment with various prompt strategies and assess their impact on model responses
Collaborate with developers and domain experts to integrate LLM capabilities into WRS Health’s EHR platforms
Ensure prompts support accurate, context-aware responses tailored to healthcare-specific needs
Evaluate and analyze model outputs to identify inconsistencies or areas for improvement
Collaborate with data scientists to fine-tune models using healthcare-specific datasets
Work closely with healthcare professionals and cross-functional teams to ensure LLMs align with user needs
Educate internal teams on prompt engineering best practices and AI applications in healthcare
Document prompt engineering methodologies, experiments, and outcomes for future reference
Regularly report progress, challenges, and insights to stakeholders
 Qualifications:
Bachelor’s or Master’s degree in Computer Science, Data Science, Computational Linguistics, or a related field
Proven experience with prompt engineering and fine-tuning Large Language Models (e.g., OpenAI GPT, Claude, Llama)
Hands-on experience in developing and deploying NLP models, particularly in the healthcare domain, is a plus
Proven experience in developing and deploying machine learning models
Strong programming skills in Python and other relevant languages
Proficiency in Python and NLP libraries (e.g., Hugging Face, spaCy, NLTK)
Familiarity with APIs for interacting with LLMs and cloud platforms
Knowledge with Lang Chain or other following LLM system building framework such as LlamaIndex, AgentGPT, Flowise, Tensorflow, GPT3 by OpenAI and others
Background in Machine Learning Operations (MLOps) and Large Language Model Operations (LLMOps)
Understanding of healthcare terminology and workflows is highly desirable
Strong problem-solving and analytical abilities
Excellent communication skills and the ability to work in cross-functional teams
Detail-oriented with a focus on delivering high-quality solutions

Location: Remote
Hours: Available during standard US business hours (9am-5pm EST or 8:30am-4:30pm EST)

This job description is intended to describe the general requirements for the position. It is not a complete statement of duties, responsibilities or requirements. Other duties not listed here may be assigned as necessary to ensure proper operations of the department.

WRS Health is an equal opportunity employer.",https://www.linkedin.com/jobs/view/4398823400/?eBP=NOT_ELIGIBLE_FOR_CHARGING&refId=wHX2fmpvdn6InAwx25DCsg%3D%3D&trackingId=xzM9kT6PgOKxoJwnJZDvew%3D%3D&trk=flagship3_search_srp_jobs,Progammer,Indonesia,"['r', 'python', 'tensorflow']",3,2026-05-05T02:46:54.474867
4393508272,Software Engineer in Data (Junior - Senior),Cermati.com,"Jakarta, Jakarta, Indonesia (On-site)","About the job

Job Description


Developers will work with international teams as well as Indonesian teams to understand requirements and translate it to high quality software products.
Work with cutting edge and solve technically challenging problems to deliver mission critical product


Qualifications


Fresh Graduates is welome to apply
3+ years experience for Senior level, Experience from startup / fintech / banking industry is a plus
Ability to work with mentors and team leads on international teams to deliver projects.
Focus on quality, quantity and timeliness of results, high ownership of tasks assigned
Good communication skill, moderate proficiency in English language
Ability to translate detailed design into high quality software
Ability to produce high quality software from specifications without much rework
Strong coding skills in at least one of {Java, Python, JavaScript/Node.js}. We use all three languages so proficiency in multiple languages is a bonus.
Good understanding of software engineering practices like object-oriented design, data structure
Familiar with version control (git) and basic linux operations
Fresh graduates are welcome to apply


Additional Information


A formal degree in Computer Science is preferred, but candidates with demonstrable skills and experience are equally valued
Preferable: Familiar with GCP or AWS cloud service
Preferable: Familiar with Cloud Dataflow/Apache Beam
Preferable: Familar with Machine Learning Algorithm (Regression, Decision Tree, Neural Network/Deep Learning) and Machine Learning as a Service (MLaaS)
Preferable: Familiar with DBT and Apache Airflow
Preferable: Familiar with data platform services: ETL Ingestion, Data Lake, Data Warehousing: BigQuery, Redshift, Snowflake, Hadoop, big data processing: apache beam, flink, spark, etc, BI visualization tools: Redash, Looker, Tableau
If you think you're capable, prove to us that you have the ability or portfolio",https://www.linkedin.com/jobs/view/4393508272/?eBP=NOT_ELIGIBLE_FOR_CHARGING&refId=wHX2fmpvdn6InAwx25DCsg%3D%3D&trackingId=%2By9vhO0Hu1Qx2b985oR55g%3D%3D&trk=flagship3_search_srp_jobs,Progammer,Indonesia,"['gcp', 'airflow', 'spark', 'linux', 'hadoop', 'java', 'r', 'python', 'javascript', 'git', 'aws', 'tableau']",12,2026-05-05T02:46:59.159254
4408707005,Code Review Specialist,Alignerr,Indonesia (Remote),"About the job

Code Review Specialist (AI Training)

About The Role

What if your coding knowledge could directly influence the future of artificial intelligence? We're looking for Code Review Specialists to evaluate AI-generated code for correctness, efficiency, and readability — helping leading research labs build smarter, more reliable AI systems.

This is a fully remote, flexible contract role open to developers at all levels. Whether you're a self-taught coder, a hobbyist, or a seasoned developer, your eye for code quality is exactly what we need. No computer science degree or professional engineering background required.


Organization: Alignerr
Type: Hourly Contract
Location: Remote
Commitment: 10–40 hours/week


What You'll Do


Review AI-generated code in Python, JavaScript, or other programming languages for correctness and quality
Identify bugs, logical errors, edge cases, and inefficiencies
Rate code quality using structured evaluation rubrics
Suggest clear, well-reasoned improvements
Work across a diverse range of programming challenges and difficulty levels
Complete assignments independently and asynchronously on your own schedule


Who You Are


Able to read and understand code in at least one programming language
Analytical and detail-oriented — you notice what others miss
A clear communicator who can explain technical concepts in plain language
Self-motivated and consistent in your evaluations
Self-taught developers, coding bootcamp graduates, and hobbyist programmers are strongly encouraged to apply
No formal CS degree or professional software engineering experience required


Nice to Have


Familiarity with multiple programming languages
Experience with code review, debugging, or software testing
Background in competitive programming or open-source contribution
Prior exposure to AI tools or developer workflows


Why Join Us


Work on cutting-edge AI projects alongside top research labs
Fully remote and flexible — work when and where it suits you
Freelance autonomy with meaningful, task-based work that makes a real impact
Contribute to AI development that shapes how the world writes and uses software
Potential for ongoing work and contract extension as new projects launch",https://www.linkedin.com/jobs/view/4408707005/?eBP=NOT_ELIGIBLE_FOR_CHARGING&refId=wHX2fmpvdn6InAwx25DCsg%3D%3D&trackingId=Pd6WbfaYk46dkrdc87AaYg%3D%3D&trk=flagship3_search_srp_jobs,Progammer,Indonesia,"['java', 'r', 'python', 'javascript']",4,2026-05-05T02:47:03.848123
4407903641,Senior QA Automation Engineer,BJAK,Indonesia (Remote),"About the job

At Bjak, we're on a mission to provide access to affordable and sustainable financial services for people in ASEAN. Headquartered in Malaysia, Bjak is the largest insurance portal in Southeast Asia. Our main portal, Bjak.com, assists millions in finding the best value and highest coverage insurance policies. Our investments in cutting-edge technology such as Custom API, trading systems, and data science enable easy access to financial services that were previously inaccessible or difficult to understand.




Our core strengths lie in navigating complex regulations and environments, creating some of the most innovative products in the world. For instance, we are the first platform globally to simplify and offer investment-linked life and health insurance online, coupled with an instant talk-to-agent service.

If you enjoy building cutting-edge platforms and ecosystems to provide equal access to financial services for the masses, we'd love to speak with you!




Your Mission:

Design, develop, and enhance robust automation frameworks using modern tools (e.g., Playwright, Cypress, Selenium).
Write clean, maintainable automated test suites for web, API services, and other application types.
Integrate automated tests into Git-based CI/CD pipelines (e.g., GitHub Actions, Jenkins) to support continuous delivery.
Execute and manage functional, regression, integration, and specialized performance tests.
Participate in requirement reviews to define test scenarios, identify edge cases, and ensure maximum test coverage.
Perform root cause analysis of failures and collaborate directly with development and product teams to resolve defects and ensure quality metrics are met.
Maintain test data, mocks, and environments, and build specialized tooling (e.g., monitoring/reporting dashboards) to improve QA efficiency.
Document test plans, test cases, automation design decisions, and contribute to the continuous improvement of overall QA processes and best practices.




Requirements:

Bachelor's Degree in Computer Science, Software Engineering, or related fields.
3+ years of experience in QA Automation for backend services and cloud infrastructure.
Strong experience with automation tools such as Playwright, Cypress, Selenium, or Appium.
Proficiency in JavaScript/TypeScript is a must
Solid understanding of REST APIs, automated API testing (Postman, Newman, REST Assured).
Experience with CI/CD pipelines and version control (Git).
Knowledge of software testing methodologies and QA best practices.
Familiarity with microservices, cloud platforms (AWS/GCP), and containerization (Docker/Kubernetes) is a plus.




Bonus Points:

Experience with performance testing (Locust, k6, JMeter).
Experience with contract testing (PACT).
Security testing fundamentals (OWASP).
Understanding of SQL/NoSQL databases.
Previous work in Agile/Scrum environments.




Benefits:

Innovative Challenges: Work on fast-moving, challenging, and unique business problems.
Career Growth: Benefit from strong learning and development plans for your career growth.
Global Environment: Thrive in an international work environment with a flat organizational structure.
Competitive Salary: Receive a competitive salary package.",https://www.linkedin.com/jobs/view/4407903641/?eBP=BUDGET_EXHAUSTED_JOB&refId=wHX2fmpvdn6InAwx25DCsg%3D%3D&trackingId=xrijVtms%2BY59JnL9MBTrqw%3D%3D&trk=flagship3_search_srp_jobs,Progammer,Indonesia,"['gcp', 'agile', 'typescript', 'java', 'scrum', 'docker', 'r', 'javascript', 'git', 'ios', 'aws', 'sql', 'kubernetes']",13,2026-05-05T02:47:08.546728
4402759333,Java Programmer,PT Nextgen Inovasi Indonesia,Jakarta Metropolitan Area (Hybrid),"About the job

Qualifications


Must have at least 1 year experience in Java programming
Have experience using one or more Java-based frameworks such as Java Spring, Hibernate, JPA, Struts, Vert.x or others
Have experience using one or more Java-based front end technologies such as JSP or Thymeleaf
Have experience in using and creating REST APIs
Have experience using one or more databases such as MySQL, Oracle, SQL Server, MongoDB or others
Have experience using front end technologies such as HTML, CSS, JavaScript or others
Have experience using source control such as GIT
Bachelor’s or Diploma degree in Computer Engineering or related field
Strong problem-solving skills and attention to detail
Ability to work collaboratively in a team environment


Responsibilities


Involved in the process of developing software or systems using the Java programming language according to the specified specifications
Involved in development lifecycle, including development, Testing, UAT, deployment, warranty and post-warranty bug fixes
Conducting developer testing and bug fixing


Facilities


Possibility to work remotely or hybrid
Attractive salary according to skill level
BPJS TK and BPJS Kesehatan according to government regulations
Laptop
Annual leave
THR",https://www.linkedin.com/jobs/view/4402759333/?eBP=NOT_ELIGIBLE_FOR_CHARGING&refId=wHX2fmpvdn6InAwx25DCsg%3D%3D&trackingId=OW%2FnGjzbggjsMyB6vTGR1Q%3D%3D&trk=flagship3_search_srp_jobs,Progammer,Indonesia,"['mongodb', 'mysql', 'java', 'r', 'javascript', 'git', 'sql']",7,2026-05-05T02:47:13.244599
4407108632,QA Engineer,FIT HUB,"Jakarta, Indonesia (On-site)","About the job

About us:

FIT HUB is a venture-backed technology-driven health and wellness startup based in Jakarta, Indonesia. Founded in 2020, FIT HUB’s mission is to democratize access to Health and Wellness for all Indonesians. We believe that everyone should have access to improving their health and wellness, so we’ve built FIT HUB from the ground up to make exercising friendly, affordable, and fun for new gym-goers and fitness enthusiasts alike. 




The Opportunity: 

In this role, you will be part of our growing Engineering Team. You will help the Engineering Team build and maintain our mobile application and internal tools. You will be expected to be agile, hands-on, and willing to hit the ground with a growth mindset. You'll get a huge room for growth and an opportunity to show your skills as you will help create world-class digital products.




What You Will Do

Own full lifecycle testing for your assigned stories, from refinement through production. Manage your own delivery without needing to be followed up with
Write concise, complete test plans and sharpen acceptance criteria together with PMs and tech leads
Debug and triage bugs in the application; surface root cause context that helps developers fix faster, not just report failures
Execute manual and automated coverage for features, regressions, and hotfixes on time, consistently
Contribute to automation coverage on stable, high-frequency flows — check-in, payment, onboarding — under the direction of senior QA
Participate actively in sprint ceremonies: grooming, planning, retros as a quality voice
Collaborate with engineers, product, and stakeholders; share what you learn and absorb what others know




What We Need

3+ years in software quality engineering or QA. Experience with 3rd party will be a plus
Hands-on experience with JavaScript or Python for test scripting (Cypress, WebdriverIO, or Cucumber). Having experience in Playwright will be a plus
Has written or contributed to automated test cases, not just manual testing
Mobile automation exposure: Appium or Katalon (even basic familiarity counts)
Strong attention to detail and passion for writing reliable, maintainable test cases
Clear written communication: your test plans are readable by non-QA teammates
Team player: you share what you learn and ask when you're stuck",https://www.linkedin.com/jobs/view/4407108632/?eBP=BUDGET_EXHAUSTED_JOB&refId=wHX2fmpvdn6InAwx25DCsg%3D%3D&trackingId=qpNrY4HF0tnYKr%2F9XcEcnw%3D%3D&trk=flagship3_search_srp_jobs,Progammer,Indonesia,"['agile', 'java', 'r', 'python', 'javascript', 'git']",6,2026-05-05T02:47:17.933713
4302587821,"Staff Machine Learning Engineer (India based, relocation provided)",Agoda,"Bali, Indonesia (Hybrid)","About the job

About Agoda

At Agoda, we bridge the world through travel. Our story began in 2005, when two lifelong friends and entrepreneurs, driven by their passion for travel, launched Agoda to make it easier for everyone to explore the world.

Today, we are part of Booking Holdings [NASDAQ: BKNG], with a diverse team of over 7,000 people from 90 countries, working together in offices around the globe. Every day, we connect people to destinations and experiences, with our great deals across our millions of hotels and holiday properties, flights, and experiences worldwide.

No two days are the same at Agoda. Data and technology are at the heart of our culture, fueling our curiosity and innovation. If you’re ready to begin your best journey and help build travel for the world, join us.

Agoda is an online travel booking platform for accommodation, flights, and more. We build and deploy cutting edge technology that connects travelers with more than 2.5 million accommodations globally. Based in Asia and part of Booking Holdings, our 4,000+ talents coming from 90+ different nationalities foster a work environment rich in diversity, creativity, and collaboration. We innovate through a culture of experimentation and ownership, enabling our customers to experience the world.

Get to Know Our Team

The Engineering department oversees all Agoda’s ML and software related requirements. Our goal is to enable and increase Agoda’s business through creative approaches and the implementation of powerful resources such as operational and analytical databases, ML driven solutions, queue systems and data monitoring tools. We hire the brightest minds from around the world to take on this challenge and equip them with the knowledge and tools that contribute to their personal growth and success while supporting our company’s culture of diversity and experimentation. The role the engineering team plays at Agoda is critical as business users, product managers, and many others rely on us to empower their decision making. We are equally dedicated to our customers by improving their search experience with faster results and protecting them from any fraudulent activities. Data is interesting only when you have enough of it, and we have plenty. This is what drives up the challenge as part of the ML engineering squad, but also the reward. We work across structured and non-structured data at scale. For example, our current ML models process millions of images every day to try and enhance the experience that our users get from our app.

Why Agoda Engineering Team (ML role)?

Our engineering teams are at the intersection of business analytics, ml engineering, data warehousing and software engineering. Our job involves dealing with distributed systems, stream processing, ml modeling and computation at tens of PB Scale. We focus on software engineering related to data replication, storage, centralized computation, and Data API’s. By providing our users with ML products/tools, shared frameworks, and ML services, we enable our company to validate strategic decisions, make smarter choices, and react to the fast-changing world. We are a small but passionate team with people from different nationalities working together on a single goal.

This role is based in Gurgaon, India. 

In this Role, you will get to:


Lead the team technically in improving scalability, stability, accuracy, speed and efficiency of our existing ML systems and processes.
Build, administer and scale ML processing pipelines.
Be comfortable navigating the following technology stack: Python3, Pyspark, scripting (Bash/Python), Hadoop, SQL, S3 etc.
Should be able to understand internals of ML models such as Random Forest, CNN, Regression models, etc
Design, build, test and deploy new libraries, frameworks or full systems for our core systems while keeping to the highest standards of testing and code quality.
Work with experienced engineers and product owners to identify and build tools to automate many large-scale data management / analysis tasks.
We believe in end-to-end ownership; this role will involve taking ML models to production at a scale.


What You’ll need to Succeed:


Bachelor’s degree in computer science /information systems/engineering/related field
8+ years of experience in software engineering with a minimum of 4+ years in ML
Good experience in Pyspark
Expert level understanding of Python with design patterns and object-oriented programming.
Experience debugging and reasoning about production issues is desirable.
A good understanding of data architecture principles preferred.
Any other experience with Big Data technologies / tools
SQL experience
Analytical problem-solving capabilities & experience.
Systems administration skills in Linux
A strong engineering driven mindset will be required to succeed in this role.


It’s great if you have:


Good understanding of Hadoop ecosystems
Experience working with Open-source products
Experience with Scala development
Working in an agile environment using test driven methodologies


Benefits


Hybrid Working Model
WFH Set Up Allowance
30 Days of Remote Working from anywhere globally every year
Employee discount for accommodation globally
Global team of 90+ nationalities
40+ offices and 25+ countries
Annual CSR / Volunteer Time off
Benevity Subscription for employee donations
Volunteering opportunities globally
Free Headspace subscription
Free Odilo & Udemy subscriptions
Access to Employee Assistance Program (third party for personal and workplace support)
Enhanced Parental Leave
Life, TPD & Accident Insurance


#telaviv #jerusalem #IT #ENG #4 #sanfrancisco #sanjose #losangeles #sandiego #oakland #denver #miami #orlando #atlanta #chicago #boston #detroit #newyork #portland #philadelphia #dallas #houston #austin #seattle #sydney #melbourne #perth #toronto #vancouver #montreal #prague #Brno #Ostrava #cairo #alexandria #giza #estonia #paris #berlin #munich #hamburg #stuttgart #cologne #frankfurt #budapest #bali #dublin #telaviv #milan #rome #venice #florence #naples #turin #palermo #bologna #osaka #malta #amsterdam #oslo #warsaw #krakow #alrayyan #riyadh #jeddah #mecca #medina #singapore #seoul #barcelona #madrid #stockholm #zurich #taipei #tainan #taichung #kaohsiung #bangkok #Phuket #istanbul #london #manchester #edinburgh #hcmc #hanoi #lodz #wroclaw #poznan #katowice #rio #salvador #newdelhi #bangalore #bandung #yokohama #nagoya #okinawa #fukuoka #jerusalem #IT #4 #bangalore #delhi #hyderabad #pune #singapore #beijing #shanghai #shenzhen #tokyo #seoul #hongkong #taipei #kualalumpur #jakarta #hochiminh #hochiminhcity #manila #instanbul #makati #dubai #riyadh #gurgaon #noida

Please review our Hiring Process Guidelines before your interview — click here to learn how interviewing at Agoda works.

Discover More About Working At Agoda


Agoda Careers https://careersatagoda.com
Facebook https://www.facebook.com/agodacareers/
LinkedIn https://www.linkedin.com/company/agoda
YouTube https://www.youtube.com/agodalife


Equal Opportunity Employer 

At Agoda, we pride ourselves on being a company represented by people of all different backgrounds and orientations. We prioritize attracting diverse talent and cultivating an inclusive environment that encourages collaboration and innovation. Employment at Agoda is based solely on a person’s merit and qualifications. We are committed to providing equal employment opportunity regardless of sex, age, race, color, national origin, religion, marital status, pregnancy, sexual orientation, gender identity, disability, citizenship, veteran or military status, and other legally protected characteristics.

We will keep your application on file so that we can consider you for future vacancies and you can always ask to have your details removed from the file. For more details please read our privacy policy.

Disclaimer

We do not accept any terms or conditions, nor do we recognize any agency’s representation of a candidate, from unsolicited third-party or agency submissions. If we receive unsolicited or speculative CVs, we reserve the right to contact and hire the candidate directly without any obligation to pay a recruitment fee.",https://www.linkedin.com/jobs/view/4302587821/?eBP=CwEAAAGd9IQhqnaiiRqrJtFQfgmDpkH8Oo_FBfJ5RABcioaiqGMXbyL9yKVoh_DhLEUp0zGOgf49mnoC923X49lh8VzGsrws5qbflsdspGu-vIE3FnPhbwwjg49NmvNUZ0tnUwVWV3sh9nRk4o_pg3KDNYUpb_Q2Z0Gh3-RmD-ZE4pFSPnbHg-JYgzmY5sp3P4dqvQre53USGKR7eza_OpLArvoeIrUm7R93-9Bmg2tQwbIyoGYklCy1eiv6PW4c8_lOAZTs_36lU3wq0D9P2X7Aj2AiVdx6lKeQ41ZF05mm3YKYE-EUxMRd6QAkVqW7sGAGEQ5hLiADnJpfc4iYFUPtrAIb2nK5gb6iYlghRTxZFUE58vrhBrgrnS0gIpoCsk2GeneCh-uDUOpVRYTX48ygaHAoyYve4m_doYg3UKUcHIf0PrNp-9ihn02zYW4nqBNgU4CyK0SBtYEP9Mq2FFoOxRNHY7L8AbjT8tovI7-uKY6pSA&refId=wHX2fmpvdn6InAwx25DCsg%3D%3D&trackingId=WeyJBQ6DiEwiR4Qj95YQ4A%3D%3D&trk=flagship3_search_srp_jobs,Progammer,Indonesia,"['react', 'spark', 'linux', 'agile', 'bash', 'hadoop', 'r', 'python', 'ios', 'sql', 'scala']",11,2026-05-05T02:47:22.657530
4395464354,"Senior Software Engineer, Backend",Grab,Jakarta Metropolitan Area (On-site),"About the job

Company Description

About Grab and Our Workplace

Grab is Southeast Asia's leading superapp. From getting your favourite meals delivered to helping you manage your finances and getting around town hassle-free, we've got your back with everything. In Grab, purpose gives us joy and habits build excellence, while harnessing the power of Technology and AI to deliver the mission of driving Southeast Asia forward by economically empowering everyone, with heart, hunger, honour, and humility.

Job Description

Get to Know the Team

The Lending team at Grab is focused on building safe, secure, and adaptable loan products that serve diverse user segments across Southeast Asia. Our mission is to guide financial inclusion and empower underbanked partners across the region. We design and operate critical platform components such as the Loan Management System, Repayments Engine, and Product Flow Orchestrator—powering seamless and reliable lending experiences at scale. Our work involves building large-scale distributed systems that impact millions of users, with a emphasis on reliability and scalability. Core engineering principles like idempotency, CAP theorem, and distributed agreement meaningfully contribute to how we architect and evolve our systems. At our core, we are driven by impact—creating financial solutions that make a meaningful difference in people's lives.

Get to Know the Role

You will design, build, and operate backend services that power end‑to‑end lending journeys – from origination and decisioning to servicing and repayments – across multiple markets.

You will work closely with product managers, designers, data and Ops teams to deliver high‑quality features, drive operational excellence, and mentor other engineers. This role is based in Indonesia with close collaboration across distributed teams in Asia.

The Critical Tasks You Will Perform


Design and implement backend services that are robust, scalable, observable, and cost‑efficient, primarily in Golang and running on our Kubernetes‑based platform.
Own end‑to‑end delivery of features and projects: requirements clarification, design, implementation, testing, rollout, and post‑launch monitoring.
Participate in and lead technical discussions and design reviews, making clear trade‑offs that balance reliability, latency, throughput, and cost.
Drive operational excellence: instrument services with metrics, logs and traces; define SLIs/SLOs; improve alerting; perform capacity planning and performance tuning; and handle production incidents during on‑call rotations.
Collaborate with cross‑functional teams (Product, Risk, Data, Mobile, QA, Compliance) to design end‑to‑end lending flows that are safe, compliant, and user‑centric.
Contribute to engineering excellence by improving our CI/CD, testing, documentation, and design standards within the team.
Mentor and guide other engineers, providing constructive code review feedback and sharing best practices in design, coding, and OE.
Support hiring by participating in interviews and helping improve our question banks, guidelines, and job descriptions.


Qualifications

What Essential Skills You Will Need


5+ years of backend engineering experience in a distributed systems environment, with experience with shipping and operating production services at scale.
Computer science fundamentals in data structures, algorithms, and design of large‑scale systems.
Solid experience with at least one modern backend language (e.g. Golang, Java, C++, C#, Python) and a willingness to work with Golang.
Hands‑on experience with relational databases (e.g. MySQL/PostgreSQL) and familiarity with NoSQL/streaming technologies (e.g. Kafka, DynamoDB, Redis) or equivalents.
Experience building and operating REST/gRPC services in a microservices or service‑oriented architecture on a major cloud provider (AWS, GCP, or Azure).
Demonstrated experience for end‑to‑end delivery, including production quality, performance, and reliability.


Additional Information

Life at Grab

We care about your well-being at Grab, here are some of the global benefits we offer:


We have your back with Term Life Insurance and comprehensive Medical Insurance.
With GrabFlex, create a benefits package that suits your needs and aspirations.
Celebrate moments that matter in life with loved ones through Parental and Birthday leave, and give back to your communities through Love-all-Serve-all (LASA) volunteering leave
We have a confidential Grabber Assistance Programme to guide and uplift you and your loved ones through life's challenges.
Balancing personal commitments and life's demands are made easier with our FlexWork arrangements such as differentiated hours


What We Stand For At Grab

We are committed to building an inclusive and equitable workplace that provides equal opportunity for Grabbers to grow and perform at their best. We consider all candidates fairly and equally regardless of nationality, ethnicity, race, religion, age, gender, family commitments, physical and mental impairments or disabilities, and other attributes that make them unique.",https://www.linkedin.com/jobs/view/4395464354/?eBP=BUDGET_EXHAUSTED_JOB&refId=wHX2fmpvdn6InAwx25DCsg%3D%3D&trackingId=%2FtDlhbFAG9u0kVkAAQC0VA%3D%3D&trk=flagship3_search_srp_jobs,Progammer,Indonesia,"['gcp', 'mysql', 'c#', 'golang', 'azure', 'java', 'r', 'python', 'redis', 'kafka', 'aws', 'sql', 'postgresql', 'scala', 'kubernetes', 'c++']",16,2026-05-05T02:47:27.370944
4408642012,Cloud Engineer – GCP Certified (PCA),Terralogiq,"Jakarta, Indonesia (On-site)","About the job

About Terralogiq: 

Pioneering Geospatial Intelligence and Cloud Innovation in Asia




Join Terralogiq, a leading Google Cloud Premier Partner in Asia, and be part of a team that is redefining what's possible with technology. Established in 2013, PT Terralogiq Integrasi Solusi is the market leader in Indonesia for location intelligence, geospatial solutions, and cloud services. As part of a global technology family with over 16 years of experience, we combine the agility and local expertise of a market leader with the resources and stability of a global enterprise.




Our mission is to empower businesses to thrive in the digital age. We are the first and only Google Maps Premier Partner in Indonesia, and our expertise in Google Cloud has enabled over 250 clients—from innovative startups to major state-owned enterprises—to transform their operations. We build solutions that matter, powering everything from nationwide logistics to smart city applications and disaster management platforms. At Terralogiq, you won’t just be building infrastructure; you'll be engineering the future of digital Indonesia.




The Opportunity: Contribute to a Landmark Cloud Transformation




We are seeking a skilled and forward-thinking Cloud Engineer to join one of our most significant current engagements: the end-to-end migration of a major enterprise client's entire on-premises infrastructure to the Google Cloud Platform (GCP). This is not just a ""lift and shift"" project; it is a complete modernization initiative that will set a new standard for performance, scalability, and security.




As the ideal candidate, you are a hands-on professional who thrives on complex challenges. You will be a key contributor to the migration lifecycle—from design and planning to implementation and post-migration optimization. This is a unique opportunity to make a tangible impact on a high-visibility project and grow your expertise in large-scale cloud transformation.




Your Impact: Core Responsibilities

Migration & Implementation




Contribute to the design, planning, and execution of the migration strategy from on-premises data centers to GCP.
Deploy and configure scalable, secure, and reliable cloud infrastructure using Infrastructure as Code (IaC) tools like Terraform.
Collaborate with customer teams to assess their existing environment, applications, and dependencies.
Manage data migration, ensuring integrity and minimal downtime.
Technical Support & Enablement
Act as a key technical point of contact for the customer during and post-migration.
Troubleshoot and resolve complex infrastructure issues related to networking, virtual machines, databases, and containerization.
Provide expert guidance and support to ensure a smooth transition and user adoption.
Monitor the health, performance, and security of the new cloud environment using tools like Google Cloud's operations suite.
Proactively identify opportunities for performance tuning, cost optimization, and automation.
Implement and manage CI/CD pipelines for application deployments.
Ensure the infrastructure remains up-to-date and compliant with industry best practices.




Foundational Skills: Required Qualifications (Must-Haves)




Google Cloud Professional Cloud Architect Certification
Level L2 IT Engineer with a minimum of 1 year of hands-on experience in cloud operations
Hands-on experience contributing to a large-scale on-premises to cloud migration project.
Strong, hands-on experience with Google Cloud Platform (GCP).
Proficiency in Infrastructure as Code (Terraform).
Solid understanding and practical experience with containerization technologies (Docker) and orchestration (Kubernetes, preferably GKE).
Strong scripting skills for automation using Python or Bash.
Strong knowledge of cloud networking, security principles, and identity access management (IAM).
Excellent problem-solving skills and the ability to work effectively in a customer-facing role.",https://www.linkedin.com/jobs/view/4408642012/?eBP=NOT_ELIGIBLE_FOR_CHARGING&refId=wHX2fmpvdn6InAwx25DCsg%3D%3D&trackingId=83Mid%2FNwLLdOE%2FvAQ4ACmg%3D%3D&trk=flagship3_search_srp_jobs,Progammer,Indonesia,"['gcp', 'bash', 'docker', 'r', 'python', 'git', 'scala', 'kubernetes']",8,2026-05-05T02:47:32.082174
4308408084,"Senior/Staff Machine Learning Engineer - Bidding (Bangkok based, relocation provided)",Agoda,"Bali, Indonesia (Hybrid)","About the job

About Agoda

At Agoda, we bridge the world through travel. Our story began in 2005, when two lifelong friends and entrepreneurs, driven by their passion for travel, launched Agoda to make it easier for everyone to explore the world.

Today, we are part of Booking Holdings [NASDAQ: BKNG], with a diverse team of over 7,000 people from 90 countries, working together in offices around the globe. Every day, we connect people to destinations and experiences, with our great deals across our millions of hotels and holiday properties, flights, and experiences worldwide.

No two days are the same at Agoda. Data and technology are at the heart of our culture, fueling our curiosity and innovation. If you’re ready to begin your best journey and help build travel for the world, join us.

Get to Know Our Team

The Engineering department oversees all Agoda’s ML and software related requirements. Our goal is to enable and increase Agoda’s business through creative approaches and the implementation of powerful resources such as operational and analytical databases, ML driven solutions, queue systems and data monitoring tools. We hire the brightest minds from around the world to take on this challenge and equip them with the knowledge and tools that contribute to their personal growth and success while supporting our company’s culture of diversity and experimentation. The role the engineering team plays at Agoda is critical as business users, product managers, and many others rely on us to empower their decision making. We are equally dedicated to our customers by improving their search experience with faster results and protecting them from any fraudulent activities. Data is interesting only when you have enough of it, and we have plenty. This is what drives up the challenge as part of the ML engineering squad, but also the reward. We work across structured and non-structured data at scale. For example, our current ML models process millions of images every day to try and enhance the experience that our users get from our app.

Why Agoda Engineering Team (ML role)?

Our engineering teams are at the intersection of business analytics, ml engineering, data warehousing and software engineering. Our job involves dealing with distributed systems, stream processing, ml modeling and computation at tens of PB Scale. We focus on software engineering related to data replication, storage, centralized computation, and Data API’s. By providing our users with ML products/tools, shared frameworks, and ML services, we enable our company to validate strategic decisions, make smarter choices, and react to the fast-changing world. We are a small but passionate team with people from different nationalities working together on a single goal.

In this Role, you will get to:


Lead the team technically in improving scalability, stability, accuracy, speed and efficiency of our existing ML systems and processes. Build, administer and scale ML processing pipelines.
Be comfortable navigating the following technology stack: Python3, Scala Spark, scripting (Bash/Python), Hadoop, SQL, S3 etc.
Should be able to understand internals of ML models such as LightGBM, Random Forest, CNN, Regression models, etc
Design, build, test and deploy new libraries, frameworks or full systems for our core systems while keeping to the highest standards of testing and code quality.
Work with experienced engineers and product owners to identify and build tools to automate many large-scale data management / analysis tasks.
We believe in end-to-end ownership; this role will involve taking and building systems that enable us to deliver ML models to production at a scale.


What You’ll need to Succeed:


Bachelor’s degree in computer science /information systems/engineering/related field 6+ years of experience in software engineering with a minimum of 4+ years in ML
Expert in SQL, Python3, and JVM based programming language – ie, Java or Scala
Expert in software design/design patterns, functional programming and object-oriented programming.
Analytical problem-solving capabilities & experience. A strong engineering driven mindset will be required to succeed in this role.


It’s great if you have:


Good understanding of Hadoop ecosystems and Big Data architecture and techologies
Experience working with Open-source products
Experience with Scala development
Working in an agile environment using test driven methodologies
Systems administration skills in Linux


Benefits


Hybrid Working Model
WFH Set Up Allowance
30 Days of Remote Working from anywhere globally every year
Employee discount for accommodation globally
Global team of 90+ nationalities
40+ offices and 25+ countries
Annual CSR / Volunteer Time off
Benevity Subscription for employee donations
Volunteering opportunities globally
Free Headspace subscription
Free Odilo & Udemy subscriptions
Access to Employee Assistance Program (third party for personal and workplace support)
Enhanced Parental Leave
Life, TPD & Accident Insurance


#telaviv #jerusalem #IT #ENG #4 #sanfrancisco #sanjose #losangeles #sandiego #oakland #denver #miami #orlando #atlanta #chicago #boston #detroit #newyork #portland #philadelphia #dallas #houston #austin #seattle #sydney #melbourne #perth #toronto #vancouver #montreal #shanghai #beijing #shenzhen #prague #Brno #Ostrava #cairo #alexandria #giza #estonia #paris #berlin #munich #hamburg #stuttgart #cologne #frankfurt #hongkong #budapest #jakarta #bali #dublin #telaviv #milan #rome #venice #florence #naples #turin #palermo #bologna #tokyo #osaka #kualalumpur #malta #amsterdam #oslo #manila #warsaw #krakow #doha #alrayyan #riyadh #jeddah #mecca #medina #singapore #seoul #barcelona #madrid #stockholm #zurich #taipei #tainan #taichung #kaohsiung #bangkok #Phuket #istanbul #london #manchester #edinburgh #hcmc #hanoi #lodz #wroclaw #poznan #katowice #rio #salvador #newdelhi #bangalore #bandung #yokohama #nagoya #okinawa #fukuoka #jerusalem #IT #4 #newdelhi #Pune #Hyderabad #Bangalore #Mumbai #Bengaluru #Chennai #Kolkata #Lucknow #sanfrancisco #sanjose #losangeles #sandiego #oakland #denver #miami #orlando #atlanta #chicago #boston #detroit #newyork #portland #philadelphia #dallas #houston #austin #seattle #sydney #melbourne #perth #toronto #vancouver #montreal #shanghai #beijing #shenzhen #prague #Brno #Ostrava #cairo #alexandria #giza #estonia #paris #berlin #munich #hamburg #stuttgart #cologne #frankfurt #hongkong #budapest #jakarta #bali #dublin #telaviv #milan #rome #tokyo #osaka #kualalumpur #amsterdam #oslo #manila #warsaw #krakow #bucharest #moscow #saintpetersburg #capetown #johannesburg #seoul #barcelona #madrid #stockholm #zurich #taipei #bangkok #Phuket #istanbul #london #manchester #edinburgh #kiev #hcmc #hanoi #wroclaw #poznan #katowice #rio #salvador #IT #4 #5

Please review our Hiring Process Guidelines before your interview — click here to learn how interviewing at Agoda works.

Discover More About Working At Agoda


Agoda Careers https://careersatagoda.com
Facebook https://www.facebook.com/agodacareers/
LinkedIn https://www.linkedin.com/company/agoda
YouTube https://www.youtube.com/agodalife


Equal Opportunity Employer 

At Agoda, we pride ourselves on being a company represented by people of all different backgrounds and orientations. We prioritize attracting diverse talent and cultivating an inclusive environment that encourages collaboration and innovation. Employment at Agoda is based solely on a person’s merit and qualifications. We are committed to providing equal employment opportunity regardless of sex, age, race, color, national origin, religion, marital status, pregnancy, sexual orientation, gender identity, disability, citizenship, veteran or military status, and other legally protected characteristics.

We will keep your application on file so that we can consider you for future vacancies and you can always ask to have your details removed from the file. For more details please read our privacy policy.

Disclaimer

We do not accept any terms or conditions, nor do we recognize any agency’s representation of a candidate, from unsolicited third-party or agency submissions. If we receive unsolicited or speculative CVs, we reserve the right to contact and hire the candidate directly without any obligation to pay a recruitment fee.",https://www.linkedin.com/jobs/view/4308408084/?eBP=CwEAAAGd9IYewD7ihmlj9jIwINfSXCNUXMadDwcHRfZgDnPBQosfghFTmD_DRo_9aHQtIg3x8570UB_LS3OI9uyroW8AGLsuae75FuKMImAXtKMzkCAvC5BVDuhOa9HZZOQ7EDAQj8MdY2Vb_qy08QKG4_nzDyHiYOylPnTmBUf2LkDJq9JjKo2rkEr73Lq1U77hsgvHiKo7kyZ7E9vL1Sutwdh0esuYuGb2B07LoTC7r7a_Ta9Hb-1i3_EpBNYppeWAXeLqfvuCQ7GcYQ07sMan6jMCQ-804T0RQBGodiGZnWmNwXxtfCBsREXY99UomVwEe4BcAUPZk71-xcJhGO216nULbUkj8XaKd8WDAhvyrbAnK4uTCXSmG6f_oP5H3HbZj-Toq6_tPJqz-qFVUJXHoMI66T4DhTZPcl6PxqqUPE3HuoEq3PHxGqAf26UVQKPrhnxoufgn1Rq9BC5lRcZaGP9304BUoKp8H0MRiQd8P0GWNZ8ZGxo&refId=Nvf%2FIktkGi%2FdNFbFzx4D%2FA%3D%3D&trackingId=V%2BVxb6FzIw%2BcWZmUiLskfg%3D%3D&trk=flagship3_search_srp_jobs,Progammer,Indonesia,"['react', 'spark', 'linux', 'agile', 'bash', 'hadoop', 'java', 'r', 'python', 'ios', 'sql', 'scala']",12,2026-05-05T02:47:49.091694
4351033749,Test Engineer Intern,Qwiik,Jakarta Metropolitan Area (Hybrid),"About the job

Role Summary

We are looking for a QA Intern who is eager to gain hands-on exposure to both Manual and Automation Testing in a real production environment. As a QA Intern, you will work closely with senior QA engineers, developers, and product teams to support testing activities, ensure product quality, and build a strong foundation in software quality assurance.

This internship is ideal for students or fresh graduates who want to develop practical QA skills in a fast-paced, technology-driven company.

Internship Details


Duration: Minimum 1 year internship
Work Arrangement: Hybrid (3 days/week onsite)
Office Location: Sudirman, Jakarta
Language Requirement: English is a must (written & verbal)


Key Responsibilities


Execute manual test cases for functional, regression, and integration testing
Assist senior QA engineers in writing and maintaining test cases and test scenarios
Support the development and maintenance of basic automation scripts using tools such as Selenium or similar
Perform API testing support using tools like Postman or Swagger
Assist in performance/load testing activities using tools such as JMeter
Log, track, and retest bugs using defect tracking tools (e.g., JIRA, Azure DevOps)
Collaborate with developers, business analysts, and QA team members to understand requirements and acceptance criteria
Participate in Agile ceremonies (daily stand-ups, sprint planning, sprint reviews)
Maintain clear test documentation and test execution reports


What You Will Gain (Learning Exposure)


Hands-on exposure to real-world QA processes in a production environment
Practical experience in manual and basic automation testing
Exposure to API testing, performance testing, and defect management workflows
Understanding of Agile/Scrum development practices
Experience working with cross-functional teams (Engineering, Product, Business)
Mentorship and guidance from experienced QA Engineers
Strong foundation for a future career as a QA Engineer / Software Tester",https://www.linkedin.com/jobs/view/4351033749/?eBP=NOT_ELIGIBLE_FOR_CHARGING&refId=Nvf%2FIktkGi%2FdNFbFzx4D%2FA%3D%3D&trackingId=gBXILgFIow9cdw3BVYOTPA%3D%3D&trk=flagship3_search_srp_jobs,Progammer,Indonesia,"['agile', 'azure', 'scrum', 'r', 'ios']",5,2026-05-05T02:47:53.761638
4285499808,Python Developer,Vodjo,Greater Bandung (On-site),"About the job

We Are Hiring

Python Developer

Vodjo is currently seeking a Python Developer that is responsible for managing the interchange of data between the server and the users. Your primary focus will be the development of all server-side logic, ensuring high performance and responsiveness to requests from the front-end. You will also be responsible for integrating the front-end elements built by your co-workers into the application; therefore, a basic understanding of front-end technologies is necessary as well.

Required Skills


Strong proficiency with Python
Expertise in at least one popular Python framework (like Django, Flask or FastAPI)
Understanding the nature of asynchronous programming and its quirks and workarounds
Familiarity with some ORM (Object Relational Mapper) libraries
Familiarity with event-driven programming in Python
Integration of multiple data sources and databases into one system
Experience developing backend services and RESTful APIs
Proficient understanding of code versioning tools, such as Git
Basic understanding of front-end technologies, such as HTML5, and CSS3
Understanding fundamental design principles behind a scalable application
Creating database schemas that represent and support business processes


Desired Skills


Understanding accessibility and security compliance
Understanding of the threading limitations of Python, and multi-process architecture
Implementing automated testing platforms and unit tests
Development experience in Unix or Linux operating environments
Ability to work in an agile environment
Comfort maintaining live production systems",https://www.linkedin.com/jobs/view/4285499808/?eBP=NOT_ELIGIBLE_FOR_CHARGING&refId=Nvf%2FIktkGi%2FdNFbFzx4D%2FA%3D%3D&trackingId=DvR7wHySJd7aVQpOHBWvvQ%3D%3D&trk=flagship3_search_srp_jobs,Progammer,Indonesia,"['linux', 'agile', 'r', 'python', 'django', 'flask', 'git', 'scala', 'fastapi']",9,2026-05-05T02:47:58.423177
4378966992,Lowongan Magang Back End Programmer InQubator Jakarta | ASDF.ID,ASDF.ID,"Kelapa Gading, Jakarta, Indonesia (On-site)","About the job

Program inQubator adalah program internship & pengembangan skill bebas biaya alias gratis. Program ini menjadi wadah pematangan skill programming bagi kamu yang mempunyai passion dan bakat di bidang Back End Programming.

Dengan berkolaborasi langsung dalam tim, alumni program ini akan memiliki pengalaman dan kemampuan programming dilevel berikutnya dalam membangun sebuah aplikasi level menengah – besar.

Benefit Yang Bisa Kamu Dapatkan


Materi training
Terlibat langsung dalam projek
Pengalaman belajar dan mengasah skill coding
Uang saku
Sertifikat Internship


Program Ini Adalah Program Internship Inkubasi Untuk Programmer Dengan Level Advanced Beginner / Intermediate, Sehingga Calon Peserta Diharapkan Memiliki Kualifikasi Minimal Sbb


Freshgraduate atau mahasiswa aktif dipersilakan melamar
Memahami pembuatan Restful API dengan menggunakan Go atau bahasa yang mirip
Memahami Database PostgreSQL
Memahami Git
Menguasai Go serta best practicenya merupakan nilai plus
Lokasi Magang di area perkantoran Kelapa Gading, Jakarta Utara
Durasi Magang minimal 6 bulan


Tunggu apa lagi, ayo ikut tahap seleksinya sekarang juga. Silakan apply lamaran untuk mengikuti tahap tes onlinenya

Lihat lowongan lainnya di halaman lowongan internship inQubator lainnya",https://www.linkedin.com/jobs/view/4378966992/?eBP=NOT_ELIGIBLE_FOR_CHARGING&refId=Nvf%2FIktkGi%2FdNFbFzx4D%2FA%3D%3D&trackingId=NH9ElGltD117jYxKHFNX%2Fw%3D%3D&trk=flagship3_search_srp_jobs,Progammer,Indonesia,"['r', 'git', 'sql', 'postgresql']",4,2026-05-05T02:48:03.085080
4321933499,Backend Engineer Project Intern (TikTok Shop by Tokopedia) - 2026 Start (BS/MS),TikTok,"Yogyakarta, Yogyakarta, Indonesia (On-site)","About the job

Responsibilities

About the team

Tokopedia is an e-commerce platform that connects sellers and buyers across Indonesia. Our aim is to empower sellers to grow their businesses and enable buyers to easily discover and purchase affordable, high-quality products — improving the quality of life for everyone.

We’re looking for passionate and talented individuals to join our Technology team, where we’re building an innovative, secure, and intuitive e-commerce ecosystem that serves millions of users and brands nationwide.

As a project intern, you will have the opportunity to engage in impactful short-term projects that provide you with a glimpse of professional real-world experience. You will gain practical skills through on-the-job learning in a fast-paced work environment and develop a deeper understanding of your career interests.

Applications will be reviewed on a rolling basis - we encourage you to apply early.

Successful candidates must be able to commit to at least 3 months long internship period.

Candidates who pass resume screening will be invited to participate in TikTok's technical online assessment.

Responsibilities:


 Engaged in the full development lifecycle designing, developing, testing, deploying, maintaining, monitoring and improving software.
 Deploy code daily and use data to drive our decisions, while delivering software and analytics to consumers and dealers.
 Collaborate with fellow engineers to solve problems.
 Write well formatted modular code.
 Compile and integrate changes with the project.
 Implement unit tests and functional tests for their tasks.
 Convert given high level software design to low level software design.
 Use suitable data structures.
 Perform, debug and fix bugs, competency in 1 programming language.


Qualifications

Minimum Qualifications:


 Majoring in Computer Science or related field.
 Expertise with Golang or similar object-oriented languages.
 Strong understanding of SQL or similar relational databases.
 Understanding of how to build high volume, distributed back-end services with latest technologies.


Preferred Qualifications:


 Experienced with a modern Javascript framework like React.js is a plus.
 Experienced with building scalable websites (e-commerce) or large-scale applications.
 Possess strong debugging skills.


By submitting an application for this role, you accept and agree to our global applicant privacy policy, which may be accessed here: https://careers.tiktok.com/legal/privacy.

If you have any questions, please reach out to us at apac-earlycareers@tiktok.com

Job Information

About TikTok

TikTok is the leading destination for short-form mobile video. At TikTok, our mission is to inspire creativity and bring joy. TikTok's global headquarters are in Los Angeles and Singapore, and we also have offices in New York City, London, Dublin, Paris, Berlin, Dubai, Jakarta, Seoul, and Tokyo.

Why Join Us

Inspiring creativity is at the core of TikTok's mission. Our innovative product is built to help people authentically express themselves, discover and connect – and our global, diverse teams make that possible. Together, we create value for our communities, inspire creativity and bring joy - a mission we work towards every day.

We strive to do great things with great people. We lead with curiosity, humility, and a desire to make impact in a rapidly growing tech company. Every challenge is an opportunity to learn and innovate as one team. We're resilient and embrace challenges as they come. By constantly iterating and fostering an ""Always Day 1"" mindset, we achieve meaningful breakthroughs for ourselves, our company, and our users. When we create and grow together, the possibilities are limitless. Join us.

Diversity & Inclusion

TikTok is committed to creating an inclusive space where employees are valued for their skills, experiences, and unique perspectives. Our platform connects people from across the globe and so does our workplace. At TikTok, our mission is to inspire creativity and bring joy. To achieve that goal, we are committed to celebrating our diverse voices and to creating an environment that reflects the many communities we reach. We are passionate about this and hope you are too.",https://www.linkedin.com/jobs/view/4321933499/?eBP=CwEAAAGd9IYewcSy4tkXHKaODC4BrqJAIHLkcpqBXN_-shVPE_k7NqQlf9APzNvD254308LqH2d1LGp-w2PlksMSpFCKZhNoXfbuNmvMG_Xi9pNGOC2_GXIh01KS7lFglNjHQFdu9YdBmyqCRyEiwOefiuhxLKsaYrjRO8HCn4w3QXLErEZV7Ivd7-9jyjCCZc12aSy2EEPSylhXd4qMqzNiHR9Vsk7z87EmmLfy9B-MWcSTB9A5NRwosJ_vSzfCtpisux3Gy_keeBcK0dQA8peutq8Lnb0E3LOVcS2S_IyXRex2fN6bHcEDuMzAPGiDLeVwsoX-bZOqvdEdUDAMCHu2y0Zmwdm59UxlIYxw05nRxbziMN1DET-gJSibV5iEGXPDupEx0bjTc3RrzF2GhlJhs36G0SaGfiQiTOWIc9fXhpeKjerF09W3h3kJ_dQHJJ8w5QYtiGT8AYoKC8zH0mZanlSNhODhRwQnsakBGwrGXe-cYIs7NKLeQwcGM2_Em7nmnqiIcTCD2Eyd&refId=Nvf%2FIktkGi%2FdNFbFzx4D%2FA%3D%3D&trackingId=kWXSn%2Bjv6sqK74%2BfepZt%2Fw%3D%3D&trk=flagship3_search_srp_jobs,Progammer,Indonesia,"['react', 'express', 'golang', 'java', 'r', 'javascript', 'ios', 'sql', 'scala']",9,2026-05-05T02:48:07.771624
4303696098,Quality Assurance - Product,Shopee,"Jakarta, Indonesia (On-site)","About the job

Job Description


Build and run processes of manual QA testing
Carry out testing of the application system that is being developed, including the black-box/gray-box and positive/negative methods
Investigate, identify and report bugs discovered in our flows
Validate and test a wide variety of technologies and platforms
Create documentation, implement new QA processes and improve existing ones
Verify that real-world use cases and user expectations are simulated and met during the validation process.


Requirements


Bachelor's degree from a reputable university
1- 3 years experience working as a QA engineer with consumer-based products
Experience in running manual tests on mobile applications
Strong verbal, written, and interpersonal communication skills in both English and Bahasa Indonesia is a MUST
Ability to summarize and identify the real issue from various source of information
Ability to articulate and clearly communicate information in a simple, logical and impactful manner
Good comprehension of technology and comfortable with working with technical tools
Familiar with different type of app performance issues will be an advantage",https://www.linkedin.com/jobs/view/4303696098/?eBP=BUDGET_EXHAUSTED_JOB&refId=Nvf%2FIktkGi%2FdNFbFzx4D%2FA%3D%3D&trackingId=PSjXwUOfRNtzU2gxgj590Q%3D%3D&trk=flagship3_search_srp_jobs,Progammer,Indonesia,['r'],1,2026-05-05T02:48:12.438954
4366322332,Full Stack Developer,Gameloft Indonesia,"Yogyakarta, Yogyakarta, Indonesia (On-site)","About the job

Company Description

Leader in the development and publishing of multiplatform games, Gameloft® has established itself as a pioneer in the industry, creating innovative gaming experiences for 25 years. Gameloft creates games for all digital platforms, from mobile to cross-platform titles for PC and consoles. Gameloft operates its own established franchises such as Asphalt®, Dragon Mania Legends, March of Empires, and Dungeon Hunter, and also partners with major rights holders including LEGO®, Universal, Illumination, Hasbro®, Fox Digital Entertainment, Lamborghini®, and Ferrari®. Gameloft distributes its games in over 100 countries and employs 3,000 people worldwide. Every month, 1 billion unique users can be reached by advertisers in Gameloft games with Gameloft for brands, a leading B2B offering dedicated to brands and agencies. Gameloft is a Vivendi company.

Job Description

We are looking for an experienced Full-Stack Developer to join our Data team. You will design and build web-based reporting applications and data-driven solutions, working closely with engineers and analysts to deliver scalable and reliable systems.

What You’ll Do


Design, develop, and maintain internal web-based reporting applications used for business analysis and decision-making
Build and evolve frontend user interfaces using React, JavaScript, and HTML/CSS with a strong focus on usability and clarity of data presentation
Develop and maintain backend web services and APIs that power reporting features and UI workflows
Take ownership of features end-to-end, from requirements and implementation to testing and production support
Optimize application performance, reliability, and scalability at the web application layer
Collaborate closely with data engineers to consume existing datasets and APIs (without owning ETL or data pipelines)
Use modern development practices, including unit testing, code reviews, CI/CD, and containerized environments
Leverage AI-assisted development tools (e.g. Copilots, LLM-based assistants) to improve development speed and code quality
Continuously improve codebase quality, architecture, and developer experience within the team


Qualifications

Tech Stack


Backend: PHP (Symfony or similar MVC frameworks), Python
Frontend: JavaScript, React, HTML/CSS
Databases: MySQL, AWS Redshift, DynamoDB
Data & Cloud: AWS, Spark
Containerization: Docker
Tooling: Git, CI/CD


Requirements :


Strong experience with PHP in MVC frameworks (Symfony preferred; Laravel or similar acceptable)
Solid knowledge of JavaScript and React
Experience with HTML/CSS
Good SQL skills and understanding of relational database design
Strong OOP principles
Experience writing and maintaining unit tests
Experience with AI prompt engineering and using LLM-based tools (e.g. Copilots, AI assistants)
Professional English communication skills


Nice to have


Experience with AWS services
Experience with Python
Familiarity with Docker-based development and deployments
Familiarity with GitLab CI/CD
Experience with UI/UX design
Knowledge of NoSQL databases
Experience with REST APIs, JWT, HTTP authentication
Understanding of web application security best practices


Additional Information


You want to be part of an exceptional experience, within a company that is constantly growing. 
You want to work with talented people who are industry pioneers. 
You want to join a global company and meet great people around the world from all walks of life. 
Motivating, challenging and rewarding work on the next great frontiers in games. 
Career-development opportunities. 
Exceptional library of diverse top games with broad distribution. 


For more information go to www.gameloft.com

Wondering what to expect in our recruitment process? We’ve got all the details ready for you PROCESS Take a look—it’s simple and transparent!

Curious about the incredible perks of joining our team? Don’t miss out—check them out PERKS and see what’s waiting for you!",https://www.linkedin.com/jobs/view/4366322332/?eBP=BUDGET_EXHAUSTED_JOB&refId=Nvf%2FIktkGi%2FdNFbFzx4D%2FA%3D%3D&trackingId=E636T4S8sdKsp865cye4DQ%3D%3D&trk=flagship3_search_srp_jobs,Progammer,Indonesia,"['react', 'spark', 'mysql', 'java', 'docker', 'r', 'python', 'javascript', 'git', 'php', 'aws', 'sql', 'scala']",13,2026-05-05T02:48:17.135990
4377697061,Lead Backend Engineer (SDE 4M),Kredivo Group,Jakarta Metropolitan Area (On-site),"About the job

About The Job


Lead a software team to build features and solutions that support business priorities across distributed teams in a global environment.
Work closely with your manager to align the priorities of your team with the priorities of the entire organization.
Apply engineering best practices to ensure high-quality outcomes, and work with your counterparts from product and business teams to continuously innovate for our customers.
Focus on increasing productivity of your team by building processes around testing, code review, coding conventions, etc. and removing unnecessary/outdated processes/barriers.
Define quantifiable measurements to continuously evaluate the team productivity and outcome quality. Manage the performance of your team, and constantly look for opportunities to optimize and take action with a carefully thought-through plan.
Coach team members to help them become better professionals and engineers.
Demonstrate ownership of multiple functional workflows. Own the technical designs, estimation, development and delivery of high-complexity projects by having the most suitable tech stack, infrastructure, security, performance, monitoring, alerting, etc.
Hire, coach, and build a strong bench of talented engineers.


About You


At least 5 years of hands-on experience in developing, testing, and deploying large-scale applications in any language or stack.
At least 2 years of experience in leading a team of engineers.
Extensive experience in general-purpose programming languages, but willing to work in golang or python.
Proficient in HTTP, Web Services, OAuth, and Restful APIs.
Strong understanding of data structures, algorithms, and computer science fundamentals.
Strong data modeling experience in both Relational and NoSQL databases.
Self-driven with a passion for learning new things quickly, solving challenging problems, and the drive to get better steadily without the need for constant/significant feedback.
Excellent communication (written and spoken) and analytical skills with attention to details.
Strong individual contributor, trusted problem solver and engages proactively in the team level initiatives to bring positive change from their involvement.
Strong understanding of clean architecture, S.O.L.I.D principles and event-driven architecture. Experience with message broker services like SQS, Kafka, etc.
Good experience with cloud-based systems and infrastructure services like AWS, GCP, etc.",https://www.linkedin.com/jobs/view/4377697061/?eBP=CwEAAAGd9IYewc37MZEZ5sG6PZsFTOfVRPLdDuKtkmUFe9c48s2X1p_NNWulCW8hpNr_lz6U6R7kcqytCfcVs2NUwo_tgMPSlkHic4LXDyS9g0oFCzbzNkI5PFy9ANpNwgyCcmIedZCxNwqYmKsKXWjYGdbERyvpGAm8NRVCj_8V6u9OlGUJ33txecFl_hkMQ0_7Qlaah238oEk7zcOTSbcFyhzLwrEQTAmZj4hqIYBnJrE8iaMRDYWaIDj1CXZUa3bw0_8xqURg57c9Eun4VHx8upyI5SwQ93LJUxjQRU46NGbrym8uJFXt7xAjEPdrH3Oy4qDifgC0FXJmyMaAeub8BzNIucEdCU8wPBCOQI0eEPwWNFWMNn77U52_WTmGOPTpVcGDAmWlDA59QzHvAg9OTkaw8AxVD_KNUG8FIi_SuEdshwNb6uq4KNZxFpmTiIondUtwyO4k6XGgFWHOhCQz2Q&refId=Nvf%2FIktkGi%2FdNFbFzx4D%2FA%3D%3D&trackingId=TDzqVmPoyygAS1E6GiYQBg%3D%3D&trk=flagship3_search_srp_jobs,Progammer,Indonesia,"['gcp', 'golang', 'rust', 'r', 'python', 'kafka', 'aws', 'sql']",8,2026-05-05T02:48:21.805928
4408208951,Software Engineer - RA,Axiata Digital Labs,"Jakarta, Jakarta, Indonesia (On-site)","About the job

Key Responsibilities


Follow best coding practices and standards defined by software management
Adhere to secure coding practices aligned with OWASP guidelines
Perform unit testing with preference for Test-Driven Development (TDD)
Identify, troubleshoot, and fix software defects efficiently
Continuously improve code quality, performance, and maintainability
Participate in System Integration Testing (SIT) to ensure end-to-end functionality
Prepare and maintain accurate technical documentation
Follow Agile methodologies throughout the development lifecycle
Ensure on-time delivery of assigned development tasks
Maintain clear visibility of progress and proactively communicate and escalate roadblocks



Person Specifications


Bachelors degree in Computer Science, Software Engineering, or related field, or equivalent BSc qualification with 3+ years of experience
Minimum 1+ year of experience in Software Engineering
Strong analytical, problem-solving, teamwork, and communication skills
Good understanding of programming fundamentals, concepts, and algorithms
Ability to code using at least one programming language and willingness to learn others
Good understanding of Database Management Systems (DBMS)
Good knowledge of Scrum and Agile practices, including sprint planning, daily stand-ups, backlog grooming, reviews, and retrospectives



Vendor submissions - 06/07/10 months",https://www.linkedin.com/jobs/view/4408208951/?eBP=NOT_ELIGIBLE_FOR_CHARGING&refId=Nvf%2FIktkGi%2FdNFbFzx4D%2FA%3D%3D&trackingId=RlPmgROE6um1%2BvvSZvnJLA%3D%3D&trk=flagship3_search_srp_jobs,Progammer,Indonesia,"['agile', 'scrum', 'r', 'scala']",4,2026-05-05T02:48:26.469728
4374522205,Wildcard role - Apply here!,Windranger Labs,APAC (Remote),"About the job

Who we are

Windranger is a product lab working on the Mantle ecosystem, and other Web3 projects (protocols, DeFi, etc.). You can read more about us here: https://docs.windranger.io/

We’re looking for the next generation of leaders and doers who have a passion for crypto and are looking to influence the future of Web3. If you value a flexible work environment that’s low ego and is focused on pragmatism over perfection, then keep on scrolling.

What did we miss?

If you didn't see a posting that suited you, don't worry, not every role we hire will come from a pre-defined job description. We're always excited to hear about builders that will help us create better products and contribute to the success of the Web3 ecosystem.

As a builder you...


care about decentralization and want to contribute to permissionless and borderless finance at scale
believe DeFi will become a trillion dollar industry
want to co-develop with top DeFi talent and projects
want to gain exposure to Venture and Asset Management via other Windranger relationships
value an autonomous, remote-first, flexible work environment 
are prepared to help build an organisation and provide value outside of your functional area",https://www.linkedin.com/jobs/view/4374522205/?eBP=NOT_ELIGIBLE_FOR_CHARGING&refId=Nvf%2FIktkGi%2FdNFbFzx4D%2FA%3D%3D&trackingId=XVLnqZIN3K5Pe4Qpf3DA3A%3D%3D&trk=flagship3_search_srp_jobs,Progammer,Indonesia,['r'],1,2026-05-05T02:48:31.127426
3806667811,QA Engineer (ShopeePay) - Sea Labs,Sea,"Jakarta, Indonesia (On-site)","About the job

About the Team:

About Sea Labs Indonesia

Sea Labs is at the core of the Sea platforms development, supporting diverse business lines from e-commerce, supply chain, games, payment and finance, among many others. The strong growth and unique positioning of Sea's e-commerce business, Shopee, spurred the launch of Sea Labs Indonesia. Since its inception, the group of passionate engineers have charted the course to drive the best experience for our users in Indonesia, many of which solutions are even adapted to other markets in the region.

Sea's hyper-growing business scale has transformed most ""innocent"" problems into huge technical challenges, and there is no better place to experience world-class projects first-hand if you love technologies as much as we do.Together with our passionate and driven teams, you'll get to develop your skills, build on industry knowledge and collaborate with global teams in a dynamic space. Browse our Sea Labs Indonesia team openings to see how you can make an impact with us.

About The Team

The Payment team, best known for their flagship product: ShopeePay, aims to develop a mature, world-class payment platform connecting individuals and businesses within Shopee ecosystem. Beyond ShopeePay, the Team also connects with a large number of local financial institutions to serve billions of Shopee and Monee users across the different markets.

Together, we aim to reach the forefront of cashless payment technology by providing a more accessible, secure and reliable payment network that empowers individuals as well as micro, small and medium enterprises around the globe.

Job Description:

As a Quality Assurance (QA) Engineer, you will work with some of the most talented minds in the world, collaborating with fellow Developers, Product Managers, User Experience Designers and Operation Engineers to design, test and safeguard availability, performance and usability of our business-critical functionalities that delight both internal businesses and external end-users. Your main responsibility includes (but not limited to):


Test case design and planning
Functional testing via grey-box and white-box methodologies
Perform API interface testing, and API automation testing
Performance, security, and integration testing for system, module, API, and other tools
Bug analysis and tracking
Setting up and maintenance of testing environment
Development and maintenance of testing tools, automation of testing tools and scripts
Continuous improvement and research of testing process, skills, techniques, quality, and efficiency



Requirements:


Bachelor's degree or above in Computer Science or other related disciplines
More than 3 years of QA experience
Master at least one programming language, prefer golang and python
Master on popular test tools such as postman, applium, lucust,charles etc
Strong technical skills and the ability to drive and complete testing of complex systems independently
Excellent logical and analytical thinking abilities to solve various technical problems.
Strong sense of responsibility and teamwork. Proactively analyze problems and develop countermeasures to address issues faced.",https://www.linkedin.com/jobs/view/3806667811/?eBP=BUDGET_EXHAUSTED_JOB&refId=Nvf%2FIktkGi%2FdNFbFzx4D%2FA%3D%3D&trackingId=5CaPSpAlonaf8tOU8XxRtw%3D%3D&trk=flagship3_search_srp_jobs,Progammer,Indonesia,"['golang', 'r', 'python']",3,2026-05-05T02:48:35.810601
4408324021,Linar Tool User | $70/hr Remote,Crossing Hurdles,Indonesia (Remote),"About the job

Position: Linear User/Specialist

Type: Contract

Compensation: $20 - $70/hour

Location: Remote

Commitment: 10-40 hrs/week




Role Responsibilities

Utilize in-depth knowledge of Linear to support AI training initiatives and optimize workflows.
Test and evaluate Linear workflows and features, providing structured feedback to enhance AI learning.
Collaborate with cross-functional teams to share insights and identify workflow improvements.
Document and communicate process details clearly to both technical and non-technical stakeholders.
Analyze user behaviors and usage patterns within Linear to support data-driven decisions.
Help develop and refine guidelines for best practices in Linear usage tailored to AI training needs.




Requirements:

Have at least of hands-on experience as a user of Linear.
Possess excellent written and verbal communication skills with a keen attention to detail.
Demonstrate strong organizational and documentation abilities.
Be comfortable with remote collaboration and digital communication tools.
Be analytical thinkers with a user-centric approach to problem-solving.




Application Process:

Easy Apply on LinkedIn
Check email for next steps
Participate in resume evaluation & interview stage



Desired Skills and Experience

linear (platform) expertise, ai training support",https://www.linkedin.com/jobs/view/4408324021/?eBP=CwEAAAGd9IYewX9mZvxawLF5yMDt5_qpwNupH3WkP-Gmu7aHEsKRQN09fkPa5I_BMMkrmck8xkDsi6OJ8y3sMJbZHEx39E1bWFhsJ9uQxGq9-BHhrZ-gX9CRKaN5KZqHtiDMxoHLxT1pfPPjRbF97UaLcU-mulqWKcwZyCvsGnqBSSA-J0LpsRnX8jrB2cNVd456iv08s5mPtpp8G10ITXVruqRXPSv8FjdW7jntHy1KhI4HKXKDgh-XKLaI6JuR56HFQKfvtd3q94jFUQtJJly-UxHZMObCNO7u2MAnY2XFc4DSHoYNmU0NF7h1vu5y4iwNuDHCQEgdHjfp5aqwHE3DIsCN_khmgPcd-ZASNqncCW1OTXaCYaaNqc-NFT8I1ncFvM7_QWQfgGOvY6GPE3C3Fs3d2obYEKSMoH22Jbwhq6dnDzSUmVnuZ-mzEj_5w5WlCeqCecoJxmuPPs5a9V0ywqtePuLEfZjh5wnsfbKSN7JK3iq1j5cbj0PpVic3TnxHyqw&refId=Nvf%2FIktkGi%2FdNFbFzx4D%2FA%3D%3D&trackingId=s%2FCr9ESgzAyLsuJOg8t3cw%3D%3D&trk=flagship3_search_srp_jobs,Progammer,Indonesia,"['r', 'git']",2,2026-05-05T02:48:40.494683
4404881959,Data Engineer Cloud & Big Data,Bumi Amartha Teknologi Mandiri,"Jakarta, Jakarta, Indonesia (On-site)","About the job
This job is sourced from a job board. Learn More

Design, develop, and maintain data pipelines (ETL/ELT)
Perform data transformation and processing using Python and Spark
Work with large-scale datasets in distributed environments
Collaborate with cross-functional teams to support data-driven initiatives
Optimize data workflows for performance and scalability
Ensure data quality, reliability, and integrity


Minimum Qualifications


Strong proficiency in Python programming
Hands-on experience with Apache Spark (PySpark / Spark SQL)
Solid understanding of SQL and data transformation logic
Experience working with cloud platforms such as Google Cloud Platform (GCP) or Amazon Web Services (AWS)
Basic understanding of data pipeline concepts (ETL / ELT)
Experience using Git or other version control tools
Familiarity with data lakehouse architecture",https://www.linkedin.com/jobs/view/4404881959/?eBP=NOT_ELIGIBLE_FOR_CHARGING&refId=Nvf%2FIktkGi%2FdNFbFzx4D%2FA%3D%3D&trackingId=zlhhUVxCeoYKlW1BhuHglQ%3D%3D&trk=flagship3_search_srp_jobs,Progammer,Indonesia,"['gcp', 'spark', 'r', 'python', 'git', 'aws', 'sql', 'scala']",8,2026-05-05T02:48:45.170075
4393507729,Firmware Engineer,"Itron, Inc.","Cilamaya Wetan, West Java, Indonesia (On-site)","About the job

Itron is innovating new ways for utilities and cities to manage energy and water. We create a more resourceful world to protect essential resources for today and tomorrow. Join us.

Opening Paragraph

Duties & Responsibilities:

Required Skills & Experience


Bachelor's degree in related field or equivalent experience.


Preferred Skills & Experience

Itron is committed to building an inclusive and diverse workforce and providing an authentic workplace experience for all employees. If you are excited about this role but your past experiences don't perfectly align with every requirement, we encourage you to apply anyway. In the end, you may be just who we are looking for!

The successful candidate's starting wage will be determined based on permissible, non-discriminatory factors such as skills and experience.

Itron is proud to be an Equal Opportunity Employer. If you require an accommodation to apply, please contact a recruiting representative at 1-800-635-5461 or email Accessibility@itron.com.

Itron is transforming how the world manages energy, water and city services. Our trusted intelligent infrastructure solutions help utilities and cities improve efficiency, build resilience and deliver safe, reliable and affordable service. With edge intelligence, we connect people, data insights and devices so communities can better manage the essential resources they rely on to live. Join us as we create a more resourceful world: www.itron.com",https://www.linkedin.com/jobs/view/4393507729/?eBP=CwEAAAGd9IYewcicXVXHPqrWkFInUuWsng7XsHPznLQxposyxgBgUnadqU_-L6W_dcmC2lyjNrDwCY7Mw43ypWBYj5KLbfGoQpQwtLRb0mSiCrj695fpIqkKlGomKgEpJlAhQoFmztGrws04_nQFyY_7HDcOoxAqYtEBlMB37CyxTytl0ZMxj5Qu3h32_JOV9cL75SNexS5RUIjDvBDBxRlUOYuEPgMU7Cv1tcOGjVb_X9QMZh89jJSu157Ocz-45KloV17xpHf4AS0s3xzl9d3xReOqv28Je3b-KkVr3QRUBNHl6J1FRUAMuJXFsIBJW8Uense_O2Ofr0sqDU6HvXa706XL0aDX4gkSbWx7RjGHmlyyfd9z8HwTzUgRIQiK_MDshLOYtVECsHkgzSaYllXqvJpnuMKZBdFbpnaSLj7kkTiGN3tQIyCFNIgsEO2doks4QhL2kJm4vaMoZ9CrgsmEXmuZMxFSJGSo37hzVLGsucpxU5_yky2t7F0flROiEmaBZGY&refId=Nvf%2FIktkGi%2FdNFbFzx4D%2FA%3D%3D&trackingId=QjOvvQki1EP3wrOh8S6sMA%3D%3D&trk=flagship3_search_srp_jobs,Progammer,Indonesia,"['rust', 'r']",2,2026-05-05T02:48:49.838991
4399262959,R Engineer,SME Careers,Indonesia (Remote),"About the job

As a remote, hourly paid R Engineer, you will review AI-generated responses and generate high-quality R and data-analysis-focused content, evaluating the reasoning quality and step-by-step problem-solving behind each solution. You will assess solutions for accuracy, clarity, and adherence to the prompt; identify errors in statistical methodology or data-wrangling workflows; fact-check analytical results; write expert-level explanations and model solutions that demonstrate correct use of R; and rate and compare multiple AI responses based on correctness and reasoning quality. This contract role is with SME Careers, a fast-growing AI Data Services company and subsidiary of SuperAnnotate that provides AI training data for many of the world’s largest AI companies and foundation model labs, directly helping to improve the world’s premier AI models.

Key Responsibilities


 Develop AI Training Content: Create detailed prompts in various topics and responses to guide AI learning, ensuring the models reflect a comprehensive understanding of diverse subjects.
 Optimize AI Performance: Evaluate and rank AI responses to enhance the model's accuracy, fluency, and contextual relevance.
 Ensure Model Integrity: Test AI models for potential inaccuracies or biases, validating their reliability across use cases.


Your Profile


 2+ years of hands-on experience using R for data analysis, statistics, or data science work.
 Strong proficiency in R programming, including data wrangling, functional programming patterns, and writing reusable functions or packages.
 Solid grounding in applied statistics, including regression, inference, and model validation, with practical experience implementing these methods in R.
 Experience building end-to-end analyses in R that include data cleaning, exploratory analysis, modeling, and visualization.
 Familiarity with common R ecosystems such as tidyverse, data.table, and ggplot2, and the ability to choose appropriate tools for a given task.
 Professional experience in a data-focused role such as data scientist, statistician, quantitative analyst, or similar.
 Minimum Bachelor’s degree in Statistics, Mathematics, Computer Science, or a closely related quantitative field.
 Significant experience using large language models (LLMs) to assist with coding, analysis design, and code review in R.
 Excellent English writing skills with the ability to document analyses and explain complex statistical ideas clearly to non-experts.
 Previous experience with AI data training or model evaluation is strongly preferred, and Minimum C1 English proficiency is required.



Desired Skills and Experience

R programming, Statistical modeling, Data analysis, Data visualization, Reproducible research, Data cleaning, Time series analysis, Machine learning in R, LLM coding, English",https://www.linkedin.com/jobs/view/4399262959/?eBP=BUDGET_EXHAUSTED_JOB&refId=Nvf%2FIktkGi%2FdNFbFzx4D%2FA%3D%3D&trackingId=sqBgxvS69b4ePJ1wJVBPZA%3D%3D&trk=flagship3_search_srp_jobs,Progammer,Indonesia,['r'],1,2026-05-05T02:48:54.516889
4404384321,Power BI Developer,BOSNET Distribution Indonesia,"Jakarta, Jakarta, Indonesia (On-site)","About the job
This job is sourced from a job board. Learn More

Develop and maintain Power BI dashboards to effectively visualize key business metrics and trends.
Analyze large datasets to identify patterns, insights, and opportunities for business growth.
Optimize data models, DAX calculations, and report performance to ensure accuracy and efficiency.


Minimum Qualifications


Experience with Power BI, including DAX, Power Query, and best practices in data visualization.
Strong SQL skills with expertise in data modeling, ETL processes, and database management.
Analytical thinker with problem-solving skills, attention to detail, and ability to work independently.",https://www.linkedin.com/jobs/view/4404384321/?eBP=NOT_ELIGIBLE_FOR_CHARGING&refId=Nvf%2FIktkGi%2FdNFbFzx4D%2FA%3D%3D&trackingId=fK%2BZKoFz3QFZD0B2J0vXMg%3D%3D&trk=flagship3_search_srp_jobs,Progammer,Indonesia,"['power bi', 'r', 'sql']",3,2026-05-05T02:48:59.199356
4402283120,Python Backend Developer,BusMarket Group,"Lembang, West Java, Indonesia (On-site)","About the job

Луцьк 03.11.2025

Обов'язки


Розробка та підтримка API


Вимоги


Досвід роботи з фреймворком Flask/Fast API
Досвід роботи з SQL
2+ роки досвіду розробки Python
Проактивність
Досвід роботи з Odoo (вітається)


Ми пропонуємо


Можливість разом реалізовувати цінності компанії: ПАРТНЕРСТВО, ІННОВАЦІЙНІСТЬ, ЕКСПЕРТНІСТЬ, СОЦІАЛЬНА ВІДПОВІДАЛЬНІСТЬ.
Інноваційне технічне забезпечення робочого місця, комфортні умови праці та додаткові «плюшки» від компанії.
Перспективи кар'єрного зростання та можливості для професійного розвитку через навчання, тренінги, сертифіковані програми. Програма наставництва для новачків.
Знижки на придбання автозапчастин для власних потреб.


Графік роботи Пн.-Пт.: 09:00-18:00. Сб.-Нд.: вихідні.

Локація Луцьк, Івана Корсака, 1

Рекрутер (Анна) +380676548286",https://www.linkedin.com/jobs/view/4402283120/?eBP=NOT_ELIGIBLE_FOR_CHARGING&refId=Nvf%2FIktkGi%2FdNFbFzx4D%2FA%3D%3D&trackingId=XQBvw%2FDKdgBSEVGOAfWXmw%3D%3D&trk=flagship3_search_srp_jobs,Progammer,Indonesia,"['python', 'flask', 'sql']",3,2026-05-05T02:49:03.891534
4408636699,Officer Development Program (ODP) Information Technology,PT. BANK NEGARA INDONESIA (Persero) Tbk.,"Jakarta, Indonesia (On-site)","About the job

Job Description

Bank Negara Indonesia (Persero) Tbk (BNI) is one of the biggest financial institutions in Indonesia, providing services to customers with a wide array banking, investment, digital product and other sustainable financial products and solutions for domestic and international area.

To support our vision, BNI is committed to attract high-quality talents across the country to ensure our further accomplishments. You will be immersed an exceptional and challenging work environment and surrounded by colleagues and leaders who are passionate to help you grow.







General Qualifications

S1/S2 from reputable universities with relevant field of studies with the minimum GPA of : S1 : 3.00 or equivalent ; S2 : 3.25 or equivalent
Prioritizing : Computer Science, Informatics Engineering, Engineering, or relevant majors
Proficient in English and submit your score in the application TOEIC min. 400 / equivalent
We only accept score provided by official /authorized institution and valid.
No member of nuclear family currently works in BNI (i.e., parents, siblings).
Have skills in iOS and Android development, basic knowledge of cybersecurity, and other supporting IT skills are preferred.
Willing to be relocated all over Indonesia.",https://www.linkedin.com/jobs/view/4408636699/?eBP=CwEAAAGd9IYewTRU4YpJ_FMk3N0I0Vgc3Gf1K1pcRZAVeqAykAwrCb-ArFIsOTGuVoyhf7RrLCHLOvx591gBZAjar3t57yebe09fyUQ-53ZeiQDiZYM0WpvZgZpOXXYlGQoZHrEbvDq9k3IrGPQRg_Kmt1KP2BJ0BKA53xmhNm1yP4pubDuGzgIJdqa-JNY4qGzG14Rx6JK4vxqY8RYuO4KGZzsuXYqLrJ6y4znKQ_Gtk268KOnsfOfuC2s6pRe6PcYX-ggoSm961-FO2y69Sg4dwI5nfuUUJXBdSEkM9Y3oXmwoQs5B1FnNS0wBcr1xfV-1Y2KN43L4PyXnhVoh4DCCrUPJlj9N4gF3uLDt1u-YNkOpaoHEP9R5_lQ79fXEomTnNmUUD1ZM9RQRmY1ZY0MaXwet6Yqyb33LQ0Ukg84qBrO-yNmUfpannMoc9y4yuAuL209bzYbP-EHfSnUTto5_nSk5xg9TJ7BdWUBXcDOjaj17B-QpnNwp8MfMsppXpKnZLjwCxTaCoBFR&refId=Nvf%2FIktkGi%2FdNFbFzx4D%2FA%3D%3D&trackingId=7b936oebUXbZd%2FoSABghRw%3D%3D&trk=flagship3_search_srp_jobs,Progammer,Indonesia,"['r', 'git', 'ios', 'android']",4,2026-05-05T02:49:08.567279
4407522136,DevOps Engineer,CODE.ID,Jakarta Metropolitan Area (On-site),"About the job
This job is sourced from a job board. Learn More

Build a Containerization or Virtualization system
Build an automated and integrated infrastructure system
Build an effective monitoring system
Assess current systems and processes, and develop ways to improve them building and setting up new development tools and infrastructure
Understand stakeholder needs and communicate them to developers work with developers and other IT colleagues to oversee code releases
Write specification documents testing and checking code written by others and analyzing the results
Identify technical issues and develop software updates and 'fixes' plans projects and is involved in project management decisions.


Minimum Qualifications


Min.1 Years experiences resource provisioning using Jenkins and Terraform.
Min.1 Years experiences related to DevOps automation tools such as Git, Ansible, Chocolate
Min. 2 Years experiences in working with Unix/Linux.
Strong in scripting skill such as bash script.
Experience with PAAS system such as docker, Kubernetes, Openshift.
Experience using Google Cloud and Azure Cloud Services",https://www.linkedin.com/jobs/view/4407522136/?eBP=NOT_ELIGIBLE_FOR_CHARGING&refId=Nvf%2FIktkGi%2FdNFbFzx4D%2FA%3D%3D&trackingId=dEsJRGD%2F99K9rvvr0d2hLQ%3D%3D&trk=flagship3_search_srp_jobs,Progammer,Indonesia,"['linux', 'azure', 'bash', 'docker', 'r', 'git', 'kubernetes']",7,2026-05-05T02:49:13.252327
4402251368,Business Intelligence Engineer,Cermati.com,"Jakarta, Jakarta, Indonesia (On-site)","About the job

Job Description

We are seeking a highly technical Business Intelligence Engineer to design, build, and maintain the data infrastructure that powers our analytics. You will be responsible for developing scalable data pipelines, building robust data models, and optimizing our data warehouse. Your work will be the foundation that enables our BI Analysts and business leaders to access clean, reliable, and performant data for their insights and decision-making.

Job Description


Design, build, and maintain scalable and reliable ETL/ELT pipelines to process data from diverse sources for any reporting use cases.
Develop and manage robust, reusable data models within our data warehouse (BigQuery) using data modeling best practices (star schemas, etc.).
Write, optimize, and productionize complex SQL and Python scripts for data transformation, cleaning, and validation to ensure data integrity.
Create and manage optimized data marts and summary tables that support the specific needs of our BI Analysts and visualization tools.
Collaborate with BI Analysts and business stakeholders to understand their data requirements and translate them into technical specifications for the data backend.
Monitor, debug, and optimize data pipeline performance, query speeds, and data warehouse health.
Implement data quality checks and governance processes to ensure all data is accurate, consistent, and trustworthy.


Qualifications


Having a bachelor's or master's degree in Computer Science, Information Systems, Engineering, or a related technical field.
Expert-level SQL skills, with the proven ability to write highly optimized advanced queries, stored procedures, and window functions on large-scale data.
Capable of coding with data processing tools are a major plus (e.g., Jupyter, Python).
Deep understanding of data modeling and data warehouse design principles (e.g., dimensional modeling, star schemas) to build efficient data backends.
Strong analytical and problem-solving skills to debug complex data pipelines, optimize query performance, and troubleshoot data integrity issues.
Excellent written and verbal communication skills to collaborate with BI Analysts and business stakeholders to translate their requirements into technical specifications.
Experience with modern data stack tools is a plus (e.g., dbt, Airflow, AWS Glue, Azure Data Factory, or other data orchestration tools).",https://www.linkedin.com/jobs/view/4402251368/?eBP=NOT_ELIGIBLE_FOR_CHARGING&refId=Nvf%2FIktkGi%2FdNFbFzx4D%2FA%3D%3D&trackingId=CE2HskTAwCQ%2Fs8OjaScEVA%3D%3D&trk=flagship3_search_srp_jobs,Progammer,Indonesia,"['airflow', 'rust', 'azure', 'r', 'python', 'aws', 'sql', 'scala']",8,2026-05-05T02:49:17.930979
4408623385,iDempiere Developer,PT. Asiacross Investindo (ACI),"Tangerang, Banten, Indonesia (On-site)","About the job

Kemampuan Teknis (Wajib)

· Memiliki pemahaman dasar pemrograman Java 

· Memiliki kemampuan dasar SQL

· Familiar dengan konsep dasar basis data relasional

· Mampu membaca dan memahami dokumentasi teknis berbahasa Inggris

Kemampuan Teknis (Nilai Tambah)

· Pernah mengenal atau mencoba platform iDempiere / ADempiere / Compiere

· Familiar dengan framework OSGi atau pengembangan plugin berbasis Eclipse

· Pengalaman menggunakan PostgreSQL sebagai database utama

· Mengenal konsep dasar ERP (modul Sales, Purchase, Inventory, Accounting)

· Pernah menggunakan JasperReports atau tools reporting sejenis

· Familiar dengan version control menggunakan Git

Kompetensi & Karakter yang Dicari

· Memiliki keinginan belajar yang tinggi dan tidak takut mengeksplorasi hal baru

· Teliti, sistematis, dan memiliki kemampuan analisa yang baik

· Mampu bekerja mandiri maupun dalam tim

· Komunikatif dan mampu menyampaikan kendala teknis secara jelas

· Proaktif dalam mencari solusi ketika menghadapi masalah 

Kualifikasi : 

· Pendidikan minimal S1 dari jurusan Sistem Informasi atu Teknik Informatika

· Pengalaman kerja 1–2 tahun di bidang terkait.

· Fresh graduate dipersilakan melamar.",https://www.linkedin.com/jobs/view/4408623385/?eBP=NOT_ELIGIBLE_FOR_CHARGING&refId=Nvf%2FIktkGi%2FdNFbFzx4D%2FA%3D%3D&trackingId=xiqrroEYlCglmopx26wPHg%3D%3D&trk=flagship3_search_srp_jobs,Progammer,Indonesia,"['java', 'r', 'git', 'sql', 'postgresql']",5,2026-05-05T02:49:22.612417
4408743944,Software Engineer (Ref:1):,Life at RBMSoft,"Yaur, Papua, Indonesia (On-site)","About the job

Ecommerce Architecture: The Ultimate Guide for 2026 (Frameworks, Costs & Checklists)

Read Full Article

Looking for a more specific outcome? We’ll build a solution to get you there.

Mastering Elastic Search : How to Deliver a Better User Experience

Read Full Article

Looking for a more specific outcome? We’ll build a solution to get you there.

Ecommerce Replatforming: A Complete Guide for Migration

Read Complete Article

Optimized E-commerce Ecosystem

Read Success Story

Job Summary Design and implement software applications, including system architecture and user interface, to meet project specifications. Lead code reviews and provide mentorship to foster a culture of continuous improvement and technical excellence among team members. Collaborate with cross-functional teams such as product management, design, and quality assurance to define and refine project requirements throughout the software development lifecycle. Ensure the quality, performance, and scalability of developed software through comprehensive testing, optimization, and adherence to best practices. Investigate, troubleshoot, and resolve complex technical issues to maintain and improve the reliability and usability of deployed software systems. Generate detailed reports and correspondence that comprehensively outline project specifications, document project activities, and provide updates on current project status. Proactively research and stay updated with emerging technologies, tools, and industry trends to enhance the team & technical capabilities and project outcomes. Analyze user needs and develop software solutions, applying principles and techniques of computer science, engineering, and mathematical analysis.

Tools used: React, GitHub Actions, Jest, and Cypress.

Minimum Education: Bachelor’s degree in Computer Information Systems or a related field.

Minimum experience: One (1) year.

Employer will accept no education and three (3) years of experience in lieu of Bachelor’s degree in Computer Information Systems or related field and one (1) year of experience. Must have one (1) year of experience in React, GitHub Actions, Jest, and Cypress. Travel required to the extent of relocating to various unanticipated locations throughout the U.S.

Job Site: 717 Bonita Ave, Pleasanton, CA 94566

Salary: $161,637 – $171,637/year

Please send resumes referencing the aforementioned job title and ref# to RBM Software,

Inc., 717 Bonita Ave, Pleasanton, CA 94566, or email to hr@rbmsoft.com.

360° Value is the Foundation of Our Digital Engineering

Our decade of digital pioneering experience and nexus of mastery in leveraging advanced technologies and synthesizing strategic insights help us remain relentlessly focused on driving quantifiable transformation and securing a dominant position for our clients through the next decade of enterprise value.

Your Next Chapter Starts Here. Fill out the application below and join the team to shape your future.

We don’t just build solutions—we are the engineers behind game-changing digital innovations.

We’ve sent the framework to your email. Please check inbox.

We’re mobilizing the right person to connect with you. While we prep, come hang out on our social pages!",https://www.linkedin.com/jobs/view/4408743944/?eBP=NOT_ELIGIBLE_FOR_CHARGING&refId=Nvf%2FIktkGi%2FdNFbFzx4D%2FA%3D%3D&trackingId=nr8%2FgwIuLvEKfjH1ADPF%2BA%3D%3D&trk=flagship3_search_srp_jobs,Progammer,Indonesia,"['react', 'r', 'git', 'scala']",4,2026-05-05T02:49:27.302046
4403370298,Python Game Developer (Panda3D) - Remote,YO IT Consulting,"Jakarta, Jakarta, Indonesia (Remote)","About the job

Job Title: Python Game Developer (Panda3D)

Job Type: Contract

Location: Remote

Job Summary

Join our customer's team as an expert Pyhton Game Developer (Panda3D), where you’ll contribute to cutting-edge AI training projects using one of the most robust and flexible open-source game engines. This specialized role focuses on harnessing Panda3D’s capabilities to deliver immersive, high-performance simulations compatible with both legacy and contemporary hardware.

Key Responsibilities


 Design, develop, and optimize 3D game simulations and environments using Panda3D for AI training applications.
 Collaborate with multidisciplinary teams to transform requirements into technical solutions.
 Implement, maintain, and debug Python and C++ codebases integrated with Panda3D.
 Contribute to version control workflows using GitHub to ensure smooth project collaboration.
 Ensure cross-platform compatibility and performance across diverse hardware configurations.
 Document architectural decisions, code, and processes clearly to support collaborative development.
 Actively participate in code reviews, brainstorming sessions, and team meetings, emphasizing exceptional verbal and written communication.


Required Skills And Qualifications


 Proven, hands-on experience developing with Panda3D—experience with similar engines does not substitute.
 Advanced proficiency in Python and C++ programming languages.
 Strong command of GitHub for code management, branching, and pull requests.
 Deep understanding of 3D graphics pipelines, simulation logic, and cross-platform development.
 Exceptional written and verbal communication skills—clear documentation and collaboration are critical.
 Ability to work independently in a remote environment, meeting deadlines with minimal supervision.
 Demonstrated attention to detail and a problem-solving mindset.


Preferred Qualifications


 Prior game development experience for AI, simulation, or training purposes.
 Familiarity with optimizing 3D assets for performance across a range of hardware.
 Background in collaborative, distributed Agile environments.",https://www.linkedin.com/jobs/view/4403370298/?eBP=NOT_ELIGIBLE_FOR_CHARGING&refId=Nvf%2FIktkGi%2FdNFbFzx4D%2FA%3D%3D&trackingId=c3tCjyupSHC%2FVTbX9Kw28A%3D%3D&trk=flagship3_search_srp_jobs,Progammer,Indonesia,"['agile', 'r', 'python', 'git', 'c++']",5,2026-05-05T02:49:31.984603
4407338650,"Full Stack Developer (C#, Python, and PHP) - Indonesia",CLaaS2SaaS,Jakarta Metropolitan Area (On-site),"About the job

This is a remote position.

Job Title: Full Stack Developer


Experience Level: Minimum 3 years of relevant professional experience


Compensation: SGD 1,200 – 1,400


 


About the Role


We are seeking a Full Stack Developer to contribute to the design, development, and maintenance of end-to-end web applications. This role involves working across both front-end and back-end components to deliver reliable, scalable, and well-structured solutions that support business operations. The successful candidate will work closely with internal stakeholders and technical teams to translate requirements into high-quality application functionality within a structured and professional environment.


 


 


Key Responsibilities


Develop, enhance, and maintain full stack applications covering both front-end and back-end components
 
Participate in application architecture, design discussions, and technical decision-making
 
Translate business and functional requirements into effective technical solutions
 
Ensure application performance, security, and maintainability meet organizational standards
 
Perform testing, debugging, and issue resolution throughout the development lifecycle
 
Collaborate with cross-functional teams to ensure timely and high-quality delivery
 
Contribute to documentation, code reviews, and continuous improvement initiatives
 
 
 
 

Requirements


Minimum 3 years of professional experience in full stack or software development roles
 
Hands-on experience with C#, Python, and PHP
 
Strong understanding of end-to-end application development and web-based systems
 
Experience working with databases, APIs, and application integration
 
Familiarity with version control and structured development workflows
 
Strong analytical skills with the ability to troubleshoot and resolve technical issues
 
Ability to work independently while collaborating effectively within a team




Desired Skills and Experience

C#, Python, and PHP",https://www.linkedin.com/jobs/view/4407338650/?eBP=NOT_ELIGIBLE_FOR_CHARGING&refId=Nvf%2FIktkGi%2FdNFbFzx4D%2FA%3D%3D&trackingId=7OvO0N4rqd6Cjfub%2BkmlXA%3D%3D&trk=flagship3_search_srp_jobs,Progammer,Indonesia,"['c#', 'r', 'python', 'php', 'scala']",5,2026-05-05T02:49:36.689207
4407811220,Data Engineer,VLink Inc,"Jakarta, Indonesia (On-site)","About the job

Job Responsibilities

Analyze, maintain, and enhance existing Python scripts used for data pipelines and automation processes.
Design and implement data transformation workflows, converting unstructured and semi-structured data (e.g., JSON, XML, logs) into structured, analysis-ready formats.
Develop, optimize, and monitor ETL processes to ensure data accuracy, consistency, and reliability across systems.
Collaborate with cross-functional teams to gather data requirements and deliver scalable, efficient data solutions.
Troubleshoot, diagnose, and resolve data pipeline issues to ensure smooth and timely data processing.

Job Qualifications

Strong proficiency in Python, with the ability to read, understand, and modify existing codebases.
Hands-on experience in transforming unstructured or semi-structured data into structured datasets.
Solid knowledge of ETL concepts and tools; experience with Azure Data Factory (ADF) is an advantage.
Advanced SQL skills, including complex queries, joins, data modeling, and performance optimization.
Strong analytical thinking, problem-solving, and troubleshooting skills in data engineering environments.",https://www.linkedin.com/jobs/view/4407811220/?eBP=CwEAAAGd9IYewcr9IIcDNMivMEuiyaQaHW1PeaUKE-LPL5fOYgZFF51xai089p0KKSZ71H7rRY2-wmdXg1WUsqddimBXXcFJEfntzMyE8xQIxx7_CuTFeGaLMwtdpHRh3VRoxJpeagkSgUtiLL_gRxujFIAkj-6m2g-ALj-h_cjSQQnWHMY5teMki2hcZxfwQTzURuINb5hle9A47mMcMCSBGo-TGE2UdZ9jp4Juw_zddH-h0Tei1rLrLsf9Ga0b3mPzDIF-vDkB8yhlivBnt2hUymkwpz9tN8l5pFrWB47SEnW68ovWbY_V01kawGoN9RW7VU8mHlZXsYYCuE4K64wfAaXYgBNILrKKgEZK_VGGa2527IJ4nCgFqyhcp0Bf0IeJHOCQy5v8B42uGpmXHKWu8tpEUyjuPvL9xeozIFJwr-Fa-HBB0LrWBoHD86j3IsfnlwQXY1xJ2r_Foum4hV1FhQ&refId=Nvf%2FIktkGi%2FdNFbFzx4D%2FA%3D%3D&trackingId=g0DwG14k1rZVb0ZeOL00DA%3D%3D&trk=flagship3_search_srp_jobs,Progammer,Indonesia,"['azure', 'r', 'python', 'sql', 'scala']",5,2026-05-05T02:49:41.387287
4361286183,Validation Engineer,Alcon,"Batam, Riau Islands, Indonesia (On-site)","About the job

At Alcon, we're passionate about enhancing sight and helping people see brilliantly. With more than 25,000 associates, we innovate fearlessly, champion progress, and act swiftly to impact global eye health. We foster an inclusive culture, recognizing your contributions and offering opportunities to grow your career like never before. Together, we make a difference in the lives of our patients and customers. Are you ready to join us?

This role is part of Alcon's Quality & Regulatory Affairs function, a team that ensures our products are in compliance with global, local, and internal regulations and meet the strictest standards of quality as we help people see brilliantly.The Associate II, Validation (Science/Tech/Engineering Path), is primarily responsible for handling complex tasks in the Validation discipline, including planning, executing, and documenting validation studies, conducting risk assessments, and preparing reports. You will make significant decisions and support validation activities.

Specifics Include:


 Handle complex tasks and contribute to advanced projects in the Validation discipline
 Plan, execute, and document validation studies to ensure equipment, systems, and processes operate effectively and comply with regulations
 Conduct risk assessments, design protocols, analyze data, and prepare validation and qualification reports
 Make significant decisions within your project area, influencing outcomes with enhanced technical skills and problem-solving abilities
 Support validation activities for aseptic process management
 Review and approve change control documentation
 Provide audit support and collaborate with cross-functional teams to drive problem-solving and innovation
 Adhere to Good Practice (GxP) regulations by following Standard Operating Procedures (SOPs), maintaining accurate documentation, ensuring quality control, and completing required training
 Commit to continuous improvement and regulatory compliance, meeting individual job requirements and contributing to overall organizational compliance.


All associates must adhere to GxP regulations by strictly following Standard Operating Procedures (SOPs), maintaining accurate and complete documentation, ensuring rigorous quality control, and completing all required training. Associates are responsible for meeting their individual job requirements and contributing to the overall compliance of the organization. Compliance with regulatory requirements and a commitment to continuous improvement are essential to our operations .

Qualifications: Associate shall have the appropriate education and experience to successfully perform the responsibilities/activities of this role.

ATTENTION: Current Alcon Employee/Contingent Worker

If you are currently an active employee/contingent worker at Alcon, please click the appropriate link below to apply on the Internal Career site.

Find Jobs for Employees

Find Jobs for Contingent Worker",https://www.linkedin.com/jobs/view/4361286183/?eBP=BUDGET_EXHAUSTED_JOB&refId=0gwmz40Ke%2B4gqF9yaqitlA%3D%3D&trackingId=waONYxaHLSmx7bEs1uS8VA%3D%3D&trk=flagship3_search_srp_jobs,Progammer,Indonesia,"['swift', 'r']",2,2026-05-05T02:49:58.324982
4346785024,Data Engineer,Axians NL,"Laren, East Java, Indonesia (Hybrid)","About the job

Ben jij een data engineer met enkele jaren ervaring die wil groeien? En ben je in je opdrachten ook altijd op zoek naar de vraag achter de vraag? Dan zijn wij op zoek naar jou!

Dit bieden wij jou


Bruto salaris van € 3.500,- tot € 4.500,- per maand;
Een werkweek van 32 tot 40 uur;
24 vakantiedagen op basis van een fulltime dienstverband met de mogelijkheid om 6 dagen (naar rato) bij te kopen;
Een hybride werkomgeving met de mogelijkheid tot gedeeltelijk thuiswerken;
Goede opleidingsmogelijkheden aan de VINCI Energies Academy, het Axians Institute en via het online platform Good Habitz;
Doorgroeimogelijkheden die passen bij jouw ambities;
Een leaseauto/mobiliteitsbudget, smartphone en laptop;
Prima secundaire arbeidsvoorwaarden met o.a. een gunstige pensioenregeling, mogelijkheid deel te nemen aan de collectieve ziektekostenverzekering en de mogelijkheid om aandelen te kopen tegen een gereduceerd tarief;
Een prettige en informele werksfeer met fijne collega’s: diversiteit en inclusie vinden wij van groot belang in onze organisatie en wij streven er daarom naar om ons personeelsbestand een afspiegeling te laten zijn van de maatschappij. 


Hier krijg jij energie van

Zelfstandig werken bij klanten in één van onze samengestelde teams van Axians medewerkers en klant collega's. Wij maken op maat data platformen, zowel in de cloud (Snowflake, Microsoft, Databricks) als On Premises (Microsoft, Kubernetes) waarbij data minimalisatie door hergebruik en data virtualisatie(Denodo en Data Virtuality) een uitgangspunt is. We kijken naar meer dan techniek. Om onze projecten te laten slagen moet het data gebruik aansluiten op de strategie van de klant, moet de organisatie en data governance processen (Collibra en Microsoft) bij de klant gefaciliteerd en ingericht worden, en is het van belang dat gebruikers data bedreven worden.

Hier herken jij jezelf in


HBO werk- en denkniveau
Passie voor data vraagstukken
Goede SQL kennis
Ervaring in één of meerdere data tools
Ervaring met data concepten
Goede beheersing van de Nederlandse taal is een pré
Bij voorkeur woonachtig in onze regio of binnen een straal van 60 kilometer


Dit is jouw team

Axians is een internationale netwerkorganisatie bestaande uit gespecialiseerde en zelfsturende IT units. In deze rol ga je aan de slag voor het expertisegebied Data & AI. Binnen Data & AI zijn 5 Business Units actief die elk verschillende marktsegmenten bedienen en verschillende proposities hebben.

De engineers die binnen het expertisegebied Data & AI werken, hebben elk hun eigen specialisme en standplaats. Als engineer werk je nauw samen in een multidisciplinair team bestaande uit zowel klant als directe collega's. In deze rol is jouw standplaats de Business Unit in Laren (NH), maar uiteraard krijg jij alle ruimte om jouw werkweek en werklocatie zelf in te delen.

Over Business Data & AI in Laren

De Axians locatie in Laren (NH) is gespecialiseerd in Data & AI. Met zo’n 40 collega’s werken we samen om onze klanten te helpen en adviseren met hun datavraagstukken. Onze klanten zijn grote, innovatieve organisaties als ABN AMRO verzekeringen, Stichting Philadelphia zorg, Zeeman en PGGM. Onze werkwijze is gebaseerd op onze Axians kernwaarden: autonomie, verantwoordelijkheid, ondernemerschap, vertrouwen & transparantie en solidariteit.

Betrokkenheid en een goede werksfeer

De Business Unit bestaat uit betrokken collega's die ook een gezellige werksfeer belangrijk vinden. We vieren onze successen en helpen elkaar door mindere periodes heen. Regelmatig worden er borrels, uitjes met collega's en andere leuke activiteiten georganiseerd.

Leren en ontwikkelen

We kijken naar wat je al kan, maar ook wat je nog kan leren. We zijn er namelijk van overtuigd dat de juiste omgeving jou in staat stelt om alles uit jezelf te halen. En daar helpen we je bij. Want groeien doe je samen. Onze slogan is hier treffend; ICT with a Human Touch.",https://www.linkedin.com/jobs/view/4346785024/?eBP=CwEAAAGd9IgYI0VH3BuU6rYU9pS7XdB9fbmOjfDH90C7O73sR5BUErjUS1etZts5D_Ba5GMnUk22Zv33a8SFclOUN0HWDlvKJgtvkDdsLyBgD4-p9CGYGb9TKOX4v1C_NfaX1-aN3xVPKRkfWCA6TGie-JNvzlsUlXoQ4GHJCNpiKN87gMi02ApBWQ262RMeysHjuEAhGBjZbLS_OeTYJfzsaSFNRZJii1Y1_1ruOm_4rx3jZ9ngZnnLm59uCzurfQt947kHug2U7dwu0igsjZCwXF9oayat7FGzKE9HaTUHn2SN7wXMYcpU_JwBcOrS1fY9wOoZ4BfCQDX2ZtLamsSZJ6RCtINryHTe2-QW5c6da3N1Meg5RYtG00wFzUlQRBoINvSTZOWhp_ZrV1VhVAgLobcaAQtulsclvj4BQ0xYUrBZzVvX90GNqkaRwU8QZRlLNgDPGV3I3xxSucdL9Il2GjumFkg&refId=0gwmz40Ke%2B4gqF9yaqitlA%3D%3D&trackingId=PML%2B6AcSHFT%2FzeGvJvSL9Q%3D%3D&trk=flagship3_search_srp_jobs,Progammer,Indonesia,"['r', 'sql', 'kubernetes']",3,2026-05-05T02:50:03.003526
4244371131,アルゴリズムエンジニア (機械学習エンジニア/データサイエンティスト)【AI Solution】,PKSHA Technology,"Lembang, West Java, Indonesia (Hybrid)","About the job

人とソフトウエアが共進化する社会へ

PKSHAは「人とソフトウエアの共進化」をビジョンに掲げ、人と人の「間」をAIでつなぎ直す コネクティブAI を事業の核に据えています。顧客個別のアルゴリズムを開発・提供する AIソリューション事業 、「PKSHA AIヘルプデスク」「PKSHA ChatAgent」等を展開する AI SaaS事業 、そしてAIで人の能力を拡張する AI Powered Worker事業 の3事業を推進しています。

仕事内容

事業拡大に伴い、機械学習アルゴリズムの開発を担っていただくエンジニアを募集します。

テーブルデータ・自然言語・画像などの幅広いデータを用いて、クライアントの課題を解決する機械学習アルゴリズムを中心に設計・実装していただきます。

コンサルタント、ソフトウェアエンジニアとチームを組み、金融、小売、製造業など、様々な業界の課題を解決するソリューション/プロダクトを開発していただきます。

AIの検証に留まらず、最先端技術をクライアントが利用し続けるソフトウェアの形にして社会実装し、未来のビジネスを実現するプロセスに関心がある方を歓迎します。


ビジネス上の課題、制約条件に適したアルゴリズムの提案
ユースケースに合わせた機械学習モジュールの設計、実装
クライアントに対する分析結果等のレポーティング
ソフトウェアエンジニアと協力して、Web API等へのアルゴリズムの組み込み
最先端技術を社会実装可能なレベルに引き上げるR&D
自身の開発したアルゴリズムの他業界への横展開や自社プロダクトへの組み込み


※過去事例：クレジットカード不正検知、個人与信推定、小売や流通における需要予測とオペレーションの最適化、教育における出題最適化、レコメンドエンジン、不正投稿監視、コールセンターソリューション(チャット・音声・テキスト)等多岐に渡る

ポジションの魅力


自身が生み出したアルゴリズムが、各業界の抱える課題を解決し、多くの方々に使われ続ける（大手セキュリティ企業、保険会社、製造業、キャリア、web企業など）
多様な機械学習技術を利用して社会課題を解決していく過程で、アルゴリズムを社会に提供していくための様々な実践的なスキルを身につけることができる
機械学習技術やソフトウェア開発の知識はもちろん、様々な業界知識に習熟した経験豊富なメンバーと共に働ける（Kaggle Grandmaster、助教、博士、海外MBAホルダーなど）
近年急速な発展を遂げている大規模言語モデルを活用した研究開発・社会実装に取り組める


必須要件


アルゴリズムの提案から社会実装までを担うことへの強い興味
機械学習/深層学習に関連する開発または研究の経験
自ら対話することでのクライアントの課題を把握と、それを解決する実用可能なアルゴリズムの開発を両立する能力
ビジネスレベルの日本語力


歓迎要件


自然言語処理技術に関する開発や研究の経験
テーブルデータの集計や分析等の経験
Kaggle等のデータサイエンスコンペティションでの実績
機械学習に関連したクラウドシステム開発の経験（アルゴリズムを提供するAPIサーバー開発、バッチ学習インフラ構築など）
論文執筆や特許出願の経験
機械学習アルゴリズムに関わる説明資料等のレポート作成能力
業界に広く展開させることを目指した機械学習アルゴリズムの製品化経験
プロジェクトマネジメント経験


求める人物像


未来志向であり、自らの個性/専門性を発揮しながら目標達成を目指せる方
新しい技術の学習に貪欲で、業界の進歩に合わせて自身のケイパビリティを拡張できる方
ビジネスメンバーやクライアントとも主体的かつ円滑にコミュニケーションを取る姿勢のある方
あいまいな状況に直面しても自ら考えアクションし、具体的な進歩を遂げられる方


職種 / 募集ポジション アルゴリズムエンジニア (機械学習エンジニア/データサイエンティスト)【AI Solution】 雇用形態 正社員 給与 年収 600万円 〜 1400万円 給与については、基本給＋賞与（年2回：10月、4月 ※現金支給）となります。 具体的な給与は、グレードによって異なりますが、新たに入社される方には、面接内での評価や現年収をもとにオファーの金額を提示しています。 勤務地


113-0033 東京都文京区本郷 1-28-10 本郷TKビル 地図で確認 


リモートワークと出社がハイブリッドとなります。 待遇/福利厚生 【保険】 ・各種社会保険完備 ※関東ITソフトウェア健康保険組合 【休暇】 ・完全週休2日制（祝祭日、年末年始 等） ・有給休暇(年間20日支給) ・入社日が4-9月で7日間、10-3月で15日間を初期から付与 ・その後、期をまたぐと20日追加 ・夏季休暇、慶弔休暇、育児休暇、介護休暇 【諸手当】 ・通勤交通費支給（上限あり） ・住宅手当支給（指定条件あり） ・インフルエンザなどの予防接種無料 【福利厚生】 ・フリードリンク（コーヒー、レッドブルなどの飲料水） ・フリーアドレスの広いカフェスペース ・オフィスコンビニ ・書籍購入補助制度 ・部活動制度 ・ワーケーション開発合宿 ・社内勉強会 ・オフィス内禁煙（喫煙室あり） など 会社情報 会社名 株式会社PKSHA Technology


Apply Now",https://www.linkedin.com/jobs/view/4244371131/?eBP=NOT_ELIGIBLE_FOR_CHARGING&refId=0gwmz40Ke%2B4gqF9yaqitlA%3D%3D&trackingId=8AmhnoLLdP8nGUN%2Bd8BqJQ%3D%3D&trk=flagship3_search_srp_jobs,Progammer,Indonesia,['r'],1,2026-05-05T02:50:07.719352
4332554777,Junior Programmer,PKF Hadiwinata,"Jakarta, Jakarta, Indonesia (On-site)","About the job

Home Careers Junior Programmer

Other Opportunities


 Junior Auditor 
 Audit Supervisor 
 Senior Auditor 


Have a question?

Junior Programmer

Department

Information Technology

Location

Jakarta

Requirements:

About the position


 Minimum D3/S1 Information Technology
 Understand Relational Database Management System (RDBMS) concepts
 Proficiency in programming MySql, SQL, Knack
 Strong knowledge with PHP, Python, dan Javascript


download

Junior Programmer

Department

Information Technology

Location

Jakarta

Requirements:


 Minimum D3/S1 Information Technology
 Understand Relational Database Management System (RDBMS) concepts
 Proficiency in programming MySql, SQL, Knack
 Strong knowledge with PHP, Python, dan Javascript


download",https://www.linkedin.com/jobs/view/4332554777/?eBP=NOT_ELIGIBLE_FOR_CHARGING&refId=0gwmz40Ke%2B4gqF9yaqitlA%3D%3D&trackingId=gY88wRuR0hXyOByb3kfuNA%3D%3D&trk=flagship3_search_srp_jobs,Progammer,Indonesia,"['mysql', 'java', 'r', 'python', 'javascript', 'php', 'sql']",7,2026-05-05T02:50:12.429940
4341799754,Dev Ops Engineer,PT DAYA CIPTA MANDIRI SOLUSI,"Central Jakarta, Jakarta, Indonesia (On-site)","About the job
This job is sourced from a job board. Learn More

Requirements

Technical Skills:

Scripting Languages: Python, Bash, PowerShell.

Cloud Technologies: AWS, Azure, GCP.

Containerization: Docker, Kubernetes.

Databases: SQL, NoSQL.

Version Control: Git.

Operating Systems: Linux, Windows.

Monitoring Tools: Prometheus, Grafana, ELK Stack.

Automation Tools: Ansible, Terraform, Chef, Puppet.

Soft Skills

Problem-solving: Ability to identify and resolve technical issues.

Communication: Ability to clearly communicate technical information to both technical and non-technical audiences.

Collaboration: Ability to work effectively with cross-functional teams.

Adaptability: Ability to learn and adapt to new technologies and processes.

Responsibilities

Core Responsibilities:

Automation And Scripting

Automate tasks like deployment, testing, and infrastructure management using scripting languages (e.g., Python, Bash, PowerShell).

Continuous Integration And Continuous Delivery (CI/CD)

Implement and maintain CI/CD pipelines for faster and more reliable software releases.

Infrastructure As Code (IaC)

Manage infrastructure using code, ensuring consistency and repeatability.

Containerization And Orchestration

Utilize containerization technologies (e.g., Docker) and orchestration platforms (e.g., Kubernetes) for efficient application deployment and management.

Monitoring And Alerting

Implement and maintain monitoring systems to track application and infrastructure performance, and set up alerts for potential issues.

Troubleshooting And Problem Solving

Identify and resolve technical issues in a timely manner, performing root cause analysis.

Collaboration And Communication

Work closely with development, operations, and other teams to ensure smooth software delivery processes.

Configuration Management

Manage and maintain configurations across different environments, ensuring consistency and repeatability.

Version Control

Utilize version control systems (e.g., Git) to manage code and track changes.",https://www.linkedin.com/jobs/view/4341799754/?eBP=NOT_ELIGIBLE_FOR_CHARGING&refId=0gwmz40Ke%2B4gqF9yaqitlA%3D%3D&trackingId=wWKS3kD%2FvRlaLQMXFA7DTw%3D%3D&trk=flagship3_search_srp_jobs,Progammer,Indonesia,"['gcp', 'linux', 'azure', 'bash', 'docker', 'r', 'python', 'git', 'aws', 'sql', 'kubernetes']",11,2026-05-05T02:50:17.120650
4285498903,Go Developer,Vodjo,Greater Bandung (On-site),"About the job

We Are Hiring

Go Developer

Vodjo is currently seeking a Go Developer that is responsible for writing server-side web application logic, developing backend components, connecting the application with the other (often third-party) web services, and supporting the frontend developers by integrating their work with the application.

Required Skills


Go frameworks such as Gin, Beego, Go kit, etc.
Understanding the nature of asynchronous programming and its quirks and workarounds.
Basic understanding of front-end technologies, such as HTML5, and CSS3.
Integration of multiple data sources and databases into one system.
Understanding fundamental design principles behind a scalable application.
Creating database schemas that represent and support business processes.
Experience developing backend services and RESTful APIs.
Proficient understanding of code versioning tools, such as Git.


Desired Skills


Understanding accessibility and security compliance.
Implementing automated testing platforms and unit tests.
Development experience in Unix or Linux operating environments.
Ability to work in an agile environment.
Comfort maintaining live production systems.",https://www.linkedin.com/jobs/view/4285498903/?eBP=NOT_ELIGIBLE_FOR_CHARGING&refId=0gwmz40Ke%2B4gqF9yaqitlA%3D%3D&trackingId=kriyDdeDFupQ0t3%2FDnQxxA%3D%3D&trk=flagship3_search_srp_jobs,Progammer,Indonesia,"['linux', 'agile', 'r', 'git', 'scala']",5,2026-05-05T02:50:21.789399
4367480750,"Junior Software Engineer, Treasury",StraitsX,"Jakarta, Jakarta, Indonesia (Hybrid)","About the job

About the Team

We are looking for Software Engineers who want to go beyond just writing code — engineers who want to shape the backbone of modern fintech.

In Treasury and Financial Systems, every line of code you write directly impacts financial accuracy, liquidity, and trust. You'll design and maintain systems that power reporting, reconciliation, and automation — the unseen yet critical infrastructure that keeps digital finance running smoothly.

It's an opportunity to work at the intersection of engineering, finance, and operations. You'll collaborate with Operations, Finance, and Compliance, taking ownership of projects end-to-end, and learning how technology safeguards hundreds of millions in financial flows.

What You Will Do


Build reporting platforms that ensure compliance and precision. You'll learn how to design systems where accuracy is paramount.
Develop dashboards and monitoring systems that track and reconcile assets vs. liabilities — giving the company the confidence to scale products backed by real liquidity.
Build automated reconciliation systems — the foundation of every fintech. You'll learn how to detect, investigate, and resolve mismatches across internal and external financial systems.
Create systems that take manual accounting work off the table by automatically generating journal and ledger entries into ERP and treasury platforms.
Work closely with Finance, Treasury, Data, and Compliance to transform domain-heavy requirements into elegant, scalable technical solutions.
Implement real-time monitoring and anomaly detection for treasury operations — so issues are caught before they become problems.


What We're Looking For


1 year of software engineering experience, fresh graduated are welcome to apply
Proficiency in Ruby on Rails or Golang (both is a big plus).
Strong data analysis skills: BigQuery, SQL optimization, dbt, and familiarity with OLTP/OLAP tradeoffs.
SQL and database design expertise.
Experience building and consuming RESTful APIs, ideally in a microservices architecture.
Proficiency in CI/CD pipelines and Git workflows.
Strong English communication skills, both written and spoken.
Bonus: familiarity with Agile, fintech, or financial systems.


What You Will Gain


Deep domain expertise — You'll learn how financial systems really work under the hood: reconciliations, liquidity, compliance, and reporting.
High ownership environment — You won't be a cog in the machine. You'll drive projects that directly influence how money moves across products and markets.
Cross-disciplinary learning — You'll partner with Finance, Treasury, and Compliance teams, giving you rare exposure outside the typical software silo.
Impact at scale — The systems you build safeguard trust in financial products used across Southeast Asia.


Nice to Haves


Experience integrating ERP finance modules.
Experience with digital wallets, bank payment rails, or blockchain.
Knowledge of financial audit and reporting principles.",https://www.linkedin.com/jobs/view/4367480750/?eBP=NOT_ELIGIBLE_FOR_CHARGING&refId=0gwmz40Ke%2B4gqF9yaqitlA%3D%3D&trackingId=3ON98mENbr%2FleRqswebWig%3D%3D&trk=flagship3_search_srp_jobs,Progammer,Indonesia,"['golang', 'rust', 'agile', 'r', 'git', 'sql', 'scala']",7,2026-05-05T02:50:26.470698
4296544015,Quality Asurance,Halojasa Indonesia,"Gambir, Jakarta, Indonesia (On-site)","About the job

Description

Do you have passion in Quality Assurance?

A company will issue the product only when the product has passed the test. Quality assurance will be a priority for all businesses. Therefore we will also do the same and more detail to ensure consumers receives the most perfect products as per quality standards. Therefore we would like to meet with you who can ensure that all our products have a special standard before reaching consumers. We look forward to your arrival as a Quality Assurance engineer.

What are your days like?

Basically, every day you already have a program to check all the products passed in the quality assessment standards in accordance with company policy. You should also find some potential product failures and product problems. After that, you should also be able to find solutions and design tests that are most appropriate for the product so that consumers only accept good quality products.

What can you say to your friends, about your work?

This is not a strange job and basically all businesses use Quality Assurance to ensure their products. We want you to talk that all our products have been tested and passed in quality standards. And you have an important role to determine all the tests and solutions for our products.

My Responsibilities


You have a role to check all the specification documents, technical design and all points for product quality assessment.
You should also be able to make tests, test materials, test cases and complain against the product.
You can plan test time, test schedule standard, plan and coordinate in test execution.
You are willing to use open source tools to develop and assess automated test scripts.
You can track bugs, identify problems, record problems and document all the problems with the product.
You can pass regression testing to resolved bugs.
You want and can set up a testing process for new products and old products.
You can work with product development management teams and production managers to identify problems with products and systems.
You must slaughter any debugging process.
You can find solutions for all non-compliant software and implement the solution.
You can track quality assurance metrics including for the number of defects and other assessments.
You can work with all the up-to-date testing tools and can implement new test strategies.


Responsibilities

So, what are the requirements?


You have a role to check all the specification documents, technical design and all points for product quality assessment.
You should also be able to make tests, test materials, test cases and complain against the product.
You can plan test time, test schedule standard, plan and coordinate in test execution.
You are willing to use open source tools to develop and assess automated test scripts.
You can track bugs, identify problems, record problems and document all the problems with the product.
You can pass regression testing to resolved bugs.
You want and can set up a testing process for new products and old products.
You can work with product development management teams and production managers to identify problems with products and systems.
You must slaughter any debugging process.
You can find solutions for all non-compliant software and implement the solution.
You can track quality assurance metrics including for the number of defects and other assessments.
You can work with all the up-to-date testing tools and can implement new test strategies.


So here you are, you will not be able to enjoy this work if you do not make this important step. What is that? Create your online portfolio and send it to us as soon as possible. Give your best potential and let's join the big family of Halo Jasa team.",https://www.linkedin.com/jobs/view/4296544015/?eBP=NOT_ELIGIBLE_FOR_CHARGING&refId=0gwmz40Ke%2B4gqF9yaqitlA%3D%3D&trackingId=%2BxtmTA8NIlHdDcZm9r0EwA%3D%3D&trk=flagship3_search_srp_jobs,Progammer,Indonesia,['r'],1,2026-05-05T02:50:31.145436
3765737223,Front-end Developer (Web),Sagara Technology,"Bandung, East Java, Indonesia (On-site)","About the job

Use markup languages like HTML to create user-friendly web pages
Maintain and improve website
Optimize applications for maximum speed
Design mobile-based features
Collaborate with back-end developers and web designers to improve usability
Get feedback from, and build solutions for, users and customers
Write functional requirement documents and guides
Create quality mockups and prototypes
Help back-end developers with coding and troubleshooting
Ensure high quality graphic standards and brand consistency
Stay up-to-date on emerging technologies",https://www.linkedin.com/jobs/view/3765737223/?eBP=NOT_ELIGIBLE_FOR_CHARGING&refId=0gwmz40Ke%2B4gqF9yaqitlA%3D%3D&trackingId=oj7ExAxuTkqHTKOfADlQJA%3D%3D&trk=flagship3_search_srp_jobs,Progammer,Indonesia,['r'],1,2026-05-05T02:50:35.821436
4315169089,"Staff Software Engineer - Back End (Bangkok based, Relocation provided)",Agoda,"Bali, Indonesia (On-site)","About the job

About Agoda

At Agoda, we bridge the world through travel. Our story began in 2005, when two lifelong friends and entrepreneurs, driven by their passion for travel, launched Agoda to make it easier for everyone to explore the world.

Today, we are part of Booking Holdings [NASDAQ: BKNG], with a diverse team of over 7,000 people from 90 countries, working together in offices around the globe. Every day, we connect people to destinations and experiences, with our great deals across our millions of hotels and holiday properties, flights, and experiences worldwide.

No two days are the same at Agoda. Data and technology are at the heart of our culture, fueling our curiosity and innovation. If you’re ready to begin your best journey and help build travel for the world, join us.

Get to Know our Team 

In Agoda’s Back-End Engineering department, we build scalable, fault-tolerant systems and APIs that host our core business logic. Our systems cover all major areas of our business: inventory and pricing, product information, customer data, communications, partner data, booking systems, payments, and more. We employ state-of-the-art CI/CD and testing techniques to ensure everything works without downtime. Our systems are self-healing, responding gracefully to extreme loads or unexpected input. We use modern languages like Kotlin and Scala, Data technologies Kafka, Spark, MLflow, Kubeflow, VastStorage, StarRocks and agile development practices. Most importantly, we hire great people from around the world and empower them to be successful.

The Opportunity 

Agoda Platform team is looking for developers to work on mission-critical systems that serve millions of users daily. You will have the chance to work on innovative projects, using cutting-edge technologies, and make a significant impact on our business and the travel industry.

What You’ll Need To Succeed


10+ years of experience developing performance-critical applications in a production environment using Scala, Java, Kotlin, C#, Go or relevant modern programming languages. 
Strong RDBMS knowledge (SQL Server, Oracle, MySQL, or other). 
Ability to direct significant company-wide projects and sets technical vision. 
Good command of the English language. 
Deeply involved in making architectural decisions, setting the standard and direction for the team. 
Implement advanced CI/CD pipelines and robust testing strategies to ensure seamless integration, deployment, and high code quality. 
Passion for software development and continuous improvement of your knowledge and skills. 


It’s Great if You Have


Knowledge in NoSQL, Queueing systems (Kafka, RabbitMQ, ActiveMQ, MSMQ), and Play framework. 


This position is based in Bangkok, Thailand (Relocation Provided)

#Bangkok #Berlin #Delhi #NewDelhi #Vancouver #Bengaluru #Hyderabad #Gurgaon #Jakarta #Johannesburg #Bali #Toronto #London #Amsterdam #oslo #Pune #Chennai #Singapore #Bangladesh

#IT #ENG #5

Please review our Hiring Process Guidelines before your interview — click here to learn how interviewing at Agoda works.

Discover More About Working At Agoda


Agoda Careers https://careersatagoda.com
Facebook https://www.facebook.com/agodacareers/
LinkedIn https://www.linkedin.com/company/agoda
YouTube https://www.youtube.com/agodalife


Equal Opportunity Employer 

At Agoda, we pride ourselves on being a company represented by people of all different backgrounds and orientations. We prioritize attracting diverse talent and cultivating an inclusive environment that encourages collaboration and innovation. Employment at Agoda is based solely on a person’s merit and qualifications. We are committed to providing equal employment opportunity regardless of sex, age, race, color, national origin, religion, marital status, pregnancy, sexual orientation, gender identity, disability, citizenship, veteran or military status, and other legally protected characteristics.

We will keep your application on file so that we can consider you for future vacancies and you can always ask to have your details removed from the file. For more details please read our privacy policy.

Disclaimer

We do not accept any terms or conditions, nor do we recognize any agency’s representation of a candidate, from unsolicited third-party or agency submissions. If we receive unsolicited or speculative CVs, we reserve the right to contact and hire the candidate directly without any obligation to pay a recruitment fee.",https://www.linkedin.com/jobs/view/4315169089/?eBP=CwEAAAGd9IgYJENUjYjSmHG1c_zKLnYxH6EDVIsiT2SwRAiI858Htif1jWanSZmYWz8kES-Lf4F6sUo-5GSvmoLjPG_ibteUqRMB2StMtPlk0R6B2S1K8l3bRUYNemdQ_Jx76UeYhTPftJtj9Up-b8ZntiZz4qU5hgbHsiMFLv52-aH1_BjfJpp57jUTg8Ohy47MkdYWsqDxAfttMb9SnT3Eh7Cypf9RZobSGUjRA87bo86IXuR5-p1upS6xLHV1ngkRz3zN1Q_V_vNdCbtOH7E0eWzGGFzBogVjrcNxmFeC40Lal0tah3Dv-G4c9m7Q30EFav-4FX07N2K9dXis6wJzxq41G0voBYBRdAQ5e-_0pnZ_upGl0WtON0sF7wYBWw3sukkQ8Yz2YdNOYrrN5d769r3ehZjBONpsiJEcVBeSQQfUnwlQV2wq1S7dDho-UXG5j7qgm3DeWjzihl_JaFCBJtGTA6BWAEwCRhaHXgBIYbh8Bg&refId=0gwmz40Ke%2B4gqF9yaqitlA%3D%3D&trackingId=XMYs%2BjwBNxsNNy8I2FFeDQ%3D%3D&trk=flagship3_search_srp_jobs,Progammer,Indonesia,"['spark', 'mysql', 'c#', 'agile', 'java', 'r', 'kotlin', 'kafka', 'ios', 'sql', 'scala']",11,2026-05-05T02:50:40.509866
4408623919,"Data Engineer, Business Intelligence",Shopee,"Jakarta, Indonesia (On-site)","About the job

Job Description


Work closely with Data PM, Business Intelligence Analyst & other Engineers to turn data into information that can be used to make sound business decisions
Design and develop data marts and data warehouses that support business intelligence and data analytics initiatives.
Develop and implement best practices for data management, including data quality, data security, and data privacy.
Handle end to end data pipelines from multiple sources internally and externally and ensure its performance & scalability as Single Source of Truth
Adhere to software development best practices, including test-driven development.


Requirements


Master's or bachelor degree in Computer Science/ Information Systems or any related fields
Expert in SQL, Spark, HDFS, and other data processing tools
Expert in Object Oriented & Functional Programming (preferably Python / Scala)
Experience in UNIX environment
Proficient in data modeling concepts (preferably Kimball’s versions), batch processing and lambda architecture
Proficient in Software Development Life Cycle (SDLC) including code version control, test driven development and technical documentation
Excellent communication & collaboration skills
Analytical & data driven and have high curiosity with data
Ability to work in a fast-paced, dynamic environment",https://www.linkedin.com/jobs/view/4408623919/?eBP=CwEAAAGd9IgYJDAPt65qWPT2lLfch2F7jKU2A7a_htuwx1gb8_t4E-3wSjkjxFZWvp2ivIKlCFZtmA1pmDW6FfBccdaoivDm9CyowPJyPuZJ-NCWHmLpXZEvTnT8Qf4xPgD7Iz1SQZgEx670QQFr1jgOdvyKiq6S940heQfeRS4RShaGeoZUIj5jBApCdgdY416LhRK-FEVZUust3vClU0-X81FASjxYZuz0udAG72Nfp7aRYPwyg_uHzaoevjrz6oS_wATZo1hQovnNsIqA7BpUDaBgKdiCS-ehZE2fO52sWA3laxay-HGJ2g0Ktdt82kHMTZ3frBwKa4v29gybX3bz2suTI_yj6V-PSV-qzwUigo4GZ7RsAoWYbDMGFs5rgVhVrV8vP8t2hjOQtlW_EDudtvkdLZrouk0uJi3ZbzX5Z0r1fGHkmzLDRRwVPRO1dMAauxkSnXDuOTUTlwgs&refId=0gwmz40Ke%2B4gqF9yaqitlA%3D%3D&trackingId=iOU7du3OA0PN37AUfOqr2w%3D%3D&trk=flagship3_search_srp_jobs,Progammer,Indonesia,"['spark', 'r', 'python', 'ios', 'sql', 'scala']",6,2026-05-05T02:50:45.194959
4398713818,Programmer (Project Based),Lintasarta,"Jakarta, Indonesia (On-site)","About the job

Qualifications:




Education: Bachelor's degree in computer science, software engineering, or information technology is standard, but an associate degree or coding bootcamp certification can suffice for some roles.
Programming Languages: Proficiency in at least one key language such as REST API, Java, Kafka, Microservices, Application framework.
Data Structures and Algorithms: Understanding of how to structure data and create efficient algorithms.
Database Management: Knowledge of SQL and database manipulation.
Development Tools: Familiarity with version control systems (e.g., Git) and operating systems like Linux",https://www.linkedin.com/jobs/view/4398713818/?eBP=BUDGET_EXHAUSTED_JOB&refId=0gwmz40Ke%2B4gqF9yaqitlA%3D%3D&trackingId=%2FPPQzUhCYjd8v%2B1Lr2julQ%3D%3D&trk=flagship3_search_srp_jobs,Progammer,Indonesia,"['linux', 'java', 'r', 'git', 'kafka', 'sql']",6,2026-05-05T02:50:49.866025
4409892932,Gen AI Engineer,AssistX Enterprise,"Gambir, Jakarta, Indonesia (On-site)","About the job

Pendidikan

Jenjang pendidikan: S1.

Jurusan: Computer Science Education, Artificial Intelligence Specialization, Data Science, Computer Science, Statistika.

Persyaratan Dokumen


 Portfolio
 Dokumen Lainnya
 CV
 KTP
 Transkrip Nilai
 Ijazah/Surat Keterangan Lulus (bagi Fresh Graduate)


Tanggal penting

Penutupan lamaran : 29 Mei 2026

Rincian Lowongan

Main Responsibilities


Design, develop, and deploy cutting edge AI models for NLP/ computer vision/ Generative AI/ multimodal tasks. 
Work with a team of engineers and scientists to develop and implement AI solution for enterprise applications. 
Collaborate with other teams to integrate AI solutions into our products and services. 
Stay up-to-date on the latest research advances in GenAI. 


Required Qualifications


Bachelor’s/Master’s degree in Computer Science, Artificial Intelligence, or a related field. 
Min 2+ years of experience machine learning with exposure to all stages ML model development. 
Strong programming skills in Python/C++, Strong coding ethics. 
Experience with deep learning frameworks such PyTorch/TensorFlow. 
Experience with CV/NLP libraries such as LangChain, LlamaIndex, LangGraph, dspy, Ragatouille, ragas, OpenCV, Scikit-Image. 
Experience with Advanced RAG, Vector Indexing and Vector DBs (LlamaIndex/FAISS, Chroma). 
Experience with cloud computing platforms such as AWS, Azure, or GCP. 
Excellent problem-solving and analytical skills. 
Ability to work independently and as part of a team. 


Bonus Qualifications


Experience with deploying AI models to cloud/embedded devices. 
Experience in machine learning model performance evaluation and optimization on edge devices. 
Research Writing/Publishing. 
Knowledge of DevOps/MLOps. 
Knowledge of Annotation Tools/Platforms.",https://www.linkedin.com/jobs/view/4409892932/?eBP=NOT_ELIGIBLE_FOR_CHARGING&refId=0gwmz40Ke%2B4gqF9yaqitlA%3D%3D&trackingId=WylifR1cVZP5I%2FklG%2BjNWA%3D%3D&trk=flagship3_search_srp_jobs,Progammer,Indonesia,"['pytorch', 'gcp', 'azure', 'r', 'python', 'aws', 'tensorflow', 'c++']",8,2026-05-05T02:50:54.552207
4401396916,Golang Developer,Bumi Amartha Teknologi Mandiri,"Jakarta, Jakarta, Indonesia (On-site)","About the job
This job is sourced from a job board. Learn More

Develop, enhance, and maintain backend services and APIs using Golang.
Design and implement scalable, secure, and high-performance systems.
Collaborate with frontend, DevOps, QA, and product teams to deliver reliable solutions.
Design and optimize database structures (SQL & NoSQL) to ensure data integrity and performance.
Implement unit testing to ensure code quality and system stability.
Apply clean architecture principles and best practices in software development.
Troubleshoot, debug, and resolve production issues efficiently.
Participate in code reviews and contribute to continuous improvement of development standards.


Minimum Qualifications


Bachelor's degree of Computer Science or related field
5 years of experience as a Backend Developer using Golang
Strong proficiency in Golang programming.
Solid understanding of SQL and NoSQL databases (e.g., MySQL, PostgreSQL, MongoDB, etc.).
Experience implementing unit testing and applying clean architecture principles.
Familiar with RESTful API development and microservices architecture is a plus.
Experience in banking industry or large-scale startups is an advantage.
Willing to work in Banking Industry.
Strong problem-solving skills and ability to work in a fast-paced environment.
Good communication and teamwork skills.
Available to join immediately",https://www.linkedin.com/jobs/view/4401396916/?eBP=NOT_ELIGIBLE_FOR_CHARGING&refId=0gwmz40Ke%2B4gqF9yaqitlA%3D%3D&trackingId=qjg7uMq5VBPi9G3%2BCX713g%3D%3D&trk=flagship3_search_srp_jobs,Progammer,Indonesia,"['mongodb', 'mysql', 'golang', 'r', 'sql', 'postgresql', 'scala']",7,2026-05-05T02:50:59.242542
4406244539,Quality Assurance Engineer,Luxehouze,"Gambir, Jakarta, Indonesia (On-site)","About the job

Quality Assurance Engineer is responsible for supporting the QA team in ensuring software quality through manual and automated testing. This role will execute test cases, identify and document defects, perform regression testing, and collaborate with developers and product teams to ensure stable and high-quality releases. The position also supports test automation initiatives to improve testing efficiency and coverage.

This position is expected to be able to champion automation testing culture in the engineering and QA team as well.

Responsibilities:


 Execute manual test cases for web applications.
 Create, review, and maintain test cases and test scenarios based on business requirements.
 Perform functional, regression, and smoke testing before each release.
 Identify, document, and track bugs using defect management tool.
 Collaborate closely with Product, Design, and Business stakeholders to clarify requirements and reproduce issues.
 Support test automation activities to improve test coverage and efficiency.
 Validate API responses and system integrations when required.
 Ensure application quality meets acceptance criteria before production release.
 Assist in UAT preparation and support deployment validation.
 Contribute to continuous improvement of QA processes and documentation.



Requirement & Qualifications:


 Bachelor's degree in Computer Science, Information Technology, Software Engineering, or related filed.
 3-6 years of experience in software testing (fresh graduates are welcome to apply).
 Basic understanding of Software Development Life Cycle (SDLC) and Software Testing Life Cycle (STLC).
 Familiar with manual testing concepts (functional, regression, smoke testing).
 Ability to create and document test cases and test scenarios clearly.
 Experience working in Agile/Scrum environments.
 Knowledge of performance or load testing tools is a plus.
 Familiarity with cross-browser and responsive testing (desktop & mobile).
 Basic knowledge of bug tracking tools (e.g., Jira, Trello, Azure DevOps, etc.).
 Understanding of web application structure (frontend, backend, API).
 Understanding of database basics and ability to perform simple queries (SQL).
 Basic knowledge of API testing (e.g., Postman) is a plus.
 Exposure to automation tools (e.g., Playwright, Selenium, Cypress) is an advantage.
 String analytical thinking and attention to detail.



Good communication and teamwork skills.


 Willingness to learn new tools and testing methodologies.",https://www.linkedin.com/jobs/view/4406244539/?eBP=NOT_ELIGIBLE_FOR_CHARGING&refId=0gwmz40Ke%2B4gqF9yaqitlA%3D%3D&trackingId=5rAOpqFkvOUFjlf3Q9bUyQ%3D%3D&trk=flagship3_search_srp_jobs,Progammer,Indonesia,"['agile', 'azure', 'scrum', 'r', 'ios', 'sql']",6,2026-05-05T02:51:03.919972
4379633757,Backend Engineer - Python (SDE 1),Kredivo Group,Jakarta Metropolitan Area (On-site),"About the job

About The Job


Design and implement product features and functionality for various FinAccel/ Kredivo sites and services
Work with the Product, Business, and Sales teams to gather and understand requirements and deliver scalable solutions
Write high quality, maintainable code
Own parts of the system and continuously work to improve them in an agile environment.
Benchmarking, load testing, diagnosing problems and helping create solutions
Research and implement modern frameworks and technologies for back-end systems
Participate in design discussions, reviews and propose/implement solutions to technical problems and challenges


About You


B.S, M.S, and/or PhD in Computer Science or equivalent
2+ years of working experience in the Software industry
Well versed with Object Oriented Programming concepts
Strong understanding of Data Structures, Algorithms, and Computer Science fundamentals
Strong logical and innovative thinking, troubleshooting skills and diagnostic intuition, able to assess the business needs and reflect the value into the product design
Experience working on one of follow programming language: Python, Java or C++
Good understanding of microservices architecture
Proficient in HTTP, Web Services, OAuth and Restful APIs
Familiar with Linux environment
Experience working with cloud based systems and infrastructure services such as AWS, GCP, etc is a plus
Good Communication skills
Ability to work well in a team with a positive attitude
Strong attention to details",https://www.linkedin.com/jobs/view/4379633757/?eBP=CwEAAAGd9IgYJIIQFJEdIHmqdDG0bQfsrRGsYmyJwBDVfL4INoAJUw2752VYzJ1RbSRv_c9-GTXEgqDh-CtOECiLcA0j_iwLyobs1zl0eI6MQcQj4WquhIQKXQqIIZQKDFY6-FwKRtZHboCeLw4jNAk8lqEMjSOsKAf_sNyw1eMeTqRyMT1JaQT67xhcLmaKQtS3iQEwTRCU4kVPFpphIKm0J9GZyWrYxmZkJ0WCoZVPUb942Ps64qrgi96qPqgPPSC2XbL3sofp2uJIplwMqtIjZ2xG42uH7wQUZ8vaMc39_-Rffd4A1DzNOBXAU2-gfoKHJ9rQygbys-hqs1jrYu5r4BOHUPW1q0snRsnVA0PEHT-xt6RGUMgM1pkPPy3julqtGAPpuOfsTc9r_hsDZVnDDLRXX0wWLuIxwHkLcnvEeQc9DLJ-5cabyqGJUzW2GCREkuArYjEzvAGyHg&refId=0gwmz40Ke%2B4gqF9yaqitlA%3D%3D&trackingId=lTZk0t%2FXiT4rV3sA3kBlMQ%3D%3D&trk=flagship3_search_srp_jobs,Progammer,Indonesia,"['gcp', 'linux', 'agile', 'java', 'r', 'python', 'aws', 'scala', 'c++']",9,2026-05-05T02:51:08.611395
4408216332,Associate Software Engineer - RA,Axiata Digital Labs,"Jakarta, Jakarta, Indonesia (On-site)","About the job

Key Responsibilities


Follow best coding practices defined by software management
Follow secured coding practices defined by OWASAP
Unit testing (TDD preferred)
Bug fixing
Code improvements
Participating in System Integration Testing
Follow Technical Documentation
Follow Agile process
On-time delivery
Clear visibility, communication and escalation of road blockers



Person Specifications


Bachelor's degree in Computer Science, Software Engineering, or related field or BSc equivalent qualification with 1+ year(s) experience 
Ability to write code at least in one programming language
Analytical, problem-solving, teamwork and communication skills
Understanding of programming fundamentals and concepts
Algorithm knowledge and ability code using at lease one programming language
Interest and ability to learn other coding languages as needed
Understanding of DBMSs
Understanding on Scrum and Agile practices



Vendor submissions - 07 months",https://www.linkedin.com/jobs/view/4408216332/?eBP=NOT_ELIGIBLE_FOR_CHARGING&refId=0gwmz40Ke%2B4gqF9yaqitlA%3D%3D&trackingId=yD0%2BxT%2Ficili1C7JxKnkcA%3D%3D&trk=flagship3_search_srp_jobs,Progammer,Indonesia,"['agile', 'scrum', 'r', 'scala']",4,2026-05-05T02:51:13.290058
4408594862,AI Red Team Tester,Alignerr,Indonesia (Remote),"About the job

About The Role

What if your curiosity and creative thinking could make AI safer for everyone? We're looking for AI Red Team Testers to challenge cutting-edge AI models — probing for weaknesses, exposing blind spots, and helping research teams build systems that are more reliable, fair, and safe.

This is a fully remote, flexible contract role open to sharp, imaginative thinkers from any background. No cybersecurity or technical experience required — just a knack for thinking differently and asking uncomfortable questions.


Organization: Alignerr
Type: Hourly Contract
Location: Remote
Commitment: 10–40 hours/week


What You'll Do


Design creative prompts, scenarios, and conversational strategies to probe AI model weaknesses
Attempt to elicit incorrect, unsafe, biased, or otherwise problematic outputs from AI systems
Document failure modes with clear, reproducible steps and structured observations
Rate the severity and potential impact of discovered issues
Collaborate asynchronously with AI safety and research teams to improve model quality
Explore edge cases across a wide range of topics, tones, and contexts


Who You Are


Naturally curious — you enjoy puzzles, lateral thinking, and finding the unexpected
Comfortable thinking adversarially and approaching problems from unconventional angles
Strong written communicator who can explain findings clearly and precisely
Systematic and detail-oriented in documenting your work
Self-motivated and reliable when working independently
No hacking, security, or AI background required


Nice to Have


Experience in creative writing, philosophy, journalism, or critical analysis
Familiarity with AI tools, chatbots, or language models as an end user
Background in ethics, psychology, or social science
Prior experience in quality assurance or structured testing


Why Join Us


Work on real AI safety projects alongside leading research labs
Fully remote and flexible — work on your own schedule, from anywhere
Freelance autonomy with meaningful, intellectually stimulating task-based work
Contribute to AI development that has a genuine impact on how safely and responsibly these systems operate
Potential for ongoing work and contract extension as new projects launch",https://www.linkedin.com/jobs/view/4408594862/?eBP=NOT_ELIGIBLE_FOR_CHARGING&refId=0gwmz40Ke%2B4gqF9yaqitlA%3D%3D&trackingId=%2F5b0OHlxQvXpxTifj7KQ4A%3D%3D&trk=flagship3_search_srp_jobs,Progammer,Indonesia,"['r', 'ios']",2,2026-05-05T02:51:17.981516
4408735866,Business Intelligence - Engineer,Monee,"Jakarta, Indonesia (On-site)","About the job

Job Description


Design, develop, and deploy AI agent workflows for use cases that require engineering support, including tool integrations, API connections, and RAG pipelines
Maintain shared infrastructure that multiple teams can reuse, such as LLM API access, vector databases, and prompt templates
Help individual teams build their own AI automations by providing technical direction, code templates, and troubleshooting support
Handle complex integrations — connect AI tools to backend systems, internal APIs, and regional platforms that individual teams cannot access independently
Optimize for efficiency — manage LLM costs, monitor system performance, and ensure reliability of deployed agents
Document what you build so others can maintain, reuse, and build on top of it
Support AI adoption — help teams across the company integrate AI into daily workflows and make it easy and accessible
Optimize data pipelines and table structures to improve query performance and reduce resource costs
Monitor and maintain data infrastructure health — identify inefficiencies, resolve bottlenecks, and ensure reliability for downstream BI reporting


Requirements


2+ years of engineering experience in AI/ML systems, backend development, or automation — or fresh graduates with strong fundamentals and genuine hunger to learn
AI/LLM fundamentals — working knowledge of LLM frameworks (LangChain, LangGraph, or similar), prompt engineering, and RAG systems
Python proficiency — comfortable building and deploying Python-based tools, APIs, and automation scripts
API and integration skills — experience connecting systems via APIs, handling data pipelines, working with third-party services, and scraping data from various sources
Builder mentality — able to ship working prototypes quickly, iterate based on feedback, and take projects from idea to production
Communication skills — able to explain technical concepts simply to non-technical business stakeholders
Self-starter — comfortable working with ambiguity, owning initiatives independently, and collaborating across teams
Strong SQL knowledge — able to write complex queries, optimize table structures, and understand how data flows across pipelines


Nice To Have


Experience with observability tools and production monitoring for AI systems
Familiarity with vector databases (Pinecone, ChromaDB, or similar)",https://www.linkedin.com/jobs/view/4408735866/?eBP=NOT_ELIGIBLE_FOR_CHARGING&refId=0gwmz40Ke%2B4gqF9yaqitlA%3D%3D&trackingId=XDeucXo5jAZG9BLTFR1CxQ%3D%3D&trk=flagship3_search_srp_jobs,Progammer,Indonesia,"['r', 'python', 'sql']",3,2026-05-05T02:51:22.679741
4405095274,Software Engineer (C++),Formulatrix Indonesia,"Central Java, Indonesia (On-site)","About the job

About the role

We are looking for an experienced Software Engineer to join our team at Formulatrix Indonesia, a leading technology company based in Salatiga, Central Java. In this full-time role, you will play a crucial part in the development and implementation of cutting-edge software solutions that power our innovative products.




What you'll be doing

Design, develop, and maintain high-quality, scalable software applications and systems.
Collaborate with cross-functional teams to understand business requirements and translate them into technical solutions.
Write clean, efficient, and well-documented code following the latest software engineering best practices.
Identify and resolve complex technical issues, bugs, and bottlenecks.
Contribute to the continuous improvement of our software development processes and tools.




What we're looking for

Bachelor’s degree in Computer Science, Information Technology, Electronics Engineering, or equivalent practical experience.
At least 1 year of experience as a Software Engineer or Developer, preferably in a similar role.
Strong proficiency in at least one object-oriented programming language (C#, C++, Python, Java, or similar).
Solid understanding of object-oriented programming, software architecture, and design patterns.
Experience with the full software development lifecycle.
Familiarity with unit testing, debugging, and version control systems.
Good understanding of software performance, scalability, and maintainability.
Willing to work in Salatiga / Semarang (depending on placement).




Soft skills:

Strong analytical and problem-solving skills.
Curious, proactive, and eager to learn new technologies.
Highly motivated and a strong team player.
Clear and effective communication skills in English.
Detail-oriented with the ability to adapt and prioritize in a fast-paced R&D environment.




Nice to have:

Hands-on experience with robotics hardware, troubleshooting, and system debugging.
Hands-on experience developing robotics systems, including kinematics, control, and path planning.
Experience building and deploying neural networks for computer vision.
Strong knowledge of computer vision algorithms, optics, imaging systems, and familiarity with ML/CV frameworks (TensorFlow, PyTorch, OpenCV).
Proficient in Linux on SBCs (NVIDIA Jetson, Raspberry Pi) with a strong interest in research and emerging technologies.
Preferably an Electronics Engineering background",https://www.linkedin.com/jobs/view/4405095274/?eBP=BUDGET_EXHAUSTED_JOB&refId=0gwmz40Ke%2B4gqF9yaqitlA%3D%3D&trackingId=HwsdZnHH0VpVnWCN1q%2FEiA%3D%3D&trk=flagship3_search_srp_jobs,Progammer,Indonesia,"['pytorch', 'c#', 'linux', 'java', 'r', 'python', 'tensorflow', 'scala', 'c++']",9,2026-05-05T02:51:27.368468
4400710749,Software Engineer - Python & Go | $80/hr Remote,Crossing Hurdles,Indonesia (Remote),"About the job

Position: Python + Go Developer

Type: Hourly contract

Compensation: $30 - $80/hour

Location: Remote

Commitment: 10–40 hours/week




Role Responsibilities

Develop, maintain, and optimize scalable solutions using Python and Go.
Lead codebase migrations and rewrites between Python and Go environments.
Collaborate with AI researchers and engineers to enhance training infrastructure.
Apply best practices in software development, testing, and automation.
Contribute to system architecture and cross-language integration strategies.
Participate in code reviews and mentor team members on best practices.
Communicate technical updates and document processes clearly. 




Requirements

Strong experience in Python and Go development.
Strong experience with codebase migrations and system integrations.
Ability to work independently in remote, distributed teams.
Strong understanding of software engineering best practices.
Excellent written and verbal communication skills.
Experience integrating systems across multiple technology stacks.
Strong problem-solving and technical decision-making skills. 




Application Process (Takes 20 Min)

Easy Apply on LinkedIn
Check email for next steps
Participate in resume evaluation & interview stage



Desired Skills and Experience

Software Development",https://www.linkedin.com/jobs/view/4400710749/?eBP=BUDGET_EXHAUSTED_JOB&refId=0gwmz40Ke%2B4gqF9yaqitlA%3D%3D&trackingId=lDJDwErauQFP%2ByAXtQPVPQ%3D%3D&trk=flagship3_search_srp_jobs,Progammer,Indonesia,"['r', 'python', 'scala']",3,2026-05-05T02:51:32.062938
4399821104,Dotnet Developer,PHINCON,"Jakarta, Indonesia (On-site)","About the job

Responsibilities

Participate in requirements analysis
Write clean, scalable code using .NET programming languages
Test and deploy applications and systems - Revise, update, refactor and debug code
Improve existing software
Develop documentation throughout the software development life cycle (SDLC)




Qualifications

Min. S1 graduate majoring in Information Technology Engineering/Computer Science
Minimum GPA 3.00
Have experience as a developer minimum 2 years
Have an interest in programming and software engineering
Placement in Jakarta
Mastering .NET CORE
Understand Front-end & Back-end programming/application concepts
Mastering basic SQL Statements
Understand database design concepts and techniques and be able to create ERD documentation
Familiarity with the Angular framework is a plus",https://www.linkedin.com/jobs/view/4399821104/?eBP=BUDGET_EXHAUSTED_JOB&refId=0gwmz40Ke%2B4gqF9yaqitlA%3D%3D&trackingId=FYlGIJiDjQeZLrV0bV10zQ%3D%3D&trk=flagship3_search_srp_jobs,Progammer,Indonesia,"['angular', 'r', 'sql', 'scala']",4,2026-05-05T02:51:36.748716
4367106706,QA Engineer (Digital Purchase) - Sea Labs,Sea,"Jakarta, Indonesia (On-site)","About the job

About the Team:

About Sea Labs Indonesia

Sea Labs is at the core of the Sea platforms development, supporting diverse business lines from e-commerce, supply chain, games, payment and finance, among many others. The strong growth and unique positioning of Sea's e-commerce business, Shopee, spurred the launch of Sea Labs Indonesia. Since its inception, the group of passionate engineers have charted the course to drive the best experience for our users in Indonesia, many of which solutions are even adapted to other markets in the region.

Sea's hyper-growing business scale has transformed most ""innocent"" problems into huge technical challenges, and there is no better place to experience world-class projects first-hand if you love technologies as much as we do.Together with our passionate and driven teams, you'll get to develop your skills, build on industry knowledge and collaborate with global teams in a dynamic space. Browse our Sea Labs Indonesia team openings to see how you can make an impact with us.

About The Team

The Payment team, best known for their flagship product: ShopeePay, aims to develop a mature, world-class payment platform connecting individuals and businesses within Shopee ecosystem. Beyond ShopeePay, the Team also connects with a large number of local financial institutions to serve billions of Shopee and Monee users across the different markets.

Together, we aim to reach the forefront of cashless payment technology by providing a more accessible, secure and reliable payment network that empowers individuals as well as micro, small and medium enterprises around the globe.

Job Description:

As a Quality Assurance (QA) Engineer, you will work with some of the most talented minds in the world, collaborating with fellow Developers, Product Managers, User Experience Designers and Operation Engineers to design, test and safeguard availability, performance and usability of our business-critical functionalities that delight both internal businesses and external end-users. Your main responsibility includes (but not limited to):


Test case design and planning
Functional testing via grey-box and white-box methodologies
Perform API interface testing, and API automation testing
Performance, security, and integration testing for system, module, API, and other tools
Bug analysis and tracking
Setting up and maintenance of testing environment
Development and maintenance of testing tools, automation of testing tools and scripts
Continuous improvement and research of testing process, skills, techniques, quality, and efficiency



Requirements:


Bachelor's degree or above in Computer Science or other related disciplines
More than 3 years of QA experience
Master at least one programming language, prefer golang and python
Master on popular test tools such as postman, applium, lucust,charles etc
Strong technical skills and the ability to drive and complete testing of complex systems independently
Excellent logical and analytical thinking abilities to solve various technical problems.
Strong sense of responsibility and teamwork. Proactively analyze problems and develop countermeasures to address issues faced.",https://www.linkedin.com/jobs/view/4367106706/?eBP=CwEAAAGd9IgYJMdi3SYLivkXke67UnLjIMtk0p_GVsjzW8E-Qs3sUV7cAWBrgcYm9XaSriOwFUQi-gv5faVakFH_rPC-BckOApQsawj11HAPS5SHn_EuUcIWrXT22kQli7t_wCQTjHCigxUC0lVNztBhjLmLYtGv61Jr5zvw-r8GMTh1G8mzS1Ke_V5srS3sx9dlQPYJSrEotVyys4BgWmQTt6cnmu3Yk38i99iLiNqIRS2i9xB06R4e8SilmD48q4tLyBpuERPp3gw-nLoYtCa3p9ZRT4yVJlTaZS4VEzAbG9ts2XB1uc3-LfT00GDpqIBfF-98JLvk1yu6iZ7H_IFZJXK2QNl3k9uKMsAqdVKckyjg2S-6VJ3aqW4Vg7RxPQEFUfysI5y2Vesv2BUZNSWP3U2sJLiFXOWI1WcatY4jbKJgX1PNq82OBO7sGDxvfd8SvGTh2hYxLmbpIE-rxYr9bg&refId=0gwmz40Ke%2B4gqF9yaqitlA%3D%3D&trackingId=l09JLPxuK62ufaJZj7jtVQ%3D%3D&trk=flagship3_search_srp_jobs,Progammer,Indonesia,"['golang', 'r', 'python']",3,2026-05-05T02:51:41.444126
4408352634,Ai Trainer/Data Annotator - Remote,YO IT Consulting,APJ (Remote),"About the job

Job Title: AI Evaluation Specialist

Job Type: Contractor

Location: Remote

Job Summary

As a AI Evaluation Specialist, you'll apply your expertise to help train next-generation AI systems. Your work will shape how models learn, reason, and perform through high-quality, real-world input. No prior experience in AI is required — your domain knowledge is what matters.

Key Responsibilities


Review and critically assess AI-generated outputs for quality, clarity, usability, and overall user experience.
Identify inconsistencies, weaknesses, and improvement opportunities across diverse content types and visual experiences.
Apply structured evaluation guidelines and provide insightful, nuanced feedback to inform model improvements.
Collaborate with cross-functional teams to define and refine quality standards, scoring criteria, and review processes.
Maintain high accuracy and consistency across evaluations, ensuring reliable and actionable results.
Contribute to the continuous enhancement of evaluation workflows and best practices.
Support the development of training data that enhances AI system performance and reliability.


Required Skills And Qualifications


Exceptional reading comprehension and acute attention to detail.
Strong observational skills with excellent aesthetic or editorial judgment.
Ability to think critically and deliver consistent, high-quality evaluations in ambiguous scenarios.
Excellent written and verbal communication skills.
Comfort working across various content types and evaluation guidelines.
Strong sense of ownership, reliability, and commitment to delivering high-quality work for the customer's team.
Open-minded approach to learning and quickly adapting to new workflows.


Preferred Qualifications


Background in design, UX/UI, creative direction, editing, or content strategy.
Experience reviewing creative, visual, or AI-generated content.
Familiarity with annotation, QA, moderation, or evaluation workflows, as well as working with AI tools or LLMs.


We’re seeking highly perceptive and detail-oriented trainers passionate about shaping the future of AI. Bring your refined judgment, critical thinking skills, and commitment to excellence to our customer's team and make a meaningful impact on emerging AI technologies.",https://www.linkedin.com/jobs/view/4408352634/?eBP=NOT_ELIGIBLE_FOR_CHARGING&refId=0gwmz40Ke%2B4gqF9yaqitlA%3D%3D&trackingId=cBfc7jp6vBI37ZbRfL%2BHvQ%3D%3D&trk=flagship3_search_srp_jobs,Progammer,Indonesia,"['r', 'ios']",2,2026-05-05T02:51:46.139202
4326505857,Backend Engineer (Contract-Based),Packet Systems Indonesia,"South Jakarta, Jakarta, Indonesia (Hybrid)","About the job

Requirement:

A Bachelor's or Master's degree in Computer Science, Artificial Intelligence, Machine Learning, or a related field
Possessing a solid 5 years experience in backend development; minimum of 5 years in a Backend Engineer Role and 1 years experience in Leading a Backend Team
Proficiency in backend programming languages such as Python, Golang, Javascript or C++.
Experience with AI and machine learning frameworks like TensorFlow, PyTorch, or Keras; Knowledge of database management systems, cloud platforms, and API design
Ability to know how APM works, and experienced in creating monitoring system for Application
Ability to lead a team of engineers (experience in mentoring junior engineers and overseeing their work), project management, and coordination with other departments 
Ability to solve complex technical problems, optimize algorithms, and improve system performance
Excellent written and verbal communication skills to effectively collaborate with team members and stakeholders
Ability to innovate and implement new AI technologies to improve product offerings and customer experience
Understanding of ethical considerations in AI and commitment to developing responsible AI solutions




Job Descriptions:

Lead and mentor a team of engineers, providing guidance and support
Oversee the technical aspects of backend development, ensuring high-quality code and architecture
Coordinate with other departments to ensure projects are completed on time and meet requirements
Conduct code reviews to maintain code quality and consistency
Design and implement scalable and efficient backend systems
Troubleshoot and resolve technical issues as they arise
Design and manage databases, ensuring data integrity and security
Create and maintain APIs for front-end developers and other services to interact with the backend
Test and debug applications to ensure they function correctly
Integrate third-party services and APIs into the application
Implement security measures to protect data and applications from threats
Optimize applications for maximum speed and scalability
Work closely with frontend developers, product managers, and other stakeholders to deliver cohesive solutions
Maintain comprehensive documentation for application processes and systems
Participate in code reviews to maintain code quality and knowledge-sharing with the team
Stay updated with the latest industry trends and technologies to continuously improve application systems.







Posting Code: #LI-IG1",https://www.linkedin.com/jobs/view/4326505857/?eBP=BUDGET_EXHAUSTED_JOB&refId=0gwmz40Ke%2B4gqF9yaqitlA%3D%3D&trackingId=pLPPmaH3H%2B9djL7v4xhXKg%3D%3D&trk=flagship3_search_srp_jobs,Progammer,Indonesia,"['pytorch', 'keras', 'golang', 'java', 'r', 'python', 'javascript', 'tensorflow', 'scala', 'c++']",10,2026-05-05T02:51:50.840125
4290553893,Front-End Developer Internship,cmlabs,"Malang, East Java, Indonesia (Hybrid)","About the job

DEVELOPER

JUNIOR

INTERNSHIP

Updated 2024-12-27

Copy link to share

Job Link

POSITION Front-End Developer Internship

TEAM Developer

POSITION LEVEL Junior

POSITION TYPE Internship

POSITION LOCATION Malang, Indonesia

OUTLINE


Company Description
Qualification
Job Description
Skills
Tools
Benefits
Recruitment Pipeline


Company Description

cmlabs is a brand under PT CMLABS INDONESIA DIGITAL, specializes in the SEO field, and was established in 2019. We use to stand in a new term as Software as a Service (SaaS) and located in two big cities in Indonesia, Jakarta, and Malang. This company was initiated with an idea to help companies or enterprises increase the visibility of their brand on the internet. cmlabs serve users in SEO Consultant, Content Writing, Content Marketing, and also have a product such SERPs Tracker and SEO Tools. SEO Tools are free and available for users who focus on webmaster and SEO writing. cmlabs will expand to a bigger market to present SEO product and serve SEO activities on a global scale for enterprises.

Job Description


Assisting employees in the Front-End Developer position.
Help maintain and improve the company website (including in web and search engine speed optimization)
Learn about the latest web technologies and have a good understanding
Coordinate with the whole team
Responsible for ensuring the alignment of web design and users
Optimize and enhance the company's online digital assets (Digital Marketing platforms and other cloud-based assets) for Sasana Digital
Learn about competencies in SEO, SEM, and UX/UI
Develop internal competence in online digital assessment and observe industry trends in technology and business.


Qualification


Fresh graduates and senior year students are welcome
Understand HTML, jQuery
Experience with Vanilla CSS dan Vanilla JavaScript
Experience with JS framework Laravel
Experience with fetching data from API
Understand about Gitflow and GitHub
Able to do 6 months internship


Preferred Qualification


Good skills in Javascript, PHP, CSS, HTML, React.js, Vue.js
Interested in working in a startup company
Personality Trait
Result oriented
Critical thinking
Analytical thinking
Data-Driven
Have a good endurance
Fast learned
Tend to detail
Structural


Skills

Javascript

Jquery

Laravel

SCSS

Bootstrap

Tools

Git

Company Perks

Sharing session

We want to make sure that everyone can grow in cmlabs. We are driven by the idea that knowledgeable employees are the biggest assets in the company.

Peer learning

Peer learning enables you to collaborate with your colleagues and learn new skills. Any collaboration of peers can be considered as peer learning and we believe it will narrow knowledge gaps between the employees.

Webinar

Through webinar, we can reach out to communities outside cmlabs. As we reach out to more people in professional settings, we also sharpen our skills in public speaking.

Competitive compensation

We care about our employees' financial well-being, which is why we make sure it meets their expectations.

Regular bonus and equity refresh opportunity

The more you perform well, the more bonus you will receive.

Six-month salary equity analysis and adjustment

We evaluate everyone's performance every six months to adjust and possibly raise the salary.

Hybrid Working Environment

We use hybrid work in accordance with the company's arrangement.

Flexible Working Hours

We encourage our employees to take advantage of flexible working hours. They can choose when they want to work the most during the day. This is an effective way to increase work-life balance.

Paid leave

Annual leave, sickness, and any special events are considered paid leave. We want our employees to take time off so that they can come back with other valuable opportunities.

Unpaid leave

In certain conditions, unpaid leave is granted to our employees. We make sure everyone has their rights.

Part-time

We have a part-time program that can benefit students or anyone who wants to participate in achieving our mission.

Employment insurance and health insurance

We provide comprehensive healthcare and employment insurance for a better quality of life.

Comfort office

To increase productivity, we provide a cozy office, complete with a garden and other comfortable facilities.

Breakfast and lunch

Working in a pleasant atmosphere might not be enough. You probably need something more. Food will be perfect to cheer up everyone in the office.

Sharing session

We want to make sure that everyone can grow in cmlabs. We are driven by the idea that knowledgeable employees are the biggest assets in the company.

Peer learning

Peer learning enables you to collaborate with your colleagues and learn new skills. Any collaboration of peers can be considered as peer learning and we believe it will narrow knowledge gaps between the employees.

Webinar

Through webinar, we can reach out to communities outside cmlabs. As we reach out to more people in professional settings, we also sharpen our skills in public speaking.

Competitive compensation

We care about our employees' financial well-being, which is why we make sure it meets their expectations.

Regular bonus and equity refresh opportunity

The more you perform well, the more bonus you will receive.

Six-month salary equity analysis and adjustment

We evaluate everyone's performance every six months to adjust and possibly raise the salary.

Hybrid Working Environment

We use hybrid work in accordance with the company's arrangement.

Flexible Working Hours

We encourage our employees to take advantage of flexible working hours. They can choose when they want to work the most during the day. This is an effective way to increase work-life balance.

Paid leave

Annual leave, sickness, and any special events are considered paid leave. We want our employees to take time off so that they can come back with other valuable opportunities.

Unpaid leave

In certain conditions, unpaid leave is granted to our employees. We make sure everyone has their rights.

Part-time

We have a part-time program that can benefit students or anyone who wants to participate in achieving our mission.

Employment insurance and health insurance

We provide comprehensive healthcare and employment insurance for a better quality of life.

Comfort office

To increase productivity, we provide a cozy office, complete with a garden and other comfortable facilities.

Breakfast and lunch

Working in a pleasant atmosphere might not be enough. You probably need something more. Food will be perfect to cheer up everyone in the office.

Recruitment Pipeline

Recruitment Process

Our Hiring Stages for Full-Time & Internship Roles

The recruitment stages for full-time and internship roles are the same, focusing on skills, potential, and alignment with our values.

01

Application Review

In this stage, we will assess your CV to evaluate whether or not you meet the basic qualifications and align with the company values.

02

Pre-assessment Test

Within this test, we will assess specific skills, knowledge, technical proficiency, and suitability for the role you're applying for.

03

HR Interview

In this interview, our HR will examine your background, personality, capability, strengths, and weaknesses to determine whether you are the candidate we have been looking for.

04

User Interview

In this stage, you will meet the user, who interacts closely with the position, to assess how well your technical skills and personality align with the team.

05

Final Interview & Offering

This is the last step in our selection process to make a final determination. It's likely the last interview phase before you find out whether or not you will be getting the job offer.",https://www.linkedin.com/jobs/view/4290553893/?eBP=NOT_ELIGIBLE_FOR_CHARGING&refId=61n0PBWN5folD5N57BRc1w%3D%3D&trackingId=Ts6XDZmgD3k5l6R2hx%2FEIQ%3D%3D&trk=flagship3_search_srp_jobs,Progammer,Indonesia,"['react', 'java', 'r', 'javascript', 'git', 'php', 'vue']",7,2026-05-05T02:52:08.028169
4320230758,Pengembang Java,PT Berca Hardayaperkasa,"Jakarta, Jakarta, Indonesia (On-site)","About the job
This job is sourced from a job board. Learn More

Design, develop, and implement based on document gathered system specifications
To take part in software and architectural development activities
Conduct software analysis, programming, testing, and debugging
Identifying production and non-production application issues 
Bug Fixing and make sure system running well
Working/Internship/Project experience with Flutter, Java
Fresh graduate are welcome to apply
Able to learn new technologies quickly, fast learner
Experience with mobile (android and iOS) is a plus
Familiar with Oracle, MySQL, and PostgreSQL
Strong self-motivation and the ability to work with minimal supervision
Strong verbal and written communication skills and having ability to articulate ideas to both technical and non-technical audience",https://www.linkedin.com/jobs/view/4320230758/?eBP=NOT_ELIGIBLE_FOR_CHARGING&refId=61n0PBWN5folD5N57BRc1w%3D%3D&trackingId=nbU9tNVE3iuH%2FWb60mHuFA%3D%3D&trk=flagship3_search_srp_jobs,Progammer,Indonesia,"['mysql', 'java', 'r', 'ios', 'sql', 'flutter', 'postgresql', 'android']",8,2026-05-05T02:52:12.695854
4315077043,Backend Engineer Intern,Luxehouze,"Gambir, Jakarta, Indonesia (On-site)","About the job

Responsibilities


Develop and maintain server-side logic, APIs, and database models using Golang and MongoDB
Collaborate with front-end developers to integrate APIs and improve platform performance
Participate in code reviews, debugging, and optimization tasks
Write clean, maintainable, and well-documented code
Assist in ensuring data integrity, security, and system scalability



Requirements


Bachelor’s degree in Computer Science, Software Engineering, or a related field (required)
Basic understanding of Golang (Go) and experience with RESTful API development
Familiarity with MongoDB or other NoSQL databases
Knowledge of Git/GitHub for version control
Strong problem-solving skills and eagerness to learn new technologies
Good communication and teamwork skills",https://www.linkedin.com/jobs/view/4315077043/?eBP=NOT_ELIGIBLE_FOR_CHARGING&refId=61n0PBWN5folD5N57BRc1w%3D%3D&trackingId=RKfwQAQldxtQDwTDLs8PBQ%3D%3D&trk=flagship3_search_srp_jobs,Progammer,Indonesia,"['mongodb', 'golang', 'r', 'git', 'sql', 'scala']",6,2026-05-05T02:52:17.346935
4317430481,Web Developer & Learning Management System,PT. CYBERTREND INTRABUANA,"Jakarta, Jakarta, Indonesia (On-site)","About the job

About The Role

We are SmartCyber, a member of Cybertrend, one of the leading data science consultants in Indonesia.

At CYBERTREND, we bridge the gap between education and industry. Our mission is to create an educational and training ecosystem that aligns with industry needs, producing top-tier talents ready to compete globally. As a Web Developer & Learning Management System (LMS), you will be part of the core team, contributing to building the institution towards success and accelerating your professional career through innovative web solutions and efficient learning management systems.

Your responsibilities will include developing, maintaining, and optimizing the company’s website and LMS, ensuring seamless integration with other platforms, collaborating to enhance the LMS user experience, resolving technical issues and staying updated with the latest trends and technologies.

We Are Looking Someone With


 Bachelor’s degree in Computer Science, Information Technology, or a related field. 
 Proven experience as a web developer and/or LMS manager. 
 Strong skills in web programming languages (HTML, CSS, JavaScript) and related frameworks. 
 Knowledge of Content Management Systems (CMS) and LMS platforms (e.g., Moodle, Blackboard, Canvas). 
 Strong analytical and problem-solving skills. 
 Excellent communication and collaboration abilities with various stakeholders. 


The Work You’ll Do


Web Development:
Design, develop, and maintain the institution’s or company’s website.
Use programming languages such as HTML, CSS, JavaScript, and front-end and back-end frameworks (e.g., React, Angular, Node.js, Django).
Optimize websites for performance, speed, and responsiveness across various devices.
Ensure website security against threats and privacy breaches.
LMS Management:
Manage and maintain the LMS platform, including installation, configuration, and system updates.
Create and deploy online courses, including content uploads, course module creation, and providing assessment tools (quizzes, exams, assignments).
Provide technical support to LMS users, including instructors and learners.
Track and report learner progress and performance through LMS reporting tools.
Manage user databases, including registration, roles, and permissions.
Collaboration and Support:
Collaborate with faculty and staff to understand learning needs and implement appropriate technical solutions.
Provide training and support to LMS users to ensure effective platform utilization.
Work with IT and development teams to troubleshoot technical issues and enhance the system.
Maintenance and Optimization:
Perform debugging and troubleshooting on websites and the LMS platform.
Monitor system performance and identify areas for improvement.
Stay updated with technological advancements and current

What Cybertrend Can Offer You


 The unique opportunity to work within data science and artificial intelligence solution for various industries – real world data science, AI , Data Management and Governance experiences
 Investment in your personal growth and skill development (clear career paths, mentorship and coaching, learning development, etc)
 Attractive compensation and benefits packages
 An open-minded culture with innovative, autonomous teams
 A clear set of company core values that guide everything we do: GROWTH mindset, SOLUTION oriented, INNOVATIVE achiever, COMPASSIONATE, GOTONG ROYONG and Cool & FUN",https://www.linkedin.com/jobs/view/4317430481/?eBP=NOT_ELIGIBLE_FOR_CHARGING&refId=61n0PBWN5folD5N57BRc1w%3D%3D&trackingId=LLbw4KneiiHS2EEuqdj0zg%3D%3D&trk=flagship3_search_srp_jobs,Progammer,Indonesia,"['react', 'angular', 'java', 'r', 'django', 'javascript']",6,2026-05-05T02:52:22.023421
4296062171,Android Developer,Halojasa Indonesia,"Gambir, Jakarta, Indonesia (On-site)","About the job

Description

Responsibilities

So, what are the requirements?


Willing to communicate well and cooperate with all team members.
Has graduated from IT major from reputable university.
Understand the service system with Android and related field.
Understand and have expertise with Java and the Android SDK.
Understand in MVP and / or MVVM
Already experienced with developing, releasing, and maintaining Android Applications on top pf RESTful APIs.
Willing to work with OO Design, data structures and problem solving.
Ready to work with teams and assume that all jobs have an important role.
If you have experience developing location-aware mobile applications, it will be priority.


So here you are, you will not be able to enjoy this work if you do not make this important step. What is that? Create your online portfolio and send it to us as soon as possible. Give your best potential and let's join the big family of Halo Jasa team.",https://www.linkedin.com/jobs/view/4296062171/?eBP=NOT_ELIGIBLE_FOR_CHARGING&refId=61n0PBWN5folD5N57BRc1w%3D%3D&trackingId=mtONTXHJR0B4%2BLh5UK66jQ%3D%3D&trk=flagship3_search_srp_jobs,Progammer,Indonesia,"['java', 'r', 'android']",3,2026-05-05T02:52:26.685747
4368148650,Data Engineer (AI-driven Data Platform),株式会社SalesNow,Indonesia (Remote),"About the job

About The Role


Build and improve large-scale data platforms that support an AI-powered SaaS product
Work with tens of terabytes of enterprise data used by real business users
Design data foundations for future AI / data science use cases
Work on a proven product with real users and real impact


Responsibilities


Design, build, and improve big data pipelines for a SaaS + database product
Develop and maintain data pipelines for:
Web data crawling
Data cleansing and enrichment
Build data quality monitoring and validation systems
Improve scalability, performance, and cost efficiency of data infrastructure
Design data platforms and data quality foundations with future analytics and AI usage in mind


Tech Stack

Data Ingestion


Python (Scrapy)
AWS Fargate (Amazon ECS)
Amazon Managed Workflows for Apache Airflow


Data Storage


Amazon S3
Amazon Aurora PostgreSQL


Data Processing


Apache Spark (Databricks)


Infrastructure & Tools


AWS, Databricks
GitHub, Slack, Notion, Asana, Google Workspace
Cursor / Claude Code (AI-assisted development, refactoring)
CodeRabbit (AI-based PR review)
n8n (AI workflow orchestration)


Requirements


Experience processing data using SQL and Python
Experience working with public cloud platforms (AWS, GCP, etc.)
Currently residing in Japan, or willing and able to relocate to Japan
Business-level Japanese communication skills (equivalent to JLPT N1)


Nice to Have


Experience with Apache Spark / PySpark
Experience with AWS analytics services
Experience using Databricks
Experience in data management or data quality initiatives
Interest in or experience with DataOps concepts


Employment & Benefits


Employment type: Full-time
Salary: JPY 4,000,000 – 10,000,000 (depending on experience and skills)
Fully remote work within Japan
Full flex-time system (no core hours)
Stock options available


Why Join Us?


Build and operate data platforms at real production scale
Work at the intersection of large-scale data and generative AI
Join a startup with proven PMF entering a major growth phase
Design data foundations that directly impact product value and decision-making
Shape data engineering practices and culture from an early stage


To apply for this position, please visit our official careers page and submit your application via the link below:

https://herp.careers/v1/salesnow0801/aLtdW6WbCZ0h",https://www.linkedin.com/jobs/view/4368148650/?eBP=NOT_ELIGIBLE_FOR_CHARGING&refId=61n0PBWN5folD5N57BRc1w%3D%3D&trackingId=3keYmwWvglruwffAAp%2BHGw%3D%3D&trk=flagship3_search_srp_jobs,Progammer,Indonesia,"['gcp', 'airflow', 'spark', 'r', 'python', 'git', 'aws', 'sql', 'postgresql', 'scala']",10,2026-05-05T02:52:31.413879
4394474803,Junior Data Engineer,StickEarn,"Gambir, Jakarta, Indonesia (On-site)","About the job

🚀 Job Opportunity: Data Engineer at StickEarn

About StickEarn

StickEarn is an advertising technology company on a mission to transform Out-of-Home (OOH) advertising through technology, data, and creativity. We empower brands, agencies, and media owners to create impactful advertising experiences across Indonesia.

We are looking for a Data Engineer who will play a critical role in building and maintaining scalable, reliable data infrastructure that powers audience measurement, inventory optimization, and campaign performance analytics across our OOH advertising platform.

🌟 What You’ll Do


Design & Build Data Pipelines: Design, develop, and maintain scalable batch and streaming data pipelines to support media planning, targeting, and campaign analytics.
Data Warehousing & Modeling: Build and manage data models in cloud data warehouses to ensure high-quality, analytics-ready data.
Data Reliability & Quality: Implement data quality checks, monitoring, and governance to ensure data accuracy, consistency, and reliability across systems.
Platform & Infrastructure: Work closely with cloud infrastructure to manage data storage, processing, and performance optimization.
Collaboration: Partner with Product, BI, Data Science, Campaign, and Engineering teams to translate business requirements into robust data solutions.
Optimization & Troubleshooting: Analyze pipeline performance, debug data issues, and continuously improve system efficiency, scalability, and cost effectiveness.



✅ What We’re Looking For


Bachelor’s degree in IT, Computer Science, or other relevant majors.
Strong understanding of data warehousing concepts (fact & dimension tables, star schema) and ETL/ELT architectures.
Advanced SQL skills (CTEs, window functions, query optimization)
Experience using Python for data processing and automation.
Hands-on experience with Apache Airflow for workflow orchestration
Familiarity with cloud data platforms, particularly Google Cloud Platform (BigQuery, Pub/Sub, etc.).
Experience designing batch and streaming data pipelines.
Knowledge of API integration, data ingestion, Linux, and basic shell scripting.
Exposure to modern data tooling such as ClickHouse, Kafka, dbt, Docker, and CI/CD practices
Interest or experience in advanced data use cases, including LLM integration (RAG pipelines, vector databases, embeddings), building data APIs, and using BI tools like Metabase, Looker, or Tableau
Strong analytical thinking, debugging, and problem-solving skills.
Professional working proficiency in English (written & spoken).



🎁 What We Offer


Flexibility with our hybrid working setup
Private insurance to keep you covered
Training budget & laptop ownership program to boost your productivity & growth
Competitive compensation package with performance bonus.
Flexible & anniversary leaves to support work-life balance and celebrate milestones



Apply now and build the data foundation powering the future of OOH advertising at StickEarn! 


Only shortlisted candidates will be contacted.",https://www.linkedin.com/jobs/view/4394474803/?eBP=NOT_ELIGIBLE_FOR_CHARGING&refId=61n0PBWN5folD5N57BRc1w%3D%3D&trackingId=zNXhl2lcn7vIX6Hh6Nz0Mg%3D%3D&trk=flagship3_search_srp_jobs,Progammer,Indonesia,"['airflow', 'linux', 'docker', 'r', 'python', 'kafka', 'sql', 'scala', 'tableau']",9,2026-05-05T02:52:36.090694
4402771177,Python Developer,PT Nextgen Inovasi Indonesia,Jakarta Metropolitan Area (Hybrid),"About the job

Qualifications


Must have at least 1 years experience in Python programming
Preferably those who have experience in using one or several Python-based frameworks such as Django, Flask or others
Have experience in using and creating REST APIs
Have experience using one or more databases such as Postgresql, MongoDB, MySQL or others
Strong knowledge of SQL query
Have experience using front end technologies such as HTML, CSS and others
Have experience using source control such as GIT
Experience with agile development methodologies
Bachelor’s or Diploma degree in Computer Engineering or related field
Strong problem-solving skills and attention to detail
Ability to work collaboratively in a team environment


Responsibilities


Involved in the process of developing software or systems using the Python programming language according to the specified specifications
Collaborate with tech team to design, develop, and maintain applications using Python
Troubleshoot applications, find bugs and offer timely solutions
Conducting developer testing and bug fixing


Facilities


Possibility to work remotely or hybrid
Attractive salary according to skill level
BPJS TK and BPJS Kesehatan according to government regulations
Laptop
Annual leave
THR",https://www.linkedin.com/jobs/view/4402771177/?eBP=NOT_ELIGIBLE_FOR_CHARGING&refId=61n0PBWN5folD5N57BRc1w%3D%3D&trackingId=IVl0vQvT6ePxfzSPREupqg%3D%3D&trk=flagship3_search_srp_jobs,Progammer,Indonesia,"['mongodb', 'mysql', 'agile', 'r', 'python', 'django', 'flask', 'git', 'sql', 'postgresql']",10,2026-05-05T02:52:40.753455
4012030862,Backend Developer (Scala/Java),Swif.ai,Indonesia (Remote),"About the job

About Swif.ai

Swif.ai is the governance layer that lets every company unleash AI safely—and we’re poised to own that future.

Product


Browser extension
Shadow IT visibility and control
NVIDIA DRIVE OS
Android MDM
Linux MDM
Windows MDM
Mac MDM
iOS MDM
Apple MDM
Device CVE Report
Unified MDM


What You’ll Do


Architect & Develop: Build, maintain, and optimize high-performance backend systems using Scala (or Java).
Leverage AI Tools: Use Windsurf, Cursor, or other AI-powered coding tools to accelerate development and elevate code quality.
Ensure Reliability: Write clean, testable, and efficient code while implementing best practices for resilience and scalability.
Collaborate Across Teams: Partner with product managers, data scientists, and frontend engineers to deliver cohesive, end-to-end solutions.
Debug & Optimize: Investigate complex issues in production environments, identify bottlenecks, and implement improvements.
Commit to Agility: Be prepared to work 6 days a week in a dynamic environment, ready to adapt and iterate quickly.


What We’re Looking For


Proficiency in Scala/Java: Strong understanding of functional or object-oriented programming, concurrency, and distributed systems.
AI-Driven Coding Experience: Familiarity (or willingness to learn) with AI agents like Windsurf, Cursor, or similar tools to streamline your workflow.
Solid Technical Foundations: Deep knowledge of algorithms, data structures, and system design principles.
Problem-Solving Mindset: Ability to tackle challenges with creativity and tenacity.
Team Player: Clear communication skills, openness to feedback, and a desire to share knowledge with colleagues.
Adaptability & Grit: Comfortable with a 6-day work schedule and excited by the fast pace of a growing startup.


Why Join Swif.ai?


Pioneering Projects: Develop AI solutions that shape the next generation of business technology.
Room to Grow: Professional development, mentorship, and a trajectory for meaningful career advancement.
Collaborative Environment: Work with a supportive team that values fresh perspectives and continuous learning.
Competitive Compensation: We reward the extra dedication, expertise, and ambition you bring to the table.


Ready to build the future of AI-driven solutions with Scala and Java? Apply now to join Swif.ai and make an impact!",https://www.linkedin.com/jobs/view/4012030862/?eBP=NOT_ELIGIBLE_FOR_CHARGING&refId=61n0PBWN5folD5N57BRc1w%3D%3D&trackingId=7LdwAWjhQnyNoJikgB7lYw%3D%3D&trk=flagship3_search_srp_jobs,Progammer,Indonesia,"['linux', 'java', 'r', 'ios', 'scala', 'android']",6,2026-05-05T02:52:45.434837
4404918300,Programmer,PT Handal Guna Sarana (HGS),Jakarta Metropolitan Area (On-site),"About the job
This job is sourced from a job board. Learn More

Requirements


Memiliki pengalaman membuat project dalam bentuk website, desktop atau android. (nilai plus)
Pendidikan minimal SMK/SMA teknik komputer atau jurusan yang relevan
Mampu bekerja secara tim, dan senang mempelajari hal baru
Memiliki kemampuan untuk membuat API Integration (nilai plus)
Memiliki kemampuan untuk beradaptasi cepat dengan bahasa yang baru
Terbiasa menggunakan gitlab/github
Mudah beradaptasi dengan database dan paham mengenai CRUD
Mengetahui tentang big data (nilai plus)
Memiliki pemahaman tentang OOP
Mudah beradaptasi dengan bahasa pemprograman sesuai dengan kebutuhan perusahaan
Menguasai konsep dan teknik OOP dalam bahasa pemprograman kotlin, PHP, C# dan MSSQL (nilai plus)
Menguasai salah satu framework pemprograman laravel, framework 4.0 (nila plus)
Pernah terlibat dalam pembuatan website/sistem informasi dan desktop


Responsibilities


Divisi yang mengembangkan berbagai macam software baik desktop, web based dan android. Membuka kesempatan utk para programmer baik untuk mengembangkan karir dan kemampuan.
Membuat dan mengembangkan software dengan konsep dan teknik OOP dalam bahasa pemrograman PHP, C# ,Android , Mobile apps.
Bertanggung jawab dalam pembuatan dan pengembangan operasi, database, maupun system aplikasi
Membuat (develop & testing) aplikasi",https://www.linkedin.com/jobs/view/4404918300/?eBP=NOT_ELIGIBLE_FOR_CHARGING&refId=61n0PBWN5folD5N57BRc1w%3D%3D&trackingId=RF95XU7myZanZCKhwmccsA%3D%3D&trk=flagship3_search_srp_jobs,Progammer,Indonesia,"['c#', 'r', 'git', 'kotlin', 'php', 'sql', 'android']",7,2026-05-05T02:52:50.107459
4310334951,Helpdesk Engineer - IT (Solo),Shopee,"Surakarta, Central Java, Indonesia (On-site)","About the job

About The Team

Inti utama dari pengembangan platform Shopee adalah Tim Software Engineering. Tim yang terdiri dari para engineer dari seluruh dunia ini saling bekerjasama untuk membangun sistem terbaik dengan teknologi yang sesuai. Bukan sekedar menyelesaikan masalah yang ada, engineer kami juga berusaha membangun sistem yang tahan lama. Mereka tidak membatasi diri & akan berusaha menyelesaikan masalah sesulit apapun, walaupun itu berarti mereka harus menelusuri hingga dasar patform komputasi. Skala bisnis Shopee yang sangat besar dapat mengubah masalah yang terlihat sepele menjadi tantangan teknis besar. Jika kamu menyukai teknologi seperti mereka, tim ini adalah tim yang tepat untukmu!

Job Description


Provide day-to-day technical support to end users and ensure the smooth running of computers, network devices and printers
Troubleshoot and resolve end user application issues, maintain and update technical support documentation
Handle asset management, maintain inventory and liaise with vendors
Maintain and monitor office network infrastructure, IT security and antivirus tools
Other duties include performing first level troubleshooting and support for scheduled server backups, system monitoring and reports


Requirements


Fluent English is a must
Has experience as IT Service Delivery/Support minimum 3-4 years
Graduated in Computer Sciences, Information Technology or related field is preferred
Has basic knowledge of computer hardware, software, and OS (Windows and macOS)
Enthusiastic and willing to learn in a fluid and fast-paced environment
Passionate in IT technology and wants to make a difference with technology solutions
Good interpersonal and communication skills to interact effectively at all levels
Strong analytical and troubleshooting skills",https://www.linkedin.com/jobs/view/4310334951/?eBP=BUDGET_EXHAUSTED_JOB&refId=61n0PBWN5folD5N57BRc1w%3D%3D&trackingId=X64G%2BDEgdSe0q9WZUptI8g%3D%3D&trk=flagship3_search_srp_jobs,Progammer,Indonesia,['r'],1,2026-05-05T02:52:54.778422
4268217099,Machine Learning Engineer,Kredivo Group,Jakarta Metropolitan Area (On-site),"About the job

At Kredivo we are building the future of financial services that are fast, cheap and widely accessible, wrapped up in a beautiful UX. As we are growing bigger, we are looking for Machine Learning Engineer who will closely collaborate with Data Science team in feeding data (across functions such as, credit scoring, fraud, and risk) into financial models defined by data scientists. You will also be responsible to make sure that data science code is maintainable, scalable and debuggable.

Job Responsibility


Develop and implement ML pipeline infrastructure, including but not limited to: ETL (Extract, Transform and Load) of raw data into model features and building platform to automate ML training, testing and maintenance.
Partnering with Data Scientists to transform prototypes of predictive models into high performance, well integrated systems.


Qualifications


2-3 years of relevant experience in Data or Software Engineering and minimum 1-2 years hands-on experience in deploying machine learning models and feature pipelines
Having good knowledge of data structures, data modeling and software architecture related to Machine Learning
Ability to write robust production-ready code in Python & GoLang
High degree of proficiency with RDBMS (i.e. MySQL, PostgreSQL) and No-SQL platforms (i.e. S3)
Proficiency in machine learning libraries such as: Tensorflow/Keras, Pytorch, SparkML or MLeap
Strong interest in building scalable and reliable Machine Learning Engineering/AI related services
Past experience working with cloud services platform to build data pipelines, monitoring, scheduler and storage, preferably on AWS environment.
Familiarity using a distributed computing platform, such as Hadoop or Spark


Thank you for your interest in Kredivo. We’re thrilled that you’d like to join our company. Unfortunately, days are short and applicants are many, so we won’t have time to meet everyone. If you are among qualified candidates, you will receive a call or email from our Talent Acquisition team.",https://www.linkedin.com/jobs/view/4268217099/?eBP=CwEAAAGd9IoRyl8LUGuxx8u447U9fu6lwM-n0w4t7o4hw5zSdkydsQgdbHMSuMQKUVKqqapK5heWZi9hbinOMtaiKuxMK4flmthwTjOnxDwuF1d1IJWzopvwuK3xGdQlWcf2KNYTWCOEbkm33Ue_JzV0hSZUu6zzQJ4o0ue2S-nT2ld4-jZvPpnz3IBKzjWfkfJZxRvmMGiHmkLFUeIOUwR0zLm2S1fBzhtvcDDLurLpsPxY0lzusZRTg84Aie_BjYLqqX1aR81PlmbBpqHWUzVlgsOVu4TZyLGzeWbp88xP2oQ85RJr-J88oL5C4dMWdIvQzQu5dcjwEMHL2ohIwj4ab98cyF7hIAx8tbo6_ub_leq3OsxE5euRrrF1fGTtarmgsLwNbDTcOOpZbiBGmZCxJUxcfpCI3j9PIWlWgeaXIdCYg2qxpTUghFtuh78Tv_-E_xtVsyuQzlqbmQ&refId=61n0PBWN5folD5N57BRc1w%3D%3D&trackingId=nL4TrJWrUe0Hi1nwIKBCmA%3D%3D&trk=flagship3_search_srp_jobs,Progammer,Indonesia,"['pytorch', 'spark', 'mysql', 'keras', 'golang', 'hadoop', 'r', 'python', 'aws', 'sql', 'tensorflow', 'postgresql', 'scala']",13,2026-05-05T02:52:59.455035
4389608821,AI & Data Engineer (Analytics-Focused),Hanwha Life Indonesia,Jakarta Metropolitan Area (On-site),"About the job

Core Responsibilities


Build and maintain data pipelines and datasets to support analytics and AI use cases.
Develop simple APIs or services to enable data and AI features.
Perform data analysis to identify trends, issues, and opportunities.
Apply a basic understanding of AI/ML concepts to collaborate effectively with technical teams (no deep research required).",https://www.linkedin.com/jobs/view/4389608821/?eBP=NOT_ELIGIBLE_FOR_CHARGING&refId=61n0PBWN5folD5N57BRc1w%3D%3D&trackingId=89dh3hYdFQ5tVd2P1Zol8w%3D%3D&trk=flagship3_search_srp_jobs,Progammer,Indonesia,['r'],1,2026-05-05T02:53:04.129875
4400602877,Staff Data Engineer (Managerial Level),Populix,Jakarta Metropolitan Area (On-site),"About the job

About us: 

Populix is a consumer insights platform that helps businesses connect with its database of respondents and provides them with insights to better understand the preferences of Indonesian consumers. Populix has a pool of over 1,000,000 diverse, readily accessible, and highly qualified respondents across Indonesia. Its products range from intensive research studies to simple surveys and can be arranged on a project or subscription basis. Focusing on Indonesian consumers being super sticky to their phones, Populix facilitates a diverse range of data collection methods via its mobile app.

About the Role:

Populix is building the future of AI-powered market research, combining structured data, unstructured insights, and generative AI into a seamless research intelligence platform. As a Senior/Staff Data Engineer, you will be a technical leader responsible for designing, building, and maintaining scalable, reliable, and secure data pipelines and infrastructure. You will work closely with cross-functional teams including Product, Data Science, and Engineering to ensure high-quality, timely data powers business decisions across the organization.

This is a hands-on leadership role: you will write production-grade code, architect data solutions, mentor team members, and drive best practices in data engineering, governance, and security.

Key Responsibilities :


Design, build, and maintain production-grade ETL/ELT data pipelines using Python/Spark/Rust for data processing
Build and optimize data transformations and aggregations for analytical workloads, including complex SQL with CTEs, window functions, and analyzing query execution/query planner
Develop and manage workflow orchestration using Apache Airflow/Dagster/Prefect (or other orchestration tools)
Architect and maintain cloud-based data infrastructure on Google Cloud Platform (GCP), leveraging services such as BigQuery, Dataproc, Dataflow, Google Cloud Storage, Pub/Sub, Compute Engine, and Cloud Functions for Data and Machine Learning workload
Design data models and schemas that support OLAP analytics, reporting, and downstream machine learning use cases
Implement data quality checks, validation frameworks, monitoring, and alerting for pipeline health and data integrity
Ensure data systems comply with security standards, including ISO 27001, SOC Type 2, data privacy regulations like UU PDP, and internal information transfer policies
Create and maintain comprehensive documentation for data pipelines, data models, infrastructure, and operational procedures
Lead cross-functional collaboration with Data Analysts, Data Scientists, Product Managers, and Software Engineers to translate business requirements into scalable data solutions


Required Qualifications :


Bachleor's or Master's degree in Computer Science, Data Engineering, Information Systems, or a related field
5+ years of experience in Data Engineering, Data Platform, or Software Engineering (data-focused roles)
Experience with analytics engineering tools such as dbt or Dataform is a plus
Familiarity with FastAPI or other Python web frameworks for data service APIs is a plus
Strong understanding of data governance, data security, and compliance frameworks (e.g., ISO 27001) is a plus


Powered by JazzHR

BXQ98JnB7O",https://www.linkedin.com/jobs/view/4400602877/?eBP=NOT_ELIGIBLE_FOR_CHARGING&refId=61n0PBWN5folD5N57BRc1w%3D%3D&trackingId=k2YV403nS8JdogreTJlXPw%3D%3D&trk=flagship3_search_srp_jobs,Progammer,Indonesia,"['gcp', 'airflow', 'spark', 'rust', 'r', 'python', 'sql', 'scala', 'fastapi']",9,2026-05-05T02:53:08.804714
4308406147,"Senior/Staff Machine Learning Engineer - Bidding (Bangkok based, relocation provided)",Agoda,"Jakarta, Jakarta, Indonesia (Hybrid)","About the job

About Agoda

At Agoda, we bridge the world through travel. Our story began in 2005, when two lifelong friends and entrepreneurs, driven by their passion for travel, launched Agoda to make it easier for everyone to explore the world.

Today, we are part of Booking Holdings [NASDAQ: BKNG], with a diverse team of over 7,000 people from 90 countries, working together in offices around the globe. Every day, we connect people to destinations and experiences, with our great deals across our millions of hotels and holiday properties, flights, and experiences worldwide.

No two days are the same at Agoda. Data and technology are at the heart of our culture, fueling our curiosity and innovation. If you’re ready to begin your best journey and help build travel for the world, join us.

Get to Know Our Team

The Engineering department oversees all Agoda’s ML and software related requirements. Our goal is to enable and increase Agoda’s business through creative approaches and the implementation of powerful resources such as operational and analytical databases, ML driven solutions, queue systems and data monitoring tools. We hire the brightest minds from around the world to take on this challenge and equip them with the knowledge and tools that contribute to their personal growth and success while supporting our company’s culture of diversity and experimentation. The role the engineering team plays at Agoda is critical as business users, product managers, and many others rely on us to empower their decision making. We are equally dedicated to our customers by improving their search experience with faster results and protecting them from any fraudulent activities. Data is interesting only when you have enough of it, and we have plenty. This is what drives up the challenge as part of the ML engineering squad, but also the reward. We work across structured and non-structured data at scale. For example, our current ML models process millions of images every day to try and enhance the experience that our users get from our app.

Why Agoda Engineering Team (ML role)?

Our engineering teams are at the intersection of business analytics, ml engineering, data warehousing and software engineering. Our job involves dealing with distributed systems, stream processing, ml modeling and computation at tens of PB Scale. We focus on software engineering related to data replication, storage, centralized computation, and Data API’s. By providing our users with ML products/tools, shared frameworks, and ML services, we enable our company to validate strategic decisions, make smarter choices, and react to the fast-changing world. We are a small but passionate team with people from different nationalities working together on a single goal.

In this Role, you will get to:


Lead the team technically in improving scalability, stability, accuracy, speed and efficiency of our existing ML systems and processes. Build, administer and scale ML processing pipelines.
Be comfortable navigating the following technology stack: Python3, Scala Spark, scripting (Bash/Python), Hadoop, SQL, S3 etc.
Should be able to understand internals of ML models such as LightGBM, Random Forest, CNN, Regression models, etc
Design, build, test and deploy new libraries, frameworks or full systems for our core systems while keeping to the highest standards of testing and code quality.
Work with experienced engineers and product owners to identify and build tools to automate many large-scale data management / analysis tasks.
We believe in end-to-end ownership; this role will involve taking and building systems that enable us to deliver ML models to production at a scale.


What You’ll need to Succeed:


Bachelor’s degree in computer science /information systems/engineering/related field 6+ years of experience in software engineering with a minimum of 4+ years in ML
Expert in SQL, Python3, and JVM based programming language – ie, Java or Scala
Expert in software design/design patterns, functional programming and object-oriented programming.
Analytical problem-solving capabilities & experience. A strong engineering driven mindset will be required to succeed in this role.


It’s great if you have:


Good understanding of Hadoop ecosystems and Big Data architecture and techologies
Experience working with Open-source products
Experience with Scala development
Working in an agile environment using test driven methodologies
Systems administration skills in Linux


Benefits


Hybrid Working Model
WFH Set Up Allowance
30 Days of Remote Working from anywhere globally every year
Employee discount for accommodation globally
Global team of 90+ nationalities
40+ offices and 25+ countries
Annual CSR / Volunteer Time off
Benevity Subscription for employee donations
Volunteering opportunities globally
Free Headspace subscription
Free Odilo & Udemy subscriptions
Access to Employee Assistance Program (third party for personal and workplace support)
Enhanced Parental Leave
Life, TPD & Accident Insurance


#telaviv #jerusalem #IT #ENG #4 #sanfrancisco #sanjose #losangeles #sandiego #oakland #denver #miami #orlando #atlanta #chicago #boston #detroit #newyork #portland #philadelphia #dallas #houston #austin #seattle #sydney #melbourne #perth #toronto #vancouver #montreal #shanghai #beijing #shenzhen #prague #Brno #Ostrava #cairo #alexandria #giza #estonia #paris #berlin #munich #hamburg #stuttgart #cologne #frankfurt #hongkong #budapest #jakarta #bali #dublin #telaviv #milan #rome #venice #florence #naples #turin #palermo #bologna #tokyo #osaka #kualalumpur #malta #amsterdam #oslo #manila #warsaw #krakow #doha #alrayyan #riyadh #jeddah #mecca #medina #singapore #seoul #barcelona #madrid #stockholm #zurich #taipei #tainan #taichung #kaohsiung #bangkok #Phuket #istanbul #london #manchester #edinburgh #hcmc #hanoi #lodz #wroclaw #poznan #katowice #rio #salvador #newdelhi #bangalore #bandung #yokohama #nagoya #okinawa #fukuoka #jerusalem #IT #4 #newdelhi #Pune #Hyderabad #Bangalore #Mumbai #Bengaluru #Chennai #Kolkata #Lucknow #sanfrancisco #sanjose #losangeles #sandiego #oakland #denver #miami #orlando #atlanta #chicago #boston #detroit #newyork #portland #philadelphia #dallas #houston #austin #seattle #sydney #melbourne #perth #toronto #vancouver #montreal #shanghai #beijing #shenzhen #prague #Brno #Ostrava #cairo #alexandria #giza #estonia #paris #berlin #munich #hamburg #stuttgart #cologne #frankfurt #hongkong #budapest #jakarta #bali #dublin #telaviv #milan #rome #tokyo #osaka #kualalumpur #amsterdam #oslo #manila #warsaw #krakow #bucharest #moscow #saintpetersburg #capetown #johannesburg #seoul #barcelona #madrid #stockholm #zurich #taipei #bangkok #Phuket #istanbul #london #manchester #edinburgh #kiev #hcmc #hanoi #wroclaw #poznan #katowice #rio #salvador #IT #4 #5

Please review our Hiring Process Guidelines before your interview — click here to learn how interviewing at Agoda works.

Discover More About Working At Agoda


Agoda Careers https://careersatagoda.com
Facebook https://www.facebook.com/agodacareers/
LinkedIn https://www.linkedin.com/company/agoda
YouTube https://www.youtube.com/agodalife


Equal Opportunity Employer 

At Agoda, we pride ourselves on being a company represented by people of all different backgrounds and orientations. We prioritize attracting diverse talent and cultivating an inclusive environment that encourages collaboration and innovation. Employment at Agoda is based solely on a person’s merit and qualifications. We are committed to providing equal employment opportunity regardless of sex, age, race, color, national origin, religion, marital status, pregnancy, sexual orientation, gender identity, disability, citizenship, veteran or military status, and other legally protected characteristics.

We will keep your application on file so that we can consider you for future vacancies and you can always ask to have your details removed from the file. For more details please read our privacy policy.

Disclaimer

We do not accept any terms or conditions, nor do we recognize any agency’s representation of a candidate, from unsolicited third-party or agency submissions. If we receive unsolicited or speculative CVs, we reserve the right to contact and hire the candidate directly without any obligation to pay a recruitment fee.",https://www.linkedin.com/jobs/view/4308406147/?eBP=CwEAAAGd9IoRy0OeMbHV0L63APMAkw0LkVBjCT6dQ-TYUDcogSyC3xWylZr96dtrPGrD3ax9gQObUk0Ktk88e4WfDT8wz4PULbNQtXsSCM9G6ZZxpYSyVAyfOUDotIyC59fkBKJp0mRFVMHjM7AFrvkOR6YSINfo2IxQA6GKm4iyq8cYdGgjUJH30D9sqeteuH_4Ma35m3JhOhU3xdPm8hTdb58SBkciIBfLA5c7wYi4lFDGPT1WostcQGZ351DhvEdvzIttVS-BnMESFH5mGMTaTNSuV3VR0Ah12aqxExto-_rTQGSYBlw5TgKFcEIbANHO2DzQR9RbfVN9atlQyjMKU1z1NtsSiRM-54Ku01bTUPSx2wLp0fKAI3kHGw9Ub0H-j8_OXtR8u7Aqko-eK4JpiUnfF3KkJT4zqt5NgFgIF-vWfNFo2yLG9ESBSJRFEUalfOpcXgPrkPr6iItaAkg1ebP-xiORZcR4yykpVkbkr-ez91qx&refId=61n0PBWN5folD5N57BRc1w%3D%3D&trackingId=%2FC8Ex%2Fcr4AphOXB0zyjITA%3D%3D&trk=flagship3_search_srp_jobs,Progammer,Indonesia,"['react', 'spark', 'linux', 'agile', 'bash', 'hadoop', 'java', 'r', 'python', 'ios', 'sql', 'scala']",12,2026-05-05T02:53:13.524588
4401857731,Software Engineer - Backend,Formulatrix Indonesia,"Salatiga, Central Java, Indonesia (On-site)","About the job

We are currently looking for Middle and Senior Software Engineers to join our growing engineering team at Formulatrix Indonesia.




About the role:

Join Formulatrix Indonesia as a Software Engineer and help build cutting-edge software for robotic automation. Work with C#, C++, .NET, ASP.NET Core, SQL Server, and PostgreSQL to develop solutions used by top pharmaceutical companies and research labs worldwide. Solve complex problems, shape innovative products, and see your code come to life in real-world automation.




What will you do:

Senior Software Engineer

Lead system design and architecture, ensure code quality and performance, handle complex technical challenges, mentor junior engineers, and drive team collaboration.




Middle Software Engineer

Design, develop, and maintain scalable software solutions, translate business requirements into technical solutions, resolve complex technical issues, and contribute to improving development processes.




What we are looking for:

Bachelor’s degree in Computer Science, Information Technology, Electronics Engineering, or equivalent practical experience.
At least 1 year for Middle Level and 4 years for Senior Level of experience as a Software Engineer or Developer, preferably in a similar role.
Strong proficiency in at least one object-oriented programming language (C#, C++, Python, Java, or similar).
Solid understanding of object-oriented programming, software architecture, and design patterns.
Experience with the full software development lifecycle.
Familiarity with unit testing, debugging, and version control systems.
Good understanding of software performance, scalability, and maintainability.
Willing to work in Salatiga / Bandung / Semarang (depending on placement).




Soft skills:

Strong analytical and problem-solving skills.
A natural tinkerer: curious, proactive, and eager to learn; someone who enjoys fiddling with technology, robots/hardware, or any DIY projects in their spare time. .
Highly motivated and a strong team player.
Clear and effective communication skills in English.
Detail-oriented with the ability to adapt and prioritize in a fast-paced R&D environment.
Proven leadership & mentoring experience (If you applied for a senior-level position).




Nice to have:

Personal “maker” projects: Experience with DIY electronics (Arduino/Raspberry Pi), home automation, building PCs, or contributing to Open Source projects.
Hands-on experience with robotics hardware, troubleshooting, and system debugging.
Hands-on experience developing robotics systems, including kinematics, control, and path planning.
Experience building and deploying neural networks for computer vision.
Strong knowledge of computer vision algorithms, optics, imaging systems, and familiarity with ML/CV frameworks (TensorFlow, PyTorch, OpenCV).
Proficient in Linux on SBCs (NVIDIA Jetson, Raspberry Pi) with a strong interest in research and emerging technologies.
Preferred (one or more): Electronics Engineering background




What we offer:

Exposure to an intensive R&D work environment
Close collaboration with top-tier engineers
Enjoy working in a slow-living city with clean air, fresh water from a mountain spring, beautiful natural scenery, and a peaceful, pollution-free environment, away from the traffic jams of large cities.
BPJS Health & Employment Insurance
Additional Health Insurance
Performance Bonus
Religious Holiday Allowance (THR)
Flexible Work Arrangements
Paid Time Off (eligible after 3 months of employment)
Casual Dress Code (e.g., T-shirts)
Office facilities that support professional productivity as well as social interaction and collaboration




Want your CV to stand out? Show us what you’ve built and what you’re proud of.




We highly encourage you to include :




Personal Projects / Tech-related Hobbies

At Formulatrix, we are problem solvers and builders at heart. We highly encourage you to include a “Hobbies and Side Projects” section in your CV. We’d love to hear about the things you fiddle with in your spare time, or in your experience.




Achievements

We'd like to encourage you to highlight key accomplishments from your professional or personal projects. You can focus on the results or impact you have delivered, such as improvements, optimizations, or successful implementations.




Job Description & Contribution

When describing your experience, try to summarize your main responsibilities and contributions clearly. Keep it concise, but provide enough context so we can understand your role and the impact of your work.

Provide Cover Letter (if you apply in Senior Level)",https://www.linkedin.com/jobs/view/4401857731/?eBP=BUDGET_EXHAUSTED_JOB&refId=61n0PBWN5folD5N57BRc1w%3D%3D&trackingId=2i4QK33ZBnIwgVu5ZGZjCg%3D%3D&trk=flagship3_search_srp_jobs,Progammer,Indonesia,"['pytorch', 'c#', 'linux', 'java', 'r', 'python', 'sql', 'tensorflow', 'postgresql', 'scala', 'c++']",11,2026-05-05T02:53:18.237601
4403825344,Python Developer | Remote,Crossing Hurdles,Indonesia (Remote),"About the job

Position: Python Developer

Type: Hourly contract

Location: Remote

Commitment: 10–40 hours/week

Role Responsibilities


Design, develop, and maintain scalable Python applications.
Collaborate with cross-functional teams to implement new features and enhancements.
Review code to ensure quality, performance, and adherence to best practices.
Troubleshoot, debug, and optimize applications for reliability and scalability.
Create and maintain clear technical documentation and workflows.
Contribute to system architecture discussions and propose technical solutions.
Communicate progress, challenges, and updates effectively with team members.


Requirements


Strong experience in Python development and building scalable systems.
Solid understanding of software development principles and design patterns.
Proficiency with version control systems such as Git.
Strong problem-solving and analytical thinking abilities.
Ability to work independently in a remote, distributed environment.
Excellent written and verbal communication skills.
Strong attention to detail and commitment to high-quality code.


Application Process (Takes 20 Min)


Easy Apply on LinkedIn
Check email for next steps
Participate in resume evaluation & interview stage





Desired Skills and Experience

Python",https://www.linkedin.com/jobs/view/4403825344/?eBP=BUDGET_EXHAUSTED_JOB&refId=61n0PBWN5folD5N57BRc1w%3D%3D&trackingId=8PlLavhD7tBeyb6xDQaccw%3D%3D&trk=flagship3_search_srp_jobs,Progammer,Indonesia,"['r', 'python', 'git', 'scala']",4,2026-05-05T02:53:22.939787
4301904531,Data Engineer,VIDA Digital Identity,"Jakarta, Jakarta, Indonesia (On-site)","About the job

At VIDA we’re building the future of digital identity. As a Data Engineer you’ll work across the stack—from platform and infrastructure to data pipelines and end-user tooling. You’ll help us modernize our batch ETLs and lead our push into streaming and real-time fraud detection . We run on AWS and make extensive use of Scala Spark, dbt, and Terraform.  Responsibilities 


 Build and expose the data lake/lakehouse so teams can understand business and product performance and make better decisions. 
 Design and evolve a data platform that enables scientists and analysts to query, model, and ship features and product metrics. 
 Develop scalable and reliable batch and streaming pipelines that ingest from varied sources and land trusted datasets. 
 Maintain and fix existing ETLs, improving reliability, observability, and cost while planning safe backfills and replays. 
 Model curated layers and maintain transformation logic (e.g., dbt ), including testing, documentation, and data quality. 
 Build with Infrastructure as Code (e.g., Terraform ) and contribute to CI/CD and deployment practices. 
 Partner with Engineering, and Data Science to deliver low-latency signals and features for real-time decisioning. 
 Contribute to internal tools, reusable components, and simple dashboards that unblock self-service. 


 Requirements 


 Solid engineering foundation with 5+ years of relevant experience in data engineering and/or distributed systems. 
 Hands-on work building data pipelines (batch and/or streaming) using at least one distributed framework (e.g., Spark, Kafka, Flink ). 
 Comfortable with SQL and a transformation framework (e.g., dbt or similar). 
 Familiarity with AWS services for data (any mix of S3, EMR/Glue, Kinesis/MSK, Lambda, Redshift/Athena) or equivalent cloud experience. 
 Exposure to workflow orchestration (e.g., Airflow). 
 Experience using Terraform (or similar IaC) to manage data/platform resources. 
 Ownership mindset, focus on reliability, and enjoyment of collaborating in a fast-moving environment. 


 What are we trying to solve? 

Billions of people still cannot securely prove their identity. Without it, they’re shut out of education, healthcare, finance, and civic participation. We believe this must change—and that digital identity should be trustworthy, private, and accessible to everyone.

At VIDA, we’re creating a frictionless digital identity system that meets the needs of our time and works anywhere, for everyone.

 Why are we solving this problem? 

Global initiatives like the UN and World Bank’s ID4D aim to provide legal identity for all by 2030 . We expect digital identity to become a basic right, and we want VIDA to help lead that future.

 Who are we? 

We’re a mission-driven, pragmatic team motivated by real-world impact—from preventing fraud and corruption to unlocking fair access to essential services. If that resonates with you, we’d love to talk.",https://www.linkedin.com/jobs/view/4301904531/?eBP=CwEAAAGd9IoRy_yYtQVwHILkqukIavRif8F1Oh4IrBD_vez9-bZV8sSrdapiYDTdF1x6PGyd7604mgIjU8VnvjLiJ9vpPxQxjzdovogciEhw8jRTIG7MegUEcof1SLcTjVwxs6MIfhNNzZF8s4MRGHRIqGr3owcQ-YrR5gMQeSs80OVq4_fbnzgelZY67sP71QD9VLHO9BOTbse4a7NewyxyqvvdiCY-hmw8LFAaY-Nrs94pC7HQkxY1QqLbQ6fdjxtZL7TDGu7tJGKrGYjBC_tqtgyuNG4cDXpoZ00RSQvkcmhUN13Gtelb3ZrGMHSvu6aBYO6qKr8rum-j_ArzPv36GMgtV2SaNZ-wZgDi5OeId10utnUpy2_xBHwiwfzi3K89_CUlWYEbBPEHyNCAnqfLUSjZhJ_gxEMdME14yasGb16WEJ7g-rSG0O6cqSle5gyOb4ZqHkTPYNLVQXMnWLxnPvQAT6GnkBAd3MEQMy2lTx1zXw&refId=61n0PBWN5folD5N57BRc1w%3D%3D&trackingId=WcPTL%2BWd1TOs09lah%2BaVxA%3D%3D&trk=flagship3_search_srp_jobs,Progammer,Indonesia,"['airflow', 'spark', 'rust', 'r', 'git', 'kafka', 'aws', 'sql', 'scala']",9,2026-05-05T02:53:27.631894
4402271106,Software Developer - Frontend (Indonesia),Xtremax,"Bandung, West Java, Indonesia (On-site)","About the job

As a Front-End Developer, you are entrusted with the mission of transforming our designs into interactive HTML. You will have to be brave enough to forge new routes in HTML with your CSS and Javascript techniques.

Xtremax believes in grooming new talents, so we welcome less experienced front-end developers to join our ship. As long as you are creative and able to collaborate with fellow sailors on deck, we would love for you to join our team.

Responsibilities


Proficient in HTML syntax across various specifications, with the ability to hand-code clean and efficient markup for layouts
Experienced in organizing and structuring CSS files, including creating styles tailored for different media and devices
Strong understanding of CSS fundamentals and best practices, with familiarity in using development and debugging tools to address cross-browser and multi-device compatibility issues
Good written and verbal communication skills. Fresh graduates are welcome to apply
Comfortable working with JavaScript and jQuery to create dynamic and interactive web features
Able to work with design tools like Figma or Photoshop to collaborate effectively with designers and translate designs into functional web interfaces


Requirements


Experience in HTML syntax for various specifications
Understanding of markups used for layout also has the ability to hand-code markups
Experience in organizing CSS Files and specifying various CSS for different media and devices
Understanding of CSS basics and essentials, also familiar with the development and debugging tools for cross-browser and multiple-devices issues
Good written also verbal communication skills & fresh graduates are welcome to apply
Must be able to relocate to Bandung, West Java


Benefits


Competitive salary
14 Days of annual leave
BPJS & Private Health Insurance
Various extracurricular activities (sports, music, etc.)
Yearly company dinner
Opportunity to work in Singapore Headquarter
Young, dynamic and vibrant atmosphere
All around snacks, drinks, coffee, tea and regular culinary day
Located in the center of Bandung


By submitting your resume/CV, you consent and agree to allow the information provided to be used and processed by or on behalf of Xtremax Pte Ltd for purposes related to your registration of interest in current or future employment with us for the processing of your application for employment. The personal data held by us relating to your application will be kept strictly confidential and in accordance with the PDPA.

You may also refer to our Privacy Policy for more details here: https://www.xtremax.com/privacy-policy.

The ideal candidate will be responsible for developing high-quality applications. They will also be responsible for designing and implementing testable and scalable code.",https://www.linkedin.com/jobs/view/4402271106/?eBP=NOT_ELIGIBLE_FOR_CHARGING&refId=61n0PBWN5folD5N57BRc1w%3D%3D&trackingId=%2BSslYSNFxD%2B2RDMFSXIwlg%3D%3D&trk=flagship3_search_srp_jobs,Progammer,Indonesia,"['rust', 'java', 'r', 'javascript', 'scala']",5,2026-05-05T02:53:32.324415
4401406344,Data Engineer & Analytics,FinAccel,Jakarta Metropolitan Area (On-site),"About the job

As a Data Engineer and Analytic you will be tasked with empowering internal stakeholders to delve deep into the complexities of the data in our warehouse. You will work closely with Product, Engineering, and Data teams to build scalable data pipelines and design data analytics engines that empower deep insights for users. The person in this position will take work seriously, has a strong sense of duty, and is disciplined. The position will generally be task oriented, requiring someone with a conservative, careful, and cautious approach to work.

About the job:

Design and develop scalable business data solutions across the entire data supply chain.
Create and review technical and user-focused documentation for data solutions (data models, data dictionaries, business glossaries, process and data flows, architecture diagrams, etc.).
Solve for complex data integrations across multiple systems.
Collaborate with management, business partners, analysts, developers, architects, and engineers to support data quality efforts.
Expertise (can teach/instruct others): in current data warehousing concepts (using technologies like Redsift, Spark, Hadoop, web services, etc to support business-driven decisioning)
SQL and database scripting
With data manipulation scripting languages (like Python or Scala)
With Data Science toolsets and technology stack

About you:

A passionate and curious individual in Data Engineering and Analytics subject areas
1-3 years of any relevant experiences in Data Engineering, Data Warehouse, Business Intelligence, Analytics
Good proficiency in writing SQL, either in RDBMS (i.e. MySQL, PostgreSQL, etc) or OLAP (i.e. BigQuery, Redshift, Oracle, etc.)
Ability to write robust and scalable code in Python or other scripting programming language
Good knowledge in creating a workable business dashboard.
Basic proficiency or experience in infrastructure setup using cloud services (i.e. AWS, GCP, Azure).
Strong passion in data engineering or business intelligence areas, ability to search or create solutions.
Good communication skills in Bahasa and English. Mostly explaining technical things.
Good workable attitude, something we could invest time to develop.",https://www.linkedin.com/jobs/view/4401406344/?eBP=NOT_ELIGIBLE_FOR_CHARGING&refId=61n0PBWN5folD5N57BRc1w%3D%3D&trackingId=fmOYDMJZwtiYpoQsMqimBQ%3D%3D&trk=flagship3_search_srp_jobs,Progammer,Indonesia,"['gcp', 'spark', 'mysql', 'azure', 'hadoop', 'r', 'python', 'aws', 'sql', 'postgresql', 'scala']",11,2026-05-05T02:53:37.014955
4408587998,AI Training Specialist,Alignerr,Indonesia (Remote),"About the job

About The Role

What if your attention to detail and critical thinking could directly influence the AI tools that millions of people rely on every day? We're looking for AI Training Specialists to complete structured evaluation and labeling tasks that help AI systems become more accurate, reliable, and genuinely useful.

This is a fully remote, flexible contract role open to anyone with a sharp eye for quality and a commitment to doing careful work. No prior AI or technical experience required.


Organization: Alignerr
Type: Hourly Contract
Location: Remote
Commitment: 10–40 hours/week


What You'll Do


Complete structured tasks — including labeling, classifying, and rating AI-generated content — that directly improve how AI systems learn
Evaluate AI outputs across text, image, and audio formats for quality, accuracy, and consistency
Follow detailed guidelines and rubrics to ensure your assessments meet project standards
Flag errors, inconsistencies, or low-quality outputs using clear, structured feedback
Work independently and asynchronously on your own schedule


Who You Are


Detail-oriented — you notice the things others miss and take pride in doing work carefully
Self-motivated and comfortable managing your own time and task queue
Strong written communication skills in English
Comfortable working with web-based tools and platforms
Consistent and reliable in applying guidelines across large volumes of tasks
No technical or AI experience required


Nice to Have


Experience in content review, quality assurance, research, or editing
Familiarity with AI tools or platforms as an end user
Background in writing, journalism, data entry, or analysis


Why Join Us


Work on cutting-edge AI projects alongside leading research labs
Fully remote and flexible — work when and where it suits you
Freelance autonomy with the structure of meaningful, task-based work
Contribute to AI development that has a real impact on how people interact with technology
Potential for ongoing work and contract extension as new projects launch",https://www.linkedin.com/jobs/view/4408587998/?eBP=NOT_ELIGIBLE_FOR_CHARGING&refId=61n0PBWN5folD5N57BRc1w%3D%3D&trackingId=Zi5nRs%2Fsd7Xht69uXi8F0Q%3D%3D&trk=flagship3_search_srp_jobs,Progammer,Indonesia,['r'],1,2026-05-05T02:53:41.701272
4410047066,Data Engineer,Massive Music Entertainment,Jakarta Metropolitan Area (On-site),"About the job

About The Role

Our Data Team is looking for a passionate and talented Data Engineer to join our data team. In this role, you will help build and maintain data pipelines and infrastructure that support the company’s data-driven decision-making processes. This is an exciting opportunity for someone who loves music and data and wants to contribute to shaping the future of our industry.




Responsibilities:

Data Pipeline Development:

Assist in designing and developing data pipelines that collect, process, and store data from music-related sources such as streaming platforms, royalties systems, and social media.
Work closely with the data team to ensure data pipelines meet the analytical needs of the business.

Data Warehousing and Storage:

Help maintain and optimize our data warehouses, ensuring data is structured and stored in a way that is easily accessible for analysis.
Support the development of data models that maintain data integrity and reliability.

Data Quality and Monitoring:

Implement and run data quality checks to ensure that the data being used by the company is accurate, consistent, and reliable.
Monitor data pipelines for performance issues, troubleshooting and resolving any problems to minimize downtime.
Assist in developing tools and alerts to proactively monitor data flows and address issues as they arise.

Integration and Collaboration:

Work on integrating data from various internal and external sources, such as streaming data from platforms like Spotify and YouTube, into our data infrastructure.
Collaborate with other engineers and departments to integrate new data sources and refine existing data pipelines.
Participate in cross-functional projects to leverage data for improving business outcomes, such as optimizing royalty payments or tracking song performance.

Learning and Development:

Stay updated with the latest trends and technologies in data engineering and the music industry.
Engage in continuous learning to enhance your technical skills and contribute innovative solutions to the team.
Participate in team meetings and brainstorming sessions to help drive the company’s data strategy forward.




Qualifications:

Educational Background:

Bachelor’s degree in Mathematics, Information Systems, Computer Science, Engineering, Data Engineer, or a related field.
Minimum 2-3 years of relevant experience in Data Engineering.

Technical Skills:

Proficiency in SQL, and NoSQL and experience with database management systems.
Familiarity with programming languages such as Python
Familiarity with visualization tools such as Metabase is a plus.
Understanding of data warehousing concepts and ETL/ELT processes.
Basic understanding of containerization (e.g., Docker) and orchestration concepts.
Exposure to on premise (Hadoop) & Cloud platforms like Google Cloud is a plus.
Experience with big data technologies (e.g., Airflow, Spark, Dbt, Flink) is advantageous.
Experience with implementing APIs for seamless data integration and interoperability across diverse databases/systems is advantageous

Soft Skills:

Strong analytical and problem-solving skills.
Good communication and collaboration abilities.
Attention to detail and commitment to data quality.
Eagerness to learn and adapt to new challenges.
Go-getter able to work independently.

*Portfolio needs to be attached to CV",https://www.linkedin.com/jobs/view/4410047066/?eBP=BUDGET_EXHAUSTED_JOB&refId=61n0PBWN5folD5N57BRc1w%3D%3D&trackingId=lBwZLp1x5lkf%2Bf8T4n4Oqw%3D%3D&trk=flagship3_search_srp_jobs,Progammer,Indonesia,"['airflow', 'spark', 'hadoop', 'docker', 'r', 'python', 'sql']",7,2026-05-05T02:53:46.407594
4389505877,アルゴリズムエンジニア (機械学習エンジニア/データサイエンティスト)【AI SaaS】,PKSHA Technology,"Lembang, West Java, Indonesia (Hybrid)","About the job

人とソフトウエアが共進化する社会へ

PKSHAは「人とソフトウエアの共進化」をビジョンに掲げ、人と人の「間」をAIでつなぎ直す コネクティブAI を事業の核に据えています。顧客個別のアルゴリズムを開発・提供する AIソリューション事業 、「PKSHA AIヘルプデスク」「PKSHA ChatAgent」等を展開する AI SaaS事業 、そしてAIで人の能力を拡張する AI Powered Worker事業 の3事業を推進しています。

業務内容

PKSHA Technologyは自然言語処理を中心とするAIを活用して、チャットや電話を含む幅広いチャネルでの問い合わせ応答を自動化・支援するプロダクトや、昨今の働き方の変化に合わせて職場コミュニケーションの課題を支援するためのプロダクトをSaaS形式で提供しており、エンタープライズ企業のコンタクトセンターやバックオフィスなど様々な対話シーンに導入されています。

このポジションでは、弊社のSaaSに最新のAI技術を用いた新機能を加えることで新たなユーザー体験を与え、SaaS としての提供価値を増幅することがミッションになります。ユーザー課題を根本的に解決するAIを、最新技術をいち早く取り入れながら提案・実験・検証し、プロダクションレベルのコードに仕上げてSaaS に組み込むところまで一気通貫でご担当いただきます。「ユーザーの課題解決」には広範なスキルセットが必要となるため、自分一人だけで進めるのではなく、プロダクトマネージャーやカスタマーサクセスといった他職種と密に連携し、それぞれの得意領域を活かしながらチームとして仕事を進めて、プロダクトの価値を継続的に高め続けることが求められます。自社プロダクトのさらなる起爆剤となる機能を生み出し、未来のSaaSとしてAIの価値を広く社会に届けていきたいエンジニアを募集します。

AI + SaaSという新しい分野のエンジニアポジションとなるため、AIの社会実装経験をお持ちの方のみにとどまらず、AIプロダクト開発未経験でも以下のような今後のキャリアを志望される方々を歓迎します。


フロントエンド/バックエンドのソフトウェア設計・実装スキルにとどまらず、自分のケイパビリティに新たにAIの設計・実装スキルを加えたいエンジニアの方。
生成AIに関するアカデミアの研究成果がいよいよ社会実装できる段階になったと感じており、みずからプロダクトを開発して社会に直接価値を届けたい研究者の方


ポジションの魅力


 “コミュニケーション課題の解決” というあらゆる業界に刺さるプロダクトをさらに進化させるAIを自らの手で生み出し、多くの方々に価値を届けることができる。
急速な発展を遂げている大規模言語モデルの進化をいち早く取り込んで実用的なSaaSに仕立てることで、これまで解けなかった実社会の課題解決にチャレンジできる。
多様なAI技術を利用してプロダクトを進化させていく過程で、AIが中心となったSaaSを開発・運用していくための実践的なスキルを身につけることができる
CursorやClaude Codeといった最新のAIコーディングツールを社内で迅速に取り入れており、最先端技術を用いた未来のエンジニアの働き方を自ら確立することができる。
AI・ソフトウェア開発で卓越した技術を持つエンジニアメンバーはもちろん、ビジネス課題やUI/UXに精通したプロダクトマネージャーと共にワンチームで働き、自他共に専門性を高め合える。


必須要件


AIによるプロダクトの価値向上や新規プロダクト創出への強い興味
プロダクトメンバーと適切にコミュニケーションを取り、解くべきビジネス課題に対して具体的なソフトウェアの設計・開発に落とし込むことができる能力。
最新技術へのキャッチアップやチームメンバーとのインタラクションを通して、自らをアップデートし続ける能力。
ビジネスレベルの日本語力


歓迎要件


SaaS プロダクト (AI機能の有無は問わない) の開発経験・マネージメント経験
機械学習/数学/統計/計算機科学等の十分な理解
自然言語処理技術に関する論文執筆や特許出願の経験
業界に広く展開させることを目指した機械学習アルゴリズムの製品化経験
OSSリリースの経験
Kaggle等のデータサイエンスコンペティション実績


求める人物像


未来志向であり、自らの個性/専門性を発揮しながら目標達成を目指せる方
新しい技術の学習に貪欲で、業界の進歩に合わせて自身のケイパビリティを拡張できる方
ビジネス領域を含む他職種のメンバーとも主体的かつ円滑にコミュニケーションを取る姿勢のある方
あいまいな状況に直面しても自ら考えアクションし、具体的な進歩を遂げられる方


職種 / 募集ポジション アルゴリズムエンジニア (機械学習エンジニア/データサイエンティスト)【AI SaaS】 雇用形態 正社員 給与 年収 600万円 〜 1400万円 給与については、基本給＋賞与（年2回：10月、4月 ※現金支給）となります。 具体的な給与は、グレードによって異なりますが、新たに入社される方には、面接内での評価や現年収をもとにオファーの金額を提示しています。 勤務地


113-0033 東京都文京区本郷 1-28-10 本郷TKビル 地図で確認 


※リモートワークと出社がハイブリッドとなります。 待遇/福利厚生 【保険】 ・各種社会保険完備 ※関東ITソフトウェア健康保険組合 【休暇】 ・完全週休2日制（祝祭日、年末年始 等） ・有給休暇(年間20日支給) ・入社日が4-9月で7日間、10-3月で15日間を初期から付与 ・その後、期をまたぐと20日追加 ・夏季休暇、慶弔休暇、育児休暇、介護休暇 【諸手当】 ・通勤交通費支給（上限あり） ・住宅手当支給（指定条件あり） ・インフルエンザなどの予防接種無料 【福利厚生】 ・フリードリンク（コーヒー、レッドブルなどの飲料水） ・フリーアドレスの広いカフェスペース ・オフィスコンビニ ・書籍購入補助制度 ・部活動制度 ・ワーケーション開発合宿 ・社内勉強会 ・オフィス内禁煙（喫煙室あり） など 会社情報 会社名 株式会社PKSHA Technology


Apply Now",https://www.linkedin.com/jobs/view/4389505877/?eBP=NOT_ELIGIBLE_FOR_CHARGING&refId=61n0PBWN5folD5N57BRc1w%3D%3D&trackingId=H3C7u%2FAqeK2J12M%2FRT1TEw%3D%3D&trk=flagship3_search_srp_jobs,Progammer,Indonesia,['r'],1,2026-05-05T02:53:51.143982
4371502033,Data Engineer,ParagonCorp,"Jakarta, Indonesia (On-site)","About the job

Job Description:

Design, develop, and maintain data transformation and modeling processes within the data warehouse
Build and optimize data pipelines and workflows for reliable data processing
Collaborate with analysts, data scientists, and business teams to understand data needs
Develop and maintain warehouse schemas, tables, and views for analytics and reporting
Ensure data quality, governance, and compliance standards are met
Monitor performance and continuously improve scalability and efficiency




Requirements:

Bachelor’s degree in Computer Science, Informatics, or related field
Minimum 2 years of experience in Data Engineering or similar roles
Strong proficiency in Python and SQL
Solid understanding of data warehousing and ETL/ELT concepts
Experience with cloud platforms (AWS or GCP) and cloud data warehouses (BigQuery/Snowflake)
Knowledge of data modeling (star schema, dimensional modeling, SCD)
Familiarity with orchestration tools and basic containerization is a plus
Strong analytical, communication, and collaboration skills",https://www.linkedin.com/jobs/view/4371502033/?eBP=BUDGET_EXHAUSTED_JOB&refId=61n0PBWN5folD5N57BRc1w%3D%3D&trackingId=JW%2B8ZiZn5oiu0DJZG0XGiw%3D%3D&trk=flagship3_search_srp_jobs,Progammer,Indonesia,"['gcp', 'r', 'python', 'aws', 'sql', 'scala']",6,2026-05-05T02:53:55.830759
4403115959,Devops Engineer,Mobius Digital,"Jakarta, Jakarta, Indonesia (Hybrid)","About the job
This job is sourced from a job board. Learn More

We are hiring developers for projects with one of the biggest reputable conglomerates in Indonesia.

With us, you will be exposed to many exciting challenges and opportunities to grow through developing our websites, mobile apps, mobile websites, and applications across our business units.

Programming stack we are looking for: DevOps Engineer

Do reach out to us if you believe you have the relevant skills, looking forward to working together with you!

Minimum Qualifications


Can communicate in English (basic communication)
Have experience working professionally for at least 3 years
Hybrid
Available during office hours
No issues in working for financial services (banking, insurance, etc)",https://www.linkedin.com/jobs/view/4403115959/?eBP=NOT_ELIGIBLE_FOR_CHARGING&refId=61n0PBWN5folD5N57BRc1w%3D%3D&trackingId=zfV01LOLE3veOYtvQV2FVQ%3D%3D&trk=flagship3_search_srp_jobs,Progammer,Indonesia,['r'],1,2026-05-05T02:54:00.527792
4376308650,"Identity Security Engineer (Okta & Identity Governance) - Bangkok Based, Relocation provided",Agoda,"Bali, Indonesia (On-site)","About the job

About Agoda

At Agoda, we bridge the world through travel. Our story began in 2005, when two lifelong friends and entrepreneurs, driven by their passion for travel, launched Agoda to make it easier for everyone to explore the world.

Today, we are part of Booking Holdings [NASDAQ: BKNG], with a diverse team of over 7,000 people from 90 countries, working together in offices around the globe. Every day, we connect people to destinations and experiences, with our great deals across our millions of hotels and holiday properties, flights, and experiences worldwide.

No two days are the same at Agoda. Data and technology are at the heart of our culture, fueling our curiosity and innovation. If you’re ready to begin your best journey and help build travel for the world, join us.

Role Overview:

We are looking for a hands on Identity Security Engineer to design, build, and operate Okta platform. This role owns the implementation and evolution of Okta Identity Governance, lifecycle automation, and identity centric security controls across the enterprise.

Key Responsibilities:


Okta Identity Governance (OIG) & Lifecycle: Design and deploy Okta Identity Governance modules, including Access Requests, Certifications, and Entitlement Management.
Develop and maintain custom workflows and policies within Okta IGA to enforce Segregation of Duties (SOD) rules during provisioning and access requests
Design access certification campaigns and remediation workflows to satisfy audit requirements.
Okta Platform Engineering: Manage Okta organization architecture (Groups, Rules, Policies) using Infrastructure-as-Code (Terraform) to ensure version control and reduce drift.
Build and maintain Okta Workflows for lifecycle automation, custom notifications, and advanced logic beyond native features. Implement and enforce Multi-Factor Authentication (MFA) policies, Risk-Based Authentication, and Global Session Policies.
Automation & Integration: Develop automation using Okta APIs, Event Hooks, and Workflows. Integrate Okta OIG with downstream applications for seamless provisioning.
Partner with Detection Engineering to ingest Okta System Logs into the SIEM for threat monitoring.
Governance, Risk & Compliance: Partner with GRC and Audit teams to support SOX, NIST requirements.
Ensure identity controls are measurable, auditable, and enforced consistently.


Required Skills & Experience:


6+ years of hands-on experience operating Okta in a production environment.
Experience with Okta Identity Governance (OIG): Setting up Access Requests, Review Campaigns, and Entitlements.
Experience with Terraform (specifically the Okta Provider) for managing configuration as code.
Ability to write scripts in Python or JavaScript/TypeScript for custom API integrations.


#sanfrancisco #sanjose #losangeles #sandiego #oakland #denver #miami #orlando #atlanta #chicago #boston #detroit #newyork #portland #philadelphia #dallas #houston #austin #seattle #sydney #melbourne #perth #toronto #vancouver #montreal #shanghai #beijing #shenzhen #prague #Brno #Ostrava #cairo #alexandria #giza #estonia #paris #berlin #munich #hamburg #stuttgart #cologne #frankfurt #hongkong #budapest #jakarta #bali #dublin #telaviv #milan #rome #venice #florence #naples #turin #palermo #bologna #tokyo #osaka #kualalumpur #malta #amsterdam #oslo #manila #warsaw #krakow #doha #alrayyan #riyadh #jeddah #mecca #medina #singapore #seoul #barcelona #madrid #stockholm #zurich #taipei #tainan #taichung #kaohsiung #bangkok #Phuket #istanbul #london #manchester #edinburgh #hcmc #hanoi #lodz #wroclaw #poznan #katowice #rio #salvador #newdelhi #bangalore #bandung #yokohama #nagoya #okinawa #fukuoka #jerusalem #IT #4

Please review our Hiring Process Guidelines before your interview — click here to learn how interviewing at Agoda works.

Discover More About Working At Agoda


Agoda Careers https://careersatagoda.com
Facebook https://www.facebook.com/agodacareers/
LinkedIn https://www.linkedin.com/company/agoda
YouTube https://www.youtube.com/agodalife


Equal Opportunity Employer 

At Agoda, we pride ourselves on being a company represented by people of all different backgrounds and orientations. We prioritize attracting diverse talent and cultivating an inclusive environment that encourages collaboration and innovation. Employment at Agoda is based solely on a person’s merit and qualifications. We are committed to providing equal employment opportunity regardless of sex, age, race, color, national origin, religion, marital status, pregnancy, sexual orientation, gender identity, disability, citizenship, veteran or military status, and other legally protected characteristics.

We will keep your application on file so that we can consider you for future vacancies and you can always ask to have your details removed from the file. For more details please read our privacy policy.

Disclaimer

We do not accept any terms or conditions, nor do we recognize any agency’s representation of a candidate, from unsolicited third-party or agency submissions. If we receive unsolicited or speculative CVs, we reserve the right to contact and hire the candidate directly without any obligation to pay a recruitment fee.",https://www.linkedin.com/jobs/view/4376308650/?eBP=CwEAAAGd9IwNKMHjvsfyKPH1s-7Neyn4f_rx-XW-ue0jynzDgGVGc7aTjqyJ6f7CH9W2TiPs73UIyN9sA1whmnIIn0LFgT1wAbFZjm7hHx9LhY6SlVE4PukzQwYi9boOleHwT0aoOWpoThWpwFfDUGMP5lvHPdMW0UhEFsTP6A-qBQra-FhKp_whzhUOIUX56_EdGG2tPRIpHDJEInfryinPsDzRXMMLPEU6_g93xjvjOWcGuElFGIWLBwMyBZ_zchxRQP3yBVIq-5k-BzrgTBr_BWPW2_usPRUbZLSXdqe9R2iL_fGyuIbIDs3m4dEK0f_XLhg5JUKz3CKfQEs-UwBzI3C_MGwQmdh8828WcQl5sO_Kn6CRj9rBS0LJgYxeoTi-FNxYv-AdCsV_vp6VEpblFUV4pRRRQsrhbktSahupNNX5-apKxK885ioNHAe8054EMXoi0dhjlnFDUCI1_GPBtKE6OweGeviRWz6u2HinrEo&refId=mEKvO1BDodDWmGLIr7RhAA%3D%3D&trackingId=DeMO2M5FBhp3UG91z26%2BcA%3D%3D&trk=flagship3_search_srp_jobs,Progammer,Indonesia,"['typescript', 'java', 'r', 'python', 'javascript', 'ios']",6,2026-05-05T02:54:17.503960
4367359005,Programmer,PT. Kairos Utama Indonesia,"Jakarta, Jakarta, Indonesia (On-site)","About the job
This job is sourced from a job board. Learn More

System Development & Integration
Develop, maintain, and enhance applications using .NET and Python.
Assist in system integration with internal and external applications, including APIs, web services, and databases.
Support the implementation of new systems and feature enhancements for existing applications.
Perform routine maintenance, debugging, and performance improvements on current systems.
Work closely with internal teams to understand functional requirements and deliver appropriate technical solutions.
 Automation & Scripting
Create and maintain Python scripts to automate operational processes and repetitive tasks.
Support system monitoring and basic deployment activities through automation.
Contribute to improving workflow efficiency by reducing manual processes.


Minimum Qualifications


Bachelor’s degree (S1) in Computer Science, Information Technology, or a related field.
Fluent in English, both written and verbal.
Basic to intermediate understanding of software development concepts.
Willingness to learn, adapt, and work in a collaborative environment.
Good problem-solving skills and attention to detail.
Hands-on experience with .NET development.
Hands-on experience with Python, especially for scripting and automation.
Basic understanding of APIs, web services, and databases.
Familiarity with application development and maintenance processes.",https://www.linkedin.com/jobs/view/4367359005/?eBP=NOT_ELIGIBLE_FOR_CHARGING&refId=mEKvO1BDodDWmGLIr7RhAA%3D%3D&trackingId=BDQwHA1rmwr1ZOUWXQ9r6Q%3D%3D&trk=flagship3_search_srp_jobs,Progammer,Indonesia,"['r', 'python']",2,2026-05-05T02:54:22.186781
4346566613,.NET Developer,PT Prima Vista Solusi,Jakarta Metropolitan Area (On-site),"About the job
This job is sourced from a job board. Learn More

Develop application using the latest .Net Framework and technologies
Provide solution architectures form business requirements, evaluating and implementing bug fixes, and excellent trouble-shooter and also collaborating with overseas team
Improve application performance and optimize database usage


Minimum Qualifications


Bachelor Degree in Information Technology/related from reputable university with GPA > 3.00.
Familiar with .NET technologies
Familiar with C#, SQL, JavaScript, HTML5 and CSS
Fresh graduates are welcome to apply.",https://www.linkedin.com/jobs/view/4346566613/?eBP=NOT_ELIGIBLE_FOR_CHARGING&refId=mEKvO1BDodDWmGLIr7RhAA%3D%3D&trackingId=7j%2F00DaSf2ndwmSQfFF8QA%3D%3D&trk=flagship3_search_srp_jobs,Progammer,Indonesia,"['c#', 'java', 'r', 'javascript', 'sql']",5,2026-05-05T02:54:26.847780
4407081983,D365 BC Technical,Importa Furniture - PT Importa Jaya Abadi,"Sleman, Yogyakarta, Indonesia (On-site)","About the job

Role Description

This is a full-time, on-site role for a D365 Business Central (BC) Technical professional based in Sleman Yogyakarta (WFO). The role entails designing, developing, and maintaining customizations and integrations for the D365 BC platform. The position requires collaborating with cross-functional teams and vendors team, troubleshooting system issues, enhancing system performance, and ensuring successful implementation of technical solutions. The role also includes conducting technical documentation, providing support, and delivering training to end-users as needed to optimize system utilization.




Qualifications

Minimum education: Diploma (D3) or Bachelor’s degree (S1) in IT, Information Systems, or related fields
Fresh graduate or having relevant experience in ERP development (preferably Dynamics 365 Business Central)
Basic understanding of ERP business processes (Finance, Sales, Purchase, Inventory) (is a plus)
Having knowledge of D365 Business Central (BC) development, including customization, extensions, and API integrations (is a plus)
Basic understanding of database concepts (SQL Server)
Experience with system troubleshooting, testing, and performance optimization
Excellent problem-solving skills and attention to detail in debugging and resolving technical issues
Able to work independently as well as in a team or cross department
Strong communication skills and ability to train and support end-users
Eager to learn and able to adapt quickly




Responsibility

Develop, customize, and maintain Microsoft Dynamics 365 Business Central based on business requirements (On-Prem and SaaS)
Analyze user needs and translate them into technical solutions
Perform system configuration, development, and testing
Troubleshoot and resolve system issues, bugs, and performance problems
Support integration with other systems (API, Web Services, OData)
Collaborate with functional teams to ensure solutions align with business processes
Create and maintain technical documentation
Provide user support and assist in system implementation or enhancement projects
Ensure system stability, performance, and data integrity




Interesting ? DM to me or Send your CV to : septian.cahyo@importa.co.id",https://www.linkedin.com/jobs/view/4407081983/?eBP=NOT_ELIGIBLE_FOR_CHARGING&refId=mEKvO1BDodDWmGLIr7RhAA%3D%3D&trackingId=x2GcC1AVC6EC11jUtWuaTA%3D%3D&trk=flagship3_search_srp_jobs,Progammer,Indonesia,"['r', 'sql']",2,2026-05-05T02:54:31.520936
4264319782,Senior Back End Engineer (Enterprise Efficiency) - Sea Labs,Shopee,"Jakarta, Indonesia (On-site)","About the job

About The Team

About Sea Labs Indonesia

Sea Labs is at the core of the Sea platforms development, supporting diverse business lines from e-commerce, supply chain, games, payment, and finance, among many others. The strong growth and unique positioning of Sea's e-commerce business, Shopee, spurred the launch of Sea Labs Indonesia. Since its inception, the group of passionate engineers has charted the course to drive the best experience for our users in Indonesia, many of which solutions are even adapted to other markets in the region.

Sea's hyper-growing business scale has transformed most ""innocent"" problems into huge technical challenges, and there is no better place to experience world-class projects first-hand if you love technologies as much as we do. Together with our passionate and driven teams, you'll get to develop your skills, build on industry knowledge, and collaborate with global teams in a dynamic space. Browse our Sea Labs Indonesia team openings to see how you can make an impact with us.

About Team

The Enterprise Efficiency team is dedicated to transforming workplace productivity through seamless integration of enterprise communication, open platform capabilities, and management systems covering HR, finance, and operational tools. Our products power the daily workflows of thousands of employees across Sea group companies.

Our product lines include SeaTalk (enterprise communication and collaboration platform) and PFMS (people and financial management system). We are currently driving enterprise initiatives where we actively leverage AI-powered tools and LLM integrations to enhance product capabilities and accelerate engineering workflows.

Job Description


Design and implement reliable, performant, and scalable backend systems.
Write high-quality, clean, and maintainable code using engineering best practices.
Collaborate with product managers, frontend engineers, and QA teams across the full development lifecycle.
Lead technical design discussions and produce thorough technical design documents.
Conduct constructive code reviews that improve team-wide code quality.
Integrate AI/LLM capabilities into backend services where applicable, including prompt engineering, API integration, and output handling.
Mentor junior and mid-level engineers through code reviews, pair programming, and knowledge sharing.
Proactively identify technical debt, performance bottlenecks, and reliability issues – then drive solutions.
Communicate technical constraints and trade-offs clearly to non-technical stakeholders.


Requirements


5+ years of backend development experience (Java, Go, or Python preferred)
Strong understanding of distributed systems, microservices architecture, and API design
Proven ability to produce well-structured, maintainable, and testable code with minimal defects
Experience with relational databases (MySQL/PostgreSQL) and caching layers (Redis)
Solid understanding of CI/CD pipelines, automated testing, and deployment best practices
Able to perform thorough, constructive code reviews that improve team code quality
Proficient in using AI-assisted development tools (e.g., GitHub Copilot, ChatGPT, Claude) to accelerate coding, debugging, testing, and documentation workflows
General AI literacy – understands core AI/LLM concepts and can evaluate where AI capabilities can be practically applied to improve product features or engineering processes
Experience with message queues (Kafka, RabbitMQ) and event-driven architecture
Familiarity with containerization (Docker, Kubernetes) and cloud platforms (AWS/GCP)
Hands-on experience integrating AI/LLM APIs into backend services (e.g., prompt engineering, API integration, output parsing)


Nice-to-Have Technical Skills


Experience building enterprise B2B or internal tooling products (e.g., ERP, communication platforms)
Performance tuning and optimization experience at scale",https://www.linkedin.com/jobs/view/4264319782/?eBP=CwEAAAGd9IwNKJ1FRnZw4nGO1AcDpW5PWk3cjlkneZEUi4uXJbta88z2G5CLLAXlCZ26MHfzUrfTSA1yqgfSvl6GOAeNvJt0-irhqpnJs0YWb6tKxr-usL1b9QP4s--wXKhG6PrAzidDAe0T6FKAoQHR0llbk9btmD02S9kaJiAE-XTmXodIAspYqIRw5iVNDxqmz7L5JTNDx01grtzCV58l-uf4yFuPYDoo3px9n8lsKuo5hHOIV4nbrYWfmU4n6bRhCnDEPWyLBHUa4e4gsdnqmZG0zxQ3zMjqZK9CWhPFDM8a_2rTLK_qj9bYWOVn9f_JcB0HD04_P2Q-fLB0VJXUoCzrfsYVAyrm7kOn5Az1HojtlebeQREwDB4P-H3jkijWYv9u-D8d5x20M7s7S8yCoY6K-rpH5oHqhIUQMW4R9-Cja9EUn-q9O4sUcxlaQqtwrMiWvORKaRPPKR60RU-tSya3gdJPXZdNI-K5OVDOdYY&refId=mEKvO1BDodDWmGLIr7RhAA%3D%3D&trackingId=m1MBv4Q42pxCmluz%2BTwa%2Bw%3D%3D&trk=flagship3_search_srp_jobs,Progammer,Indonesia,"['gcp', 'mysql', 'java', 'docker', 'r', 'python', 'redis', 'git', 'kafka', 'aws', 'sql', 'postgresql', 'scala', 'kubernetes']",14,2026-05-05T02:54:36.197164
4320101292,Quality Assurance Engineer,NawaData,"Jakarta, Jakarta, Indonesia (On-site)","About the job
This job is sourced from a job board. Learn More

Involved in Product Development cycle from the beginning.
 To author Test Cases, manage the test case documentation.
 Convert the test cases into Automated Testing scripts and maintain them.
 Execute the test cases manually which are not covered yet by the Automated Testing script.
 To monitor quality status (active bugs) of products feature under development and production.
 To execute functionality testing and load testing.


7 . Avoid critically and minimize major bugs released to the Production environment.

Requirements


Min. Bachelor's Degree in Computer Science, Information Systems, Electrical Engineering or related field.
Fresh Graduates or 1-3 years experience as Software Test Engineer
Have a good knowledge application development basic, algoritma, strong logical thinking, willingness to coding & SDLC
Having excellent SQL, Programming Skills, Automation Testing (Selenium, Katalon, etc)
Replacement : North Jakarta",https://www.linkedin.com/jobs/view/4320101292/?eBP=NOT_ELIGIBLE_FOR_CHARGING&refId=mEKvO1BDodDWmGLIr7RhAA%3D%3D&trackingId=QTe24RFluRurumaCmDcVGw%3D%3D&trk=flagship3_search_srp_jobs,Progammer,Indonesia,"['r', 'sql']",2,2026-05-05T02:54:40.877516
4408652468,(contract) SAP,Entrepreneur Trust Digital | Entrust Digital,Jakarta Metropolitan Area (On-site),"About the job

PT. Entrepreneur Trust Digital provide clients with our professional team which are adapt with all the latest technologies. Our services in IT Outsourcing are an efficient way to deliver IT solutions to any business to boost business performance.




We are looking for talented individuals in SAP ABAP position.




Qualifications

Proficient knowledge in SAP ABAP - minimum 1 years
Minimum education D3/S1
Can work in Banking Company
Can join ASAP or 2 week notice period
Can work fulltime onsite in Jakarta
Can stay at Jabodetabek area
Proficient in design system, database, query (WAJIB)
Proficient in programming (WAJIB)
Proficient in scheduler, testing, deploy (WAJIB)
Experience in developing SAP integration program with other system (WAJIB)
SDLC (agile/scrum/waterfall)
Proficient in English (verbal & written)




Job type: Contract Fulltime Onsite - Jakarta

Working Onsite: Monday to Friday in Jakarta




Industry

Information Technology & Services




Employment Type

Contract",https://www.linkedin.com/jobs/view/4408652468/?eBP=NOT_ELIGIBLE_FOR_CHARGING&refId=mEKvO1BDodDWmGLIr7RhAA%3D%3D&trackingId=bNxNTpEg5x%2FzrjqfpoZu4w%3D%3D&trk=flagship3_search_srp_jobs,Progammer,Indonesia,"['rust', 'agile', 'scrum', 'r', 'git']",5,2026-05-05T02:54:45.552853
4261955005,Senior Back End Engineer (Enterprise Efficiency) - Sea Labs,Sea,"Jakarta, Indonesia (On-site)","About the job

About the Team:

About Sea Labs Indonesia

Sea Labs is at the core of the Sea platforms development, supporting diverse business lines from e-commerce, supply chain, games, payment, and finance, among many others. The strong growth and unique positioning of Sea's e-commerce business, Shopee, spurred the launch of Sea Labs Indonesia. Since its inception, the group of passionate engineers has charted the course to drive the best experience for our users in Indonesia, many of which solutions are even adapted to other markets in the region.

Sea's hyper-growing business scale has transformed most ""innocent"" problems into huge technical challenges, and there is no better place to experience world-class projects first-hand if you love technologies as much as we do. Together with our passionate and driven teams, you'll get to develop your skills, build on industry knowledge, and collaborate with global teams in a dynamic space. Browse our Sea Labs Indonesia team openings to see how you can make an impact with us.

About Team

The Enterprise Efficiency team is dedicated to transforming workplace productivity through seamless integration of enterprise communication, open platform capabilities, and management systems covering HR, finance, and operational tools. Our products power the daily workflows of thousands of employees across Sea group companies.

Our product lines include SeaTalk (enterprise communication and collaboration platform) and PFMS (people and financial management system). We are currently driving enterprise initiatives where we actively leverage AI-powered tools and LLM integrations to enhance product capabilities and accelerate engineering workflows.

Job Description:


Design and implement reliable, performant, and scalable backend systems.
Write high-quality, clean, and maintainable code using engineering best practices.
Collaborate with product managers, frontend engineers, and QA teams across the full development lifecycle.
Lead technical design discussions and produce thorough technical design documents.
Conduct constructive code reviews that improve team-wide code quality.
Integrate AI/LLM capabilities into backend services where applicable, including prompt engineering, API integration, and output handling.
Mentor junior and mid-level engineers through code reviews, pair programming, and knowledge sharing.
Proactively identify technical debt, performance bottlenecks, and reliability issues – then drive solutions.
Communicate technical constraints and trade-offs clearly to non-technical stakeholders.



Requirements:


5+ years of backend development experience (Java, Go, or Python preferred)
Strong understanding of distributed systems, microservices architecture, and API design
Proven ability to produce well-structured, maintainable, and testable code with minimal defects
Experience with relational databases (MySQL/PostgreSQL) and caching layers (Redis)
Solid understanding of CI/CD pipelines, automated testing, and deployment best practices
Able to perform thorough, constructive code reviews that improve team code quality
Proficient in using AI-assisted development tools (e.g., GitHub Copilot, ChatGPT, Claude) to accelerate coding, debugging, testing, and documentation workflows
General AI literacy – understands core AI/LLM concepts and can evaluate where AI capabilities can be practically applied to improve product features or engineering processes
Experience with message queues (Kafka, RabbitMQ) and event-driven architecture
Familiarity with containerization (Docker, Kubernetes) and cloud platforms (AWS/GCP)
Hands-on experience integrating AI/LLM APIs into backend services (e.g., prompt engineering, API integration, output parsing)



Nice-to-Have Technical Skills


Experience building enterprise B2B or internal tooling products (e.g., ERP, communication platforms)
Performance tuning and optimization experience at scale",https://www.linkedin.com/jobs/view/4261955005/?eBP=CwEAAAGd9IwNKHR4VPsF7wi9oUn-JLNcmlzoB2X2jHgk9x26Hu-4jOMvWM2b3TqCPDk10b2Fo5OkIjEnNv4IGIEYJXLdltRwcS6_V_PDw4ldVm4M-1KKaR7_imUWUB1oq8Qj85gNmLfBVaSmsq9Yjdw6QpQJkbLiiHjWPqILcLXOVTCYaY41rRskoJqEr5qzzSw2ZCUGQoDP3YqxnhxaO5PBoy07nCO0kI_Om7cRB_xI7o3WgIRB323_Nw-5gboV5VIKMIM1be2ER_CiOKJlRnVFGL8OiRWZUqfeg2PNhc19x5A8q8YGWLuV1Zvgg6QTWCMDBbS7oMF3Ixo6Gs3td_Zj9TUBUPtudhBd1nJ_YZWfKXjoCbOFQ10bfJbhLSke7m5kwDFKHM0Zpw1vConpK2CF_OpCjDuky-XzKmUyZa3eT_yh0aPlKAC30qEkS6JQjGW5_iAQl5q6kzvL_59CormRcCBHIPhOJVxN62a3EGj5MT0Jxw&refId=mEKvO1BDodDWmGLIr7RhAA%3D%3D&trackingId=gwJ9lS%2FUkG79IRl6pCsQOQ%3D%3D&trk=flagship3_search_srp_jobs,Progammer,Indonesia,"['gcp', 'mysql', 'java', 'docker', 'r', 'python', 'redis', 'git', 'kafka', 'aws', 'sql', 'postgresql', 'scala', 'kubernetes']",14,2026-05-05T02:54:50.243846
4298780969,Game Mode Developer Freelance (Onsite),Garena,"Jakarta, Jakarta, Indonesia (On-site)","About the job

As a Game Mode Developer you will be responsible for designing and delivering engaging in-game modes (commonly called “maps”) that enhance the player experience across our games. This role combines map ideation, technical execution using the PC Editor, and end-to-end publishing of fully playable maps in-game. By aligning with player preferences, gameplay trends, and seasonal themes, the role ensures our games remain a fresh, dynamic, and competitive space for the community.

Job Description


Propose, build, and publish new maps aligned with player trends, covering themes, objectives, gameplay mechanics, and key features.
Test and refine maps to ensure they are bug-free, balanced, and optimized for player enjoyment, including both self-developed maps and those created by professional developers.
Research and analyze player preferences and trending modes across UGC platforms, providing regular insights to guide map development and improvements.
Collaborate with product, QA, and content teams to ensure map development and publishing align with seasonal updates and event schedules.


Job Requirements


Fresh graduates or candidates with up to 2 years of experience in game development or a related field, ideally with an academic background in game development or a relevant major.
Prior exposure to UGC map design on platforms such as Roblox, Fortnite Creative, Minecraft, or similar; experience with UGC PC editors is required (experience in Craftland PC Editor experience is a strong plus)
Strong creativity and ability to design innovative, engaging gameplay environments that resonate with player interests.
Solid project management skills, with a track record of successfully delivering projects both independently and within a team.
Deep passion for games and a solid understanding of the Indonesian gaming market, including both mobile and non-mobile genres.
Excellent written and verbal communication skills in both Bahasa Indonesia and English, with the ability to collaborate effectively across teams.
Willing to work under 3 months freelance contract period for a full WFO arrangement in our office at South Jakarta",https://www.linkedin.com/jobs/view/4298780969/?eBP=CwEAAAGd9IwNKd1KFmcBfS0AtrUHnAW5PZkLbXOZxeK3IH1vjrUgAueg0gIGd4JhKwTnZreCqmeldFR1SaP_bh9RbECuDI5ysNz2k324wkS3qBxx2MmYK4lxyjY0DH6QZHdjeNJpeUIQx_yfijOEoJkz4OxoJwfX-t1LnL3g1Dj1Gi0l-_Af7pB6raW1pBviBPgrHxihgzfOXwF6H_AU_qBuPvTFISBl-OzxSjrlsACt2ZxnNNsUb388nv_f_5sS_JjV6OiMUWwtgYzfs-HI8ddbMmo44R3m0HwX1ypHDf6jw3WlNod6fyoZFH3gIUH4UrE1320Y-gzt9aNrFrSmXyRmy5-EFVVh2I_qeX7lrYvZpuapjWoqF9jDDD7wtd2hQy7vod8T72RphSMzXxVK8QrWAPwlBRRzw9k_-c3pCM-aNx2VmsVlnhaRmejss6WSS8smc5jrijB24iGIPw&refId=mEKvO1BDodDWmGLIr7RhAA%3D%3D&trackingId=CyBDRJvgLKRInl0zGggJ5Q%3D%3D&trk=flagship3_search_srp_jobs,Progammer,Indonesia,['r'],1,2026-05-05T02:54:54.909445
4346450299,SWE Infrastructure Specialist (Java) – Freelance AI Trainer Project,"Meridial Marketplace, by Invisible",Indonesia (Remote),"About the job

Are you a Java-focused software engineer with strong infrastructure and systems expertise eager to help shape how AI understands large-scale software systems? As language models are increasingly applied to enterprise environments, their ability to reason about performance, reliability, and cloud architecture depends on high-quality expert guidance. That training data begins with experienced engineers like you.

We’re seeking SWE Infrastructure Specialists fluent in Java with deep knowledge of systems thinking, architectural design, performance engineering, and quality assurance. You’ll challenge advanced AI models on complex infrastructure scenarios involving JVM-based services, distributed systems, cloud-native deployments, and enterprise-grade architectures, while documenting where models struggle to reason about correctness, scalability, and operational behavior.

On a typical day, you will engage the model on Java-centric infrastructure and platform engineering tasks, verify architectural decisions related to concurrency, latency, throughput, and resource utilization, assess infrastructure and application-level testing strategies, analyze deployment and reliability risks, capture reproducible failure modes, and provide structured feedback to improve model evaluation and reasoning frameworks.

A bachelor’s, master’s, or PhD in computer science, software engineering, or a related technical discipline is preferred. Hands-on experience with enterprise Java systems, cloud infrastructure, platform engineering, or SRE- and DevOps-adjacent roles is highly valued. Strong written communication and the ability to clearly explain system behavior and design decisions are essential.

Ready to turn your engineering expertise into the knowledge base for tomorrow’s AI? Apply today and start teaching the model that will teach the world.

We offer a pay range of $80-to-$150 per hour, with the exact rate determined after evaluating your experience, expertise, and geographic location. Final offer amounts may vary from the pay range listed above. As a contractor you’ll supply a secure computer and high-speed internet; company-sponsored benefits such as health insurance and PTO do not apply.

Job title: SWE Infrastructure Specialist (Java) – Freelance AI Trainer Project

Employment type: Contract

Workplace type: Remote",https://www.linkedin.com/jobs/view/4346450299/?eBP=BUDGET_EXHAUSTED_JOB&refId=mEKvO1BDodDWmGLIr7RhAA%3D%3D&trackingId=OsQE94tNrVxZtdkfI0plcA%3D%3D&trk=flagship3_search_srp_jobs,Progammer,Indonesia,"['java', 'r', 'ios', 'scala']",4,2026-05-05T02:54:59.601461
4376065048,Cloud Platform Engineer (SDE 2),Kredivo Group,Jakarta Metropolitan Area (On-site),"About the job

We are looking for a Cloud Platform Engineer to join our team. In this role, you will be responsible for designing and maintaining scalable, secure, and reliable cloud infrastructure that supports business-critical workloads. You will contribute to improving platform reliability, observability, automation, and infrastructure data workflows to ensure our systems are resilient, cost-efficient, and production-ready.

About The Job


Maintain and operate cloud infrastructure (AWS/GCP).
Support Kubernetes cluster operations and platform add-ons.
Develop and maintain Infrastructure-as-Code modules.
Support platform observability systems (logs, metrics, tracing).
Maintain infra data ingestion workflows (log shipping, telemetry pipelines, cloud data ingestion).
Contribute to improving the reliability, scalability, and performance of infrastructure platform services, including infrastructure data workflows and observability systems.
Participate in incident response and root cause analysis.


About You


2 years experience in Cloud / Infrastructure Engineering.
Hands-on production experience with Kubernetes.
Solid understanding of Kubernetes fundamentals (networking, RBAC, scaling, workload lifecycle).
Experience with AWS and/or GCP services. (compute, networking, storage, IAM).
Experience with Infrastructure-as-Code (Terraform preferred).
Experience in debugging distributed systems issues using logs, metrics, and tracing data
Experience working with end-to-end observability and log pipelines, including:
Collecting logs from workloads and infrastructure
Ensure reliable delivery to storage or analytics systems
Supporting log retention and lifecycle policies
Working knowledge of SQL and data validation.
Demonstrated ownership mindset — able to identify problems, propose improvements, and follow through to resolution.",https://www.linkedin.com/jobs/view/4376065048/?eBP=CwEAAAGd9IwNKWqN_eiA8mzXmMQcJ3m0LInEq6NckIalRiRIlrshU073Aeyr2sJxrKLYmIqWOm6NEZlEek7rORPSUDM-CVR6foSynwWtrtwimKf7CP_ao8Jx3x_w8NCBJNKQf54cRB1XNaqQIYGLwXE0Qz3NWtPW7Xj4xwBqMDvXuMUmH2ZyA5_FnaNTnbdRkGyT8GH2sHqEBEvorRHiozLn5fzgtFlqdQPY1rpeW5pokRo6B5wid1IfV5gjUNLr8b46X3RiuEO6WcHMsL57B7ui51x_Hi96sQj0e8MMtPEgiC4005bT5fZcHJUURAD6jPoG4RuADB1gO9qSKmyTPcfQYdN6RbYECe4_4Gwtwjnr-dpYdjkUSB7GKlMrtKDhdeLp100YKHjuL85tmbxF8TqeZrex6ziqXkE_oPP_1f3V2w03e9Cp7eNLbdpg8yTAgBmi_VzigB-VlOw&refId=mEKvO1BDodDWmGLIr7RhAA%3D%3D&trackingId=cuEB3daR0T217IJWybuSFw%3D%3D&trk=flagship3_search_srp_jobs,Progammer,Indonesia,"['gcp', 'r', 'aws', 'sql', 'scala', 'kubernetes']",6,2026-05-05T02:55:04.272101
4317447018,Software Developer,PT. CYBERTREND INTRABUANA,"Jakarta, Jakarta, Indonesia (On-site)","About the job

We are SmartCyber, member of Cybertrend, one of the leader data science consultants in Indonesia. At CYBERTREND, Implementation Innovation Excellence Department is one of our core capabilities in realizing solutions for clients.

About The Role

As SOFTWARE DEVELOPER, you will be part of the core team, in ensuring that our product and solution delivered to customers are designed and developed with highly scalable, reliable and maintainable system. Along with owning the entire life cycle of all CYBERTREND’s projects and deliver project as required by user.

We Are Looking Someone With


 A Bachelor’s Degree in Software Engineering, Computer Science, Information Systems or a similar field
 At least 1 years of experience as a Java Developer or PHP Developer
 Experience using Java tools (J2EE, Springboot, Struts, Nodejs, Proficient with Git, Angular, Rest API, JSON or SOAP) or PHP tool
 Experienced on creating software requirements
 Proven and experienced on Software Development Life Cycle
 Ability to communicate with business user to capture business process requirments
 Strong analytical thinking and problem solving
 High-level written and verbal communication skills


The Work You’ll Do


 Completes applications development by coordinating requirements, schedules and activities
 Contributing to team meetings
 Troubleshooting development and production problems across multiple environments and operating platforms
 Conduct knowledge acceleration to internal teamand deciphering technical jargon so it is easily understood by the whole team
 Providing User Guide for Clients


What Cybertrend Can Offer You


 The unique opportunity to work within data science and artificial intelligence solution for various industries – real world data science, AI , Data Management and Governance experiences
 Investment in your personal growth and skill development (clear career paths, mentorship and coaching, learning development, etc)
 Attractive compensation and benefits packages
 An open-minded culture with innovative, autonomous teams
 A clear set of company core values that guide everything we do: GROWTH mindset, SOLUTION oriented, INNOVATIVE achiever, COMPASSIONATE, GOTONG ROYONG and Cool & FUN",https://www.linkedin.com/jobs/view/4317447018/?eBP=NOT_ELIGIBLE_FOR_CHARGING&refId=mEKvO1BDodDWmGLIr7RhAA%3D%3D&trackingId=ZqyyuDdXqF6O0abfrZ%2BuqQ%3D%3D&trk=flagship3_search_srp_jobs,Progammer,Indonesia,"['angular', 'java', 'r', 'git', 'php', 'scala']",6,2026-05-05T02:55:08.955280
4407823303,MES Developer (C# / .NET),Firstunion,"Bekasi, West Java, Indonesia (On-site)","About the job

Work Location

EJIP Industrial Park Plot 9M, Sukaresmi, Cikarang Selatan, Kab. Bekasi, Jawa Barat, Indonesia, Postal Code: 17550




Job Overview

We are looking for an experienced C# .NET MES Developer to work onsite at our Indonesia factory. You will be responsible for MES system requirement analysis, development, testing, operation and maintenance, ensuring stable system operation and digital manufacturing implementation.







Key Responsibilities

Collaborate with production teams to analyze business requirements and compile SRS documents.
Develop and optimize MES modules via C# & .NET, including production planning, monitoring, quality, equipment and material management functions.
Provide daily system maintenance and technical support, troubleshoot system issues, and complete regular data backup and recovery to ensure system stability and data security.
Conduct functional, performance, integration and UAT testing, fix system defects and ensure delivery quality.




Job Requirements

Bachelor’s degree or above in Computer Science, Software Engineering or related majors.
5+ years of software development experience, with 3+ years of professional MES development experience; candidates with full-cycle MES project experience are preferred.
Proficient in C# and .NET framework, skilled in OOP and design patterns; expert in MS SQL Server (stored procedure, trigger, function, database design and optimization), familiar with Oracle/MySQL is a plus.
Able to communicate and work proficiently in English or Chinese.
Good problem-solving skills and teamwork spirit, able to work onsite in Indonesia.",https://www.linkedin.com/jobs/view/4407823303/?eBP=CwEAAAGd9IwNKWUYT_PiJdFgyiwrnXKJoJm9ki5xWBZ5N8o3m4Yq53WYCF6Ojiua86236raDwytUcHKeEeryEXCclGfbahHDiqtcgUXS_bCy_11nVHuj_mekWeRktKrYNdr0dV2hxl38ferIJ2bIXg40iikoKp9qHwBhc4dBlEvQZb5KouiLom-qIBZdmvJkC9lnMQf0oN1KDZPoZdR46wRfF10-531FwtubnqhoduA2EcAyzFbqMo2QfRTCMOWBR68KFH8z4Ttkd0OwRhc1gwThVYPwgbXIuZYpB8Vu26L3Rp0_WduducmEq8S_rwaITSY-rH7_DzwMwRugB_IdnIfeKj9Xd22gT9jk-yR72a787mqJUTmZ2L530VSDbWHuUQXNZpFuD18T52KdIueJj8XuxkTbeDC8xgE-lD-aWOIICxZstVJQRehKBES-XMO2CI1Dm920uwteCH5TG_d-IldfTPqv1lC0ezuyqOWoTJrZuuQaVw&refId=mEKvO1BDodDWmGLIr7RhAA%3D%3D&trackingId=3Q9%2Bj0fD5Wp9sZCVInt%2FvA%3D%3D&trk=flagship3_search_srp_jobs,Progammer,Indonesia,"['mysql', 'c#', 'r', 'git', 'sql']",5,2026-05-05T02:55:13.635617
4354522507,Site SQA Engineer/Technician,Valeo,"Batam, Riau Islands, Indonesia (On-site)","About the job

Valeo est une entreprise mondiale de haute technologie qui conçoit des solutions révolutionnaires pour réinventer la mobilité. Nous sommes un équipementier partenaire des constructeurs automobiles et des acteurs de la nouvelle mobilité dans le monde entier. Notre vision ? Inventer une mobilité plus verte et plus sûre, grâce à des solutions axées sur la conduite intuitive et la réduction des émissions de CO2. Nous sommes leaders dans nos domaines d'activité et reconnus comme l'une des plus grandes entreprises innovantes au monde.

Projects P1 & P0 / P10 Responsibilities


Coordinate Supplier Quality activities of P1 & P0 / P10 projects and support the Project Buyer in the communication between the Project Team and the remote PG SQA Commodity engineers involved with the PQA task development and monitoring with external suppliers.
Raise to project team external components with roadblocks and action plan during Project QRQC 
Participate at least weekly to Project QRQC per platform
Assign PG commodity SQA engineer to participate to design review done before supplier nomination (project phase 1)
Participate to FDPR & know status of components (qualified or deviated) & perform pre-analyze with project team in case of external component issue 
Escalate to PG SQA Manager & Regional Quality Director & or PL Quality Director if SQA engineer responsible of component supported by his/her PG Region SQA Manager is not able to fix issue.


Position~

Quality - Suppliers Operational

Département~

PG Commodity SQA Engineer

Schedule~

Temps plein

Employee Status~

CDD (Fixed Term)

Type de contrat~

Contrat à durée déterminée

Job Posting Date~

2026-01-05

Join Us !

Being part of our team, you will join~


 one of the largest global innovative companies, with more than 20,000 engineers working in Research & Development
 a multi-cultural environment that values diversity and international collaboration
 more than 100,000 colleagues in 31 countries... which make a lot of opportunity for career growth
 a business highly committed to limiting the environmental impact if its activities and ranked by Corporate Knights as the number one company in the automotive sector in terms of sustainable development


More information on Valeo~ https~//www.valeo.com",https://www.linkedin.com/jobs/view/4354522507/?eBP=CwEAAAGd9IwNKc5bVJ12NrVmD6nSjmz0FbgpdrHXcOCRUSelO9Gn3x02ABGD_ETnlLo9nouyRNzEIXc_9Pdh8pXbfx3kDolCkRWQF0xk7nZjKVK9zYfB0EDX2mfeY9CtEWAZOOB6VPAY_T8F9s_soSMCiklE4tgmjbGtZwZ_YVHRT8M0vyj206c_1g0gA8sIIjvNkSiXTjtIyMinBmvlIc0LbMy7tRq0Fm0JNqw9_Rofx9tdY7cbOre8-tJapDBMb60oew5IyQvr0Dc_7zjylqYDqJW1fyL38H8YieYmlvu3yXkzJDxZZAJHLG_hXghexEucK-EvuAaIcK-6KpB1l2e4feEgrUytEjHleqXpBktmK_vy04Ou7fHqRnM_V9FwzZi0879JOkHj_QNNDRN5ivt8zs2C7UUxgkNvMpqy253f9SuXD96erqTsXdnRbpBulcwZfjkEW2_N-HpQgd-JfRFGXrQbeq3AD07qhKawvJ4dQQOd720Vvmu5k3R_QRqZhPDF&refId=mEKvO1BDodDWmGLIr7RhAA%3D%3D&trackingId=mADsyLvBMqWEms9OZ3l%2BsQ%3D%3D&trk=flagship3_search_srp_jobs,Progammer,Indonesia,"['r', 'scala']",2,2026-05-05T02:55:18.328466
4395940989,Sr. Validation Engineer,Alcon,"Batam, Riau Islands, Indonesia (On-site)","About the job

At Alcon, we are driven by the meaningful work we do to help people see brilliantly. We innovate boldly, champion progress, and act with speed as the global leader in eye care. Here, you’ll be recognized for your commitment and contributions and see your career like never before. Together, we go above and beyond to make an impact in the lives of our patients and customers. We foster an inclusive culture and are looking for diverse, talented people to join Alcon.




As a Senior Validation Engineer supporting the Manufacturing Team, you will be trusted to work at the Batam Plant. The candidate will be supporting and executing the validation/ qualification activities for Processes, Equipment, Computerized Systems, Utilities, Facilities and Cleaning Procedures.

In this role, a typical day will include:

Execute and support site validation/qualification activities
Support Validation Efforts for Tech Transfer projects
Preparation, review and remediation of validation protocols
Training of validation protocols, site validation SOPs
Support validation activities for large capital procurement projects
Ensure compliance and provide technical support to the validation team




WHAT YOU’LL BRING TO ALCON: 




Bachelor’s Degree in Science or Engineering
5 - 10 years experience in manufacturing/ manufacturing science & technology/quality / technical development in medical device, pharmaceutical manufacturing or food & beverage manufacturing
At least 5 years of experience in executing validation activities in complex projects
Good understanding of requirements and validation lifecycle
Fluent in English and local language
Strong ability in reviewing and writing technical reports",https://www.linkedin.com/jobs/view/4395940989/?eBP=CwEAAAGd9IwNKYMfwBPYU6kKBF8G59Laak39mFEvk06GVr2vevcWOGsWdw0irKtcZ4h8MriOYuPncCgdw07lz0YXY9zChzSFdb5voJsT_P6XNr_-OZQuOpfG4fHJFl5KlAilploA8pogXCjG-a_RVAaD-uqK43cPF-NakedGMU9FH-2Dq_TAq3ZnlVPs2y43ZT3wgUXPhvxbVmPmSU8_D8XCEAKRKWEZrbqysKGI0uA70hgWq1MVWcUkLEGhhXgoDTMyB6HqsU43IgLBX1HS-AOLW9LpU6kccUHJabGBXbS05ZV17qt0mKJtAyJv2d4T1-sC8Nj2KC5kxMaqIcEtDmAowrGtr7DF802v8v7ME8alC17kYu0mkblFNbYIVPrvwVY5imLCwNiKueYHBfS_5NSACvBDSwvxbSU2fdR4CdtTujUOj5aw4QFG5lK6tjiyph1DZMDpD_2DtrDx6dot_vf2t__XvDlmjmpEA3jqFyK6mpF-wQ&refId=mEKvO1BDodDWmGLIr7RhAA%3D%3D&trackingId=TISUenNgID05gLGH1X3ODw%3D%3D&trk=flagship3_search_srp_jobs,Progammer,Indonesia,"['rust', 'r']",2,2026-05-05T02:55:23.014193
4387603889,Java Developer,PT Pro Sigmaka Mandiri,Jakarta Metropolitan Area (On-site),"About the job
This job is sourced from a job board. Learn More

Develop and maintain backend applications using Java (Spring Boot)
Design and implement RESTful APIs to support business requirements
Collaborate with Business Analysts, QA Engineers, and other technical teams during development
Perform debugging, troubleshooting, and application performance optimization
Develop new features and enhance existing systems
Ensure code quality by following best practices and participating in code reviews
Support testing, deployment, and ongoing maintenance of applications


Minimum Qualifications


Minimum Bachelor’s Degree (S1) in Computer Science, Information Technology, or related field
Minimum GPA 3.00 (on a 4.00 scale)
Minimum 1–4 years of experience as a Java Developer (open for Junior to Mid-level candidates)
Strong proficiency in Java and Spring Boot framework
Solid understanding of REST APIs, Microservices architecture, and system integration
Experience with relational databases (MySQL, PostgreSQL, or similar)
Familiar with Git version control
Good understanding of OOP principles, clean code, and design patterns
Willing to work full onsite in Jakarta area
Open to contract-based employment",https://www.linkedin.com/jobs/view/4387603889/?eBP=NOT_ELIGIBLE_FOR_CHARGING&refId=mEKvO1BDodDWmGLIr7RhAA%3D%3D&trackingId=nyyo%2BXFf3KtYDfrsbRWqdw%3D%3D&trk=flagship3_search_srp_jobs,Progammer,Indonesia,"['mysql', 'spring boot', 'java', 'r', 'git', 'sql', 'postgresql']",7,2026-05-05T02:55:27.707611
4408343789,Ai Trainer/Data Annotator - Remote,YO IT Consulting,"Mena, East Nusa Tenggara, Indonesia (Remote)","About the job

Job Title: AI Evaluation Specialist

Job Type: Contractor

Location: Remote

Job Summary

As a AI Evaluation Specialist, you'll apply your expertise to help train next-generation AI systems. Your work will shape how models learn, reason, and perform through high-quality, real-world input. No prior experience in AI is required — your domain knowledge is what matters.

Key Responsibilities


Review and critically assess AI-generated outputs for quality, clarity, usability, and overall user experience.
Identify inconsistencies, weaknesses, and improvement opportunities across diverse content types and visual experiences.
Apply structured evaluation guidelines and provide insightful, nuanced feedback to inform model improvements.
Collaborate with cross-functional teams to define and refine quality standards, scoring criteria, and review processes.
Maintain high accuracy and consistency across evaluations, ensuring reliable and actionable results.
Contribute to the continuous enhancement of evaluation workflows and best practices.
Support the development of training data that enhances AI system performance and reliability.


Required Skills And Qualifications


Exceptional reading comprehension and acute attention to detail.
Strong observational skills with excellent aesthetic or editorial judgment.
Ability to think critically and deliver consistent, high-quality evaluations in ambiguous scenarios.
Excellent written and verbal communication skills.
Comfort working across various content types and evaluation guidelines.
Strong sense of ownership, reliability, and commitment to delivering high-quality work for the customer's team.
Open-minded approach to learning and quickly adapting to new workflows.


Preferred Qualifications


Background in design, UX/UI, creative direction, editing, or content strategy.
Experience reviewing creative, visual, or AI-generated content.
Familiarity with annotation, QA, moderation, or evaluation workflows, as well as working with AI tools or LLMs.


We’re seeking highly perceptive and detail-oriented trainers passionate about shaping the future of AI. Bring your refined judgment, critical thinking skills, and commitment to excellence to our customer's team and make a meaningful impact on emerging AI technologies.",https://www.linkedin.com/jobs/view/4408343789/?eBP=NOT_ELIGIBLE_FOR_CHARGING&refId=mEKvO1BDodDWmGLIr7RhAA%3D%3D&trackingId=hVKk1lae8Cjc0cF5WNLpCg%3D%3D&trk=flagship3_search_srp_jobs,Progammer,Indonesia,"['r', 'ios']",2,2026-05-05T02:55:32.404929
4285701574,PHP Developer,Vodjo,Greater Bandung (On-site),"About the job

We Are Hiring

PHP Developer

Vodjo is currently seeking a PHP Developer to work on new and existing projects with their growing team in Bandung. PHP developer is responsible for writing server-side web application logic, develop backend components, connect the application with the other (often third-party) web services, and support the frontend developers by integrating their work with the application.

Required Skills


Strong knowledge of PHP web frameworks such as Laravel, Codeigniter, Symfony
Understanding the fully synchronous behavior of PHP
Understanding of MVC design patterns
Experience with building restful JSON web services
Basic understanding of front-end technologies, such as JavaScript, HTML5, and CSS3
Knowledge of object oriented PHP programming
Proficient understanding of code versioning tools, such as Git
Understanding fundamental design principles behind a scalable application
Creating database schemas that represent and support business processes


Desired Skills


Knowledge of JavaScript frontend framework such as Vue.js, React, AngularJS is a plus
Knowledge of the common PHP or web server exploits and their solutions is a plus
Integration of multiple data sources and databases into one system is a plus
Basic knowledge of Search Engine Optimization (SEO) is a plus
Experience in common third-party APIs (Google, Facebook, Ebay etc) is a plus
Knowledge of the Linux environment is a plus
Ability to work in an agile environment",https://www.linkedin.com/jobs/view/4285701574/?eBP=NOT_ELIGIBLE_FOR_CHARGING&refId=mEKvO1BDodDWmGLIr7RhAA%3D%3D&trackingId=5dvlNhFgJHMfiA2c%2FchPJw%3D%3D&trk=flagship3_search_srp_jobs,Progammer,Indonesia,"['react', 'angular', 'linux', 'agile', 'java', 'r', 'javascript', 'git', 'php', 'scala', 'vue']",11,2026-05-05T02:55:37.098612
4401955130,Web Developer,PT Propan Raya ICC,"Tangerang, Banten, Indonesia (On-site)","About the job

Tugas & Tanggung Jawab


Bertanggung jawab dalam pembuatan dan pengembangan website, serta digitalisasi sistem jaringan berbasis web.
Melakukan pemeliharaan, dan integrasi sistem agar berjalan optimal.


Kualifikasi


S1 Teknik Informatika
Terbuka bagi freshgraduate atau memiliki pengalaman 1-2 tahun
Memiliki kemampuan web development (Front-end & Back-end)
Mampu membuat dashboard atau sistem monitoring data berbasis web menjadi nilai tambah
Memiliki kemampuan analitis dan problem solving yang baik.",https://www.linkedin.com/jobs/view/4401955130/?eBP=NOT_ELIGIBLE_FOR_CHARGING&refId=mEKvO1BDodDWmGLIr7RhAA%3D%3D&trackingId=9HADE5desyxN%2FHJtX1kC9g%3D%3D&trk=flagship3_search_srp_jobs,Progammer,Indonesia,"['r', 'git']",2,2026-05-05T02:55:41.782490
4394436817,Quality Assurance Engineer,Glints,"Batam, Riau Islands, Indonesia (On-site)","About the job

We are looking for a proactive and detail-oriented Senior QA-BA Engineer to lead our quality assurance efforts while also supporting business analysis activities across our projects. In this hybrid role, you will play a key role in ensuring our software products meet the highest standards of quality, reliability, and performance. You’ll collaborate closely with developers, business analyst, product managers, and other stakeholders to clarify requirements, translate business needs into functional specifications, design, develop, and execute test plans and strategies. You will play a critical role throughout the entire product lifecycle — from requirement analysis to release validation.




Responsibilities:

Quality Assurance

Lead the QA efforts for multiple projects, ensuring comprehensive test coverage and high-quality releases
Work closely with product and development teams to understand requirements and ensure comprehensive test coverage.
Design, develop, and maintain automated and manual test cases, test scripts, and test plans.
Prepare test cases, perform manual and/or automated testing, and ensure documentation is up to date
Manage and execute test plans for manual and automated testing.
Design, develop, and implement QA processes, strategies, and best practices.
Identify, document, and track bugs and inconsistencies.
Drive continuous improvement of QA processes, tools, and best practices.
Participate in requirement reviews, design discussions, and sprint planning to ensure testability and quality considerations.
Collaborate with cross-functional teams to ensure a smooth delivery pipeline and timely releases.
Analyse test results and provide detailed reports to stakeholders.




Business Analysis (30% of role)

Collaborate with stakeholders to understand business objectives and gather requirements for new projects or initiatives.
Conduct thorough analysis of business processes, systems, and data to identify areas for improvement and optimization.
Design application process/workflow, reporting and database (table structure and relationships)
Develop detailed business requirements documentation, including use cases, user stories, process flows and functional requirements.
Implement best practices for scalability, supportability, ease of maintenance, and system performance




Qualifications:

Bachelor’s degree in Computer Science, Software Engineering, or a related field.
4+ years of experience in software QA or quality assurance
Good foundation of QA methodologies, tools, and processes (Agile, Scrum, etc.).
Expertise in both manual and automated testing. Experience with automation frameworks such as Selenium, Cypress, JUnit, or similar is preferred.
Experience with both manual and automated testing tools (e.g., Selenium, JMeter, Postman, etc.) for web and mobile application
Strong knowledge of software development life cycle (SDLC) and continuous integration/deployment (CI/CD).
Excellent problem-solving, attention to detail and communication skills.
Strong analytical and problem-solving skills, with the ability to translate business needs into technical solutions.
Strong analytical and problem-solving skills, with the ability to translate business needs into technical solutions.
Detail-oriented with a strong sense of ownership and accountability.




If you’re looking for a role where you can combine QA expertise with real business impact, this is a great opportunity to grow your career. You’ll gain exposure across the full product lifecycle, collaborate with diverse stakeholders, and play a key role in delivering high-quality digital products.




If this sounds like you, apply now!",https://www.linkedin.com/jobs/view/4394436817/?eBP=CwEAAAGd9IwNKcaVR-UNc6Si6j9xFdUcWHpInOhN7n4mLjTvIAPEL7q00PK-ow5xO8vDNfEODZK2hFbdeu1JJpAc3XptJ9TtR3p4z2NbMwdlQefLfn99rbODXUj7U0OZ2LoN-7CSLmxyCifmc53J3UGhysm1oLypy-UEZf669TXuVr_HpCRyRqlqRH0TjRStJIktr-WDt2f2vbejsOnOQOwDHnDpwzzftf26NxtKeO6MAMdX4FavuY9YvRbpowcrNSBCO74WZmwbhpLt-PcrA0rD9cuDorQ1oIrrQqZLMlU2LNwVVXhFcvXpwGRyaOiHVw3ygQ6cnoL4edr0IE_71xes06Qinazt5ZiE1TJvXrohSdnOFTwn10DD8X6oEfZdm4YZY_LxpShlR0VFQgvh0iagxppVFRqHaU8_5Beq0r-Bkv4kX8AMkSnajSmVM2ZxffsKwcnn3UPatFeA7sZ-kOiFIbf9bvfjh9obYaPVFxrb8awDS6CVCJapq11GZ8aEYi8LsICT&refId=mEKvO1BDodDWmGLIr7RhAA%3D%3D&trackingId=dZMeEJDc4tssgPGrj9betA%3D%3D&trk=flagship3_search_srp_jobs,Progammer,Indonesia,"['agile', 'scrum', 'r', 'git', 'scala']",5,2026-05-05T02:55:46.483664
4405945700,Senior .Net Developer,Luminary,"Bali, Indonesia (On-site)","About the job

The opportunity




We are seeking a highly skilled and detail-oriented developer to join our team as a specialist in the .NET CMS space. This role is designed for an engineer who excels at building robust, scalable web applications and takes pride in the craft of CMS development. You will be responsible for the end-to-end development of web APIs and applications, ensuring that our digital solutions are not only functional but also secure and highly optimised. This is an ideal position for a developer who is already an expert in the major CMS platforms or a high-performing .NET engineer with the technical aptitude to master platforms like Optimizely and Kentico at an accelerated pace.

This role can be based in either Indonesia or Melbourne, Sydney, or Brisbane.

This is a full-time permanent position.







Working at Luminary




Luminary is committed to being the agency of choice for the brightest minds in digital. When people join us, they’re generally here for the long term. Here are a few reasons why…

We aren’t just building websites - we’re creating Human Experiences. As a certified B Corp, we balance profit with purpose, ensuring our impact on our team, our community, and the environment is a positive one. We have been externally recognised as one of Australia’s Top 20 workplaces under 100 employees in the Best Places to Work study.
Our focus is on looking after our people so they can focus on producing high-quality work. We maintain a highly flexible work-from-home policy that requires office attendance only one day a week, which enables you to work from an environment where you can be at your best.
We hire experts and treat them as such. You’ll have the autonomy to own your role and the support to grow within it.
We pride ourselves on being more than just an agency. For over two decades, our data-driven approach has underpinned the online success of some of Australia’s most well-known brands. You’ll be working alongside some of the industry’s most seasoned professionals on complex, large-scale projects that actually move the needle.







Key Responsibilities




Develop high-quality web applications and APIs using .NET Framework and .NET Core while delivering work within allocated budgets.
Take ownership of CMS-focused development using platforms such as Kentico Xperience, Optimizely, Sitecore, or Umbraco.
Explore and implement headless CMS solutions to meet modern architectural requirements.
Provide accurate estimations for work items on both new projects and existing developments.
Participate actively in regular agile ceremonies and backlog refinement.
Implement application security best practices to ensure no critical or high-risk issues are detected in newly deployed code.
Optimise code and resources to ensure applications perform according to industry benchmarks across various devices.
Participate in code reviews to ensure all work meets internal standards and maintains specific ways of working.
Perform self-QA by testing features against designs and requirements before passing them on for review.
Produce comprehensive technical documentation, including diagrams and README files, for both technical and end-user audiences.







Experience Required




Proven track record in .NET development with deep experience in building web applications and APIs.
Hands-on experience with at least one major CMS platform such as Kentico Xperience, Sitecore, Optimizely (Epi), or Umbraco.
Current certifications in a relevant CMS platform or a demonstrated ability to learn complex enterprise systems rapidly.
Solid understanding of application security and the ability to mitigate risks through best practices.
Experience in performance optimisation and monitoring to ensure high-speed responsiveness.
Proficiency in writing clear, client-facing, and internal technical documentation.
Strong background in Agile environments and the ability to contribute to backlog refinement and estimation.
Previous experience in a role requiring self-management of quality and adherence to internal development standards.
Familiarity with both traditional and headless CMS development patterns is highly regarded.
Excellent written and spoken communication skills in English







Submission Tips




Luminary receives a high volume of applications. We know everyone hates writing a cover letter, but we have asked for this so you can tell us about yourself in a way you can’t in your CV. Using AI to assist you in completing this is fine, but ensure that you make the letter your own.







Commitment to Diversity and Inclusion




One of Luminary's core Values is People, and we are committed to developing a workforce that embraces all aspects of diversity. We work hard to ensure we’re a welcoming organisation that prioritises equality, inclusion, and a sense of belonging for all our staff. We take pride in our acceptance of the unusual and are deliberate and reflective about our culture, and seek employees we believe will embrace an empathetic, caring, and supportive environment. Diversity comes in many forms, and we know that having many points of view, experiences, and ideas are key to us being a successful organisation. We encourage applications from First Nations peoples, people with disabilities, and people of all ages and backgrounds.",https://www.linkedin.com/jobs/view/4405945700/?eBP=CwEAAAGd9IwNKTEVsTiJ91iUlQ84JCRX7BSnRVoTlpffUBEZzxONT9m-Bgy-3uUGk3-12j90q9k0X9Jd7lPKvP84Pa29QUZOn0RYkDLQxKC5TYK4TkpGHIw2GSKv0VvGqXQ5KKWHLcUCurhK6KlXeN6jVAomiCSBzl1EXiDR950NwuxvaL9fPefD83IblJGMi0L-dPDMpvymzJf8nD7G9xEED9I_FKfNkyUpMTSftCh8q62PZkrmdXhbIBUbvpkMURGgznsV1REvKmGpn-KYb9SX8vGtJlMT7EwZKds6uz75C--WWcFRHYh50jtaEnRDu1Ue8O-HqB_dv1YUEkcF7zhFLKGn11thw8lekILd_wUU_gr3ONqLaczzrsd6OMHyKmhnLgEXfShU2eFiUJlSp9QLcx9NFoxgYu3NIEV8a_9tgY_-zXRayBXuH3D3aWXaAtLbANyAxqf_RztnOJIr-vcbTsxj1ZDTj7kpldPfu2_Oheg&refId=mEKvO1BDodDWmGLIr7RhAA%3D%3D&trackingId=aiQr5iS2YhiiTIkTrEzflg%3D%3D&trk=flagship3_search_srp_jobs,Progammer,Indonesia,"['agile', 'r', 'git', 'scala']",4,2026-05-05T02:55:51.206102
4399858353,SAP ABAP Developer,PT Mega Akses Persada (FiberStar),"Jakarta, Indonesia (On-site)","About the job

Job Description :

Develop and maintain custom ABAP code, including Reports, Interfaces, Conversions, Enhancements, Forms and Workflow (RICEFW) to meet business requirements
Design, build, and test new SAP functionality and applications.
Troubleshoot and resolve complex issues within the SAP landscape
Collaborate with cross-functional teams to understand business requirements and translate them into technical solutions
Participate in the implementation of SAP upgrades, patches, and other system changes
Provide technical support and training to end-users
Continuously research and stay up-to-date with the latest SAP technologies and best practices




Job Requirements :

Diploma III/Bachelor's degree in Computer Science, Information Technology, or a related field
Minimum 1 years of experience as an SAP ABAP Developer and 1 full cycle implementations
Experience in SAP module implementation, configuration, and customization
Strong problem-solving and analytical skills
Excellent communication and teamwork skills
Willing to Work From Office (Cyber 2 Tower)",https://www.linkedin.com/jobs/view/4399858353/?eBP=CwEAAAGd9IwNKTsz8udqRscVrYAUydecqzQ419U2Zjg838YWNlvSqR_oKNQO447IQyJ_SelL8vc_1AP01t0dWkCJ3p74Y44_KAYtgSISsJ4YcmkU_jgaInrSfIw3l_xoaCFhZqkIp61myrJPTZAofwSbKZd_GouUvKB39ZIBMONIOuNoFKWAC22lzB93SxWCefDlWsslA2wJj1XTcMvcwFhu485Zah1cpBprnt5DjCN9LNes294ba9V1aZmlihOMeWynYhm0OD1JLr4HxpUnwLfZBLeuHOBaoE8hlKaX2VQXvKxR-dLbOEYPn_My_8f9iGxi5kGS_QkDUJul1XcvwonSUeyNzyHwgoiviuCTRE3czmox0nVQRzhdSwszt7PBYqiBfZEY_du2dXGkvK8c_Ltz11jYutcGPXwEFHVFmAZtiT2WYuwfD2VfTYijGb37WebFA4u2LyogrIT2DARgLG8shIbn6_nNXRqieKoQ6ldg_84&refId=mEKvO1BDodDWmGLIr7RhAA%3D%3D&trackingId=LKhd2hZSj8fYmvNIykJdbw%3D%3D&trk=flagship3_search_srp_jobs,Progammer,Indonesia,['r'],1,2026-05-05T02:55:55.912582
4369972545,Backend Developer Java,MiTech,Jakarta Metropolitan Area (On-site),"About the job
This job is sourced from a job board. Learn More

Develop, maintain, and enhance backend services using Java Spring Boot.
Build and optimize RESTful APIs for integration with banking systems.
Work with Oracle Database (or other SQL databases) including query development and performance tuning.
Support system integration, deployment processes, and issue troubleshooting.
Ensure code quality, security, and compliance with banking standards.
Collaborate with BA, QA, DevOps, and other technical teams.
Commit to delivering tasks within the agreed project timeline.


Minimum Qualifications


Minimum 3 years experience with Java Spring Boot.
Strong experience with Oracle Database or other SQL databases.
Familiar with microservices, REST API, Git, CI/CD.
Experience with Openshift is a strong plus.
Good teamwork, communication, and problem-solving skills.
Willing to work onsite in Jakarta and Contract",https://www.linkedin.com/jobs/view/4369972545/?eBP=NOT_ELIGIBLE_FOR_CHARGING&refId=mEKvO1BDodDWmGLIr7RhAA%3D%3D&trackingId=vJyy2fs7Vd7VPeUHm9%2FoGQ%3D%3D&trk=flagship3_search_srp_jobs,Progammer,Indonesia,"['spring boot', 'java', 'r', 'git', 'sql']",5,2026-05-05T02:56:00.602507
4366462676,Lead Data Engineer,Logicalis Asia Pacific,Jakarta Metropolitan Area (On-site),"About the job

Why choose iZeno?

iZeno was founded in 2003 to provide enterprises with custom-built technology solutions they need to keep their business running seamlessly. Logicalis Asia, part of the Logicalis Group, a leading international IT solutions and managed services provider, has acquired a majority stake in iZeno, a company specialising in digital transformation, application modernisation, DevOps, customer experience and hybrid cloud solutions.

With a team of 120+ in-house innovators, we have delivered over 500 Enterprise Solutions, implemented, and optimized to enable smarter insights. Our team draws on industry experiences in accomplishing a portfolio of mission-critical applications, integrating Cloud, CRM, Data Analytics, and other leading technologies with our clients' existing IT frameworks.

With leading presence in the region, headquartered in Singapore and operation in Malaysia, Indonesia, Thailand and Philippines, no project is too complex for us, and our team is always ready for a new challenge. 

About the Role:


Lead the architecture, design, and implementation of complex solutions involving Data Analytics, Data Warehouse, Data Lake, and Big Data
Design and govern robust data models (Conceptual, Logical, and Physical) to ensure data integrity, optimal performance, and scalability for analytics
Manage, mentor, and guide the technical team, ensuring code quality and adherence to best practices
Collaborate with key stakeholders to translate high-level business requirements into technical specifications and strategic roadmaps
Oversee project execution, managing resources, timelines, and deliverables across the full software development lifecycle
Define and enforce data governance frameworks, coding standards, and modeling best practices across the organization
Manage client expectations and serve as the point of escalation for critical technical issues
Drive R&D/upskilling initiatives to keep the team updated on emerging technologies and data engineering trends


What we are looking for:


Candidates must possess at minimum a Bachelor’s Degree or Diploma in Computer Science/Information Technology or equivalent
Minimum 7-8 years of experience in Data Analytics/Data Warehouse/Data Lake/Big Data, with at least 2 years in a leadership or management capacity
Expert-level proficiency in Data Modelling theories and techniques (e.g., Dimensional Modelling/Kimball, Star & Snowflake schemas, Data Vault, and 3NF)
Strong experience in performance tuning and optimizing data models for specific database engines
Hands-on experience delivering enterprise-scale projects with a strong focus on technical architecture
Required skills: Expert SQL/Python. Strong proficiency in Java/Scala is highly valued
Proven ability to manage team dynamics, delegate tasks effectively, and mentor junior engineers
Experience operating in Linux/Unix environments and containerization (Docker/Kubernetes) is an added advantage
Deep knowledge of ETL/ELT methodologies, Snowflake or other Cloud Data Platforms (AWS/Azure/Google Cloud). Experience with Data Governance, Data Quality, or Master Data Management is an added advantage
Strategic mindset with excellent communication skills for client-facing and executive-level interactions",https://www.linkedin.com/jobs/view/4366462676/?eBP=CwEAAAGd9IwNKTtdMqLHZTd9I4IgnhZ2Q8_xWxOB7EqMrHHU68ZosL73YgWr_CTk8Bk_oPuGlws69ipaDHhcFUDqAENmmxt3ZvrxIyCznFdgnwJ9QI02HcHy0qA4YbdOTdo061izvFVj02e1LrMqOVy16S2Uuy0-hnSyAqnpLYkAFxzx2EvZUW89Y6YpTL9ICnEtnJp6ieoOkZlHXFdMoWN7mdNOhDqB9RKqN2HZEzH_N4frUhEinhbQ53iv7hafnZWbrU93s9P3Ch9re4qES8gDcoNloTd4A1O-XkrZRtvrLLFRSabfW3UC-nc8-VtTAb68OA6dNDuSGzp3VNaJVTc3P_-dzruVtNL-XiYcql6XNkCrMUDQ9nZY4xvQKWP8oXvCvVmaVhwX_TRQxKI2VZVMQ1IXTbdWOvHNVIaG0Pbn4Py2bFf9BIe1UNUrnPOrWRP4GbVZ0FKWCOUWoQRRppTec4g8G9QzyeFE80bc458Tw0ousdOA&refId=mEKvO1BDodDWmGLIr7RhAA%3D%3D&trackingId=tnTWpNdFUdFeCk6bmo4%2BUA%3D%3D&trk=flagship3_search_srp_jobs,Progammer,Indonesia,"['linux', 'azure', 'java', 'docker', 'r', 'python', 'git', 'aws', 'sql', 'scala', 'kubernetes']",11,2026-05-05T02:56:05.305749
4402464311,Operations Analyst | $15/hr Remote,Crossing Hurdles,Indonesia (Remote),"About the job

Position: SwarmBench Task Engineer — Planning / Operations

Type: Contractor (Short-term – 4 weeks)

Compensation: $15/hour

Location: Remote

Commitment: 20–40 hours/week (with 4 hours overlap with PST)




Role Responsibilities

Design and develop multi-agent benchmark tasks involving planning, scheduling, and resource allocationCreate real-world operational scenarios (logistics, project management, incident response, capacity planning)
Build constraint-rich problem statements with multiple dependencies and variables
Develop Python-based scripts to evaluate feasibility, completeness, and optimality
Break down complex problems into structured sub-tasks for multi-agent systems
Model scenarios with timelines, dependencies, and resource constraints
Collaborate with teams to improve task quality, coverage, and evaluation rigor.




Requirements

5+ years of experience in operations, project management, logistics, or supply chain
Strong understanding of constraints, dependencies, and scheduling logic
Proficiency in Python for validation and verification scripting
Strong structured problem-solving and decomposition skills
Ability to model real-world operational scenarios
Clear technical communication and documentation skills
Ability to work in a fast-paced environment and meet deadlines




Preferred Qualifications

Experience with optimization techniques (linear programming, constraint satisfaction, scheduling algorithms)
Background in operations research
Experience with simulation or modeling tools
Familiarity with AI planning systems or automated reasoning
Experience with AI benchmarks (e.g., SWE-bench, Terminal-bench)
Hands-on experience with Docker




Application Process

Apply via Easy Apply / shared link and complete the Interest Check Form (ICF)
Complete the take-home assessment (post-shortlisting)
Shortlisted candidates will be reviewed further
The team will connect with next steps



Desired Skills and Experience

sourcing, Planning, Resource Allocation",https://www.linkedin.com/jobs/view/4402464311/?eBP=BUDGET_EXHAUSTED_JOB&refId=mEKvO1BDodDWmGLIr7RhAA%3D%3D&trackingId=8w0nZcJMSVw6n6DQEL4Jsw%3D%3D&trk=flagship3_search_srp_jobs,Progammer,Indonesia,"['docker', 'r', 'python', 'ios']",4,2026-05-05T02:56:10.007369
4308193844,"Senior/Staff Machine Learning Engineer - Bidding (Bangkok based, relocation provided)",Agoda,"Bandung, West Java, Indonesia (Hybrid)","About the job

About Agoda

At Agoda, we bridge the world through travel. Our story began in 2005, when two lifelong friends and entrepreneurs, driven by their passion for travel, launched Agoda to make it easier for everyone to explore the world.

Today, we are part of Booking Holdings [NASDAQ: BKNG], with a diverse team of over 7,000 people from 90 countries, working together in offices around the globe. Every day, we connect people to destinations and experiences, with our great deals across our millions of hotels and holiday properties, flights, and experiences worldwide.

No two days are the same at Agoda. Data and technology are at the heart of our culture, fueling our curiosity and innovation. If you’re ready to begin your best journey and help build travel for the world, join us.

Get to Know Our Team

The Engineering department oversees all Agoda’s ML and software related requirements. Our goal is to enable and increase Agoda’s business through creative approaches and the implementation of powerful resources such as operational and analytical databases, ML driven solutions, queue systems and data monitoring tools. We hire the brightest minds from around the world to take on this challenge and equip them with the knowledge and tools that contribute to their personal growth and success while supporting our company’s culture of diversity and experimentation. The role the engineering team plays at Agoda is critical as business users, product managers, and many others rely on us to empower their decision making. We are equally dedicated to our customers by improving their search experience with faster results and protecting them from any fraudulent activities. Data is interesting only when you have enough of it, and we have plenty. This is what drives up the challenge as part of the ML engineering squad, but also the reward. We work across structured and non-structured data at scale. For example, our current ML models process millions of images every day to try and enhance the experience that our users get from our app.

Why Agoda Engineering Team (ML role)?

Our engineering teams are at the intersection of business analytics, ml engineering, data warehousing and software engineering. Our job involves dealing with distributed systems, stream processing, ml modeling and computation at tens of PB Scale. We focus on software engineering related to data replication, storage, centralized computation, and Data API’s. By providing our users with ML products/tools, shared frameworks, and ML services, we enable our company to validate strategic decisions, make smarter choices, and react to the fast-changing world. We are a small but passionate team with people from different nationalities working together on a single goal.

In this Role, you will get to:


Lead the team technically in improving scalability, stability, accuracy, speed and efficiency of our existing ML systems and processes. Build, administer and scale ML processing pipelines.
Be comfortable navigating the following technology stack: Python3, Scala Spark, scripting (Bash/Python), Hadoop, SQL, S3 etc.
Should be able to understand internals of ML models such as LightGBM, Random Forest, CNN, Regression models, etc
Design, build, test and deploy new libraries, frameworks or full systems for our core systems while keeping to the highest standards of testing and code quality.
Work with experienced engineers and product owners to identify and build tools to automate many large-scale data management / analysis tasks.
We believe in end-to-end ownership; this role will involve taking and building systems that enable us to deliver ML models to production at a scale.


What You’ll need to Succeed:


Bachelor’s degree in computer science /information systems/engineering/related field 6+ years of experience in software engineering with a minimum of 4+ years in ML
Expert in SQL, Python3, and JVM based programming language – ie, Java or Scala
Expert in software design/design patterns, functional programming and object-oriented programming.
Analytical problem-solving capabilities & experience. A strong engineering driven mindset will be required to succeed in this role.


It’s great if you have:


Good understanding of Hadoop ecosystems and Big Data architecture and techologies
Experience working with Open-source products
Experience with Scala development
Working in an agile environment using test driven methodologies
Systems administration skills in Linux


Benefits


Hybrid Working Model
WFH Set Up Allowance
30 Days of Remote Working from anywhere globally every year
Employee discount for accommodation globally
Global team of 90+ nationalities
40+ offices and 25+ countries
Annual CSR / Volunteer Time off
Benevity Subscription for employee donations
Volunteering opportunities globally
Free Headspace subscription
Free Odilo & Udemy subscriptions
Access to Employee Assistance Program (third party for personal and workplace support)
Enhanced Parental Leave
Life, TPD & Accident Insurance


#telaviv #jerusalem #IT #ENG #4 #sanfrancisco #sanjose #losangeles #sandiego #oakland #denver #miami #orlando #atlanta #chicago #boston #detroit #newyork #portland #philadelphia #dallas #houston #austin #seattle #sydney #melbourne #perth #toronto #vancouver #montreal #shanghai #beijing #shenzhen #prague #Brno #Ostrava #cairo #alexandria #giza #estonia #paris #berlin #munich #hamburg #stuttgart #cologne #frankfurt #hongkong #budapest #jakarta #bali #dublin #telaviv #milan #rome #venice #florence #naples #turin #palermo #bologna #tokyo #osaka #kualalumpur #malta #amsterdam #oslo #manila #warsaw #krakow #doha #alrayyan #riyadh #jeddah #mecca #medina #singapore #seoul #barcelona #madrid #stockholm #zurich #taipei #tainan #taichung #kaohsiung #bangkok #Phuket #istanbul #london #manchester #edinburgh #hcmc #hanoi #lodz #wroclaw #poznan #katowice #rio #salvador #newdelhi #bangalore #bandung #yokohama #nagoya #okinawa #fukuoka #jerusalem #IT #4 #newdelhi #Pune #Hyderabad #Bangalore #Mumbai #Bengaluru #Chennai #Kolkata #Lucknow #sanfrancisco #sanjose #losangeles #sandiego #oakland #denver #miami #orlando #atlanta #chicago #boston #detroit #newyork #portland #philadelphia #dallas #houston #austin #seattle #sydney #melbourne #perth #toronto #vancouver #montreal #shanghai #beijing #shenzhen #prague #Brno #Ostrava #cairo #alexandria #giza #estonia #paris #berlin #munich #hamburg #stuttgart #cologne #frankfurt #hongkong #budapest #jakarta #bali #dublin #telaviv #milan #rome #tokyo #osaka #kualalumpur #amsterdam #oslo #manila #warsaw #krakow #bucharest #moscow #saintpetersburg #capetown #johannesburg #seoul #barcelona #madrid #stockholm #zurich #taipei #bangkok #Phuket #istanbul #london #manchester #edinburgh #kiev #hcmc #hanoi #wroclaw #poznan #katowice #rio #salvador #IT #4 #5

Please review our Hiring Process Guidelines before your interview — click here to learn how interviewing at Agoda works.

Discover More About Working At Agoda


Agoda Careers https://careersatagoda.com
Facebook https://www.facebook.com/agodacareers/
LinkedIn https://www.linkedin.com/company/agoda
YouTube https://www.youtube.com/agodalife


Equal Opportunity Employer 

At Agoda, we pride ourselves on being a company represented by people of all different backgrounds and orientations. We prioritize attracting diverse talent and cultivating an inclusive environment that encourages collaboration and innovation. Employment at Agoda is based solely on a person’s merit and qualifications. We are committed to providing equal employment opportunity regardless of sex, age, race, color, national origin, religion, marital status, pregnancy, sexual orientation, gender identity, disability, citizenship, veteran or military status, and other legally protected characteristics.

We will keep your application on file so that we can consider you for future vacancies and you can always ask to have your details removed from the file. For more details please read our privacy policy.

Disclaimer

We do not accept any terms or conditions, nor do we recognize any agency’s representation of a candidate, from unsolicited third-party or agency submissions. If we receive unsolicited or speculative CVs, we reserve the right to contact and hire the candidate directly without any obligation to pay a recruitment fee.",https://www.linkedin.com/jobs/view/4308193844/?eBP=CwEAAAGd9I4Fhz5BqpVWj86xLwIZBQqd_x-EkT_8F1rETxwpDWsThmv7YBdYtPTWbIiMfu9a5RE_ay9Dkk3Z_-yW0BpBfuk_TAjDEBV3HzwWY4dftciMKMTQ2YTFNRj6YQkSCVmJUryas99Pic8pWfQvbcrqxQ8WPLHqFSCzAwWEmEbJw_0KttL_X3B4epXzO84hkaxvrZ88lTjES8Sq1SmL6fV3d8BbfW-_g56czLZVnq5DEwZ6KPaG8y0E5WKHfLYzvJQigDJyXlfU6fi000xt5iCFUwYzQntg9vUDMgqTG_ycPBfi8MLJujimT_1VtWBzW_JxP9j4OSUDd_vHhzlaj51-hMhf6NQsb5heKm2Wxlx69m46a24k3nUZQPvIEQABCny3nOreSPkBY3GZ9U43bN3CPWMRLdrh1FpgjMdi6biQw13MeI6ouI-vdFiXXOHVq48Utn_RI8nCFj5lZ6qydf5KXOEFIIB4TSDFbNzo-jfVXw&refId=2gdlAg39N9bMODfYuyYV7Q%3D%3D&trackingId=6oDNVLBQGYTxiJdgMZU9ig%3D%3D&trk=flagship3_search_srp_jobs,Progammer,Indonesia,"['react', 'spark', 'linux', 'agile', 'bash', 'hadoop', 'java', 'r', 'python', 'ios', 'sql', 'scala']",12,2026-05-05T02:56:27.026222
4375779378,Freelance SAP FI & CO Consultant,ABeam Consulting Indonesia,Indonesia (Remote),"About the job

Responsibilities


Report to Consulting Manager and providing services to any clients, domestic and also overseas.
Continuously improve SAP skill and consulting skill to meet market demand.
Manage day-to-day consulting activity, complete time sheet and claims in timely manner.
Contribute significantly to company growth.


Requirements


Candidate must possess at least Bachelor's Degree in any fields or equivalent from reputable university.
At least 10 Year(s) of working experience in SAP FICO implementation Project.
Proficient in English (Business Level) is a must.
Excellent interpersonal skills with all levels of employees.
Having good problem solving skill, analytical and logical thinking.
Willing to work hard and having excellent interpersonal and communication skills.
Mastering in using Microsoft Office tools.
Proactive and self-motivated, able to work in tight schedule with under pressure.
Available to join immediately (Early - Mid January 2024)
Indonesian Citizen only",https://www.linkedin.com/jobs/view/4375779378/?eBP=CwEAAAGd9I4Fh0ys9Y5ihMCLq-V3yU6rzTVtgVPuKgMHM22Wdl4ynI5wRXttszkV3z_EoYkJuVN3gu_lh2UDHsnOkSE0IIis9TaKIMCdHS32VV0TO_dTa71kvxjqIjGcZ6Byb2Yc8Jpo2SaeK7HCkpt_PEFzWuOgO9bofrlZ0k_elXQImOURtifmWT0nVeqJjLlCj_krUUXVBLdBrRmx1vViplY5u0bS0nbg3M0wYdAypLNTziCWu8t8QKYQRugaZEF-gnVBQEDTJHm7DPFCHufwRsmD1frHKx5qPuj_W3A-JfcZStKype4iPckz8RDZ7IaRUVJ1sq7ZyOGzCeKh-gaHIIdrK2VYFxU7PALt63b8rEJmljvxeUdcPlltMORHpozJyKja7gnfw9xfFvaSpnUsJDhr13vlF7PxDIrVJDWdHy86Xst-5KwIVsRpwWEdK8rtrzGnbPX5IKJUkQ&refId=2gdlAg39N9bMODfYuyYV7Q%3D%3D&trackingId=i6evh%2BRpDJ6I%2Bxk5giiUKg%3D%3D&trk=flagship3_search_srp_jobs,Progammer,Indonesia,['r'],1,2026-05-05T02:56:31.706284
4138059543,Back End Developer Specialist,Erdigma Indonesia,"Purbalingga, Central Java, Indonesia (On-site)","About the job

About The Role

We are seeking a skilled Back End Developer to join our team onsite in Purbalingga. In this role, you will be responsible for building and maintaining the server-side logic, databases, and APIs that power our web applications. You will work closely with front-end developers to ensure seamless integration between the server and the user-facing side of the application. This is an exciting opportunity for a problem solver who is passionate about coding and working in a dynamic, collaborative environment.

Key Responsibilities


Develop and maintain server-side components and applications.
Build and manage databases, ensuring they are optimized for performance and scalability.
Design and implement APIs for seamless communication between the front-end and back-end systems.
Collaborate with front-end developers to integrate user-facing elements with server-side logic.
Write clean, efficient, and reusable code.
Perform regular system testing and debugging to ensure functionality.
Optimize application performance and troubleshoot issues as they arise
Ensure the security of data and applications by implementing best practices.
Stay up-to-date with the latest back-end technologies and development trends


Qualifications


Bachelor’s degree in Computer Science, Information Technology, or a related field.
Proven experience as a Back End Developer or similar role.
Strong proficiency in server-side programming languages such as Python, Java, PHP, or Node.js.
Experience with database management and optimization (MySQL, PostgreSQL, MongoDB, etc.)
Knowledge of RESTful API design and implementation.
Familiarity with version control systems (Git).
Understanding of application security and data protection principles.


Requirements


Strong problem-solving skills and the ability to think critically in a fast-paced environment.
Ability to work both independently and collaboratively within a team.
Willingness to work onsite in Purbalingga.
Excellent communication skills and attention to detail.
A proactive attitude with a commitment to continuous learning and development.",https://www.linkedin.com/jobs/view/4138059543/?eBP=NOT_ELIGIBLE_FOR_CHARGING&refId=2gdlAg39N9bMODfYuyYV7Q%3D%3D&trackingId=%2BSs4jwtBaCdWAybEefflUA%3D%3D&trk=flagship3_search_srp_jobs,Progammer,Indonesia,"['mongodb', 'mysql', 'java', 'r', 'python', 'git', 'php', 'sql', 'postgresql', 'scala']",10,2026-05-05T02:56:36.377103
4329221303,Midd. Java Developer,PT Midas Daya Teknologi,Jakarta Metropolitan Area (On-site),"About the job
This job is sourced from a job board. Learn More

Develop clean, efficient, and maintainable Java code.
Implement new features and functionalities in accordance with project requirements.
Participate in peer code reviews to ensure high code quality.
Conduct unit and integration testing to identify and fix bugs.
Provide ongoing support and maintenance for existing applications/ websites.
Troubleshoot and resolve application/website issues promptly.
Use version control systems (e.g., Git) to manage code versions and collaborate with other developers.

Minimum Qualifications


Minimum 4 years of experience in Java development, particularly using Java Spring Boot.
Bachelor’s Degree in Computer Science, Information Technology, or a related field.
Experience working on banking or financial services projects is highly preferred.
Solid understanding of RESTful APIs, microservices architecture, and backend development concepts.
Familiarity with database systems (Oracle, MySQL, or PostgreSQL) and basic SQL queries.
Basic knowledge of version control systems such as Git.
Ability to understand business requirements and translate them into technical solutions.
Willingness to learn banking systems, processes, and compliance standards.
Good problem-solving skills and ability to work collaboratively within a team.
Good communication skills in English, both written and verbal, are a plus.",https://www.linkedin.com/jobs/view/4329221303/?eBP=NOT_ELIGIBLE_FOR_CHARGING&refId=2gdlAg39N9bMODfYuyYV7Q%3D%3D&trackingId=U25gPXQrxxUvL%2FpcvrrPZg%3D%3D&trk=flagship3_search_srp_jobs,Progammer,Indonesia,"['mysql', 'spring boot', 'java', 'r', 'git', 'sql', 'postgresql']",7,2026-05-05T02:56:41.043751
4310295782,Back End Developer,ZettaByte Pte Ltd,"Yogyakarta, Yogyakarta, Indonesia (On-site)","About the job

Click here

Job Description

We are looking for a Back-End Web Developer responsible for managing the interchange of data between the server and the users. Your primary focus will be the development of all server-side logic, definition, and maintenance of the central database, and ensuring high performance and responsiveness to requests from the front-end. You will also be responsible for integrating the front-end elements built by your coworkers into the application. A basic understanding of back-end technologies is therefore necessary as well.

Job Requirements


3 or more years experience in Back End Web Development
Proficiency in English both oral and written
Comprehensive understanding of HTML, CSS, Javascript
Experience with MongoDB or NoSQL databases and Git Version Control
Familiarity with GraphQL and large project structures (is considered a plus)
Strong analytical and problem-solving skills
Good Teamwork, Self-Motivated, and Attention to detail


Responsibilities


Participate in the entire application lifecycle, focusing on coding and debugging
Write clean, efficient, and maintainable code to develop functional web applications
Troubleshoot and debug applications to ensure optimal performance and reliability
Conduct UI tests to optimize application performance
Build reusable code and libraries for future use
Collaborate with developers, designers, and system administrators to identify and implement new features


Contact


 info@zettabyte.sg
 Mon – Fri: 10 am – 8 pm
 (+62) 858-2930-3351
 Zettabyte Pte. Ltd.111 NORTH BRIDGE ROAD #08-19, PENINSULA PLAZA, SINGAPORE,179098 


About Us

– About us

– Our platforms

– Career page

– Join us

© Zettabyte Life 2020. All rights reserved.",https://www.linkedin.com/jobs/view/4310295782/?eBP=NOT_ELIGIBLE_FOR_CHARGING&refId=2gdlAg39N9bMODfYuyYV7Q%3D%3D&trackingId=P5tW3EAMdxHupW%2Fepa38DQ%3D%3D&trk=flagship3_search_srp_jobs,Progammer,Indonesia,"['mongodb', 'java', 'r', 'javascript', 'git', 'sql']",6,2026-05-05T02:56:45.717304
3865448609,QA Engineer (Marketplace) - Sea Labs,Shopee,"Jakarta, Indonesia (On-site)","About the job

About The Team:

About Sea Labs Indonesia

Sea Labs is at the core of the Sea platforms development, supporting diverse business lines from e-commerce, supply chain, games, payment and finance, among many others. The strong growth and unique positioning of Sea's e-commerce business, Shopee, spurred the launch of Sea Labs Indonesia. Since its inception, the group of passionate engineers have charted the course to drive the best experience for our users in Indonesia, many of which solutions are even adapted to other markets in the region.

Sea's hyper-growing business scale has transformed most ""innocent"" problems into huge technical challenges, and there is no better place to experience world-class projects first-hand if you love technologies as much as we do. Together with our passionate and driven teams, you'll get to develop your skills, build on industry knowledge and collaborate with global teams in a dynamic space. Browse our Sea Labs Indonesia team openings to see how you can make an impact with us.

About The Team

The Marketplace team powers the overall process in Shopee through innovation and technology. In our pursuit to shape the way buyers and sellers connect with each other, we engineer scalable, reliable and extensible systems that evolve with the dynamic e-commerce landscape. As we scale to the next engineering frontier for the global market, we continuously solve unique challenges such as multi-market architecture design, highly sustainable systems, and core functional capabilities for the department. Our tech leaders take responsibility for products, define engineering roadmaps, and work with cross-functional teams to achieve excellence in product performance and technical sustainability.

Job Description:


Manage the regular regression and feature testing, helping the team deliver high-quality products.
Responsible for the team’s task assignment, complexity assessment, testing strategy, and coordination with other stakeholders.
Review the team’s test case coverage and follow up on test progress and testing issues.
Provide technical support for the team about the testing platform usage and maintenance.
Continuously develop plans and processes to maintain the team’s knowledgebase


Requirements:


Able to converse in English fluently - both written and verbally.
2 years or more hands-on experience in feature testing and/or regression testing, familiar with at least one modern programming language such as Python, Java, and Golang.
Possesses strong technical skills and the ability to complete testing of complex systems independently. 
Excellent logical and analytical thinking abilities to solve various technical problems.
Strong sense of responsibility and teamwork. Proactively analyze problems and develop countermeasures to address issues faced.


Preferred:


Proven experience in innovating improvements in processes or tech is preferred
Experience in the Internet industry is preferred
Experience in the e-commerce sector is preferred",https://www.linkedin.com/jobs/view/3865448609/?eBP=CwEAAAGd9I4FhzZJ3CFXAl669G1tUqM0JTIGkZbS9ViLS16hD5lH33DlwIyO1Y9g6vS5KqQ6blIjhWMaJb3LMjH1YOo4RJR6JNXl1CQB6H53ZOb_2WjKZsWa-QrAlnUUy1tlh0wPfjFQ_MgGVqRhToC1IvkWMG4Xv_bnkiYwHyMllehEaQTX5KcvuqRAWN-ZXXI_yIkI1A42IDaASdFz6EQfD3bqHzHjRaTXpQDvgwf8dRWLb9-JRU2zK7lruOjBJq605wPr0wkQsTw1VwiNM0fPEEcjwyiplLZPZw3HNJMlm-AAzl5g05hEyaQDTxj0xQB3I-nMEQaehzEQ9wCOzKI8bwqYIZ38VYH-rk8TQWzI_OIHm4jrj1Ustgwgb2ltif_k54hwYPRtzopcIriC97_LRn7c7DbURqwCJjJ9GceH679x5DpY1mU9zHG3OmQd1DZjSvFjK8WvZptIUKiiKkosKvZ7mVUM7pKVT9oIqGUnKsBSMQbt0nK9cM0LLQHgzrdWj5l1&refId=2gdlAg39N9bMODfYuyYV7Q%3D%3D&trackingId=GprHUYNXjic2F6oPczwDCw%3D%3D&trk=flagship3_search_srp_jobs,Progammer,Indonesia,"['golang', 'java', 'r', 'python', 'scala']",5,2026-05-05T02:56:50.392328
4394979219,Data Engineer,PT. Metrodata Electronics Tbk.,"West Jakarta, Jakarta, Indonesia (On-site)","About the job
This job is sourced from a job board. Learn More

We are looking for an experienced Data Engineer to join our team. If you have excellent programming skills and a passion for developing applications or improving existing ones, we would like to meet you. As a Data Engineer, you’ll work closely with our engineers to ensure system consistency and improve user experience.

Data Engineer Roles And Responsibilities Include


Create data sets that align with business needs
Develop algorithms to transform data into useful and actionable information
Build, test, and maintain database pipeline architecture


Minimum Qualifications

PT Metrodata Electronics, Tbk (Digital Solution Provider and Technology Innovator) would like to invite you to be part of the company to develop yourself and your skills. If you are:


Bachelor's Degree Computer Science or Information Technology 
At least 2 years of working experience as Data Engineer
Must have work experienced with SQL and Python
Experience of using Google Cloud or Cloud Composer or Apache Airflow 


If you meet the requirement we needed, let’s apply for the following open positions.

Metrodata not just offer for the job, we offer you for brighter career future.",https://www.linkedin.com/jobs/view/4394979219/?eBP=NOT_ELIGIBLE_FOR_CHARGING&refId=2gdlAg39N9bMODfYuyYV7Q%3D%3D&trackingId=9iDVyoIqZ%2BxFA9WqLSddBQ%3D%3D&trk=flagship3_search_srp_jobs,Progammer,Indonesia,"['airflow', 'r', 'python', 'git', 'sql']",5,2026-05-05T02:56:55.085962
4399463759,Software Engineer,PT Adicipta Inovasi Teknologi,Jakarta Metropolitan Area (On-site),"About the job
This job is sourced from a job board. Learn More

Collaborate with Product Owners and System Architects to understand requirements and estimate tasks.
Develop clean, scalable, and maintainable code based on business and technical needs.
Perform unit testing and support integration and regression testing.
Troubleshoot bugs and continuously improve code quality.
Maintain technical documentation, including code, APIs, and architecture.
Ensure compliance with security, regulatory, and governance standards.
Actively contribute to research and development activitie


Minimum Qualifications


More than 3 year’s experiences in software development using .Net 5 above, C#, Ms SQL)
Bachelor’s Degree in Computer Science / Information System
Has experience in API development, documentation, make diagram, SIT UAT, Penetration test, etc
Good at RDBMS and SQL programming (Queries, DML,
DDL)
Good in Javascript programming (JQuery and Telerik Kendo UI will be preferred)
Good knowledge of version control systems (Git)
Good problem-solving skills and debugging skills
Having experience in KeyCloak, Redis or Elasticsearch is an advantage.
Having experience in Kubernetes is preferred.
Good communication, interpersonal skills and presentation skills",https://www.linkedin.com/jobs/view/4399463759/?eBP=NOT_ELIGIBLE_FOR_CHARGING&refId=2gdlAg39N9bMODfYuyYV7Q%3D%3D&trackingId=g2I7xDWr3H2wWUyxS8CgtA%3D%3D&trk=flagship3_search_srp_jobs,Progammer,Indonesia,"['elasticsearch', 'c#', 'java', 'r', 'redis', 'javascript', 'git', 'sql', 'scala', 'kubernetes']",10,2026-05-05T02:56:59.761948
4142451879,Java Developer,PT IKONSULTAN INOVATAMA,"Gambir, Jakarta, Indonesia (On-site)","About the job

Minimum Requirement


A minimum of a Bachelor's degree is required.
Willing to work for Banking.
Willing to work form office in South Jakarta (full on-site).
Good understanding of software engineering concepts. 
Experience working on a variety of software development projects. 
Deep programming language knowledge. 
Experience working on enterprise applications and provisioning cloud-based solutions.


Required Skills


Minimum 3 years of experience working as Back-End Developer (Java Spring Boot).
Experience in Microservices architecture and development.
Experience in API or web services (REST/RESTful, SOAP, JSON, XML) integration. 
Able to write clean code and experience in develop application with clean architecture. 
Experience with Database system (SQL, MySLQ, Oracle, PostgreSQL, or MongoDB). 
Proficient understanding of code versioning tools (Git). 
Familiar using JIRA or other project tracking software. 


Nice to Have


Ability to manage multiple competing priorities under pressure. 
Ability to work occasional overtime and a flexible schedule as needed to meet work objectives and deadlines. 
Ability to work independently and as part of a team. 
Good in written/verbal communication skills. 
Good in English.",https://www.linkedin.com/jobs/view/4142451879/?eBP=NOT_ELIGIBLE_FOR_CHARGING&refId=2gdlAg39N9bMODfYuyYV7Q%3D%3D&trackingId=EFn8JyKDyJNQWPUY0WEZIw%3D%3D&trk=flagship3_search_srp_jobs,Progammer,Indonesia,"['mongodb', 'spring boot', 'java', 'r', 'git', 'sql', 'postgresql']",7,2026-05-05T02:57:04.428895
3770227353,Back-end developer,PT DAYA CIPTA MANDIRI SOLUSI,"Bandung, Banten, Indonesia (On-site)","About the job
This job is sourced from a job board. Learn More

Requirements

Daily to-do list will include:

building high-quality reusable code,

developing functional and sustainable applications,

constantly striving to optimise performance and debugging,

being involved and participating in the overall application lifecycle,

defining and communicating technical and design requirements,

constantly learning and trying new technologies.

Our Technology Stack

Java and Kotlin,

Spring Boot,

Maven,

Git, GitLab,

Continuous integration tools (Jenkins, TeamCity …),

Profilers (YourKit …),

OpenEHR.

Skills You Need To Excel At This Job

experience in Java,

passion for learning, growth, and complex challenges,

teamwork and collaboration skills,

English language.

Responsibilities

While we currently don’t have specific job positions available, we are nevertheless actively expanding our back-end talent pool for future opportunities.

Our back-end developers are working with our team of developers, designers, DevOps, analysts, and QA testers. The job involves a lot of coding, debugging, problem-solving, code reviewing, trying new technologies, and staying up to date with current best practices.",https://www.linkedin.com/jobs/view/3770227353/?eBP=NOT_ELIGIBLE_FOR_CHARGING&refId=2gdlAg39N9bMODfYuyYV7Q%3D%3D&trackingId=2nTKlAaksYoxi2sfyTRoTA%3D%3D&trk=flagship3_search_srp_jobs,Progammer,Indonesia,"['spring boot', 'java', 'r', 'git', 'kotlin']",5,2026-05-05T02:57:09.098664
4307550073,임베디드 SW 개발(모뎀) 경력 채용 경력 채용 중,GRIDWIZ,"Lembang, West Java, Indonesia (On-site)","About the job

그리드위즈는 어떤 조직인가요?

Heal the Earth, 누구나 깨끗한 에너지를 사용할 수 있는 세상을 만듭니다.

지구를 위해, 지구에 사는 우리를 위해, 우리의 다음 세대를 위해.

2013년 시작한 그리드위즈는, 누구나 깨끗한 에너지를 사용할 수 있는 세상을 만드는 클린에너지 솔루션 기업입니다.

긴 시간 쌓아온 경험과 에너지 데이터를 기반으로 수요관리사업(Demand Response), 에너지 저장장치 솔루션(Energy Storage System), 전기차 충전 솔루션(E-Mobility Solution), 신재생에너지 솔루션(Renewable Energy Solution)을 제공하며 고객들의 에너지 고민을 해결하고, 빠르게 변화하고 있는 에너지 시장을 아우르는 신사업을 운영합니다.

탄소중립으로 나아가는 글로벌의 에너지 시장 움직임에 따라 유연하게 변화하고 대응할 수 있는 분들이 필요합니다.

그리드위즈와 함께 에너지 미래를 만들어 갈 분들을 찾습니다.

이런 일을 해요

전기차 충전기 모뎀 SW 개발

이런 분을 찾고 있어요

전기/전자공학, 컴퓨터/시스템공학 등 공학 계열 학사 이상

C / C++ 프로그래밍 가능자

임베디드 리눅스 또는 RTOS 개발 경험자

이런 분이면 더 좋아요

통신 프로토콜 경험자 (ISO15118, OCPP)

네트워크 프로그래밍 경험자 (TCP/IP, Socket)

국제 표준 프로토콜 개발 및 분석 경험자

이렇게 근무해요

근무형태 : 정규직(수습기간 3개월), 3개월의 수습기간 이후 평가를 거쳐 정규직 전환

근무일시 : 주 5일 월 - 금, 9 to 6 (자율출근제 운영)

근무지역 : 경기도 성남시 분당구 산운로208번길 25, 그리드위즈 그린동 (근무지는 업무상 필요 시 변경될 수 있음)

(※ '26년 2월 말, 서울 서초구 사옥 이전 예정)

이렇게 합류해요

서류 전형 : 지원양식을 활용하여 지원자 분의 장점을 마음껏 알려주세요.

실무 면접 : 함께 일할 팀원에게 지원자 분의 이야기를 들려주세요.

인적성 검사 : 인적성 검사를 통해 함께할 수 있는 분인지 확인합니다.

임원 면접 : 함께하게 될 임원에게 지원자 분의 이야기를 들려주세요.

수습 기간 : 팀원들과 3개월간 함께 일하며 서로 함께할 수 있는지 확인해주세요.

최종 합격 : 그루가 되신 것을 축하합니다.


 신입(경력 3년 미만)의 경우, 서류전형 - 실무면접 - 인적성검사 - 입사(수습 3개월) - (수습 종료 전)임원면접 - 최종합격 순으로 진행해요.


참고해주세요

지원방법 : 홈페이지 지원

지원기간 : 채용 시 마감

공통 우대사항 : 국가보훈 대상자 및 장애인은 관련 법규에 의거 우대해요.

정규직 채용의 경우 3개월의 수습기간이 있어요.

평과 결과에 따라 수습 기간이 연장되거나 채용이 취소될 수 있어요.

입사지원서 및 자격사항이 사실과 다를 경우 합격 및 입사가 취소될 수 있어요.

E-mail : human@gridwiz.com",https://www.linkedin.com/jobs/view/4307550073/?eBP=NOT_ELIGIBLE_FOR_CHARGING&refId=2gdlAg39N9bMODfYuyYV7Q%3D%3D&trackingId=j6%2Bhk2PDvnniCSZIa4lvtg%3D%3D&trk=flagship3_search_srp_jobs,Progammer,Indonesia,"['r', 'c++']",2,2026-05-05T02:57:13.837990
4402694970,Intern,Haneke Design,"Yaur, Papua, Indonesia (On-site)","About the job

Please no job recruiter solicitations* 


About Haneke Design

We are a custom software development firm in downtown Tampa, FL, looking to expand our team with individuals who will help us fortify our mission: to deliver digital experiences that amaze and delight.

Our clients range from early stage start-ups to Fortune 500 companies, but we always keep a strong focus on user experience. We believe that we can achieve the best results when our designers and developers collaborate from the start.

Our team is passionate about keeping up with the pace of our ever-evolving industry, so we are looking for those who are just as bored by the status quo and just as excited about the cutting edge as we are.

Based in Tampa, Florida

(813) 605-3586 contact@hanekedesign.com

© 2026 Haneke Design",https://www.linkedin.com/jobs/view/4402694970/?eBP=NOT_ELIGIBLE_FOR_CHARGING&refId=2gdlAg39N9bMODfYuyYV7Q%3D%3D&trackingId=aVLIBk0PS7iB7NOdCp8kLA%3D%3D&trk=flagship3_search_srp_jobs,Progammer,Indonesia,"['r', 'git']",2,2026-05-05T02:57:18.512945
4296534248,Back End Node Js,Halojasa Indonesia,"Gambir, Jakarta, Indonesia (On-site)","About the job

Description

Are you proficient in Node Js developer programing ?

The digital world never stops and we follow it. Against this background, Halo Jasa need a Node Js Programmer. Your role will be very important to build all projects related to web start up and all custom web applications. All your tasks require expertise in Node Js programming language. In addition we need your skills to cooperate with design team and willing to learn forward with team.

What are your days like?

This is not easy task but very exciting. You can learn about the skills of the Javascript program. You will also attend the conference to see the progress of the programmer world. In fact you can work very comfortably with a team that full of passion.

What can you say to your friends, about your work?

So, what are you doing? Say with smile and happy face that you are a Node Js Programmer at Halo Jasa. You work with design team to build and create applications and websites. You also work with team and clients around the world.

My Responsibilities


You strive to create new development and feature plans for websites.
You will work to create a system with the latest dashboard.
You have both personal business goals and with teams to create a platform that support business.
You will also work to analyze the problem, test the program and improve the test results if there is a problem.
You are ready to make a system designed to work smoothly and always provide solutions if there is a problem.
Utilize backend data services and contribute to increase existing data services API.
Lead the entire web application development life cycle right from concept stage to delivery and post launch support.
Convey effectively with all task progress, evaluations, suggestions, schedules along with technical and process issues.
Document the development process, architecture, and standard components.


Responsibilities

So, what are the requirements?


You should be very familiar with javascript Node Js
Already has experience working with Node JS Framework for min 2 years.
If you are studying Node Js program for under 2 year or more, we will consider it.
Can be open minded to receive suggestions and solutions and have far-sighted thoughts.
Has the ability to design patterns and workflow,Creative and efficient problem solver
Have good knowledge about alogritma and Symfony components
Can Do using Agile/Scrum process to develop software systems


So here you are, you will not be able to enjoy this work if you do not make this important step. What is that? Create your online portfolio and send it to us as soon as possible. Give your best potential and let's join the big family of Halo Jasa team.",https://www.linkedin.com/jobs/view/4296534248/?eBP=NOT_ELIGIBLE_FOR_CHARGING&refId=2gdlAg39N9bMODfYuyYV7Q%3D%3D&trackingId=qKUFp28Bb1L9oapbAwZ7aw%3D%3D&trk=flagship3_search_srp_jobs,Progammer,Indonesia,"['agile', 'java', 'scrum', 'r', 'javascript', 'git']",6,2026-05-05T02:57:23.209146
4382087946,"Junior Backend Engineer, Billfazz",Fazz,Jakarta Metropolitan Area (Hybrid),"About the job

What You Will Do


Take responsibility for the overall availability and reliability of the system, ensuring robust monitoring is in place.
Provide feedback on architecture and approach, guiding teams to make data-driven decisions.
Implement code and conduct code reviews.
Design systems within a microservices architecture.
Participate in backlog grooming and sprint planning.
Work autonomously to create and execute a vision that propels the product ahead of competitors.",https://www.linkedin.com/jobs/view/4382087946/?eBP=NOT_ELIGIBLE_FOR_CHARGING&refId=2gdlAg39N9bMODfYuyYV7Q%3D%3D&trackingId=PUlEbeb3%2BzIuDKz%2FHaVWXg%3D%3D&trk=flagship3_search_srp_jobs,Progammer,Indonesia,['r'],1,2026-05-05T02:57:28.008631
4365798957,Site Reliability Engineer (Supply Chain) - Sea Labs,Sea,"Jakarta, Indonesia (On-site)","About the job

About the Team:

About Sea Labs Indonesia

Sea Labs is at the core of the Sea platforms development, supporting diverse business lines from e-commerce, supply chain, games, payment and finance, among many others. The strong growth and unique positioning of Sea's e-commerce business, Shopee, spurred the launch of Sea Labs Indonesia. Since its inception, the group of passionate engineers have charted the course to drive the best experience for our users in Indonesia, many of which solutions are even adapted to other markets in the region.

Sea's hyper-growing business scale has transformed most ""innocent"" problems into huge technical challenges, and there is no better place to experience world-class projects first-hand if you love technologies as much as we do. Together with our passionate and driven teams, you'll get to develop your skills, build on industry knowledge and collaborate with global teams in a dynamic space. Browse our Sea Labs Indonesia team openings to see how you can make an impact with us.

About The Team

The Supply Chain Team is committed to creating a flexible, stable and efficient global supply chain system, including procurement systems, logistics systems, multi-country and multi-regional warehouse management systems and last-mile transportation systems, providing seamless and boundaryless retail connectivity around the globe. The Team constantly optimize processes based on data and algorithms to provide reliable customer experience and support ground staffs to streamline operations and scale new heights

Job Description:


Deep dive into the business domain, learning and understanding the mechanism of every application component, and promoting product scalability, stability, and performance
Set up, manage, and maintain Shopee product/middleware/database applications and services
Perform regular and ad hoc server-side deployments, performance tuning, and troubleshooting.
Design and develop an automated technical operation platform
Capacity and Resource Management
Responsible for the stress test to enhance the performance and remove redundancy of applications.
Prepare routine operation documentation and reports.



Requirements:


Bachelor's or higher degree in Computer Science, Engineering, Information Systems, or related fields
Extensive and hands-on knowledge with Linux operating systems (Ubuntu, CentOS, etc.) and Windows servers.
Good knowledge of computer networking (TCP/IP, DNS, etc.)
Hands-on experience with at least one of the programming languages: Bash, Python, Go.
Basic knowledge of database, message queue, caching, and storage services.
Strong analytical and problem-solving skills with the ability to thrive under pressure
Passionate and possesses a strong sense of responsibility for work.
Passionate about the technical operations of internet products, Linux OS, and open-source technology.
1 year of experience is welcome to apply
Strong English communication skills, both written and verbal.",https://www.linkedin.com/jobs/view/4365798957/?eBP=CwEAAAGd9I4Fh3JFOlQGZz_gc4w08bBhPQDsqMEtbICB9hrEl0xQXxiG1oP3zO0Zqa2yjKxu2nk2Jn4iSArZGrGqFITjCAPtGHg7qvt91tebDmQz8pj66JUqt1brh0HTvs5AIVCfbD0Fq6z814aW0yiCE8oDPCg5GcP3LxxD21QHDBejpURQz46NR2nnGXm3iBW8c5poN6GtJsCqhSdbKerwq6Qk1_itlDW_Oj8nif-AYC6jvikYImvdbGj11Ka43kEp9tQo1evM5C_UI_VWHtMq8Sed_Rp3GZbzfbp33Ki66UceYuMY2kJiWnfR6lj75UZX-tm_hTQr-WIdx95SIQcW5kiJpnsWLnBjc87PYjcGdt6dcFJDJ2_OBIBvbfa1wOP3XfpWPpsBPJ73jE0xVWV-OtD3obaFk_u3g9g04NFnLG5pJlk8_0yHiWqr4TAGrSzdTWnoXvXdpga5TKRwOCKzJz-t&refId=2gdlAg39N9bMODfYuyYV7Q%3D%3D&trackingId=4TLWGCOOWJBqEh5n%2F0qckQ%3D%3D&trk=flagship3_search_srp_jobs,Progammer,Indonesia,"['linux', 'bash', 'r', 'python', 'scala']",5,2026-05-05T02:57:32.713033
4404017050,Software Engineer,Indodana,"Jakarta, Jakarta, Indonesia (Hybrid)","About the job

Job Description


Work side-by-side with a mentor(Lead Software Engineer / Engineering Manager) to help you accomplish team goals and grow together as a person
Carry the execution of a medium - large size project that is given by PM / Lead Software Engineer according to its product domain
Work side-by-side in a high performance team by occasionally participate in the requirement / specification phase and help to design solution of a problem or system implementation together
Contribute in building various API, enhancing functionalities, bug-fixing required to serve Indodana massive user-base
Working with our in-house cutting-edge & advance DevOps tooling (Kubernetes, Terraform, Grafana, Loki, Prometheus, on top of Google Cloud Platform)


Qualifications


A formal degree in Computer Science is preferred, but candidates with demonstrable skills and experience are equally valued
Strong problem solving & software engineering coding skills preferably, but not limited to, Java/NodeJS. 
Have experience in RDBMS technology like PostgreSQL/MySQL. 
Experience in version control (Git) and familiarity with development collaboration tools (GitHub/Phabricator). 
Passionate in building product, using technology to solve complex & real world problems
Curiosity to explore creative solutions and try new things to solve challenging problems to pull it all together into a workable solution. 
If you think you're capable, prove to us that you have the ability or portfolio


Additional Information

This position is hybrid working in Jakarta head office.",https://www.linkedin.com/jobs/view/4404017050/?eBP=NOT_ELIGIBLE_FOR_CHARGING&refId=2gdlAg39N9bMODfYuyYV7Q%3D%3D&trackingId=DIJclUdYBKHzI%2Bh%2FIjiSZQ%3D%3D&trk=flagship3_search_srp_jobs,Progammer,Indonesia,"['mysql', 'java', 'r', 'git', 'ios', 'sql', 'postgresql', 'kubernetes']",8,2026-05-05T02:57:37.388626
4299309814,Cloud Engineer – SCG Indonesia,SCG,"Jakarta, Indonesia (On-site)","About the job

About SCG in Indonesia

SCG’s businesses in Indonesia are enabled by modern IT infrastructure that supports manufacturing, distribution, and customer solutions. Cloud adoption is central to making SCG’s operations scalable, secure, and efficient.




For cloud professionals, this means working on systems that directly support SCG’s industrial and commercial growth.




About the Role

As a Cloud Engineer, you will design and maintain cloud-based systems that keep SCG’s operations reliable and future-ready.




Key Responsibilities

Deploy, manage, and monitor cloud services (AWS, Azure, or GCP).
Ensure system security, availability, and cost optimization.
Support integration of business applications into cloud platforms.
Implement disaster recovery and backup strategies.
Document system configurations and provide technical support.




Qualifications

Bachelor’s in IT, Computer Science, or related fields.
0–3 years in cloud computing; new graduates are welcome.
Familiarity with virtualization, containers, and scripting.
Cloud certifications are an advantage.




Career Development

Progression into cloud architecture, DevOps, or regional IT infrastructure leadership roles.",https://www.linkedin.com/jobs/view/4299309814/?eBP=BUDGET_EXHAUSTED_JOB&refId=2gdlAg39N9bMODfYuyYV7Q%3D%3D&trackingId=ws%2F9MmsIHnCU6269mY0cyg%3D%3D&trk=flagship3_search_srp_jobs,Progammer,Indonesia,"['gcp', 'azure', 'r', 'aws', 'scala']",5,2026-05-05T02:57:42.073745
4218694041,Enterprise Sales Engineer (Bahasa Indonesia speaking),Datadog,"Jakarta, Indonesia (Hybrid)","About the job

Enterprise Sales Engineer

As an Enterprise Sales Engineer, you will provide technical expertise through sales presentations, product demonstrations, and supporting technical evaluations (POVs). Sales Engineers help qualify and close opportunities with customers and partners and have a voice with the product team to help prioritize features based on input from customers, competitors, and partners.

What You’ll Do:


Partner with the Sales team to articulate the overall Datadog value proposition, vision and strategy to customers
Own technical engagement with customers during the trial phase. Communicate Datadog’s value based on activities and work with customers on any identified issues or concerns to successful conclusion
Technically close complex opportunities through advanced competitive knowledge, technical skill, and credibility
Deliver product and technical briefings / presentations to potential clients
Maintain accurate notes and feedback in CRM regarding customer input both wins and losses
Proactively engage and communicate with customers and Datadog business/technical teams regarding product feedback and competitive landscape


Who You Are:


Passionate about educating customers on observability risks that are meaningful to their business, and able to build and execute an evaluation plan with a customer
Someone with strong written and oral communication skills. This role requires an ability to understand and articulate both the business benefits (value proposition) and technical advantages of our offering
Experienced in programming/scripting with any of the following: Java, Python, Ruby, Go, Node.JS, PHP, and .NET etc.
Someone with a minimum of 3+ years in a Sales Engineering or DevOps Engineering role
You have business-level fluency, both in verbal and written communication, in Bahasa Indonesia as you will be working with customers speaking this language and you are comfortable in English as this is our company's day to day communication language.
Able to sit up to 4 hours, traveling to and from client sites 
Able to travel via auto, train or air up to 45% of the time


Datadog values people from all walks of life. We understand not everyone will meet all the above qualifications on day one. That's okay. If you’re passionate about technology and want to grow your skills, we encourage you to apply.

Benefits and Growth:


Best-in-breed onboarding
Generous global benefits
Intra-departmental mentor and buddy program for in-house networking
New hire stock equity (RSUs) and employee stock purchase plan (ESPP)
Continuous professional development, product training, and career pathing
An inclusive company culture, able to join our Community Guilds and Inclusion Talks


Benefits and Growth listed above may vary based on the country of your employment and the nature of your employment with Datadog.

About Datadog: 

Datadog is the leading observability and security platform for the AI era, providing businesses with unified visibility across the technology stack to manage complexity at scale. It brings applications, infrastructure, data, models, and security into one place, using AI to detect and resolve issues before they impact customers. Trusted globally by Fortune 500 companies and high-growth AI leaders, Datadog enables businesses to move faster with clarity and confidence. Learn more about #DatadogLife on Instagram, LinkedIn, and Datadog Learning Center. 

Equal Opportunity at Datadog:

Datadog is proud to offer equal employment opportunity to everyone regardless of race, color, ancestry, religion, sex, national origin, sexual orientation, age, citizenship, marital status, disability, gender identity, veteran status, and other characteristics protected by law. We also consider qualified applicants regardless of criminal histories, consistent with legal requirements. Here are our Candidate Legal Notices for your reference.

Datadog endeavors to make our Careers Page accessible to all users. If you would like to contact us regarding the accessibility of our website or need assistance completing the application process, please complete this form. This form is for accommodation requests only and cannot be used to inquire about the status of applications.

Privacy and AI Guidelines:

Any information you submit to Datadog as part of your application will be processed in accordance with Datadog’s Applicant and Candidate Privacy Notice. For information on our AI policy, please visit Interviewing at Datadog AI Guidelines.",https://www.linkedin.com/jobs/view/4218694041/?eBP=CwEAAAGd9I4Fh4QpZVisT7245AzkuZLP2fh0mbsL36GgMhM98EYMZFZB9-iQfIcAy0wCR5fiAhi-siGf4uf6xP-2y3Xtdu04Ep6fHMMR3sXCRx1s-LvTxTBq4b7Ldlk_Oml5GCRE2Qx8O2zcFfi-gvPHRPTkuvyvx0FJkNfXux41yPVMYb-yocCZf8ZLzJ5cB2UczGEKRI5hx3hhOuZI2wESfujygQRrd54RCvBW4ghe914uM8pMqdWTsVzC2fkqEC_m8uWCCk3amEzY5GzcM_Z0zQK8eYEeMNgzI5BiFpxKTcNVTp0AwhL_9zepnOd2rZWWPikcntcD-nG2VyCBSfpghVpfYvJPcJ_ZVU_5mrpqrlvUglRGzO6B5KUNLCyfoFZmO0QZaVHHdblSX8xcbvl8eSbLFKmHt51Bzj4cHMeCjRzZTp_zWeHsNxf9OLk58d_s2saT2dpO4o4w-1smDMnHvqzL2L05fVqt8A&refId=2gdlAg39N9bMODfYuyYV7Q%3D%3D&trackingId=RFvMoVm4KHN2oubYA3cflw%3D%3D&trk=flagship3_search_srp_jobs,Progammer,Indonesia,"['rust', 'java', 'r', 'python', 'php']",5,2026-05-05T02:57:46.814294
4303894525,Data Governance Engineer,Kredivo Group,Jakarta Metropolitan Area (On-site),"About the job

We are looking for a Data Governance Engineer to strengthen our data capabilities with more robust standards and policies to handle our data. This will include defining how we process the data, access the data, and visualize the data. In short this Data Governance role would be in charge to implement how we store the and and manage who can access it, also to create policies around our data warehouse and visualization tools. All these we aim to be as automatic as possible.

About The Role


Establish and promote proper procedures, policies, and standards to our data that enable our organization to use data more effectively and efficiently.
Propose and establish data quality standards, metrics, and monitoring systems to be applied in all our data stacks and ensure it is implemented well.
Work with business, engineering, legal, risk, and other related departments/team to set up our data policies consisting of Data Classification, Data and Dashboard User Access Matrix, etc.
Design and set up our Data Catalog to enable the same data understanding and knowledge among the business users, engineering, and other related teams.
Promote and communicate all these procedures, policies, and standards to our stakeholder and related business and maintain business flow to ensure our stakeholder could leverage more usage to our data.


About You


At least 1-3 years of experience in data fields.
Experience in data governance related roles will be a big plus.
Strong understanding of data security, data modeling, data quality/monitoring, and data architecture.
Experience and knowledge hands on in UNIX and python programming (Spark, Airflow, and other data engineering related preferred).
Proficiency using SQL is a must and writing efficient SQL query.
Experience and knowledge hands on in cloud data warehouse (AWS and GCP preferred).
Strong in communication to business and technical users (Bahasa and English).
Experience in documenting processes, data flows, and policies are preferred.",https://www.linkedin.com/jobs/view/4303894525/?eBP=CwEAAAGd9I4Fh-M42t3npvnZn0fkjqMUdHtF5RPdXpl2ld0nAvXD4RQdX6UlGrn1rXi-HUl-5OlRI11VMOtEPPbznWpkuEWRbnNs1cDYignpD9oFp6289Uj0C-PEDRtoaP6RN_ElR4axdZws0jUwuX0v8DaTpKL0eNBKbdzVBFA0CUr3IyTuqO4BdpjqtIvqYYJpJbnhJO0YEisVqFT_emk4ggUsFaqdkGh79MdReM4cJ1O9lM_0albwwCi-LMF-CtpiAsON28RvdkOh3lC982bKTB0eUgxtaWYZqqcW31W2SjCaoekRYjvDinkE4h2pz-s4p-Zo3xb78S2BFfJPHUeEESPp8XO9m-vpvoCwFgelbeneSAuuIQFJYO1E7DavARsV7JFP4wn5f9EEcSTECMStiDGvD6VZwUEbfNZYkQfBEGfGvwuin5tg60hSiR55beBGdSbsBYdd_HByHw&refId=2gdlAg39N9bMODfYuyYV7Q%3D%3D&trackingId=SPVVSg7adQc7ZgnrjRS8hA%3D%3D&trk=flagship3_search_srp_jobs,Progammer,Indonesia,"['gcp', 'airflow', 'spark', 'r', 'python', 'aws', 'sql']",7,2026-05-05T02:57:51.507648
4407815745,Software Engineer In Test Automation Testing (junior- senior level),Cermati.com,"Jakarta, Jakarta, Indonesia (On-site)","About the job

Job Description


Create detailed, comprehensive and well-structured test plans and test cases
Design, develop and execute automation scripts using open source tools that is fast, scalable, easy to monitor and maintain
Create code that's easy to read
Able to perform Test Automation and set up frameworks on multiple application platforms like Web, Mobile - Android and API
Work with the team to maintain, improve and clean your code
Review each other's code and learn the software engineering best practices
Work with deployments teams and resolve issues for the system
Build and manage automated build/test/deployment environments


Qualifications


A formal degree in Computer Science is preferred, but junior candidates with demonstrable skills and experience are equally valued
3 - 5 years of overall experience in software testing for Mid to Senior level, with strong focus on automation.
Hands-on experience in Web, Mobile, and API automation using tools like Selenium, Appium, and REST-based tools.
Strong programming skills in at least one language (Java, Python, or JavaScript) with the ability to write clean and maintainable automation code.
Experience working with automation frameworks such as WebdriverIO and BDD frameworks (e.g., Cucumber), including contributing to framework improvements.
Good understanding of SDLC and STLC, with experience in Agile development environments.
Experience in designing test strategies, writing test cases (positive, negative, edge cases), and identifying automation opportunities.
Practical exposure to CI/CD pipelines (e.g., Jenkins, GitHub Actions), including integrating and maintaining automation suites.
Experience in maintaining and scaling automation suites, ensuring stability and reliability of test execution.
Ability to take ownership of features/modules and collaborate with cross-functional teams",https://www.linkedin.com/jobs/view/4407815745/?eBP=NOT_ELIGIBLE_FOR_CHARGING&refId=2gdlAg39N9bMODfYuyYV7Q%3D%3D&trackingId=9cLQ%2B2Gynbyz69uZy10Nog%3D%3D&trk=flagship3_search_srp_jobs,Progammer,Indonesia,"['agile', 'java', 'r', 'python', 'javascript', 'git', 'scala', 'android']",8,2026-05-05T02:57:56.192344
4394620241,AI Agent Builder - Freelance,Ajaib,"Jakarta, Jakarta, Indonesia (Hybrid)","About the job

We've been experiencing hyper-growth the past year, becoming Indonesia's 7th Unicorn Startup and the first Investment Fintech Unicorn in South East Asia 2.5 years after Ajaib first launched. With the global financial technology market expected to grow gradually, we aim to make stock trading accessible for millennials through our mobile-first approach. In 2022, we opened our new head office in the Indonesia Stock Exchange Building, and we're just getting started!

We are looking for a Freelance AI Agent Builder to join our People Insights & Strategy (PIS) team, focusing on building smart automation solutions for HR and operational processes. In this role, you will design and develop AI-powered agents and workflows that help streamline manual tasks, improve efficiency, and enable better decision-making across People functions. You will work closely with internal stakeholders to understand business needs and translate them into scalable, reliable automation systems

Responsibilities:


Design and develop AI agents to automate People Insights & HR processes
Build and optimize workflows to improve efficiency and reduce manual work
Collaborate with PIS and stakeholders to translate needs into automation solutions
Test, iterate, and ensure reliability of AI-driven processes
Deliver projects based on agreed timelines and milestones


Requirements


2-4 years of experience in AI, automation, or software development
Hands-on experience with n8n and API integrations
Familiar with LLM tools (e.g., OpenAI) and workflow automation concepts
Strong problem-solving skills with a focus on process optimization
Able to work independently with flexible hours while meeting deadlines


Benefits

Join us as we make magic happen to increase Indonesia's financial inclusion!",https://www.linkedin.com/jobs/view/4394620241/?eBP=NOT_ELIGIBLE_FOR_CHARGING&refId=2gdlAg39N9bMODfYuyYV7Q%3D%3D&trackingId=Wbsd%2FTs9P01qWFC9waF%2Fgw%3D%3D&trk=flagship3_search_srp_jobs,Progammer,Indonesia,"['r', 'scala']",2,2026-05-05T02:58:00.892551
4409522029,Frontend Software Engineer,Finku,"Jakarta, Jakarta, Indonesia (On-site)","About the job

Job Description


Develop new user-facing features and build reusable code and libraries for future use using React Native / React JS or similar technologies for Developing mobile apps and website.
Maintain the existing mobile app and websites make sure it is always following the best practices.
Ensure the technical feasibility of UI/UX designs.
Optimize the application for maximum speed and scalability.
Collaborate with other team members and stakeholders.


Role Requirements


Have min. 1 year of experience as a Mobile app and website engineer.
Proficient understanding of Mobile application development and its related technologies, especially React Native and React JS.
Firm grasp of the JavaScript and TypeScript language and its nuances, including ES6+ syntax and an ability to write well-documented, clean JavaScript & TypeScript code.
Understanding of REST APIs, the document request model, and offline storage.
Rock solid at working with third-party dependencies and debugging dependency conflicts.",https://www.linkedin.com/jobs/view/4409522029/?eBP=NOT_ELIGIBLE_FOR_CHARGING&refId=2gdlAg39N9bMODfYuyYV7Q%3D%3D&trackingId=V4phuqpmWYqUjftSpW6qJA%3D%3D&trk=flagship3_search_srp_jobs,Progammer,Indonesia,"['react', 'typescript', 'java', 'r', 'javascript', 'scala']",6,2026-05-05T02:58:05.588641
4346622886,GridOS Technical Lead - Solution Integrator,GE Vernova,"Jakarta, Indonesia (Remote)","About the job

Job Description Summary

Work with the Project Manager (PM) and Delivery Manager (DM) through close coordination for scope management, schedule, risk management, and quality management. You will lead technical delivery is the project as per your domain expertise workstream , as well as an individual contributor, on these engagements, contributing to software implementation, power application tuning, troubleshooting, customization, and integration into customer systems while balancing scope versus project time and resource commitments. You will act as an SME for the organization, coordinating cross-organizationally and independently mentoring project team.

Job Description

Roles and Responsibilities


Work with the Project Manager (PM) and Delivery Manager (DM) through close coordination for scope management, schedule, risk management, and quality management.
Accountable for successful delivery of technical scope items to meet the schedule, cost and quality commitments.
Support Delivery Manager (DM) to establish Project Execution control: Build effective Work Breakdown Structures (WBS)
Communicate effectively with Project Manager, Delivery Manager, Customer, Project team (APAC and global), DevOps on project and technical items such as project status, risks and mitigation, scope, and issues
Utilize and implement software delivery performance measurement tools and indicators (e.g. Jira burndown charts, qTest)
Lead the Technical Engineering Team to design, deploy, configure, tuning and testing of GEV transmission and distribution solution to client environments:
Prepare input data such as network model files, load & generation forecasts, future planning scenarios, resources availability, and generation cost data.
Prepare, modify, and configure client and testing input data for solutions by creating scripts/Simulator for FAT or split data feed from customer for SIT/UAT.
Collaborate with our Service Engineering development lead during the development cycle to ensure all custom deliverables meet defined needs and standards and are on time and budget.
Respond to all client inquiries, bugs, and product ideas for in-flight projects and file tickets for the Product or project team.
Debug software, documenting issues for the testing teams.
Hands-On experience, with certification a plus, in deploying solution to the GEV or Client staging.
Report on project outcomes and present findings to project partners and stakeholders.

Qualifications/Requirements


Minimum Bachelor's degree in Information Technology, Computer Science, Physics, Electrical Engineering, or related Engineering Discipline from an accredited university or college
Experience.
You have strong electricity industry knowledge, with 5+ years relevant work experience.
You will bring strong analysis skills including requirements elicitation and management skills.
You understand how to trace a requirement to a design specification and the test plans / cases.
You are comfortable automating processes and utilizing or building scripting solutions to support product solutions.
Knowledge:
You are highly familiar with emerging energy industry trends and implications on utility clients in the area of DER management, Transmission, Wide area monitoring (WAMS), distribution planning, IT, SCADA and asset management with a strong
Utility integration experience (E.g. SCADA, ADMS, OT, OMS , WAMS, DERMS, etc.)
Experience with Operating system such as MS-Windows Server and Red Hat Linux
Experience with Kubernates, microservices, data stores like elasticsearch, PostgreSQL, Kibana, Grafana, kafka
Experience with Programming experience in software development with Microsoft Visual Studio / Development tools, Eclipse, C#, and C++ programming
Experience in using Virtualization (VMware vSphere, vCenter, vMotion, Microsoft Hyper-V, Nutanix, etc)
Experience in software analysis, design, quality assurance, architecture, and Agile development methodology
Familiar with Automatic process deployment, continues improvement (CI) and continues deployment (CD), GitOps, , Ansible
Experience with project testing such as Factory acceptance test (FAT), Site acceptance test (SAT) and user acceptance test (UAT)
Experience with web and other technologies such as HTML 5, Javascript, CSS and JQuery, Perl script, Phyton, strawberry Perl, RDBMS system such as oracle, MS-SQL, Oracle, PostgreSQL, Microsoft Power BI reporting, Tableau, crystal reports, etc

Additional Information

Relocation Assistance Provided: No


 This is a remote position",https://www.linkedin.com/jobs/view/4346622886/?eBP=BUDGET_EXHAUSTED_JOB&refId=2gdlAg39N9bMODfYuyYV7Q%3D%3D&trackingId=qTqlOvMutqr3Gk4ZMDAq7g%3D%3D&trk=flagship3_search_srp_jobs,Progammer,Indonesia,"['elasticsearch', 'c#', 'linux', 'power bi', 'agile', 'java', 'r', 'javascript', 'git', 'kafka', 'ios', 'sql', 'postgresql', 'c++', 'tableau']",15,2026-05-05T02:58:10.292273
4408052450,Product Developer,Nubephant Automation,"Jakarta, Jakarta, Indonesia (On-site)","About the job
This job is sourced from a job board. Learn More

Key Responsibilities


Collaborate closely with head of product to understand, define, and technically implement product roadmaps.
Maintain and prioritize the product backlog, ensuring alignment with product roadmaps.
Engage with the product design team to ensure designs align technically and functionally with product initiatives.
Execute software development tasks and objectives, translating product specifications into functional code.
Develop, test, and maintain software components related to assigned products or features.
Collaborate with other team members for code reviews and best practices.
Ensure software quality and reliability through automated and manual testing.
Coordinate with the cross functional teams to conduct various activities to support product launch, including getting buy-in support from upper management, comply with regulators requirements and other necessary licensing.
Provide technical feedback on design prototypes and mockups.
Engage in market and user research to gather technical insights that can shape product implementation.


Requirements

Minimum Qualifications:


Bachelor's degree in Computer Science, Engineering, or related field.
2-5 years of experience in product development or software engineering.
Proficient in software development and agile methodologies.
Fluent in English, both spoken and written.
Experience in fintech is a plus.
Strong communication, collaboration, and problem-solving skills.
Adaptive, analytical, and customer-oriented mindset.
Eager to learn and grow in product and engineering areas.",https://www.linkedin.com/jobs/view/4408052450/?eBP=NOT_ELIGIBLE_FOR_CHARGING&refId=2gdlAg39N9bMODfYuyYV7Q%3D%3D&trackingId=tI2T55sWIbeOUjl0RoMzPA%3D%3D&trk=flagship3_search_srp_jobs,Progammer,Indonesia,"['agile', 'r']",2,2026-05-05T02:58:14.984197
4334731267,Kotlin Expert (SME) - Freelance Project,"Meridial Marketplace, by Invisible",Indonesia (Remote),"About the job

Kotlin Expert (SME) – Consultant Description

Purpose

We are seeking a highly experienced Kotlin Software Engineering professional to serve as a Subject Matter Expert (SME) on advanced software development and AI benchmarking projects. This role is pivotal in designing, documenting, and validating Kotlin-based tasks and functionalities that test and refine the coding capabilities of large language models (LLMs) — particularly within Android development environments.

Your work will define both the technical standard and the functional scaffolding of real-world coding benchmarks, ensuring all tasks meet the highest levels of authenticity, precision, and reproducibility. You will help assemble datasets and functional frameworks that mirror the complexity and reasoning required in professional Android engineering.

Core Components


 Functional Design, Documentation & Benchmark Definition
Define, document, and validate Kotlin-based Android functionalities used in AI benchmarking and software simulation projects.
 Author comprehensive functional and technical documentation, including feature requirements, system behavior, and expected outcomes.
 Translate open-ended requirements into realistic, well-scoped Android tasks representing genuine engineering challenges.
 Ensure each benchmark task is complete, verifiable, and grounded in authentic developer workflows.
 Maintain structured repositories of Kotlin challenges, categorized by complexity, topic, and functional type.
 Technical Standard Setting, QA & Process Improvement
Define Kotlin-specific quality metrics, benchmarking criteria, and rubrics aligned with Android production standards.
 Develop SOPs and QA frameworks enforcing stylistic consistency, idiomatic Kotlin use, and functional clarity.
 Conduct rigorous QA passes on deliverables — verifying code correctness, documentation completeness, and benchmark adherence.
 Apply quality principles to maintain dataset and code task evaluation standards.
 Curate gold-standard Kotlin examples representing benchmark-worthy implementations.
 Talent Definition, Vetting & Calibration
Collaborate with recruitment and project leads to define role competencies for Kotlin contributors.
 Develop technical evaluation frameworks for vetting Kotlin developers, including practical code tasks and debugging exercises.
 Lead calibration sessions with contractors to ensure consistency and quality.
 Create skill matrices and capability documentation for Kotlin engineering talent aligned to benchmarking needs.
 Provide continuous feedback and training materials for quality improvement.
 Benchmark Dataset Development & Validation
Collaborate with AI research teams to design and refine Android benchmarking datasets for evaluating LLM coding performance.
 Source, assess, and refine Kotlin-based Android tasks testing comprehension, reasoning, and problem-solving.
 Document evaluation criteria including accuracy, code structure, and maintainability.
 Contribute to post-project analysis, surfacing insights on performance trends and task design improvements.
 Recommend dataset refinements to enhance domain coverage.
 Project Delivery & Stakeholder Support
Support project setup, scoping, and execution of Kotlin-oriented AI training and evaluation projects.
 Provide expert-level input on tooling, frameworks, and pipeline design (Ktor, Jetpack, Gradle, KSP).
 Collaborate closely with ML engineers, QA specialists, and data annotators to meet research-grade standards.
 Produce summary documentation and retrospective reports detailing lessons learned and recommendations.


Target Profile


5+ years of professional experience in Kotlin software engineering (Android, backend, or multiplatform).
 Mastery of Kotlin idioms, coroutines, Flow, Jetpack Compose, and asynchronous programming.
 Experience in technical documentation, benchmark dataset design, or QA of coding tasks preferred.
 Proven ability to define and enforce technical and stylistic standards across distributed teams.
 Strong collaboration and communication skills with the ability to articulate complex logic clearly.
 Exceptional attention to detail and documentation discipline.
 Fluent in English, with precise writing and communication abilities.


Example Documentation & Benchmark Task Scope

Domain

Example SME Responsibilities

Android Functionality Design

Define and document functional benchmarks such as ViewModel lifecycle management, asynchronous data fetching, and Compose state handling.

Benchmark Dataset Creation

Source and curate Kotlin tasks that measure model comprehension and code accuracy, ensuring each is verifiable and complete.

Code Review & QA

Apply QA rubrics to assess correctness, structure, and maintainability of Kotlin-based benchmark submissions.

Talent Calibration

Develop and refine role definitions and test exercises for Kotlin annotators or contributors.

Documentation Ownership

Author clear, maintainable task documentation describing functionality, context, and test criteria for model evaluation.

Continuous Improvement

Identify recurring code or comprehension defects and propose updated documentation or templates to address them.

Summary

This Kotlin SME role merges engineering excellence, documentation rigor, and benchmark development expertise. You will help shape the foundation for evaluating AI models in real-world Android engineering, defining how Kotlin is used to measure and guide the next generation of intelligent software systems.

We offer a pay range of $25-to- $65 per hour, with the exact rate determined after evaluating your experience, expertise, and geographic location. Final offer amounts may vary from the pay range listed above. As a contractor you’ll supply a secure computer and high‑speed internet; company‑sponsored benefits such as health insurance and PTO do not apply.

Job title: Kotlin Expert (SME)

Employment type: Contract

Workplace type: Remote

Seniority level: Senior Level",https://www.linkedin.com/jobs/view/4334731267/?eBP=CwEAAAGd9I4Fh2s3TlZtC80WpHeRy01U62_dyxWHCJN7Mql5nQZYdLdhAjQ6aecf7xeKKFCc0x1TjBCcVHwHaMizRuWkzJ53LrzaeRbp9preh9H-8YMu8j8FgAXZ5WCqYhd889bKD1hk1Rv_3HYS-MxOYGoBguAEyyvESlE87sKq4msCFveN64LrBifZykStkvYOfVpfy4pJlv92_6aP2IbaIJXu2kY5PmRwJ1TbzqHxSpwfrv5gorMUudMb0eaiwzWX2jbKnENB7IqfIdF8EAtAELOrdvHFqCdh-XUSqrXK_-HfqUXsMeneJWbuzq-6uxVAJCFI7hpScR-k5xqiphQYBRync4DPokkDW3em89jSCVBKYb8uy9jRH-Rcpyri0M07OuwpNjcjnSjBnmlgG5sYGgwy2v_3ewbfNnF4xO1xCujFvcKNNZj-qY6ah-o7w1OXMF2qwYzmFxoIJmFxQFM&refId=2gdlAg39N9bMODfYuyYV7Q%3D%3D&trackingId=TyNOpmauT7hK12%2BSCyTSYA%3D%3D&trk=flagship3_search_srp_jobs,Progammer,Indonesia,"['r', 'kotlin', 'android']",3,2026-05-05T02:58:19.708217
4376318094,"Security Engineer (Bangkok Based, Relocation Support)",Agoda,"Bali, Indonesia (On-site)","About the job

About Agoda

At Agoda, we bridge the world through travel. Our story began in 2005, when two lifelong friends and entrepreneurs, driven by their passion for travel, launched Agoda to make it easier for everyone to explore the world.

Today, we are part of Booking Holdings [NASDAQ: BKNG], with a diverse team of over 7,000 people from 90 countries, working together in offices around the globe. Every day, we connect people to destinations and experiences, with our great deals across our millions of hotels and holiday properties, flights, and experiences worldwide.

No two days are the same at Agoda. Data and technology are at the heart of our culture, fueling our curiosity and innovation. If you’re ready to begin your best journey and help build travel for the world, join us.

We are looking for a hands on Senior Security Engineer to secure our cloud and platform environments. This role works closely with engineering teams and focuses on building, reviewing, and operating security controls using Infrastructure as Code, Kubernetes, and custom security services written in Go and TypeScript.

Key Responsibilities:

Secure Cloud Deployment:


Design, implement, and manage secure cloud deployments across AWS and GCP environments using Terraform.
Kubernetes & GitOps Security: Deploy and manage both internal and third‑party security products within the Kubernetes ecosystem.
Work with GitOps workflows using tools like Argo CD and Flux, and Helm charts.
Security Automation & Tooling: Design and build security tooling and services using Go and TypeScript.
Misconfiguration Management: Proactively identify, analyze, and remediate cloud misconfigurations.
Cloud Architecture Guidance: Provide guidance to Engineering teams on secure architecture.
Threat Detection & Response: Build and optimize cloud-native detection rules and alerting pipelines to monitor for suspicious activities within the cloud and container workloads.


Required Skills & Experience:


8+ years of experience in security engineering, cloud security, or platform engineering roles.
Hands-on experience securing production workloads in AWS and GCP.
Strong experience designing and securing Infrastructure as Code using Terraform.
Deep understanding of Kubernetes security, including troubleshooting Helm deployments and GitOps-based workflows.
Strong programming skills in Go and TypeScript, with Python used for automation where appropriate.
Experience embedding security controls into CI/CD pipelines.
Certifications (Required) Certified Kubernetes Administrator (CKA) Certified Kubernetes Security Specialist (CKS) Certifications (Preferred) AWS Certified Security
Specialty Google Professional Cloud Security Engineer HashiCorp Certified: Terraform Associate
Nice-to-Have Experience with Policy-as-Code frameworks such as Open Policy Agent (OPA).
Experience securing service mesh environments (Istio). Background in software engineering or platform engineering before moving into security.


#sanfrancisco #sanjose #losangeles #sandiego #oakland #denver #miami #orlando #atlanta #chicago #boston #detroit #newyork #portland #philadelphia #dallas #houston #austin #seattle #sydney #melbourne #perth #toronto #vancouver #montreal #shanghai #beijing #shenzhen #prague #Brno #Ostrava #cairo #alexandria #giza #estonia #paris #berlin #munich #hamburg #stuttgart #cologne #frankfurt #hongkong #budapest #jakarta #bali #dublin #telaviv #milan #rome #venice #florence #naples #turin #palermo #bologna #tokyo #osaka #kualalumpur #malta #amsterdam #oslo #manila #warsaw #krakow #doha #alrayyan #riyadh #jeddah #mecca #medina #singapore #seoul #barcelona #madrid #stockholm #zurich #taipei #tainan #taichung #kaohsiung #bangkok #Phuket #istanbul #london #manchester #edinburgh #hcmc #hanoi #lodz #wroclaw #poznan #katowice #rio #salvador #newdelhi #bangalore #bandung #yokohama #nagoya #okinawa #fukuoka #jerusalem #IT #4

Please review our Hiring Process Guidelines before your interview — click here to learn how interviewing at Agoda works.

Discover More About Working At Agoda


Agoda Careers https://careersatagoda.com
Facebook https://www.facebook.com/agodacareers/
LinkedIn https://www.linkedin.com/company/agoda
YouTube https://www.youtube.com/agodalife


Equal Opportunity Employer 

At Agoda, we pride ourselves on being a company represented by people of all different backgrounds and orientations. We prioritize attracting diverse talent and cultivating an inclusive environment that encourages collaboration and innovation. Employment at Agoda is based solely on a person’s merit and qualifications. We are committed to providing equal employment opportunity regardless of sex, age, race, color, national origin, religion, marital status, pregnancy, sexual orientation, gender identity, disability, citizenship, veteran or military status, and other legally protected characteristics.

We will keep your application on file so that we can consider you for future vacancies and you can always ask to have your details removed from the file. For more details please read our privacy policy.

Disclaimer

We do not accept any terms or conditions, nor do we recognize any agency’s representation of a candidate, from unsolicited third-party or agency submissions. If we receive unsolicited or speculative CVs, we reserve the right to contact and hire the candidate directly without any obligation to pay a recruitment fee.",https://www.linkedin.com/jobs/view/4376318094/?eBP=CwEAAAGd9I__cmpumB_INiqEjfaI4alKdjRUegfhOnrvZCpLKn332fp-b5d7GifzbBmz5FU20bJja-fUHHWDlS4dPW7rrOEI4xgD8pRKRVw-Gj_2LNfMW6NXDuIWmGD_K2HvKPPJC7ZCE7MRpQCajJaKkABjy2Drdu8LOGzgo3QJ86r_jUzj8Luskz8g3EvENr9GQ-fMqUnshDAgnCgYk4EnXg-KIzq4Tz7NLuvNW1NDDHvsUv_LXLePcERWqxNsP4s2EGuHp40rDMtGwgBPxV7s_L8JpPANshSa09dXHxYoCXlhX9wXmeuO0b7D5RVMHvGfl95DJUu5OzEUOHtpR7XUziywxQgqGefVmwaK1-pmHmZ-ZFA8zermTVDxUzWCEfvGPzS5wov5mZjDLE6TcUmd4bayzo-ZI-A07iXJuNl_Co0vJ6EorFfdV3DIKkrG6bEHngJKocFfH1EKH5EK2xardL1BdvkfaLXT5TcW-0LepYQ&refId=0u%2BuBWOwuebim%2FUpsRQpDQ%3D%3D&trackingId=MRt5uj0ONjKrTZow0mbFpQ%3D%3D&trk=flagship3_search_srp_jobs,Progammer,Indonesia,"['gcp', 'typescript', 'r', 'python', 'git', 'ios', 'aws', 'kubernetes']",8,2026-05-05T02:58:36.743309
4377511283,Data Engineer,MiTech,Jakarta Metropolitan Area (On-site),"About the job
This job is sourced from a job board. Learn More

Design, build, and maintain scalable data pipelines to support data integration, transformation, and analysis across multiple systems.
Develop and manage ETL (Extract, Transform, Load) processes to ensure data accuracy, consistency, and availability for business intelligence and analytics.
Work closely with cross-functional teams, including Data Analysts, Software Engineers, and Business Units, to understand data requirements and deliver reliable data solutions.
Optimize database performance and ensure data quality, governance, and security standards are met.
Create and maintain technical documentation, including data flow diagrams, architecture design, and process descriptions.
Support continuous improvement by implementing automation and adopting new data technologies or best practices.
For higher-level roles: provide technical leadership, mentor junior team members, and contribute to strategic planning of data architecture and analytics initiatives


Minimum Qualifications


Minimum education: Bachelor (S1) in any major, preferably in Information Technology, Computer Science, or related field.
Experience in data engineering or software development aligned with the position level Middle
Proficiency in at least one programming language such as SQL, Java, Python, or PHP.
Hands-on experience with ETL tools and data processing technologies such as ODI, Datastage, Talend, or Pentaho.
Strong knowledge of relational and non-relational databases, including Oracle, MySQL, PostgreSQL, MS SQL, DB2, BigQuery, or Big Data ecosystems.
Familiarity with data warehouse concepts, data modeling, and API/Web Service (SOAP/REST) integration.
Understanding of ISO 8583 and financial/banking data flow is a strong advantage.
Experience working in an Agile development environment and familiarity with Software Development Life Cycle (SDLC) best practices.
Strong analytical and problem-solving skills with the ability to translate business requirements into technical data solutions.
For senior levels: proven experience in leading data engineering initiatives, architecture design, and mentoring team members.
Experience or interest in AI/Gen AI or data automation tools is a plus.",https://www.linkedin.com/jobs/view/4377511283/?eBP=NOT_ELIGIBLE_FOR_CHARGING&refId=0u%2BuBWOwuebim%2FUpsRQpDQ%3D%3D&trackingId=0b8I43D8l1FaAOM9MdcrkQ%3D%3D&trk=flagship3_search_srp_jobs,Progammer,Indonesia,"['mysql', 'agile', 'java', 'r', 'python', 'php', 'sql', 'postgresql', 'scala']",9,2026-05-05T02:58:41.433809
4354376920,Site SQA Engineer/Technician,Valeo,"Batam, Riau Islands, Indonesia (On-site)","About the job

Projects P1 & P0 / P10 Responsibilities


Coordinate Supplier Quality activities of P1 & P0 / P10 projects and support the Project Buyer in the communication between the Project Team and the remote PG SQA Commodity engineers involved with the PQA task development and monitoring with external suppliers.
Raise to project team external components with roadblocks and action plan during Project QRQC 
Participate at least weekly to Project QRQC per platform
Assign PG commodity SQA engineer to participate to design review done before supplier nomination (project phase 1)
Participate to FDPR & know status of components (qualified or deviated) & perform pre-analyze with project team in case of external component issue 
Escalate to PG SQA Manager & Regional Quality Director & or PL Quality Director if SQA engineer responsible of component supported by his/her PG Region SQA Manager is not able to fix issue.",https://www.linkedin.com/jobs/view/4354376920/?eBP=CwEAAAGd9I__cmgxXBBK4VQzTtWvfOzXj60mMqrH3jhDzUwJFOmdH07_MY0vh6lCS5OgBJuo4vZy-NxGe0DSglWKS1f2lgZp9mGTJ18xdvllzhGEKGUTwtc8bTZrnp036rL66vUrFG-kZe5UBLDKGSCh9A-6yOobdhWa9_HpAC45jYaDOcqxElx-jLkXLzGMSrAKkpOcylrrJrab-cixESeQoo_3pCxFUEhlv080oeQDTBb86QJQ7sAS0Cgg77dyBM20BwOcNZ8SBC5rzRlmJbQsSkho119USB8oM6BzwpaPjKTeaPrsEXiLfAMbXNKbQQCwjz20Oi7f-J1Oh1ZLCSP8o_mfuKLV7-8bmdJKen3_7AA0kgC7aly9mwAWkAxCMxGAE-uE-yY8bVLT2pCDaym7lSo57MqZtbn2-0IbKY2d_n8CfckST1BtD_I81upjyiZc-trnt1n6csATqI1B_3wzF2C3RLxpo_6z_DzcBzJuJmV9JZslCv8&refId=0u%2BuBWOwuebim%2FUpsRQpDQ%3D%3D&trackingId=ZVnbXNReEDuZrzoqkjczlg%3D%3D&trk=flagship3_search_srp_jobs,Progammer,Indonesia,"['r', 'scala']",2,2026-05-05T02:58:46.099213
4394784223,IT Helpdesk Engineer (Mandarin Speaker),PT CBL Indonesia Investment,"South Jakarta, Jakarta, Indonesia (On-site)","About the job

主要职责：

诊断并修复系统、应用程序或网络问题，例如密码重置、连接问题或软件错误。
负责为办公室的计算机、操作系统（Windows）、软件和外围设备（打印机、扫描仪）问题提供直接支持。
负责对IT设备和公司云服务器的运行和维护进行日常监控、检查和技术支持。
负责办公室操作系统和IT相关设备的技术支持和故障排除。




具备要求：

1-3年IT服务台相关工作经验。
流利的中文、英语和印尼语，无论是口语和书面表达能力俱佳。
优秀的沟通和人际交往能力。
积极主动，对分配的任务高度负责。
能够在压力下工作并按时完成目标。
优秀的团队合作能力。
能够在紧急情况下于办公时间外提供帮助。",https://www.linkedin.com/jobs/view/4394784223/?eBP=CwEAAAGd9I__cqyMXX4mfhUBREWgZbUCAtYKahIzfobzoNN5mtDGElOfAO9tez7WMw4Yqn2WEXFjge2KQvaL7v0Dt5_T58VFW9tocXJwg8y_FJmxOw9isIR9O0vWrKTWw9voWKx4ju5FL257CZKeU0_ZSwnBW-jg5oxvsmExD99GlMoS8UHS61IPBM-a8myiub7sXq2-vV_W0m7dVXuYQXdwDBFj3eOjd14kRILtSHYU6Hqiw_Nfo3VdUSfy6V6jCnGUy3e_-g-kriyvFPy3852pomqP4u4kPTDs4YHfkIS3vIHUuQ2RlwtM1XZmO6DVkzMyTbIaQXhwmVn3r89zq2R9i681mzbtpQsjhp5hAUoNhPqO8DKXzNyW9dpppMbK-XD-LYajv2jlXB-eeu5ULVQoIAwnRPNL0vnJhIJzIz1o7gSHV2v2JuvCNojaMk6S4GMQNDfsKpV-bjbUgp0MuuW8Dr1fsfXrjegwk04EKL3qhm38k5h3OsA4CLiAHU3pWh7Dysofh2pm0w&refId=0u%2BuBWOwuebim%2FUpsRQpDQ%3D%3D&trackingId=uxSGifmRgjMeYPkHQpj2sg%3D%3D&trk=flagship3_search_srp_jobs,Progammer,Indonesia,[],0,2026-05-05T02:58:50.853682
4270070524,T&T Consultant - Cloud Security - ID,Deloitte,Jakarta Metropolitan Area (On-site),"About the job

Date: 8 Apr 2026

Service Line / Portfolios: Cyber

Location:

Jakarta, ID

Are you ready to unleash your potential?

At Deloitte, our purpose is to make an impact that matters for our clients, our people, and the communities we serve.

We believe we have a responsibility to be a force for good, and WorldImpact is our portfolio of initiatives focused on making a tangible impact on society’s biggest challenges and creating a better future. We strive to advise clients on how to deliver purpose-led growth and embed more equitable, inclusive as well as sustainable business practices.

Hence, we seek talented individuals driven to excel and innovate, working together to achieve our shared goals.

We are committed to creating positive work experiences that foster a culture of respect and inclusion, where diverse perspectives are celebrated, and everyone is recognised for their contributions.

Ready to unleash your potential with us? Join the winning team now!

Work you'll do:

As a Consultant in Cloud Security at Deloitte, you will be instrumental in evaluating client requirements and crafting bespoke cloud security solutions that bolster data protection, compliance, and risk management. We are seeking experienced Manager with a robust background in in cloud security implementation, focusing on building and securing landing zones, implementing cloud security solutions and integrating DevSecOps practices across multiple cloud service providers (CSPs) such as AWS, Azure, and Google Cloud.


 Design, Implement, and Optimize Secure Landing Zones: Lead the creation and enhancement of secure landing zones across multiple cloud service providers (CSPs) such as AWS, Azure, and Google Cloud for clients in Southeast Asia. 
 DevSecOps Pipelines: Architect and implement DevSecOps pipelines, integrating security controls into CI/CD processes to automate security and compliance testing. 
 Infrastructure as Code (IaC): Design and deploy infrastructure as code using tools like Terraform, AWS CloudFormation, and Azure Resource Manager (ARM) templates to automate cloud infrastructure provisioning and enforce security configurations. 
 High Availability Architectures: Implement multi-region and high availability architectures to meet performance, scalability, and disaster recovery requirements. 
 Security Configurations: Configure Web Application Firewalls (WAFs), DDoS protection (e.g., AWS Shield, Azure DDoS Protection), and network firewalls (e.g., AWS Network Firewall, Azure Firewall). 
 Access Control: Implement role-based access control (RBAC), least privilege principles, and multi-factor authentication (MFA) across cloud environments. 
 Cloud-Native Security Expertise: Provide subject matter expertise in cloud-native security technologies, including identity and access management (IAM), encryption, security monitoring, and vulnerability management. 
 Project Management and Leadership: Ensure the successful delivery of cloud security solutions through strong project management and leadership. 
 Business Development: Assist in business development efforts, including proposal creation and identifying opportunities to grow cloud security service offerings. 
 Client Relationships: Build and nurture positive working relationships with clients, aiming to exceed their expectations. 
 Engagement Profitability: Identify opportunities to improve engagement profitability. 
 Mentorship: Mentor and develop junior staff, promoting knowledge sharing and skills development within the team. 


Your role as a leader:

At Deloitte, we believe in the importance of empowering our people to be leaders at all levels. We expect our people to embrace and live our purpose and shared values, challenging themselves every day to identify issues that are most important to our clients, our people and the communities, and to make an impact that matters. Additionally, Consultants across our Firm are expected to:


 Actively seek out developmental opportunities for growth, act as strong brand ambassadors for the firm as well as share their knowledge and experience with others. 
 Understand the goals of our internal and external stakeholder to set personal priorities as well as align their teams’ work to achieve the objectives. 
 Constantly challenge themselves, collaborate with others to deliver on tasks and take accountability for the results. 
 Build productive relationships and communicate effectively in order to positively influence teams and other stakeholders. 
 Project integrity and confidence while motivating others through team collaboration as well as recognising individual strengths, differences, and contributions. 


Requirements:

If you are someone with:


 Bachelor's degree in information security, information systems management, computer science, engineering, or other related discipline. 
 5 years of experience in cloud security implementations across multiple CSPs (AWS, Azure, GCP). 
 Extensive hands-on experience in designing and implementing Security Landing Zones, cloud security architectures, and securing hybrid/multi-cloud environments. 
 Relevant certifications such as AWS Certified Security – Specialty, Microsoft Certified: Azure Security Engineer, Google Cloud Professional Cloud Security Engineer, or CISSP, CCSP are highly desirable. 
 Proven experience managing cloud security projects, including landing zone implementations and security automation. 
 Expertise in cloud-native security controls, including IAM, key management, network security, and security monitoring tools (e.g., AWS Security Hub, Azure Security Center). 
 Strong knowledge of compliance frameworks such as NIST,CSA CCM, and CIS Benchmarks and how to apply them to cloud security implementations. 
 Ability to travel 25-50%, on average, based on the work you do and the clients and industries/sectors you serve 
 Bachelor’s degree in Computer Science, Information Security, or a related field; Master’s degree preferred. 
 Limited immigration sponsorship may be available. 
 Excellent problem-solving skills and proven ability to lead a team of engineers. 
 Ability to optimally communicate and advocate key security requirements to senior stakeholders. 
 Strong critical-thinking and problem-solving skills with clear communication. 


Due to volume of applications, we regret only shortlisted candidates will be notified. 

Please note that Deloitte will never reach out to you directly via messaging platforms to offer you employment opportunities or request money or your personal information. Kindly apply for roles that you are interested via this official Deloitte website. 

Requisition ID: 109815

In Indonesia, the services are provided by Imelda & Rekan and other related entities in Indonesia (""Deloitte in Indonesia""), which are affiliates of Deloitte Southeast Asia Ltd. Deloitte Southeast Asia Ltd is a member firm of Deloitte Touche Tohmatsu Limited. Deloitte in Indonesia, which is within the Deloitte Network, is the entity that is providing this Website.",https://www.linkedin.com/jobs/view/4270070524/?eBP=CwEAAAGd9I__ckUBCp2b-ZWKbh7f94ms2Dx1uR0psG2RSN7KNhCCW2nrrG2Ijo70bvY_C7DHzkeUgEonvot2Gv-3U7wbqiCclbYiuqDSeSbDXEAyXGH26XFqyFBr7xdQ1GDiuT5AxHr6HwvZT4gcOp59gtlcrjLh3NA8_AHamfL-SYy-LSUweYqBY5Gp0WcUlt4LlwkLBLf_4qDZuLKtVJV0PCvyNANxJTOrnt29xjdQUb1tjMJHr5JRqdeklicZ-uG6lKpSSIhuqsgsXrCbMwZG9CX0_8ibVPOEahGZBHApdHMl-zBTbAX_TLGy2n3sWudNNo9eoPC2GUQmNAm6eQM4td6ikdcwOzCMTxJ0a2WJbwOvCuuvUTHGCxR7wtf1wRVy1d_yJjHa65wZB06iP5aqxi5zDU_KE7rhhLtpNohZHW7ZXMeYWFOwDXNWpS4qWgka8Py4gCA7-Gj2h_wjRJP1lv4-zhj921FMqkIi8YtSYXvwoJJC&refId=0u%2BuBWOwuebim%2FUpsRQpDQ%3D%3D&trackingId=%2BYdJBPgLnY4IGy9vCXUthQ%3D%3D&trk=flagship3_search_srp_jobs,Progammer,Indonesia,"['gcp', 'azure', 'r', 'ios', 'aws', 'scala']",6,2026-05-05T02:58:55.554168
4406257915,Application Developer Malang (.NET),PT Adicipta Inovasi Teknologi,"Malang, East Java, Indonesia (Hybrid)","About the job

Responsibilities

Developing and implementing web applications
Optimizing web applications
Write clean, testable and maintainable code
Perform unit and integration testing before launch
Conduct functional and non-functional testing




Qualifications

Bachelor’s Degree in Computer Science / Information System with GPA > 3,00
Have experience with ASP.NET, C# .NET, SQL Server is preferred
In-depth knowledge of programming for diverse operating systems and platforms using development tools
Excellent understanding of software design and programming principles
Strong passion on IT industry
Understand OOP Concepts is preferred
A team player with excellent communication skills
Self motivated and good attitude
Have curiosity to explore and learn new things
Fresh graduates and High School graduate are welcome to apply",https://www.linkedin.com/jobs/view/4406257915/?eBP=CwEAAAGd9I__cgHgFCAJGNbLdFhsk1wCKhc_VAF_v_5_SBLR89ATTjNUOc5HkJ_a4R9K55ZQIC57hSpKH0VkOLaQWyURmjukUQ5JNnLepiVRrCcOtd47oXLaUATVICNUjOOvTM0B94gj0Qa8Y6zFsTW9L_W2kxhzSdfH-UiJeNhgEkygwXoBi-23D8Dp74CkWzsEBBYLREsdFEUEXvml1ouPm010bjigWP4-8RSlGsBb6K-IZ3S7yv8-yG8IYlY9yTupy6hWilSeW9OE0vQfje_WA6FDHXr379vDKhczNpnVeCB32Zc7aUgMo2NGDCEIDx2lfVsH2GVAqVVAbYOCen9rw8buSxucV3BlEkV0efoNQG1FH8H6ly3izlpK-rgtzDSrexMwvKdZqDWPAS5EXKeMTQ7O5N8M7Sqal6ATLqpAPjhwDJ6Tqx-43v36LedT4U3IE2UzjUSR4kxLYW9pQeFUWU8nWv8-2Q&refId=0u%2BuBWOwuebim%2FUpsRQpDQ%3D%3D&trackingId=P0QL%2FaydkVjAWh64hlaxmw%3D%3D&trk=flagship3_search_srp_jobs,Progammer,Indonesia,"['c#', 'r', 'ios', 'sql']",4,2026-05-05T02:59:00.245908
3827698239,Back End Engineer (Marketplace Order Operations) - Sea Labs,Sea,"Jakarta, Indonesia (On-site)","About the job

About the Team:

About Sea Labs Indonesia

Sea Labs is at the core of the Sea platforms development, supporting diverse business lines from e-commerce, supply chain, games, payment and finance, among many others. The strong growth and unique positioning of Sea's e-commerce business, Shopee, spurred the launch of Sea Labs Indonesia. Since its inception, the group of passionate engineers have charted the course to drive the best experience for our users in Indonesia, many of which solutions are even adapted to other markets in the region.

Sea's hyper-growing business scale has transformed most ""innocent"" problems into huge technical challenges, and there is no better place to experience world-class projects first-hand if you love technologies as much as we do. Together with our passionate and driven teams, you'll get to develop your skills, build on industry knowledge and collaborate with global teams in a dynamic space. Browse our Sea Labs Indonesia team openings to see how you can make an impact with us.

About The Team

The Marketplace Order Operations team powers the critical order related features of Shopee as a platform through innovation and technology. In our pursuit to shape the way buyers and sellers connect with each other, we engineer scalable, reliable and extensible systems that evolve with the dynamic e-commerce landscape. As a Software Engineer in the team, you will collaborate with fellow Engineers and Product Managers to develop the return and refund and clearing and settlement systems, and tackle unique problems on a global scale.

Job Description:


Realizing business goals through implementing features to Shopee as a platform, including but not limited to return and refund, and clearing and settlement
Designing and building distributed systems optimized for performance, availability, and user experience
Writing high-quality, clean, and maintainable code and respecting engineering best practices (unit testing, source control, continuous integration, automation, design patterns, etc.)
Researching, proposing and executing projects to enhance system functionalities, development processes, and shared middlewares
Collaborating in a highly cross-functional environment with fellow Software Engineers, Product Managers, Quality Assurance Engineers, and Operation Engineers to deliver impact



Requirements:


Bachelor's or a higher degree in Computer Science or related fields
Relevant experience in backend server development
Familiar with commonly used languages, such as Golang / Python / C++ / Java
In-depth understanding of Data Structures and Algorithms, Networking, OS and other Computer Science fundamentals
Familiar with commonly used Databases, such as MySQL
Familiar with commonly used middlewares, such as Redis and Kafka
Familiar with Kubernetes (K8S) Microservice Architecture
Familiar with HTTP/TCP protocols
Familiar with XML/JSON/Protocol Buffers
Familiar with distributed systems, performance tuning, massive concurrency handling, and caching mechanisms",https://www.linkedin.com/jobs/view/3827698239/?eBP=CwEAAAGd9I__cq8VZivY3r8VjpvcR_mSWG0rd1x0pUOh5_UZrqs9PXqUjPCYWfkJeuo3pLLwcMsy6ucIwiF27Qnq6rTxhTaYArVNN0bDfuH5gFFhasn-5v0XWd3OCzAwMX2lFAPZSI2qos6JgfwRy5mVeDm56qw6P_dEX71_yxneJBn4yvUaJcyQKHEZXCtKCpb46nm8ZN6OYlzmGaBCNN5SoVgO90IcwUu26eVxqHKs9-uXIHunfXo-mVrXNfoOReEg7K4K7L7gcwAaTCo4eFMVrc-KaIPiFfzsrSMcUw53Qrig65mSRpda9xwElNxU6VLGweqgnHII45TSii1FeZUq_Yn730L1jGjVAPCUu-z2vnGnMBxUFbDXQgf-c_ERc9d-kBZNyf8vEZS40zBBodRuRwKm2mN7FUBJnXPRK0m-PNAruNIpA4KCb0xtvke8f8TDtBqtoLXVGiLYPH3BEhvr2-stVY5XLK_QFUHiXwCvcPJiSl0MS14&refId=0u%2BuBWOwuebim%2FUpsRQpDQ%3D%3D&trackingId=NkRFXIdoeBF4sHIlS7P9Iw%3D%3D&trk=flagship3_search_srp_jobs,Progammer,Indonesia,"['mysql', 'golang', 'java', 'r', 'python', 'redis', 'kafka', 'sql', 'scala', 'kubernetes', 'c++']",11,2026-05-05T02:59:05.000134
4407550532,1. Jr. Consultant Enterprise Architecture (EA),PT Imani Prima,"South Jakarta, Jakarta, Indonesia (On-site)","About the job

Your Name *

Your email *

Applied Position *-- Select Position --Software EngineerJr. Consultant Enterprise Architecture (EA)

Cover Letter *

Upload CV (PDF, Max 10MB) *",https://www.linkedin.com/jobs/view/4407550532/?eBP=NOT_ELIGIBLE_FOR_CHARGING&refId=0u%2BuBWOwuebim%2FUpsRQpDQ%3D%3D&trackingId=tkMGx7GQtch89RUEzJ7m9Q%3D%3D&trk=flagship3_search_srp_jobs,Progammer,Indonesia,['r'],1,2026-05-05T02:59:09.699412
4316620056,API Integration - Regional Seller Experience (Contract),Shopee,"Jakarta, Indonesia (On-site)","About the job

Job Description


Collect and analyze integration issues reported by retailers to identify common challenges and trends.
Build and maintain a consolidated, easily accessible knowledge base documenting FAQs, troubleshooting guides, and best practices.
Collaborate with product managers, local project managers, and technical teams to align on product solutions and resolve integration problems.
Implement solutions and troubleshoot issues effectively to ensure smooth API adoption by retailers.
Support the scaling process as the number of integrated retailers grows into the hundreds.
Facilitate communication channels (e.g., group chats) for real-time problem-solving and support.


Requirements


Bachelor’s degree or higher from a reputable university in a relevant field such as Computer Science, Information Technology, Data Science, or related disciplines.
Strong analytical thinking and data handling skills to effectively identify and solve API integration issues.
Ability to research technical problems and stay updated on industry best practices.
Excellent attention to detail to ensure quality in documentation and solutions.
Proven ability to coordinate and communicate clearly with cross-functional teams and external partners.
Proactive and self-driven attitude with the ability to work independently and manage multiple tasks.",https://www.linkedin.com/jobs/view/4316620056/?eBP=CwEAAAGd9I__cswmKr46x8BVxG8b_Ag1AnVH82WydaqpoBc5c3opgOmSMkGHnmLbGjulf5MEJ6jykO1pgh8nRfz-kDO9RF4voo_4ba492ScZsDV9wefQmre7hGLp0AvF-DekYvkav9JPbyWGAz4j3lf_eq2B5DsvycPPjQVe1Wk-Q2VZOfIDPQrLOAwB-lL2l7eahkb1gZ7-Gr9Q9Uh9jK1gvv70nNO5vlz0jYQNe07nP51t0Fk5g3guCu0b3m8LIng446c7qlVOu1hV8NHBxQ-uW8Gb_UkFd1XuUt2PnYrUt2hmOsygitXAiwx5qempsa_7kRlfTkyhHzbtuIVR63olzal3vzCBGVeKUCHoFrMGXLPTHetkk7d8PVGNWyxf-e3GA9Pm8D78NVx6jTaIgJI_KR-UZqMwq4p0Jib4CP9L6qCfNGA-ht_LRcQajebortTLehMfRGjWmniIE6HGcnE3dsyjSq5N_9oC6C6NDFY0V-Z9Fjvm&refId=0u%2BuBWOwuebim%2FUpsRQpDQ%3D%3D&trackingId=0atJ35aWwqmN4hkB9x15ew%3D%3D&trk=flagship3_search_srp_jobs,Progammer,Indonesia,['r'],1,2026-05-05T02:59:14.370386
4404287267,Programmer NTB Satu Data,DT Global,"East Nusa Tenggara, Indonesia (On-site)","About the job

Job Brief

Location: Nusa Tenggara Barat

Program Background

The SKALA Program is a significant Australian investment designed to help Indonesia address regional disparities in development. SKALA will contribute to this objective by strengthening selected elements of Indonesia’s large and complex decentralised government system responsible for the delivery of basic services (Layanan Dasar). The SKALA Program’s core approach is to facilitate better collaboration (Kolaborasi) between Indonesian government stakeholders, at national and subnational levels, to help realise synergies (Sinergi) that will trigger improved service delivery. Moreover, SKALA will build on, and take to scale, the successes and learning from Australia’s previous 19 years of support to Indonesia’s decentralised government system. The SKALA Program is to be implemented through the following three pillars:

Pillar 1: Stronger national level enabling environment for sub-national service delivery.

Pillar 2: Better sub-national governance for service delivery.

Pillar 3: Greater participation, representation and influence for women, people with disabilities and vulnerable groups.

SKALA is implemented at the national level with an office in Jakarta and at the subnational level with offices in Aceh, Nusa Tenggara Barat, Nusa Tenggara Timur, Maluku, Gorontalo, Kalimantan Utara, Tanah Papua. In addition to the 3 pillars, SKALA works across 4 general themes of Public Financial Management, Minimum Service Standards, Data and Analysis and GEDSI.

About DT Global Asia Pacific

At DT Global Asia Pacific, we aim to positively impact people’s lives through delivery excellence. As a leading implementing partner across Asia and the Pacific, we co-create locally led solutions in partnership with governments, communities, and stakeholders. We bring together talented teams and deep regional expertise to deliver initiatives that promote inclusive economic growth, essential services, and resilient, secure communities. With over 1,500 staff, experts in 22+ countries and more than 60 years of development experience, we tackle complex community, national and transnational challenges — from governance and justice systems to climate resilience, infrastructure and social equity — with innovative thinking and a commitment to long-term impact.

For more information, please see www.dt-global.com

The Role

The consultant will support SKALA and the West Nusa Tenggara Provincial Government in creating and/or developing Portal NTB Satu Data, Executive Dashboard, Application of Village Information System (SID) and other applications needed to support the Strengthening of Data and Information Governance in West Nusa Tenggara Province, including assisting in the integration process of various other supporting applications.

Click on the link or copy paste it to access the full Terms of Reference for this position:

TOR - Programmer NTB Satu Data

About You

Specific Responsibilities 


 Gather input for the development of the Portal NTB Satu Data, the executive dashboard, the Village Information System (SID) application, and other applications needed to strengthen regional one-data governance in NTB Province. 
 Assist the NTB Provincial Government in developing new features and displays for the Portal NTB Satu Data, including integrating various sectoral data platforms into the Portal NTB Satu Data. 
 Assist the NTB Provincial Government in building and developing the executive dashboard. 
 Assist the NTB Provincial Government in designing and developing the village information system (SID) application. 
 Assist the NTB Provincial Government in designing and developing new applications needed to support the strengthening of regional one-data governance. 
 Provide technical support in analyzing infrastructure needs for the implementation of the information system developed. 
 Facilitate capacity building for ASN and the SKALA Team on the use, maintenance, and modification of the information system according to local government needs. 
 Provide technical support to SKALA and the NTB Provincial Government during application testing, use, maintenance, and modification. 
 Develop guidelines or instruments to support the operation, use, and maintenance of the application. 
 Other tasks as requested by SKALA and the NTB Provincial Government include creating portal designs, front-end and back-end user interfaces, databases, user/admin profiles, and dashboards. 



Other Duties


 Comply with DFAT, DT Global and SKALA policies on gender, disability, fraud and anticorruption, child protection, PSEAH and the environment. 
 Ensure compliance and adherence to various operational policies, guidelines and manuals issued by DT Global and SKALA. 



Job Requirements


 Work environment involves only infrequent exposure to disagreeable elements and minor physical exertion and/or strain. 
 Work may require long, and flexible hours as needed. Travel is based on need. 



Deliverables


 Monthly Reports 
 Documented contributions to the development of features and displays for the NTB Satu Data Portal. 
 Documented contributions to the development of the Executive Dashboard. 
 Documented contributions to the development of the Village Information System Application. 
 Documented contributions to the creation of new applications required by the NTB Provincial Government. 
 Documented contributions to technical support in analyzing infrastructure requirements for the implementation of the developed information system. 
 Guidelines or instruments supporting the operation, utilization, and maintenance of the developed applications. 



Relationship Management

The role will be working closely with the Data and Analytics unit and Government counterparts, under close coordination and reporting to the Provincial Lead NTB. 

Selection Criteria

Essential


 Bachelor's degree in computer science, Information and Technology, or a related field with a minimum of 3 years of experience in software engineering and security systems. 
 Experience with Laravel, CKAN, MySQL databases, PostgreSQL, or other relational databases. 
 Familiar with API integrations 
 Experience with CI/CD or using automation for the deployment process. 
 Experience using cloud infrastructure such as AWS, Azure, or GCP. 
 Experience with unit testing. 
 Excellent skills and proven experience in open-source system programming (LINUX or UNIX). 
 Excellent interpersonal skills and written and verbal communication skills. 
 Excellent problem-solving skills and the ability to work both independently and as part of a team to achieve goals. 



How To Apply

Click the 'Apply Now' button.

Please submit


 Your CV
 A cover letter addressing the selection criteria



APPLICATIONS CLOSE 5 May 2026. Max 5 PM Jakarta.

Encouraging Applications From People With Disabilities

As part of our commitment to inclusion, we actively encourage applications from people with disabilities (PWDs). We are also committed to providing reasonable accommodation throughout the recruitment process and in the workplace to support the success and well-being of employees with disabilities. Candidates requiring any adjustments to participate equitably, may contact SKALA People & Culture unit at recruitment@skala.or.id and we will work with the candidate to find the right solution. This information is strictly confidential; used solely to strengthen our inclusive hiring efforts and ensure we provide any support needed. Your disclosure will not impact on recruitment decisions.

 Should this role be of interest, we encourage you to apply as soon as possible. Kindly note only shortlisted applicants will be contacted. 

DT Global is committed to child protection and safeguarding the welfare of children in the delivery of our international development programs. We are committed to Safety and the Prevention of Sexual Abuse and Harassment (PSEAH), and bribery prevention. DT Global is an equal opportunity employer and we encourage women, men, people with diverse backgrounds and people living with disabilities to apply. This program is funded by the Australian Government and Managed by DT Global.",https://www.linkedin.com/jobs/view/4404287267/?eBP=CwEAAAGd9I__crLCHK7CnItI9IodKKzMGmUs8EX0KWE6WqfkrOH6JfF4xCwTxLKN_00O0eLi49w5sQzY2IcaU9E6sNn5_aNXqTfzPVe9sMNE3YQ1lQkTgs6OmTNCKE4OHr6OuFcURI5c84OSscqDpWKHjcVsVGdZlFjW3I0YHyBfy1O0-2DE2vc9Ae92sdQSrOy09_2jCLF1yy-Q_8ZfgJuBLJIUWPkrfq0v-Ybncz4LeRbrmx_BQEDdrpN5_HAMnmGgE5JY9L69XaA9oj84PtE3QAyX-1mUpFJhfa3Eh4LG7FAcy9EvXbeYs5t1i7XOa9d6_tEx0Ww2U8RtdUq0oa1purFDtuOeYSB1RxWAhUqYfzWQZ8aN-8rAltK_gu58eH6HrzSkTwYyD4OYyuzDIzLuwtnGk78Heds6_o5_tr8TFh0nyprn2IF3jwsR-DsukvRj--cMjX4_kjfgaW7YuCfX95QYOmNCfikYnMVtOYgHAsV4PQ&refId=0u%2BuBWOwuebim%2FUpsRQpDQ%3D%3D&trackingId=h5PksLRCWJF82kxYHiImpA%3D%3D&trk=flagship3_search_srp_jobs,Progammer,Indonesia,"['gcp', 'mysql', 'linux', 'azure', 'r', 'aws', 'sql', 'postgresql']",8,2026-05-05T02:59:19.104192
4408346650,Ai Trainer/Data Annotator - Remote,YO IT Consulting,"Jakarta, Jakarta, Indonesia (Remote)","About the job

Job Title: AI Evaluation Specialist

Job Type: Contractor

Location: Remote

Job Summary

As a AI Evaluation Specialist, you'll apply your expertise to help train next-generation AI systems. Your work will shape how models learn, reason, and perform through high-quality, real-world input. No prior experience in AI is required — your domain knowledge is what matters.

Key Responsibilities


Review and critically assess AI-generated outputs for quality, clarity, usability, and overall user experience.
Identify inconsistencies, weaknesses, and improvement opportunities across diverse content types and visual experiences.
Apply structured evaluation guidelines and provide insightful, nuanced feedback to inform model improvements.
Collaborate with cross-functional teams to define and refine quality standards, scoring criteria, and review processes.
Maintain high accuracy and consistency across evaluations, ensuring reliable and actionable results.
Contribute to the continuous enhancement of evaluation workflows and best practices.
Support the development of training data that enhances AI system performance and reliability.


Required Skills And Qualifications


Exceptional reading comprehension and acute attention to detail.
Strong observational skills with excellent aesthetic or editorial judgment.
Ability to think critically and deliver consistent, high-quality evaluations in ambiguous scenarios.
Excellent written and verbal communication skills.
Comfort working across various content types and evaluation guidelines.
Strong sense of ownership, reliability, and commitment to delivering high-quality work for the customer's team.
Open-minded approach to learning and quickly adapting to new workflows.


Preferred Qualifications


Background in design, UX/UI, creative direction, editing, or content strategy.
Experience reviewing creative, visual, or AI-generated content.
Familiarity with annotation, QA, moderation, or evaluation workflows, as well as working with AI tools or LLMs.


We’re seeking highly perceptive and detail-oriented trainers passionate about shaping the future of AI. Bring your refined judgment, critical thinking skills, and commitment to excellence to our customer's team and make a meaningful impact on emerging AI technologies.",https://www.linkedin.com/jobs/view/4408346650/?eBP=NOT_ELIGIBLE_FOR_CHARGING&refId=0u%2BuBWOwuebim%2FUpsRQpDQ%3D%3D&trackingId=m7jqMg4moyjjxd0pisdnzw%3D%3D&trk=flagship3_search_srp_jobs,Progammer,Indonesia,"['r', 'ios']",2,2026-05-05T02:59:23.787864
4406919455,National Technical Expert – Onsite Mining Engineering (Deswik / Sandvik),Deswik,"Tembagapura, Papua, Indonesia (On-site)","About the job

Use your site-based mining experience and Deswik software expertise to support Freeport Indonesia on site. Represent Deswik through their parent company, Sandvik, delivering practical consulting, training, and technical support where it matters most.




Site-based Mining Engineer with strong Deswik software experience
FIFO role at Freeport Indonesia – 6 weeks on / 1 week off (dayshift)
Bahasa Indonesia & English required




Why This Role Exists




This role sits at the point where mine planning systems meet real production pressure. As the onsite National Technical Expert at Freeport, you’ll help engineers, planners, and super-users get consistent value from Deswik software.




You won’t be selling ideas from a distance. You’ll be embedded on site, trusted by the customer, and backed by Deswik’s global engineering and product teams.




What You’ll Be Responsible For

Onsite Technical Support 




Be the first point of contact for Deswik software users at site - supporting issue resolution, guiding best practice use, and escalating through formal Deswik support processes when needed.




Consulting & System Improvement




Apply your mining engineering experience (underground, particularly block-caving) to review workflows, analyse system configurations, and recommend improvements aligned to Freeport’s operational needs.




Training That Sticks




Deliver structured and over‑the‑shoulder training in Bahasa Indonesia and English - classroom, office, and underground - supporting the development of site Subject Matter Experts (SMEs) and super users.




Product & Software Engagement




Work closely with Deswik product, software, and support teams to reproduce issues, test new functionality, and provide practical feedback grounded in site reality.




Project & Change Support




Contribute to improvement projects, rollout activities, and change initiatives - supporting scope definition, delivery, and adoption onsite.




Minimum Requirements




Bachelor's degree in mining engineering (or equivalent)
3+ years’ experience in site-based mining engineering roles
Practical experience with Deswik software and related planning tools
Significant experience in underground metals, specifically block caving operations
Strong communication skills in Bahasa Indonesia and English
Ability to work effectively on a FIFO roster in a site environment
Indonesian Citizenship




What You’ll Get




A long-term onsite role at one of the world’s most complex mining operations
Direct connection to Deswik’s global network of mining engineers and software specialists
Competitive site-based remuneration
Real influence on how mining software is used, improved, and adopted
A culture that values technical credibility, autonomy, and practical outcomes




About Deswik (A Sandvik Company)




Deswik delivers integrated mine planning software and consulting across the full mining value chain. Our team of mining engineers, software developers, and technical specialists works side by side with customers to solve real operational problems - on site and at scale.




With a growing presence in Indonesia and globally, Deswik combines local knowledge with global capability to support complex mining operations.




About Sandvik 




We conduct business in a sustainable and responsible manner. To achieve this, we always act in line with our high ethical standards. Putting safety first and always showing consideration for the environment and the communities in which we operate. Finally, we care about others and build relationships based on honesty, respect and trust.




At Sandvik, we recognize that we are strengthened by diversity. We are committed to providing a work environment in which everyone is included, treated fairly and with respect.




Ready to Apply?




If you’re a Mining Engineer who enjoys working on site, solving practical problems, and helping others get the best from technology, we’d like to hear from you.




Submit your application, CV and Cover Letter today. When applying in our system, please make sure to also attach your cover letter when asked to upload your CV. Only candidates suitable for this position will be processed.",https://www.linkedin.com/jobs/view/4406919455/?eBP=CwEAAAGd9I__c9jFLLMJ-PbVEVORNe2aIB94nmgvMofv9IE_14MrV-Typ-lTyKj8cq2u6uj37ISNGac7zP_aPgeUl3miaS4peG4tjB0Na0lhL5LyMuqTnb7tTZ_GH_5seTFNkUuRl-NpvpXeZ4NgScK5oiwsKsn38Vn84XxZmTHonQsKLkkyzFM0QL72juQpivDJ9jmRZzdVSCRMgBKEG4eeeIfR01a1itJbGhP-KnBcyGVydGBRZIhrMEklZXJnzywmfH0k7neit6ttMXJmUQ8gOI_3x9zGgz4ojHIWphrAIjAUClO8PI990wLladUtX46cpBgG3DGXoXs8IpdvmMTOwffR-PibbWUiTJ34bXwZdjcX46IxSOfdx_jQcbPXf3Vqw6I_9mjez6rvCNA1Y_LMi2iD6yqpVXQrtYFyYyQ3IjigawOOB_vutktZxv8H2nCgHkbXgSUw&refId=0u%2BuBWOwuebim%2FUpsRQpDQ%3D%3D&trackingId=1GqFxRkLVeJQoMjDW6Sn1w%3D%3D&trk=flagship3_search_srp_jobs,Progammer,Indonesia,"['rust', 'r', 'scala']",3,2026-05-05T02:59:28.515257
4376059178,Backend Engineer - Golang (SDE 1),Kredivo Group,Jakarta Metropolitan Area (On-site),"About the job

About The Job

What you will really be doing as Backend Engineer in our Engineering team:


Design and implement product features and functionality for various Kredivo sites and services
Work with the Product, Business, and Sales teams to gather and understand requirements and deliver scalable solutions
Write high quality, maintainable code
Own parts of the system and continuously work to improve them in an agile environment.
Benchmarking, load testing, diagnosing problems and helping create solutions
Research and implement modern frameworks and technologies for back-end systems
Participate in design discussions, reviews and propose/implement solutions to technical problems and challenge


About You


B.S, M.S, and/or PhD in Computer Science or equivalent
1-3 years of working experience in the Software industry
Well versed with Object Oriented Programming concepts
Strong understanding of Data Structures, Algorithms, and Computer Science fundamentals
Strong logical and innovative thinking, troubleshooting skills and diagnostic intuition, able to assess the business needs and reflect the value into the product design
Experience working on one of follow programming language: Go, NodeJS, Go or C++
Good understanding of microservices architecture
Proficient in HTTP, Web Services, OAuth and Restful APIs
Familiar with Linux environment
Experience working with cloud based systems and infrastructure services such as AWS, GCP, etc is a plus
Good Communication skills
Ability to work well in a team with a positive attitude & Strong attention to details",https://www.linkedin.com/jobs/view/4376059178/?eBP=CwEAAAGd9I__c1gj2lS50Zan8G4BS_HUwGRNtPqa-FXlTMcyH7wUpwstu0iaQBAIm6uFqU-VZrlX78Q2_PHxDYhCZ7q2qWzDKGfcj2ZIbdJzUfL3PguH3_-KTi7soUJCoN6ImchTvy-HWFRudszDYS8fD5gAzxGsXCUM0Yc793N5dfg43Gkax7xQSfINZXdgftQ50qgML66n19n3AVrOaXOhDpOwS6VwmBa6nqps7sXyn_y64Ci72mrkwcS-l21neJHCsFXctrNKDjtT0FnLYv6r8QGB7qfnZ-XDddE7U-V9NYJKRKrNHWKFa9WY121DU_k-5P3bwmLBkLPp1t5AIb6dO58inXAFnXuVmwGn1mUa7ovfzqDrSydPJ0CmfTqZdSYZwpQjLmjWlHlWNTeRSLzruxGR_XYIWHXwo3Nhan0uTDhv0YK1wnhhKNF_3BtmnFDvUy8JgvyvLdzpAJMA53Y&refId=0u%2BuBWOwuebim%2FUpsRQpDQ%3D%3D&trackingId=QwX1RWTxuewT5EbhIZRa3Q%3D%3D&trk=flagship3_search_srp_jobs,Progammer,Indonesia,"['gcp', 'linux', 'agile', 'r', 'aws', 'scala', 'c++']",7,2026-05-05T02:59:33.198493
4358163518,Android Engineer,Cermati.com,"Jakarta, Jakarta, Indonesia (On-site)","About the job

Job Description


Work side-by-side in a high performance team by occasionally participating in the requirement / specification


phase and help to design solutions of a problem or system implementation in Android.


Carry the execution of a small - large size project that is given by PM / Lead Software Engineer according to its


product domain.


Contribute in building various mobile app features, screens, enhancing functionalities, bug-fixing required to serve


Indodana massive user-base.


Write clean, readable, and testable code within a reasonable timeline.
Code review each other's code and learn the software engineering best practices.
This is a full time job and not an internship position.


Qualifications


A formal degree in Computer Science is preferred, but candidates with demonstrable skills and experience are


equally valued


Strong problem solving & software engineering coding skills preferably, but not limited to, Kotlin and Java
Experience in Android Native. Having developed an Android app from scratch to publication is a big plus.
Experience in version control (Git) and familiarity with development collaboration tools (GitHub).
High level understanding on how the internet works (HTTP, Server-client interaction, DNS etc).
Passionate in building products, using technology to solve complex & real world problems.
Curiosity to explore creative solutions and try new things to solve challenging problems to pull it all together into a workable solution",https://www.linkedin.com/jobs/view/4358163518/?eBP=NOT_ELIGIBLE_FOR_CHARGING&refId=0u%2BuBWOwuebim%2FUpsRQpDQ%3D%3D&trackingId=RG18TT9khjzaLip3bFwQOw%3D%3D&trk=flagship3_search_srp_jobs,Progammer,Indonesia,"['java', 'r', 'git', 'kotlin', 'ios', 'android']",6,2026-05-05T02:59:37.893866
4385022353,Mobile Application and IOT Operation Support,ALVA,"Kota Tangerang Selatan, Banten, Indonesia (On-site)","About the job

Ensure the My ALVA app runs smoothly and deliver a reliable user experience across the mobile platform
Provide day-to-day support for B2B clients, including fleet operators and business partners
Monitor and analyze IoT telemetry data to perform initial diagnostics and prevent issue escalation
Collect, analyze, and translate user feedback into actionable insights for product improvement
Collaborate with internal teams to continuously enhance system performance and user experience
Support the development and improvement of internal AI tools to enable faster and more automated issue resolution",https://www.linkedin.com/jobs/view/4385022353/?eBP=NOT_ELIGIBLE_FOR_CHARGING&refId=0u%2BuBWOwuebim%2FUpsRQpDQ%3D%3D&trackingId=yTOh4u6aONLoOAbsVZCNyA%3D%3D&trk=flagship3_search_srp_jobs,Progammer,Indonesia,"['r', 'scala']",2,2026-05-05T02:59:42.570632
4408701653,Audio Quality Reviewer,Alignerr,Indonesia (Remote),"About the job

Audio Quality Reviewer (AI Training)

About The Role

What if your sharp ears could help shape the way AI understands and processes sound? We're looking for Audio Quality Reviewers to evaluate audio recordings and provide the kind of detailed, human feedback that machines simply can't replicate on their own.

This is a fully remote, flexible contract role open to anyone with a good ear, strong attention to detail, and a reliable pair of headphones. No audio engineering background required.


Organization: Alignerr
Type: Hourly Contract
Location: Remote
Commitment: 10–40 hours/week


What You'll Do


Listen to audio recordings and evaluate them for clarity, accuracy, and overall quality
Identify issues such as background noise, distortion, mispronunciations, or unnatural phrasing
Verify that transcriptions accurately match spoken audio content
Rate recordings using structured evaluation criteria and provide clear, actionable feedback
Work through batches of audio independently, at your own pace and on your own schedule


Who You Are


A sharp listener with the ability to detect subtle differences in audio quality
Detail-oriented and consistent — you apply the same high standard across every review
Comfortable working with audio playback tools and digital interfaces
Self-motivated and reliable when working independently
In possession of a working pair of headphones or earbuds
No audio engineering or professional audio experience required


Nice to Have


Experience in transcription, voice-over, podcast production, or music
Familiarity with audio quality standards or evaluation workflows
Background in quality assurance, content review, or data annotation


Why Join Us


Work on cutting-edge AI audio projects alongside leading research labs
Fully remote and flexible — work whenever and wherever suits you
Freelance autonomy with meaningful, structured task-based work
Contribute to AI development that shapes how technology hears and understands the world
Potential for ongoing work and contract extension as new projects launch",https://www.linkedin.com/jobs/view/4408701653/?eBP=NOT_ELIGIBLE_FOR_CHARGING&refId=0u%2BuBWOwuebim%2FUpsRQpDQ%3D%3D&trackingId=z3oKnFiMvIrKI4XzVddRnw%3D%3D&trk=flagship3_search_srp_jobs,Progammer,Indonesia,"['r', 'git']",2,2026-05-05T02:59:47.268288
4402242431,Salesforce Developer,Hyundai Autoever Indonesia,"Jakarta, Indonesia (On-site)","About the job

PURPOSE OF POSITION:

Responsible of Salesforce Sales Cloud & Partner Community module, develop and configure required function, technical support for any issue and help for users who use Salesforce such as Hyundai internal departments and dealers. Working closely with our customers to deliver, maintain, troubleshoot and enhance Salesforce functionality.




JOB REQUIREMENTS:

Has Experience in integrating other systems to Salesforce using Web Service, REST API
Knowledge of Salesforce Platform applications from AppExchange partners, including Salesforce CRM, Sales Cloud, and Partner Community. Knowledge of Service Cloud & Marketing Cloud is a plus.
Able to do configuration and customization for Sales Cloud & Partner Community
Deep technical knowledge of development on the Salesforce platform including, but not limited to: Workflow Rules, Data Loader, Process Builders, Flows, Formula Fields, Triggers.
Greet understanding of the limitations of declarative development and when to use Apex code.
Deep understanding of lightning Web Components.
Has strong sense of business flow and able to purpose best practice.
Able to work collaboratively with a fast-paced software development team and business stakeholders to continuously deliver value to the business.
Willingness and flexibility to learn Salesforce new updates, new technologies and adapt to different requirements or roles as the situation demands.
Discipline, fast learner and willing to work in a dynamic environment.
Strong customer focus and management of client expectations.
Contribute significantly to company growth.
High costumer orientation and high-quality awareness.
Highly motivated, highly initiative, high curiosity, and self-driven.
Excellent Analytical and troubleshooting skill including excellent analytical and logical thinking.
Fluent in English (written & verbal), strong written and verbal communication skills in both English and Bahasa.
Knowledge in Automotive Industry is a plus.




JOB RESPONSIBILITY:

Build new development and improve Salesforce org.
Doing integration between Salesforce with other systems if needed.
Build API for doing integration.
Giving best practice for development.
Handling any error related with Salesforce that can be occurred.
Coordinate with key user and other team.




EXPERIENCE:

Min. 4 years of Salesforce development experience, especially Sales Cloud & Partner community module.




CERTIFICATIONS (optional/preffered): 

salesforce Administrator & Salesforce Sales Cloud Consultant",https://www.linkedin.com/jobs/view/4402242431/?eBP=CwEAAAGd9I__c9HTqZVLiowK8YVhDHXXbRJaXvYKzbmHPwnbT3MFY0GhNPaJV2r7QBrBsjsfoUB8_IdVZg4AM6hTWPKYhE_oWqKz9iEmirsR2czB5yI__f9ci-JvoFRwTxyco57hbnB4-5BrggGbxXS_rSEnDhmk897E9b2i92B7-I-yWCstoZx8KIKSMQlXbDYJh4Hd61AWGvK7jiCrXQX4eB_uolsC_KYsV-2N685rzfkAoGfFhU3ECXMYUq-_Ov4DwmE6hGWdfZaUnD8fBjLltkl5cIRloeAW4cIjIUMi4kM5U8dWHJk5XwuYX0U_zdiNXjTLMFWlE56E-boP6hWgmBd7JHTJvOoEUA_Fzo8n4tBQIOd6Pe9QUSpxYf_oBhUyEggvyBx_VxwY8NN-GqEfzjDtjdsPWuvj6D97tcaFcrOcxXxA1avmogBNCajeRicFHHZabTH-o-Lbm9gxWLWX1prU1IaKhv_rPVkORlwvVIrxW_eD35s&refId=0u%2BuBWOwuebim%2FUpsRQpDQ%3D%3D&trackingId=8DPsRwsZcpSCN2sE3TlWYQ%3D%3D&trk=flagship3_search_srp_jobs,Progammer,Indonesia,"['r', 'ios']",2,2026-05-05T02:59:51.977919
4408905486,Oracle Retail Cloud Techno Functional Consultant,Tata Consultancy Services,"Jakarta, Indonesia (On-site)","About the job

About TCS:

A purpose-led organization that is building a meaningful future through innovation, technology, and collective knowledge. We're #BuildingOnBelief.




Tata Consultancy Services (TCS) is a global leader in IT services, digital and business solutions that partners with its clients to simplify, strengthen and transform their businesses. TCS offers a consulting-led, integrated portfolio of IT, BPS, infrastructure, engineering and assurance services. We ensure the highest levels of certainty and satisfaction through a deep-set commitment to our clients, comprehensive industry expertise and a global network of innovation and delivery centers. For more information, visit us at www.tcs.com.




Job Description:

MFPCS (Merchandising Financial Planning Cloud Service) experience
Functional Knowledge in Oracle Retail Planning modules (MFP, AP, etc.)
SQL 
Unix
MFCS, Pricing, ReIM, ReSA (Cloud Experience)
Product Implementation Experience
Production Support Experience
Performance tuning techniques for SQL
Oracle Cloud Infrastructure (OCI)
Prepare Functional and Technical designs in Oracle Retail Products
SQL, Unix code analysis in Oracle Retail products
Understanding of batch programs and interfaces in Oracle Retail Products
Handle customer interactions as SPOC",https://www.linkedin.com/jobs/view/4408905486/?eBP=CwEAAAGd9I__czYRqN3ZvV6ppp30zNU2NE-mUJ1Z11qgCoUfoWdt4FhO8Nzo8HcWFPN7rN1pOGaAjoW8_j7UFNrkKy_MeBnKRq-ClTXcTwSrdSFY16UTo3eVzdUsPmJmus6r7spwUls29DpcKY_PnuMPWco1a6SXdzXga4lncDV4Y2N8GAJMWo_jqqTK1LPVyk4I1BCTflVhk0DDZ9agjDuInTX4bsRhgTOoqsnTH1MQA6v22yzbR8qzUG8a2dv7kHpGMLs3Kh-_JNk-EmNoMeomEPDQaw3BMl-nwUovytfxiqHdqfBw084EJVnaOHfRTUcJfz-IcEnkKk_9qt9_eRCrnEnVUyrjs963qDpeW2W3QozRJbOLpsHGK1qHMwH1Nqtctm0xAqyXgEhLi_hTsh2uot3a26KIrpICqZRkWkfLbaJzemrcThlZpDidr1fQ8ZzE9sOkPwnEvy4W2P0WeyULBVWGEMfaCb4pjGdIUodv_9sieS0Z&refId=0u%2BuBWOwuebim%2FUpsRQpDQ%3D%3D&trackingId=0isMwjjCqxDkQOMNMcH%2Fkw%3D%3D&trk=flagship3_search_srp_jobs,Progammer,Indonesia,"['r', 'git', 'sql']",3,2026-05-05T02:59:56.683397
4384032350,Senior Full Stack Engineer - (Audio & Interaction) | AI Lab,The Economist,"West Java, Indonesia (Hybrid)","About the job

Who We Are

We are an organisation that exists to drive progress. That's the “red thread” that connects everyone at The Economist Group (TEG). Our businesses share a devotion to innovation, independence and rigour in their fields of expertise. We empower people to understand and tackle the critical challenges and changes facing the world. Our analytical rigour, global expertise and evidence-based insights enable individuals and organisations to make sense of these shifts and chart a course through them.

We deliver analysis and insights in many formats to subscribers and businesses in 170 countries through our three businesses, The Economist, Economist Enterprise and Economist Education, which uphold our global reputation for excellence and integrity.

We are launching a new AI Lab—a small, fast-moving innovation unit focused on reimagining The Economist’s journalism for an AI-driven world. This role will be central to prototyping and shipping early experiences that bring AI models into user-facing tools, particularly via web and mobile interfaces.

You’ll ship products from zero-to-one and see your ideas directly influence how millions of readers interact with our journalism. If you enjoy working close to design, iterating fast, and building novel interactions across text, voice, and visuals, we’d love to hear from you. You'll be one of the first three engineers in a dedicated lab, working alongside the Tech Lead, Design Lead and Product Lead. You’ll be part of a globally distributed team working closely with colleagues in the UK and Europe.

Role Base Location - Indonesia or India

What You’ll Do


Build interactive prototypes that surface LLM capabilities in mobile and web environments (e.g. chat + audio agents / interfaces). These are often high-fidelity, code-based prototypes intended for user testing and internal demos, with a path to becoming V1 features.
Implement voice interaction flows in mobile and web
Work closely with the Design Lead to explore new interaction paradigms and integrate Figma flows into working prototypes
Integrate LLM outputs, voice services, and backend logic into frontend experiences—collaborating with the wider engineering team on AI infrastructure.
Contribute to frontend components and frameworks (React/Next.js, Tailwind, etc.) to streamline iteration across projects
Comfortable collaborating with Python-based AI infra and APIs (e.g. FastAPI backends, LangChain-like pipelines).
Able to run/test Python scripts (e.g. model calls, audio processing, etc.).
Ideally able to contribute some Python components if needed (like wiring up STT/TTS calls, or tweaking endpoints for a demo).
Comfortable collaborating across time zones and async workflows


Specific Skills And Expertise


5+ years of experience in frontend or full-stack development with a strong UX instinct
Fluency in React and modern JavaScript/TypeScript (ideally with Next.js)
Strong working knowledge of browser audio APIs and libraries for voice interaction (e.g. Web Speech API, MediaRecorder, Web Audio, or integrations with ElevenLabs/HeyGen/VibeVoice)
Familiarity with mobile-first design, responsive layouts, and rapid prototyping
Comfortable working across frontend/backend boundaries (e.g., creating lightweight API routes or integrating with LLM endpoints)
Experience working closely with product and design to prototype ideas and iterate on feedback
Strong communication skills and a collaborative, curiosity-driven attitude


Strong candidates might also have


Swift/ iOS experience
Experience working in R&D labs, design-led startups, or other experimental environments
Exposure to conversational UI, voice agents, or multimodal interfaces
Familiarity with design tools like Figma, Miro, or ProtoPie
Experience integrating STT/TTS services like Whisper, ElevenLabs, Azure Speech, etc.
Interest in journalism, editorial products, or designing with tone and clarity in mind
Enthusiasm for emerging GenAI capabilities and the role they could play in everyday tools
Experience writing Python for scripting or integrating AI APIs (e.g. TTS/STT, OpenAI, Whisper, ElevenLabs)


More About The Economist AI Lab

We believe AI will fundamentally change both our business and the world around us, making our mission more vital than ever. While we already use AI across The Economist Group, we think the changes to come in the next few years could be even more far-reaching.

This is why we are launching the Economist AI Lab–to reimagine Economist journalism for an AI-driven world. It is a deliberately ambitious project, exploring new ideas and possibilities beyond our existing AI initiatives and engineering roadmap.

A small, dedicated team, the AI Lab will serve as an innovation engine for The Economist –investigating bold new ideas that will shape how we serve our global audience in the future.

Working Arrangements

The majority of our roles operate on a hybrid working pattern, with 3+ days office attendance required.

AI usage for your application

We are an innovative organisation that encourages the use of technology. We recognise that candidates may utilise AI tools to support with their job application process. However, it is essential that all information you provide truthfully and accurately reflects your own experience, skills, and qualifications.

What We Offer

Our benefits package is designed to support your wellbeing, growth, and work-life balance. It includes a highly competitive pension or 401(k) plan, private health insurance, and 24/7 access to counselling and wellbeing resources through our Employee Assistance Program.

We also offer a range of lifestyle benefits, including our Work From Anywhere program, which allows you to work from any location where you have the legal right to do so for up to 25 days per year. In addition, we provide generous annual and parental leave, as well as dedicated days off for volunteering and even for moving home.

You will also be given free access to all The Economist content, including an online subscription, our range of apps, podcasts and more.",https://www.linkedin.com/jobs/view/4384032350/?eBP=CwEAAAGd9I__c7X-7txbKPK1dkyLsG4F7q9GPfbVNhNNatBEkKWmWPx2sLyTnblJfIyM4H5D_ESBuYFA4DTf1oqoTO_1u-atuq9J6tQzmySpFOVwk4UbfrqqM61pQ52L6EonrYLOrln_iv-fO9zHSizYlBeP1aSV-u6-D5XMmimOKxi8hrKozV6Hv79k6XH_M89vJf5to18hFpNIvZrNuBMtxx0T5rajKARJ-o5c0tPor4-o9I5cBnfIkxhfkAwlaXIHLy3I3wokhvl6QnqZ8fIHNJYSFXfeYu7rd5_Xa_yMHbi0N8fTdobGauDU11ZucLpo6BIizO070WjLBWCw1dxlgo-MXOWvrl9A8Yztn1oVIHT0ihTfC7rVyhAnBvww8plSspdwe7e2l0anZRV7XgBNblNN-sYQwnm14ldh0DZABzmIfcZNFzzMGfpqXWZhSD1qWDAX3rJtdRy993rcbVtn1GjaNYu8yyGEIntxMds1oT72aeTPXcchqw&refId=0u%2BuBWOwuebim%2FUpsRQpDQ%3D%3D&trackingId=juLazyRCFcKlyEb8Nv48zA%3D%3D&trk=flagship3_search_srp_jobs,Progammer,Indonesia,"['react', 'swift', 'azure', 'typescript', 'java', 'r', 'python', 'javascript', 'ios', 'fastapi']",10,2026-05-05T03:00:01.413836
4404993186,Level Designer,Tripledot Studios,"Jakarta, Jakarta, Indonesia (Hybrid)","About the job

Who are we?

Tripledot Studios is one of the largest independent mobile games companies in the world.

We are a multi-award-winning organisation, with a global 2,500+ strong team across 12 studios.

Our expanded portfolio includes some of the biggest titles in mobile gaming, collectively reaching top chart positions around the world and engaging over 25 million daily active users.

Tripledot’s guiding principle is that when people love what they do, what they do will be loved by others.

We’re building a company we’re proud of. One filled with driven, incredibly smart and detail-orientated people, who LOVE making games.

Our ambition is to be the most successful games company in the world, and we’re just getting started.

About The Role

You'll join the team to design and build levels for the core game and live ops content, contributing to a content roadmap that supports the game's growth at scale.

Responsibilities


Design and implement levels for core gameplay and live ops features
Collaborate with the design and production team to hit content milestones
Iterate on levels based on player data and feedback
Contribute to building a long-term content pipeline


Requirements


1–2 years experience in game design, especially Level Design, is preferred
Experience with word games is a strong advantage
Strong interest in mobile puzzle games
Familiarity with Unity engine is a plus
Self-sufficient and able to work to deadlines in a hybrid environment",https://www.linkedin.com/jobs/view/4404993186/?eBP=CwEAAAGd9I__c1RaJ5su3sRp144oF6pXqqEtOSSDelood4UaPbFrCRzAkEKy_zn7pI5rcA8IITfsgdW1GzHfBSCqvZItz02KrgV3lODN2sM_g6Z_SFDHWVQwTjlzqP4pLGbFdwWQ4GxgesETXsumgJ3hdQirrjnSieZtGCKQBIetrzaALkmVjSUepBcZyNE1l1UFlr8qqiXrD9NOO_SXFcPuJZjywD0W7HsctUJWeMfr3NxONtNimYJY_CcyxAAGyS-phqbGKyTCc0ExR2cNx2M565vq6YdhV33ODKmKU2GUe_shQ-PM7xIPFJMv_DSX3MYvBWBD8rwevY4VkniHP9K4LVf5aA8iR7FVolLACseN31zsUi3OGoG8im4icNOIDcsYIix5BW-L6td4RSP2qdGrUshlwMF-a3oYEVCiS4e77kOJcqvtkI7ItinBOCsX150v0OBrfhrx3WyXWUstj9gnQohnzZZ3_94HqTmlBBkDA1oWGfiy&refId=0u%2BuBWOwuebim%2FUpsRQpDQ%3D%3D&trackingId=Z5emVjibIARFzZkzibziCQ%3D%3D&trk=flagship3_search_srp_jobs,Progammer,Indonesia,"['r', 'ios']",2,2026-05-05T03:00:06.135759
4400755256,Odoo Developer,FOOM LAB GLOBAL,"Cilandak, Jakarta, Indonesia (On-site)","About the job

About us

We are an Indonesian-based tech-enabled consumer product startup with mission to aid adult smokers move away from combustible smoking and encourage people to shift to safer way of consuming nicotine.

We are determined to provide the best quality e-cigarette product with unique and hyper-localized flavors. Our main differentiators against competitors are our competitive price point; our refillable pods; and our e-liquid that is produced in-house and locally.




Key Responsibility:

Develop and/or customize Odoo modules as per requirements.
Collaborate with business analysts and QA and cross-functional teams to gather requirements for new Odoo projects and support their development.
Provide support for existing projects and resolve support tickets.
Contribute to the continuous improvement of processes and practices to ensure the delivery of high-quality Odoo software.
Continuously learn and stay up-to-date with the latest developments in Odoo.




Key Requirements:

2 years of experience as an Odoo developer or relevant software development experience.
Strong understanding of Python and OOP concepts.
Good knowledge of PostgreSQL with the ability to write SQL queries.
Hands-on experience with OpenERP/Odoo version 11 or above, preferably Odoo version 15.
Excellent debugging skills in Odoo.
Good problem-solving and communication skills.
Ability to work independently and as part of a team.
Exposure to other ERP systems is a plus.",https://www.linkedin.com/jobs/view/4400755256/?eBP=BUDGET_EXHAUSTED_JOB&refId=0u%2BuBWOwuebim%2FUpsRQpDQ%3D%3D&trackingId=vJPZqEY7qcPDnn1wLpR4FA%3D%3D&trk=flagship3_search_srp_jobs,Progammer,Indonesia,"['r', 'python', 'sql', 'postgresql']",4,2026-05-05T03:00:10.826961
4407613311,SAP Development - Junior Technology Consultant/Developer 05,Accenture Southeast Asia,"Semarang, Central Java, Indonesia (On-site)","About the job

THE WORK: Join us in a role where your contributions will shine! You will have the opportunity to perform independently and become a subject matter expert while actively participating in discussions and contributing to solutions for work-related challenges. This position emphasizes Configuration & Release Management, allowing you to engage in exciting projects and collaborate with others. We look forward to welcoming your unique perspective and enthusiasm to our dynamic environment!

Build and configure packaged software and Software as a Service products.

Develop and test new components or enhancements to existing applications.

Utilize declarative features to create functionality where applicable.

Provide primary support for application releases into production, including deployment planning and scheduling.

HERE'S WHAT YOU WILL NEED:

Beginner proficiency in Configuration & Release Management.

A minimum of 1 year of experience in relevant related skills.

Bachelor's Degree in relevant field of studies.

BONUS POINTS IF YOU HAVE:

Beginner proficiency in Build Management.

Beginner proficiency in Design & Build Enablement.

Beginner proficiency in SAP HANA Extended Application Services.",https://www.linkedin.com/jobs/view/4407613311/?eBP=NOT_ELIGIBLE_FOR_CHARGING&refId=0u%2BuBWOwuebim%2FUpsRQpDQ%3D%3D&trackingId=Xl6ShFtCGMuulXZflIOz9Q%3D%3D&trk=flagship3_search_srp_jobs,Progammer,Indonesia,['r'],1,2026-05-05T03:00:15.533056
4394759189,Consulting - Regional Salesforce Technical Architect,PwC South East Asia Consulting,"Jakarta, Indonesia (Hybrid)","About the job

At PwC's South East Asia Consulting, we help businesses to work smarter and grow faster. We work with our clients to build effective organizations, innovate, and grow, reduce costs, manage risk and regulation and leverage talent. Our aim is to support businesses in designing, managing and executing lasting beneficial change.




South East Asia Consulting is a rapidly expanding practice across the region with presence in Singapore, Indonesia, Malaysia, Philippines, Thailand and Vietnam. In the Philippines, we have built our Center of Excellence in Business Consulting, Workforce Transformation, Digital, Technology and Risk. We provide a comprehensive range of professional services and experience to deliver large scale, cross territory transformation projects, wherever our clients need us to be – from strategy through to execution.




We offer the opportunity to be part of a firm that has the purpose of building trust in society and solving important problems, that gives you the opportunity to work with inspiring leaders and talented professionals to deliver outstanding value to our clients in a culture that is diverse, inclusive, collaborative and one that provides exceptional career experience.




About the Role

In this role, you will use your knowledge and experience related to leading teams in creating global Salesforce.com solutions, enterprise technical design, best practices and implementation of the Salesforce.com suite of products to enterprise clients. The candidate is expected to have core consulting skills combined with leading Salesforce.com technical competency and enterprise implementation experience with Salesforce.com tools, offerings and products. 

 

Having strong Salesforce technical architects to lead and coach our engagement teams is critical to our success. That is why we’re aggressively seeking the very best and brightest Salesforce practitioners at PwC. You’ll work closely with, and be mentored by, some of the very best Salesforce consultants in the cloud ecosystem. They will share their knowledge and give you big challenges to explore and solve as you develop new skills and experience in a collaborative and fun environment. You will also mentor the next generation of Salesforce consultants, providing them with insights and challenging them to be better consultants. 




What Will You Do

Advanced knowledge of Salesforce security including programmatic sharing and how to use Salesforce Shield to maintain data compliance
Leading and working with and collecting requirements/feedback directly from stakeholders, integrating that into code while identifying areas of technical risk
Leading business development efforts, including fostering professional relationships in industry and preparing responses to requests for proposals as well as providing technical guidance to the pursuit team.
Researching and evaluating emerging technologies and novel approaches in order to make recommendations to enhance business processes and/or create a competitive advantage;
Providing design guidance that follows the enterprise architecture vision and adheres to applicable application technology guidelines;
Oversee scoping, identification of project deliverables, and creation of project specific documentation such as functional specifications, technical specifications, etc.
Coaching team members on Apex design patterns and object-oriented programming best practices.




What We Are Looking For

Significant experience designing technical solutions that involve integrations with other platforms.
Displaying Architectural domain knowledge including cloud application architecture and container-based deployment.
A demonstrated commitment to valuing differences, developing and coaching diverse teams, and ensuring diverse perspectives are heard.
Knowledge of the advanced programmatic capabilities of the Lightning Platform and data modeling to develop complex business logic and interfaces.
Experience leading a team to design, develop, test, and deploy programmatic solutions that are maintainable and reusable.
Learning rapidly and continuously taking advantage of new technologies, concepts and business models; demonstrating a history of staying current in emerging technology trends.
Significant experience in providing technical direction to Salesforce Technical Consultants in developing custom applications using Lightning Components, Salesforce Apex and Visualforce.
One or more Salesforce certifications, including but not limited to: Salesforce Certified Platform App Builder, Salesforce Certified Administrator, Salesforce Certified Platform Developer I, and/or Salesforce Certified Platform Developer II
Additional certifications including Salesforce Certified Sales Cloud Consultant, Salesforce Certified Service Cloud Consultant, Salesforce Certified Community Cloud Consultant, Salesforce Certified Advanced Administrator and/or Salesforce Architecture certifications are a bonus.




Why PwC

Opportunity to lead and deliver innovative Salesforce solutions that drive measurable client value.
Exposure to modern cloud technologies and enterprise-scale projects.
Structured mentorship and professional development from experienced practitioners.
Collaborative, inclusive and performance-oriented working environment with clear paths for career progression.",https://www.linkedin.com/jobs/view/4394759189/?eBP=CwEAAAGd9I__c9wrw2ERAI2X6mePgKlDwwEGK9VnPxlZYNpve-qbyDpfICrqPQ_EfERv0eoLEAq0WOS2CY7Z_9uu79uuked1s7pGjm8dbJXlFmsoA0qd9yRV9RSAkpHKMpxb7iVHbypS8J2ZjU_WoVQmTNV5nnAyNw1mMQopY_FrnDwxn3dZEnWK6HJPaGvq1hZOhgmjf64u3G5TtHTpg4Z5RPhNXav34VBSdUqzFuYz6yqwI95PIEffsoKxd4z-vQ-ogCaXYsipTQ8M5Fkop5IBmkbOFJ8r_rNl0hOBCl31DEzsn4Ukcq6uYFH6aSmeoxUF2jY8T18DQy6CMOf5WfV7xYVqU0SIWHcjqNkNSQrRzGurws5X33woF79jTo92Mx79QmIY-GhBXAqHJw099Qw4PqzS-h4l1V3-N0hgjboLscdkLTOlBPiU3u5DxX4Hvm99mCWYxDjh31MPc-TTY9BsBsDu8Jc6naf0vq74tZHhdNk05Ig3-8E&refId=0u%2BuBWOwuebim%2FUpsRQpDQ%3D%3D&trackingId=hijij8Lv6c9KFogt3lzWbA%3D%3D&trk=flagship3_search_srp_jobs,Progammer,Indonesia,"['rust', 'r', 'git']",3,2026-05-05T03:00:20.243503
4404930590,Senior Security Engineer,VLink Inc,"Tangerang, Banten, Indonesia (On-site)","About the job

About the Company

Vlink Inc is a leading global software engineering partner helping enterprises with next-gen AI-powered solutions, digital engineering, and elite global talent to help organizations modernize faster, operate smarter, and scale with confidence.




IT Senior Security Engineer




About the Role




The IT Senior Security Engineer will be responsible for ensuring the security and compliance of the organization's IT infrastructure.




Qualifications

Technical Bachelor’s degree or equivalent
Minimum of 5 years of experience of working in IT security, and/or compliance role
Solid familiarity with general enterprise technology architecture
Experience in determining, developing, and/or implementing information security controls and policies
Proven project management and organizational skills, specifically managing multiple concurrent projects and/or clients
Certifications or the ability to obtain certification, such as CISSP, CISA, or CISM are preferred
Excellent analytical, problem-solving, and decision-making skills, applied with a solution-focused attitude
Excellent verbal communication skills and experience influencing key stakeholders
Excellent written communication skills, demonstrating the ability to write with purpose, clarity, and accuracy
Have a strong desire to continuously improve
Experience or familiarity with information security frameworks and standards such as ISO27001, ISO27002, SOC2, COBIT




Preferred Skills

Certifications or the ability to obtain certification, such as CISSP, CISA, or CISM are preferred",https://www.linkedin.com/jobs/view/4404930590/?eBP=CwEAAAGd9I__c065ZPN2jgFsam1nevuOzKllvElTyKKkvPnw1qIBPL3SRjz1d_r9QP_nB5u-DfVAGgRejmOu3cvJ1jiTCt95aMZ6DLVyH6VlaUPU8y3KX50u7K2NtKX5ymdnfUscMsUcCj03Z0suC0iRSpqrUixthdnRgJZarSGIrW1U_fNLaJWJHBk02_RAXaeeNcXjNsFul12glB-z7qDJcDns77vcabURITYfixHaX0Gmwepon8zJgUNMWt1yAgEdywTAlFZVIpqYwzBGIVaHTd-oYnyuoa5m_hHDq5hxWw-TlLoz7GHYhd75vxtx_oQ7dZPkarjHnDJlZsScMTWB-AmUhXcHzVdS95Jw3qB1zxuIZKgjdSXHEZDB7Fjum0aJ1QjKKt8AXOqEyBdH-miGAoPq13MC-y0M8jfCXOdhoGvHycZkWHgV8W8GfYjwZL1DwzFEu3yW_5-DeovCny0fUkQTbAs8erVvrcXmzlzQdfHXqazkWSpoIul4&refId=0u%2BuBWOwuebim%2FUpsRQpDQ%3D%3D&trackingId=SRkTqjqFqkm5M9zjuv5RvA%3D%3D&trk=flagship3_search_srp_jobs,Progammer,Indonesia,"['r', 'git']",2,2026-05-05T03:00:24.951889
4399830330,Game Designer,Gameloft Indonesia,Greater Yogyakarta (Hybrid),"About the job

Gameloft Indonesia is part of the global Gameloft, a leading game developer and publisher with 25+ years of experience and titles enjoyed by millions worldwide. 


Our Yogyakarta studio, established in 2000, is home to 300+ passionate game makers and continues to grow as a key studio in Southeast Asia. Based in Yogyakarta, we work in a hybrid setup that balances collaboration and flexibility. We're a close-knit team in one of Indonesia's most livable cities, a cultural and arts hub with a young, creative energy and a quality of life that's hard to match. 


As a trusted co-development partner, we contribute to projects like Disney Dreamlight Valley Apple Arcade and manage the SongPop franchise, building high-quality games for a global audience. 



Job Description


We are looking for an experienced Senior Game Designer with a strong design foundation, excellent communication skills, and the ability to mentor junior team members. This role is hands-on and execution-driven, focused on creating engaging gameplay experiences, aligning features with player-first thinking and business goals, and raising the overall quality of our design output.


Key Responsibilities


 


Design, own, and lead the design for systems and mechanics that enhance player engagement, features, and live ops. 
Write clear, detailed design documents, presentations and pitches that translate vision into actionable tasks. 
Collaborate closely with product, UI/UX/ Art and Engineering to ensure seamless integration of design into the overall player experience. 
Provide clear, constructive feedback on builds and peer documentation. 
Contribute to creative brainstorming and ideation sessions. 
Ensure design deliverables meet both creative and technical standards. 
Analyse player data and feedback to iterate on features and improve the player experience. 
Advocate for the player-first mindset, balancing player enjoyment with business goals. 
Act as the voice of design in discussions, stakeholder meetings and pitches. 


 


 


 



Qualifications


Our Ideal profile will be


5+ years of experience in Game Design working on F2P mobile titles or live titles. 
Strong foundation in systems design, core loops, economy design, and live ops features. 
Thorough understanding of Game Design principles, the mobile gaming industry, and the latest trends. 
Exceptional verbal, written communication and presentation skills; able to clearly articulate design vision to diverse teams. 
Familiarity with UI/UX principles, player psychology, user flows, and holistic player experience. 
Strong analytical mindset and ability to balance data with creative intuition. 
Proficiency in design tools (Unity, Unreal, Figma, Confluence, JIRA, etc.)
Comfortable with both high-level creative vision and hands-on execution. 


Additional Information


Additional information


 


You want to be part of an exceptional experience, within a company that is constantly growing. 
You want to work with talented people who are industry pioneers. 
You want to join a global company and meet great people around the world from all walks of life. 
Motivating, challenging and rewarding work on the next great frontiers in games. 
Career-development opportunities. 
Exceptional library of diverse top games with broad distribution. 


For more information go to www.gameloft.com


Wondering what to expect in our recruitment process? We’ve got all the details ready for you PROCESS Take a look—it’s simple and transparent!


Curious about the incredible perks of joining our team? Don’t miss out—check them out PERKS and see what’s waiting for you!",https://www.linkedin.com/jobs/view/4399830330/?eBP=CwEAAAGd9I__c1sWmtUIq0i_Uz9hACZjWI28uG6SRGwqDlnDU2CRquNNu7T7ssieH8MmknEh_juLCGRRfmu93iIXW3nFM_lMlcr3JUO25JrfS5bIV4irbmRltqZRgboURH1xI-dguvmEO02D0dxj08GwshyeeZ95iwghhNz2yNz_9kt-BGry846NnxDwPedaT5RngIqlmDE5Z-q5kqpSVJgHb44y5Jh4Lh4DmDgAEmpR4mtQfji03b4EN4_k4yYEMx_VOnY73uwI6jspXe2P_kZHi4OMvQI3dsna6lGSuLgmY2swftk4UBPBMSLZKyGePOC737JXHkYMLXhjrcqTQCRRw6iNawrXLrVZNjBccNgOg-jp-vFMD-fDFMmNr8qN-UHVFZCp1WbeLI3FQydu6fvKsODNTcihZt8oY0nqHWeoF_kVZc12jDLm_W4zeIBFKnwDz4QqoRBJQrQICJR1tA733DXX4Tz0Shw5FLrwmgyCQoiZbMx_&refId=0u%2BuBWOwuebim%2FUpsRQpDQ%3D%3D&trackingId=bjtp6pQirSonetOAOuWyzg%3D%3D&trk=flagship3_search_srp_jobs,Progammer,Indonesia,"['rust', 'r']",2,2026-05-05T03:00:29.812614
4376302874,"Identity Security Engineer (Okta & Identity Governance) - Bangkok Based, Relocation provided",Agoda,"Bandung, West Java, Indonesia (On-site)","About the job

About Agoda

At Agoda, we bridge the world through travel. Our story began in 2005, when two lifelong friends and entrepreneurs, driven by their passion for travel, launched Agoda to make it easier for everyone to explore the world.

Today, we are part of Booking Holdings [NASDAQ: BKNG], with a diverse team of over 7,000 people from 90 countries, working together in offices around the globe. Every day, we connect people to destinations and experiences, with our great deals across our millions of hotels and holiday properties, flights, and experiences worldwide.

No two days are the same at Agoda. Data and technology are at the heart of our culture, fueling our curiosity and innovation. If you’re ready to begin your best journey and help build travel for the world, join us.

Role Overview:

We are looking for a hands on Identity Security Engineer to design, build, and operate Okta platform. This role owns the implementation and evolution of Okta Identity Governance, lifecycle automation, and identity centric security controls across the enterprise.

Key Responsibilities:


Okta Identity Governance (OIG) & Lifecycle: Design and deploy Okta Identity Governance modules, including Access Requests, Certifications, and Entitlement Management.
Develop and maintain custom workflows and policies within Okta IGA to enforce Segregation of Duties (SOD) rules during provisioning and access requests
Design access certification campaigns and remediation workflows to satisfy audit requirements.
Okta Platform Engineering: Manage Okta organization architecture (Groups, Rules, Policies) using Infrastructure-as-Code (Terraform) to ensure version control and reduce drift.
Build and maintain Okta Workflows for lifecycle automation, custom notifications, and advanced logic beyond native features. Implement and enforce Multi-Factor Authentication (MFA) policies, Risk-Based Authentication, and Global Session Policies.
Automation & Integration: Develop automation using Okta APIs, Event Hooks, and Workflows. Integrate Okta OIG with downstream applications for seamless provisioning.
Partner with Detection Engineering to ingest Okta System Logs into the SIEM for threat monitoring.
Governance, Risk & Compliance: Partner with GRC and Audit teams to support SOX, NIST requirements.
Ensure identity controls are measurable, auditable, and enforced consistently.


Required Skills & Experience:


6+ years of hands-on experience operating Okta in a production environment.
Experience with Okta Identity Governance (OIG): Setting up Access Requests, Review Campaigns, and Entitlements.
Experience with Terraform (specifically the Okta Provider) for managing configuration as code.
Ability to write scripts in Python or JavaScript/TypeScript for custom API integrations.


#sanfrancisco #sanjose #losangeles #sandiego #oakland #denver #miami #orlando #atlanta #chicago #boston #detroit #newyork #portland #philadelphia #dallas #houston #austin #seattle #sydney #melbourne #perth #toronto #vancouver #montreal #shanghai #beijing #shenzhen #prague #Brno #Ostrava #cairo #alexandria #giza #estonia #paris #berlin #munich #hamburg #stuttgart #cologne #frankfurt #hongkong #budapest #jakarta #bali #dublin #telaviv #milan #rome #venice #florence #naples #turin #palermo #bologna #tokyo #osaka #kualalumpur #malta #amsterdam #oslo #manila #warsaw #krakow #doha #alrayyan #riyadh #jeddah #mecca #medina #singapore #seoul #barcelona #madrid #stockholm #zurich #taipei #tainan #taichung #kaohsiung #bangkok #Phuket #istanbul #london #manchester #edinburgh #hcmc #hanoi #lodz #wroclaw #poznan #katowice #rio #salvador #newdelhi #bangalore #bandung #yokohama #nagoya #okinawa #fukuoka #jerusalem #IT #4

Please review our Hiring Process Guidelines before your interview — click here to learn how interviewing at Agoda works.

Discover More About Working At Agoda


Agoda Careers https://careersatagoda.com
Facebook https://www.facebook.com/agodacareers/
LinkedIn https://www.linkedin.com/company/agoda
YouTube https://www.youtube.com/agodalife


Equal Opportunity Employer 

At Agoda, we pride ourselves on being a company represented by people of all different backgrounds and orientations. We prioritize attracting diverse talent and cultivating an inclusive environment that encourages collaboration and innovation. Employment at Agoda is based solely on a person’s merit and qualifications. We are committed to providing equal employment opportunity regardless of sex, age, race, color, national origin, religion, marital status, pregnancy, sexual orientation, gender identity, disability, citizenship, veteran or military status, and other legally protected characteristics.

We will keep your application on file so that we can consider you for future vacancies and you can always ask to have your details removed from the file. For more details please read our privacy policy.

Disclaimer

We do not accept any terms or conditions, nor do we recognize any agency’s representation of a candidate, from unsolicited third-party or agency submissions. If we receive unsolicited or speculative CVs, we reserve the right to contact and hire the candidate directly without any obligation to pay a recruitment fee.",https://www.linkedin.com/jobs/view/4376302874/?eBP=CwEAAAGd9JH6fbassxCszdRC9qKDmSK4REBLCB-saOg70HUrw8LB3p6HpuxLVomxyUmVpmduhUjtZsJHVRmnpP-vNGYVfu0dclzpqYtHMx40cTe_r6tmsSGXLOK5wJ4eIS_yiwkMf7sg9j1CubQx8qbV18z3w--QKYGbwuvgsino7O-jr644HKcuV_R4S4oOGvguSc71cf_yV0VvBBaVBp_1gKgmty4I_IOzW-x18EhVB-nfRewocnd_ooX2jZDrQKdR6ALTy2UpSHSdR2_FPKz9jgRr9UvXO-lVnlORlPcwu6Y-dx7bAE27UqhMKaZQIu_uKopJQpoxF54mX9i1SpRAuMqZZ8HHZRNhHen5qCIKLqwerzWj3YFBrTPJzZk9-KgmhuEad4U5BdPTEYL_eA9kxUsEkd-MzEOuTI4Uv8f0WTQdKdliB_6IT0qrGGcJYodWmu5bHSUwKggX3YwU_rznv-SRi1BnWF4TKcSaRrDhqWs&refId=x%2FyV2oBX6KjI6444xAdURQ%3D%3D&trackingId=1GDC4qwLi6g4EYB2tADGeA%3D%3D&trk=flagship3_search_srp_jobs,Progammer,Indonesia,"['typescript', 'java', 'r', 'python', 'javascript', 'ios']",6,2026-05-05T03:00:46.852174
4270073402,T&T Senior Consultant - Cloud Security - ID,Deloitte,Jakarta Metropolitan Area (On-site),"About the job

Date: 8 Apr 2026

Service Line / Portfolios: Cyber

Location:

Jakarta, ID

Are you ready to unleash your potential?

At Deloitte, our purpose is to make an impact that matters for our clients, our people, and the communities we serve.

We believe we have a responsibility to be a force for good, and WorldImpact is our portfolio of initiatives focused on making a tangible impact on society’s biggest challenges and creating a better future. We strive to advise clients on how to deliver purpose-led growth and embed more equitable, inclusive as well as sustainable business practices.

Hence, we seek talented individuals driven to excel and innovate, working together to achieve our shared goals.

We are committed to creating positive work experiences that foster a culture of respect and inclusion, where diverse perspectives are celebrated, and everyone is recognised for their contributions.

Ready to unleash your potential with us? Join the winning team now!

Work you'll do:

As a Consultant in Cloud Security at Deloitte, you will be instrumental in evaluating client requirements and crafting bespoke cloud security solutions that bolster data protection, compliance, and risk management. We are seeking experienced Manager with a robust background in in cloud security implementation, focusing on building and securing landing zones, implementing cloud security solutions and integrating DevSecOps practices across multiple cloud service providers (CSPs) such as AWS, Azure, and Google Cloud.


 Design, Implement, and Optimize Secure Landing Zones: Lead the creation and enhancement of secure landing zones across multiple cloud service providers (CSPs) such as AWS, Azure, and Google Cloud for clients in Southeast Asia. 
 DevSecOps Pipelines: Architect and implement DevSecOps pipelines, integrating security controls into CI/CD processes to automate security and compliance testing. 
 Infrastructure as Code (IaC): Design and deploy infrastructure as code using tools like Terraform, AWS CloudFormation, and Azure Resource Manager (ARM) templates to automate cloud infrastructure provisioning and enforce security configurations. 
 High Availability Architectures: Implement multi-region and high availability architectures to meet performance, scalability, and disaster recovery requirements. 
 Security Configurations: Configure Web Application Firewalls (WAFs), DDoS protection (e.g., AWS Shield, Azure DDoS Protection), and network firewalls (e.g., AWS Network Firewall, Azure Firewall). 
 Access Control: Implement role-based access control (RBAC), least privilege principles, and multi-factor authentication (MFA) across cloud environments. 
 Cloud-Native Security Expertise: Provide subject matter expertise in cloud-native security technologies, including identity and access management (IAM), encryption, security monitoring, and vulnerability management. 
 Project Management and Leadership: Ensure the successful delivery of cloud security solutions through strong project management and leadership. 
 Business Development: Assist in business development efforts, including proposal creation and identifying opportunities to grow cloud security service offerings. 
 Client Relationships: Build and nurture positive working relationships with clients, aiming to exceed their expectations. 
 Engagement Profitability: Identify opportunities to improve engagement profitability. 
 Mentorship: Mentor and develop junior staff, promoting knowledge sharing and skills development within the team. 


Your role as a leader:

At Deloitte, we believe in the importance of empowering our people to be leaders at all levels. We expect our people to embrace and live our purpose and shared values, challenging themselves every day to identify issues that are most important to our clients, our people and the communities, and to make an impact that matters. Additionally, Consultants across our Firm are expected to:


 Actively seek out developmental opportunities for growth, act as strong brand ambassadors for the firm as well as share their knowledge and experience with others. 
 Understand the goals of our internal and external stakeholder to set personal priorities as well as align their teams’ work to achieve the objectives. 
 Constantly challenge themselves, collaborate with others to deliver on tasks and take accountability for the results. 
 Build productive relationships and communicate effectively in order to positively influence teams and other stakeholders. 
 Project integrity and confidence while motivating others through team collaboration as well as recognising individual strengths, differences, and contributions. 


Requirements:

If you are someone with:


 Bachelor's degree in information security, information systems management, computer science, engineering, or other related discipline. 
 3 years of experience in cloud security implementations across multiple CSPs (AWS, Azure, GCP). 
 Extensive hands-on experience in designing and implementing Security Landing Zones, cloud security architectures, and securing hybrid/multi-cloud environments. 
 Relevant certifications such as AWS Certified Security – Specialty, Microsoft Certified: Azure Security Engineer, Google Cloud Professional Cloud Security Engineer, or CISSP, CCSP are highly desirable. 
 Proven experience managing cloud security projects, including landing zone implementations and security automation. 
 Expertise in cloud-native security controls, including IAM, key management, network security, and security monitoring tools (e.g., AWS Security Hub, Azure Security Center). 
 Strong knowledge of compliance frameworks such as NIST,CSA CCM, and CIS Benchmarks and how to apply them to cloud security implementations. 
 Ability to travel 25-50%, on average, based on the work you do and the clients and industries/sectors you serve 
 Bachelor’s degree in Computer Science, Information Security, or a related field; Master’s degree preferred. 
 Limited immigration sponsorship may be available. 
 Excellent problem-solving skills and proven ability to lead a team of engineers. 
 Ability to optimally communicate and advocate key security requirements to senior stakeholders. 
 Strong critical-thinking and problem-solving skills with clear communication. 


Due to volume of applications, we regret only shortlisted candidates will be notified. 

Please note that Deloitte will never reach out to you directly via messaging platforms to offer you employment opportunities or request money or your personal information. Kindly apply for roles that you are interested via this official Deloitte website. 

Requisition ID: 109817

In Indonesia, the services are provided by Imelda & Rekan and other related entities in Indonesia (""Deloitte in Indonesia""), which are affiliates of Deloitte Southeast Asia Ltd. Deloitte Southeast Asia Ltd is a member firm of Deloitte Touche Tohmatsu Limited. Deloitte in Indonesia, which is within the Deloitte Network, is the entity that is providing this Website.",https://www.linkedin.com/jobs/view/4270073402/?eBP=CwEAAAGd9JH6faBZ2zfPI7mQ-wPg0y_r1COf5K89dO5KOzWimM33OSuiL5oz3cKeWdBPBDfdk_GZzafG-Ns5GN5rbjxeGYObDYM3E7HBJDzETWLlTkxVEHWheMJzSPr_4iQ17GX7lfBc31B234BcVqWWByDziDaewyr79j0zM7kXgrgdxfI4zVutdflJAFnp2NP5BohgDTUNyF6y-Z-qSAP3zYRQKk1Cftdv2aQrVhr_qhnItT3f2B3biNVNj9WQi4Jg3Y9jC5tsHHMdKe00RwyKyx5J1UW7nOikMX1v2UZpMPzcDG1CvtIcksRaxwnOKFL0rqcZpX72zoCfiuG29iTPff9LPkdSYYVh5Balu_qrfIH6uSY6u9h6n_jIIHPyWkX1wWY1Zxa2RuCPRoL-YTv2S3OTsUzM2YrSvfdWWXz-G71tuT6WDQ-EvdYzfTWzy5_Zr2nRXnrrUB3zmpN-8hzX_M484CPeuEyYbl3_HRmhhGqfCQ&refId=x%2FyV2oBX6KjI6444xAdURQ%3D%3D&trackingId=VkcbyPRsod%2FgsRRdhRFdcA%3D%3D&trk=flagship3_search_srp_jobs,Progammer,Indonesia,"['gcp', 'azure', 'r', 'ios', 'aws', 'scala']",6,2026-05-05T03:00:51.568931
4379639599,Backend Engineer - Python (SDE 2),Kredivo Group,Jakarta Metropolitan Area (On-site),"About the job

About The Job


Design and implement product features and functionality for various FinAccel/ Kredivo sites and services
Work with the Product, Business, and Sales teams to gather and understand requirements and deliver scalable solutions
Write high quality, maintainable code
Own parts of the system and continuously work to improve them in an agile environment.
Benchmarking, load testing, diagnosing problems and helping create solutions
Research and implement modern frameworks and technologies for back-end systems
Participate in design discussions, reviews and propose/implement solutions to technical problems and challenges


About You


B.S, M.S, and/or PhD in Computer Science or equivalent
3+ years of working experience in the Software industry
Well versed with Object Oriented Programming concepts
Strong understanding of Data Structures, Algorithms, and Computer Science fundamentals
Strong logical and innovative thinking, troubleshooting skills and diagnostic intuition, able to assess the business needs and reflect the value into the product design
Experience working on one of follow programming language: Python, Java or C++
Good understanding of microservices architecture
Proficient in HTTP, Web Services, OAuth and Restful APIs
Familiar with Linux environment
Experience working with cloud based systems and infrastructure services such as AWS, GCP, etc is a plus
Good Communication skills
Ability to work well in a team with a positive attitude
Strong attention to details",https://www.linkedin.com/jobs/view/4379639599/?eBP=CwEAAAGd9JH6fVIJhyUjSGINfgi9h-ZzqdvQQFCZ9rHvM52iXJ0AZgIXzScCr_1OMnAdw2oZM9rJ2b6NBYGyrNU_3KSUSbCNyTWe_zMlqnx5sZx3rUuIbqE2pZ4On2lsAO03e4c0GPq18jhNDyTJKqtpZHzFr_i8bCsgqxea6imhZHh9JbyjeJCx-uXq5Jer_h_Xb1WXOCpKredeO8bjFRwTgO0mKock02Xc4eit8BHLZECqpXB73BYenBnL2YgdsxfpEJKh4WMQ6Rmtb1R0vew8jb1urBXAt7hwH_3e3Bh-ogO-zdXNhTGB3Q7L8GbAFZBro9zFb52Lt2eJD14S3LL9qZxjhN_v20rBtvUOkuU5U4Zk2ugTp_PiYr3YsVh6g1hwSS52T1P3m6dAWTLLpA3FdhqMLg32KhcY5UHfxbU9IP3Vb7KIzfOW-zd3uGdfLhbphsqLNuTWTuXnrBHF&refId=x%2FyV2oBX6KjI6444xAdURQ%3D%3D&trackingId=Cw9BSjA2dY00%2BOgLOwAehg%3D%3D&trk=flagship3_search_srp_jobs,Progammer,Indonesia,"['gcp', 'linux', 'agile', 'java', 'r', 'python', 'aws', 'scala', 'c++']",9,2026-05-05T03:00:56.250994
3839432463,Back End Engineer (Marketplace Order Operations) - Sea Labs,Shopee,"Jakarta, Indonesia (On-site)","About the job

About The Team:

About Sea Labs Indonesia

Sea Labs is at the core of the Sea platforms development, supporting diverse business lines from e-commerce, supply chain, games, payment and finance, among many others. The strong growth and unique positioning of Sea's e-commerce business, Shopee, spurred the launch of Sea Labs Indonesia. Since its inception, the group of passionate engineers have charted the course to drive the best experience for our users in Indonesia, many of which solutions are even adapted to other markets in the region.

Sea's hyper-growing business scale has transformed most ""innocent"" problems into huge technical challenges, and there is no better place to experience world-class projects first-hand if you love technologies as much as we do. Together with our passionate and driven teams, you'll get to develop your skills, build on industry knowledge and collaborate with global teams in a dynamic space. Browse our Sea Labs Indonesia team openings to see how you can make an impact with us.

About The Team

The Marketplace Order Operations team powers the critical order related features of Shopee as a platform through innovation and technology. In our pursuit to shape the way buyers and sellers connect with each other, we engineer scalable, reliable and extensible systems that evolve with the dynamic e-commerce landscape. As a Software Engineer in the team, you will collaborate with fellow Engineers and Product Managers to develop the return and refund and clearing and settlement systems, and tackle unique problems on a global scale.

Job Description:


Realizing business goals through implementing features to Shopee as a platform, including but not limited to return and refund, and clearing and settlement
Designing and building distributed systems optimized for performance, availability, and user experience
Writing high-quality, clean, and maintainable code and respecting engineering best practices (unit testing, source control, continuous integration, automation, design patterns, etc.)
Researching, proposing and executing projects to enhance system functionalities, development processes, and shared middlewares
Collaborating in a highly cross-functional environment with fellow Software Engineers, Product Managers, Quality Assurance Engineers, and Operation Engineers to deliver impact


Requirements:


Bachelor's or a higher degree in Computer Science or related fields
Relevant experience in backend server development
Familiar with commonly used languages, such as Golang / Python / C++ / Java
In-depth understanding of Data Structures and Algorithms, Networking, OS and other Computer Science fundamentals
Familiar with commonly used Databases, such as MySQL
Familiar with commonly used middlewares, such as Redis and Kafka
Familiar with Kubernetes (K8S) Microservice Architecture
Familiar with HTTP/TCP protocols
Familiar with XML/JSON/Protocol Buffers
Familiar with distributed systems, performance tuning, massive concurrency handling, and caching mechanisms",https://www.linkedin.com/jobs/view/3839432463/?eBP=BUDGET_EXHAUSTED_JOB&refId=x%2FyV2oBX6KjI6444xAdURQ%3D%3D&trackingId=gBlg408CyBmoYM2NWanvZg%3D%3D&trk=flagship3_search_srp_jobs,Progammer,Indonesia,"['mysql', 'golang', 'java', 'r', 'python', 'redis', 'kafka', 'sql', 'scala', 'kubernetes', 'c++']",11,2026-05-05T03:01:00.917761
4329660796,Frontend Developer,Gradin Digital Agency,"East Java, Indonesia (On-site)","About the job
This job is sourced from a job board. Learn More

Job Desc


Mengaplikasikan desain dari Figma menjadi website.
Memastikan website tampil baik dalam ukuran device apapun.
Memastikan project yang dibuat dapat berjalan dengan lancar, tidak lambat, tidak error, tidak ada bug, tidak ada celah keamanan.
Melakukan maintenance / update / optimasi pada website yang sudah ada.",https://www.linkedin.com/jobs/view/4329660796/?eBP=NOT_ELIGIBLE_FOR_CHARGING&refId=x%2FyV2oBX6KjI6444xAdURQ%3D%3D&trackingId=zm1udV%2BgENAbJw88z%2Fnu4Q%3D%3D&trk=flagship3_search_srp_jobs,Progammer,Indonesia,['r'],1,2026-05-05T03:01:05.593694
4373543904,Senior Back End Engineer (Supply Chain) - Sea Labs,Sea,"Jakarta, Indonesia (On-site)","About the job

About the Team:

About Sea Labs

Sea Labs Indonesia is the tech force behind Sea Group. We are here to make a real impact for millions of users in Indonesia through the transformative power of technology. We solve real-life problems to create a good user experience through various business operations, mainly Shopee and SeaMoney.

About The Team

The Supply Chain Team is committed to creating a flexible, stable and efficient global supply chain system, including procurement systems, logistics systems, multi-country and multi-regional warehouse management systems and last-mile transportation systems, providing seamless and boundaryless retail connectivity around the globe. The Team constantly optimize processes based on data and algorithms to provide reliable customer experience and support ground staffs to streamline operations and scale new height

Job Description:

As a Back End Engineer, you will work with some of the most talented minds in the world, collaborating with fellow Developers, Product Managers, User Experience Designers and Operation Engineers to build user-centric, business-critical functionalities that delight both internal businesses and external end-users. Your main responsibility includes (but not limited to):


Design and implement systems and features of supply chain in Golang and python
Write a high-quality, clean and maintainable code using engineering best practices (unit testing, source control, continuous integration, automation, design patterns, etc.)
Build, design, and implement distributed systems that are optimized for performance, scalability, and availability
Optimise and improve the R&D process and improve the efficiency of developers



Requirements:


Bachelor's degree in Computer Science, Engineering or related fields
More than 5 years of working experience in software development
Relevant prior working experience in Backend Development
Strong logical thinking skills
Strong hands-on experience with at least one of the commonly used languages, such as Golang/Python/C++/Java
Proficient in Data Structures and Algorithms, Networking, OS and other Computer Science fundamentals
Familiar with common network protocols (HTTP/TCP)
Familiar with commonly used Databases, such as MySQL
Familiar with commonly used Middlewares, such as Redis and Kafka
Experience in supply chain/logistics product development will be an advantage",https://www.linkedin.com/jobs/view/4373543904/?eBP=CwEAAAGd9JH6fbBUgzMqdAImDgbobrAHxHgh5Ff57fp1A9K4k40swj1kVWXPdz90R2P5t_LJ7X8sUs3YBb3sGlOjKKPXdl3VZAANF6i3Pb82uk3wxVU4yIjvqsKrXvB5avFbgZA4urz-feQwORuRmeV3hJ5F5W4njAhBrixU_T5ErSSi06c4k2y5IDhHw8qRnNCwgliIOpvgD7M3YIO0oEiCNFJ081jljdpA_QM3292QlfEJa3N2u3ccDPTPhnVV8TUTx_wwpJ1gLOv5DTgR7KaOB_QNqbqweq4xeuq6O64XN-PJgCLQtJZloe6e3ZS8Fdzf2zZE9e_0UYYu58BBGCVrhr_2upPvSfhsa-2L-ruoDz0dwTwWJ-sjEPD7gl5_o3sWRHgRDHXijjSdY4R5FrERjLo-JdxysbdRCRy2vewbX180qEwgYhZsXLxh6dekFBXH2bM59DBz0Z9cicml&refId=x%2FyV2oBX6KjI6444xAdURQ%3D%3D&trackingId=30dbFOZprc7Tlx6ZyHFD1w%3D%3D&trk=flagship3_search_srp_jobs,Progammer,Indonesia,"['mysql', 'golang', 'java', 'r', 'python', 'redis', 'kafka', 'sql', 'scala', 'c++']",10,2026-05-05T03:01:10.264184
4408637991,Ai Trainer - Remote,YO IT Consulting,"Jakarta, Jakarta, Indonesia (Remote)","About the job

Job Title: AI Evaluation Specialist

Job Type: Contractor

Location: Remote

Job Summary

As a AI Evaluation Specialist, you'll apply your expertise to help train next-generation AI systems. Your work will shape how models learn, reason, and perform through high-quality, real-world input. No prior experience in AI is required — your domain knowledge is what matters.

Key Responsibilities


Review and critically assess AI-generated outputs for quality, clarity, usability, and overall user experience.
Identify inconsistencies, weaknesses, and improvement opportunities across diverse content types and visual experiences.
Apply structured evaluation guidelines and provide insightful, nuanced feedback to inform model improvements.
Collaborate with cross-functional teams to define and refine quality standards, scoring criteria, and review processes.
Maintain high accuracy and consistency across evaluations, ensuring reliable and actionable results.
Contribute to the continuous enhancement of evaluation workflows and best practices.
Support the development of training data that enhances AI system performance and reliability.


Required Skills And Qualifications


Exceptional reading comprehension and acute attention to detail.
Strong observational skills with excellent aesthetic or editorial judgment.
Ability to think critically and deliver consistent, high-quality evaluations in ambiguous scenarios.
Excellent written and verbal communication skills.
Comfort working across various content types and evaluation guidelines.
Strong sense of ownership, reliability, and commitment to delivering high-quality work for the customer's team.
Open-minded approach to learning and quickly adapting to new workflows.


Preferred Qualifications


Background in design, UX/UI, creative direction, editing, or content strategy.
Experience reviewing creative, visual, or AI-generated content.
Familiarity with annotation, QA, moderation, or evaluation workflows, as well as working with AI tools or LLMs.


We’re seeking highly perceptive and detail-oriented trainers passionate about shaping the future of AI. Bring your refined judgment, critical thinking skills, and commitment to excellence to our customer's team and make a meaningful impact on emerging AI technologies.",https://www.linkedin.com/jobs/view/4408637991/?eBP=NOT_ELIGIBLE_FOR_CHARGING&refId=x%2FyV2oBX6KjI6444xAdURQ%3D%3D&trackingId=zzUBxIIj6f3J3v3elOstmQ%3D%3D&trk=flagship3_search_srp_jobs,Progammer,Indonesia,"['r', 'ios']",2,2026-05-05T03:01:14.946687
4277616095,Golang Full Stack Developer,PT IKONSULTAN INOVATAMA,"Gambir, Jakarta, Indonesia (On-site)","About the job

Minimum Requirement

Required Skills


Memiliki inisiatif yang baik, keterampilan komunikasi & koordinasi tingkat menengah.
Memiliki kemampuan dalam menggunakan bahasa pemrograman Golang & JavaScript, serta pustaka dan framework umum (JS: SolidJS, React, Vue, Angular).
Memiliki pemahaman dalam:
(a) model basis data - NoSQL & RDBMS.
(b) caching - Redis, Memcached.
(c) antrean pesan - MQ, NATS, Kafka.
Memiliki kemampuan untuk memecah user story menjadi technical requirement/designs.
Memiliki pemahaman dasar tentang technical-debt & mendefinisikan technical roadmap.
Memiliki inisiatif yang baik, keterampilan komunikasi & koordinasi yang baik.


Nice to Have


Job Description
Bekerjasama dengan Frontend & Backend Engineer untuk merancang dan membangun API.
Membangun integrasi dengan sistem perangkat lunak pihak ketiga atau sistem legacy ketika diperlukan.
Merancang dan mengembangkan perangkat lunak yang scalable, andal, dan berkualitas serta memastikan cakupan pengujian yang tinggi dengan menulis unit dan integrasi pengujian.
Bekerja sama dengan Insinyur QA untuk menguji, mengatasi masalah, dan menyelesaikan isu.
Bekerjasama dengan Digital Product Owner dan UI/UX Designer untuk membangun produk yang mampu memberikan fungsi yang dibutuhkan dengan user experience.
Mendokumentasikan dan memelihara dokumentasi teknis Full Stack agar selalu up to date.",https://www.linkedin.com/jobs/view/4277616095/?eBP=NOT_ELIGIBLE_FOR_CHARGING&refId=x%2FyV2oBX6KjI6444xAdURQ%3D%3D&trackingId=079wnM6uILqpOwJSFAyNPA%3D%3D&trk=flagship3_search_srp_jobs,Progammer,Indonesia,"['react', 'angular', 'golang', 'java', 'r', 'redis', 'javascript', 'git', 'kafka', 'sql', 'scala', 'vue']",12,2026-05-05T03:01:19.627615
4404256923,Data Engineer,MIFX,Jakarta Metropolitan Area (Hybrid),"About the job

About Us

MIFX is a pioneer trading platform in Indonesia that is backed by a 22 years old market leader in the industry, Monex Investindo Futures. We are a futures broker facilitating forex, commodities, and index trading that is fully regulated and complies with BAPPEBTI regulations.




MIFX focuses on making the trading process #SemudahItu by prioritizing easy access, trading education, and providing the lowest prices to start trading where traders can buy 0.01 micro lots from our platform.




Led by a solid marketing-technology team that leverages lean analytics and agile product development with a vision of creating the most seamless trading experience for the millennial generation through the MIFX platform, we are proud to continuously growing our volumes by improving our customer experience and people's experience for sure to grow with us.




We are looking for more talents to create a positive impact.

#SemudahItu join us and be part of Indonesia's next largest fintech company!




Are you ready to be a part of MIFX for the upcoming “big wave”?




What you will do:

Design, enhance, and maintain scalable, secure, and future-proof data warehouse and platform architectures aligned with business objectives.
Establish and enforce data governance standards including data quality, lineage, access control, and compliance monitoring.
Ensure high availability, reliability, and performance of the overall data ecosystem.
Promote best practices in data engineering, platform architecture, and infrastructure automation.
Collaborate with cross-functional stakeholders to translate business requirements into robust data solutions.
Drive automation across data pipelines, monitoring, and infrastructure provisioning.
Optimize cloud resource utilization to balance performance, scalability, and cost efficiency.
Enable secure and governed data sharing across teams and external partners.
Provide capacity planning insights based on warehouse usage and infrastructure growth trends.
Continuously evaluate emerging tools and technologies to improve platform capabilities.




What you will need:

Design and maintain robust ETL/ELT pipelines supporting batch, incremental, and near real-time ingestion.
Develop reusable and centralized data pipeline libraries to standardize development practices.
Design and optimize data models (fact tables, dimension tables, data marts, transformation layers).
Implement automated data validation rules and anomaly detection processes.
Troubleshoot and resolve data inconsistencies, pipeline failures, and warehouse performance issues.
Monitor query performance, storage utilization, and workload efficiency.
Deliver production-ready data structures optimized for analytics and reporting use cases.
Architect and manage orchestration systems for data workflows (batch and streaming).
Build and maintain CI/CD pipelines for data and infrastructure deployments.
Implement centralized monitoring, logging, and alerting frameworks for platform observability.
Automate infrastructure provisioning using Infrastructure as Code (IaC).
Define and enforce security standards including RBAC, encryption, and environment isolation.
Design and maintain disaster recovery and high-availability strategies.
Audit warehouse and platform usage, providing recommendations for cost and performance optimization.",https://www.linkedin.com/jobs/view/4404256923/?eBP=CwEAAAGd9JH6flEfO0R8Lxs8LLvGxjVZrcYa0EJ4Dd9z9mT4ppX3c9a-r_ZLwwlTcZWkKUzXNxBkzvaLpE1GPamvQMgdGLASzFeCHng8ahKbcnjHXngmgZOKMDTToTS0CpdJw7CgRbI-vyLUlTlMEBTqd4zH6POIDi994-KR-UgnjGjpQSgimuJjj8e8xpFcVT7gTNQ-rQMidEwfMuApKVb5hBQ3W-biwk8FSC_MkVJZO3do1y7OvTUlXA157n7hKSAPwQaMxx7G68BQ3OhnVTDxrOEdetq5uT8nY9J2updvIw4zP0Be0tcOcZ1n_ZvinW9ydwc-vqBPQzwqTjzUZK71bKm4UJ1rqIZALXuFExoTLu4PXATyjywa9x6O7qhceVHaxOqdGh-EyTl3ykEEZRSPUA9ycbTDXyuw8-PmAG7dFQLp0KMiURQbxXU5Ssa-m3jd21oSB6mxUpjuPk-ADFthlU_KfbaT6aZ1F54fUVEuYVa52GdY&refId=x%2FyV2oBX6KjI6444xAdURQ%3D%3D&trackingId=L51BXrbS7EG18Vv%2FiQC%2Fzg%3D%3D&trk=flagship3_search_srp_jobs,Progammer,Indonesia,"['agile', 'r', 'scala']",3,2026-05-05T03:01:24.331019
4406557717,Solution Engineer Intern (Next Level Internship),Mekari,"Jakarta, Jakarta, Indonesia (On-site)","About the job

The Next Level Internship program by Mekari is a highway for achievement-oriented young talents to #ElevateThroughImpact in a competitive and encouraging environment, where they get to contribute in raising Indonesia's software standard.

If you are:


A University student studying in Indonesia
At least in your 3rd semester of study, OR
An alumnus, max. 1 year after graduation



Send in your application now and start your journey to:


Experience working at Indonesia's no. 1 SaaS company
Get a min. 3-month period internship experience with your preferred team and role
Receive evaluations to keep your Next Level journey on track



By applying through this opening, you are applying specifically for the role of Solution Engineer Intern:

Job Description:


Develop, deploy, and maintain innovative new projects for internal tools / dashboards, leveraging both low-code/no-code platforms and custom code to accelerate delivery.
Design and build automation workflows across tools
Enhance, debug, and optimize existing projects and internal workflows to drive operational excellence and system scalability.
Ensure clean, maintainable code quality while actively participating in the continuous improvement of our development processes.
Work directly with business stakeholders to translate needs into practical and user friendly technical solutions
Help standardize and document processes to reduce manual work and errors



Requirements:


Ability to commit to a 6-month internship period.
Open to current undergraduate students, fresh graduates, and experienced professionals eager to contribute and expand their technical skill sets.
Background in Computer Science, Computer Engineering, Information Technology, or a related technical field.
Strong programming fundamentals with proficiency in JavaScript.
Hands-on capability and experience with modern frontend frameworks/libraries, specifically React, Next.js, or Vue.js.
Agile and dynamic quick learner with a proactive growth mindset.
Strong problem-solving skills, high adaptability, and the ability to thrive in a fast-paced, collaborative, and data-driven environment.
Comfortable using AI tools (e.g. ChatGPT, Copilot, etc.) to accelerate development, prototyping, and problem solving
Bias toward rapid experimentation over perfection
Curious and proactive in exploring new tools, workflows, and ways to optimize processes 



Duration: 6 Months Period

Still got any questions? Shoot us a DM on Instagram at @lifeatmekari

Good luck and we hope you make it to the Next Level of your journey with Mekari!

Mekari Next Level Internship Program: Pick Your Team, Pave Your Way",https://www.linkedin.com/jobs/view/4406557717/?eBP=NOT_ELIGIBLE_FOR_CHARGING&refId=x%2FyV2oBX6KjI6444xAdURQ%3D%3D&trackingId=XkwSOD9VodH0%2FvpWFikEZg%3D%3D&trk=flagship3_search_srp_jobs,Progammer,Indonesia,"['react', 'agile', 'java', 'r', 'javascript', 'scala', 'vue']",7,2026-05-05T03:01:29.032015
4175359134,Front-End Engineer,Roketin - PT Roketin Kreatif Teknologi,"Bandung, West Java, Indonesia (On-site)","About the job

Job Requirements

Job Requirements


Bachelor's degree or equivalent in Computer Science
At least 2 year of experience writing production code for clients
Familiarity using Scrum/Agile development methodologies
Mastering Git for Version Control System Management
Familiar with design tools such as Figma
Proficient understanding of web development, including HTML, CSS, JavaScript
Basic understanding of CSS preprocessors, such as LESS and SASS
Good understanding of software engineering principle, such as functional programming, design pattern, SOLID Principle and Clean Code
Have production-grade experience in building website with Vue or ReactJS framework.
Excellent understanding of VueJS or ReactJS syntax
Good understanding of cross-browser compatibility issues (Safari, Firefox, Chromium, and mobile browsers)
Excellent communication and problem-solving with technical teams, non-technical teams and clients
Have experience in connecting API to frontend
Have analytical skills in user interface, performance, and data integration
Have the initiative to be proactive and independent in projects and team activities
Have a positive and growth mindset toward developing technology
Basic understanding of unit testing


Job Descriptions


Collaborate with clients, users and other stakeholders to identify user needs and requirements.
Read, study and understand what systems are being worked on both technically and business through interviews with users / Project Managers or existing design documentation.
Design the software architecture, components, and interfaces that will meet those needs.
Conduct research on 3rd parties needed in application development
Participate in sprint events required by the team.
Responsible for writing code efficiently according to the programming language and standardization that has been determined.
Testing and debugging the software: to ensure that the application functions as intended and to make unit tests according to the test scenario to identify and fix problems.
Writing software technical documentation such as: function comments, minimum system requirements, API documentation, and user guides.
Conduct testing and ensure the application is in accordance with the initial design, before the application is deployed to server dev, demo and production.
Perform debugging to solve problems or bugs that occur and justify the application if an error is found.
Optimizing in terms of code, database, and assets in the form of images, videos, etc.",https://www.linkedin.com/jobs/view/4175359134/?eBP=NOT_ELIGIBLE_FOR_CHARGING&refId=x%2FyV2oBX6KjI6444xAdURQ%3D%3D&trackingId=zwXdsd0TEnFUib1orIdtLg%3D%3D&trk=flagship3_search_srp_jobs,Progammer,Indonesia,"['react', 'agile', 'java', 'scrum', 'r', 'javascript', 'git', 'vue']",8,2026-05-05T03:01:33.731225
4385200005,SAC Backend Engineer,ParagonCorp,"Jakarta, Indonesia (On-site)","About the job

Job Description

Design and develop efficient, reusable CDS Views to support analytics and reporting capabilities
Build and maintain data models in SAP BW S/4HANA for SAP Analytics Cloud (SAC) and Group Reporting, including calculations, hierarchies, and measures
Apply best practices in data modelling, query optimization, and performance tuning
Ensure consistency and integrity of business logic across SAC models and reporting layers
Collaborate with Finance, IT, and data analysts to ensure seamless integration between SAP data sources and SAC analytics solutions
Support data integration and transformation processes required for SAC analytics and planning use cases




Job Requirements

Minimum 3 years of hands-on experience developing SAP BI/BW, SAC, or related SAP analytics solutions
Proven expertise in CDS Views development and SAP data modelling techniques. 
Experience working with the SAP ecosystem, including S/4HANA, SAP BW, or SAP data structures
Strong understanding of SAP BW, SAC, and CDS Views architecture. 
Experience with SAC for Planning, including data integration, planning models, stories, and reports
Strong analytical and problem-solving skills with the ability to troubleshoot complex data and system issues
Ability to work collaboratively with both technical and business stakeholders. 
Familiarity with financial analysis concepts is a plus
SAC / SAP BW certification is an advantage",https://www.linkedin.com/jobs/view/4385200005/?eBP=CwEAAAGd9JH6fgcg58ROjYpSis0uSL1ubkXYPAkevs0gB__f7QZR3WUZWKXpEJBBnZVDi3EXEkZzf8mzMbgdXJjnguVz6BQ_LiE7srh2mwaAMlRf0vdYEyxMMxAAGXECM5XUCjYPB54trweQ9WWOJS_tWnrhiWsyyrGNBSFNVCxNbmoKBaOUuOafrr5CQ3K_J97mIEWfgKZNquNiKuXuObEMBh8AcPk7j3CWBjY9T78GtzHmIwwkGSRDt7hm4HJLPV_b_puYgp9Yrs3o821gYMq7kxXwoo5PHklLwjrU7y6Khu0o0QPbKuorGkuy0Z2OmhpbQ4RMwRajGNfaEEQ3Qi2rp4b8vmSVWJawJWhcvAgTD3hgb2ByZReHVbRffve_iAAWlJt-UXAUABcNB36ok3hg9qY7h1oY1p_iF_WLPuK5KyNER2y7PSAnX_euMO17r8hQMqq8xe6U5YYW3fkS2c-qQ3-3Nsp5yu08UAahsxbnOc9Dntxc&refId=x%2FyV2oBX6KjI6444xAdURQ%3D%3D&trackingId=FP8U3qnONETinOv62I66EQ%3D%3D&trk=flagship3_search_srp_jobs,Progammer,Indonesia,['r'],1,2026-05-05T03:01:38.412640
4394753044,XDR Security Engineer L2,Packet Systems Indonesia,"Jakarta, Indonesia (On-site)","About the job

Requirements:

Having a Bachelor's Degree in Information System (or similar Major) from a reputable university
Willing to work in an on-site configuration with a shifting working hour
Possessing a solid 2 years experience in managing Palo Alto's Cortex XDR product, with a focus on operation phase
Must possessed a valid Palo Alto's XDR certification for either ""Palo Alto's XDR Engineer"" or ""PCDRA""
Strong and proven portfolio in an IT-security tools, focusing in Endpoint security platform such as AV/EDR/XDR, Malware Anlysis, and other cyber-attacks defender
Able to work under preassure; excellent target fullfilment orientation within a constrained time-line
Good English capability, both for verbal and written




Job Description:

Working in a shift-basis to manage the client's Cortex XDR support in terms of policy management, endpoint alerts management, and blacklisting / whitelisting
Managing a device upgrade and post-production implementation service, based on feasibility findings
Preventive and corrective maintenance execution and following it up with their respective reports
Maintenance support which consist of troubleshooting, incident prevention, and consultative service in regards of the client's security posture
Actively research malware trends, especially zero-day attack malware
Assist in providing technical documents and best-practice manuals concerning the XDR system
Coordinate with operators regarding the preparation and required configuration during XDR implementation process",https://www.linkedin.com/jobs/view/4394753044/?eBP=CwEAAAGd9JH6fmmK9ag1ON2lIhj2O3z7X9UbPyieA3o9yvddZlX-i-foyI04lE65FIggBvCZBKVSzTzp8fhOXPH4bb7pByVajYNsBhOHWEBFLHBSOe2rHPwy-bndwSdK0lvfSdfNY7enSPXlZELafJ-NK9BIAiYfIZbKp5nTdMH-YwUtHAre2hEKf1h6PmDaNYeteEDoJR79XlenZgMSW_3nOd2m19jOYbvePye7Fwk0m_E0JA9dQHzBwGj7ZvajbsfOjtnlNt5zyD8O4e80RExE3eM8pORKtvKUKP4P966utcnbP6w8o4K3AWxo4t3369jhvIeiRkTgbr5g9RTrZwQNv4zZue-YwR3wUHJZzhW9l0WMPMf7kFJ4N44_f6fUXTDzHniPy7gqymoubG7VbabAQRw0Av5QO01gZsZWmxWMUboSDczFcjSqbObB_s5_1gqbVtRPCI_6BycpbKlz-VCpTJlVQ6J9tzAqNly8qAJ18uc3gwBK&refId=x%2FyV2oBX6KjI6444xAdURQ%3D%3D&trackingId=a%2BAfC1idjJUTZi9rx1yD8Q%3D%3D&trk=flagship3_search_srp_jobs,Progammer,Indonesia,['r'],1,2026-05-05T03:01:43.115918
4406978074,Oracle Retail Cloud Techno Functional Consultant-MFCS,Tata Consultancy Services,"Jakarta, Indonesia (On-site)","About the job

About TCS:

A purpose-led organization that is building a meaningful future through innovation, technology, and collective knowledge. We're #BuildingOnBelief.




Tata Consultancy Services (TCS) is a global leader in IT services, digital and business solutions that partners with its clients to simplify, strengthen and transform their businesses. TCS offers a consulting-led, integrated portfolio of IT, BPS, infrastructure, engineering and assurance services. We ensure the highest levels of certainty and satisfaction through a deep-set commitment to our clients, comprehensive industry expertise and a global network of innovation and delivery centers. For more information, visit us at www.tcs.com.




Requirements:




Must Have:

Oracle Retail MFCS Expertise

Strong hands‑on experience with Oracle Retail MFCS (Merchandising Financial Cloud Service) in Cloud environments.
In‑depth understanding of core merchandising financial concepts such as item/location hierarchy, cost, retail, margin, stock ledger, and financial reconciliation.
Experience configuring and supporting MFCS functionalities including foundation data, financial calculations, and batch processing.
Ability to analyze MFCS data flows and ensure data integrity across upstream and downstream systems.

Oracle Retail Functional Knowledge

Solid functional understanding of Oracle Retail suite, including:
RMS (Retail Merchandising System)
SIM (Store Inventory Management)
RPM (Retail Price Management)
ReIM (Retail Invoice Matching)
ReSA (Retail Sales Audit)
RTM (Retail Trade Management), where applicable
Understanding of end‑to‑end retail business processes such as procure‑to‑pay, order‑to‑cash, pricing, promotions, and inventory lifecycle.
Ability to translate business requirements into functional specifications and system configurations.
Experience in Pricing Cloud Services module (PCS)
Experience in Invoice Matching Cloud Services module (IMCS)

SQL / PLSQL

Strong expertise in SQL and PLSQL for data analysis, validation, reconciliation, and troubleshooting.
Ability to analyze complex queries, packages, procedures, and views used within Oracle Retail applications.
Hands‑on experience in resolving data issues related to financial postings, stock ledger, and accounting entries.

Unix / Batch Framework

Working knowledge of Unix/Linux environments used in Oracle Retail deployments.
Strong understanding of Oracle Retail batch programs, scheduling, dependencies, restartability, and error handling.
Ability to analyze batch failures, interface issues, and coordinate corrective actions.

Techno‑Functional & Customer Interaction Skills

Experience preparing Functional Design Documents (FDD) and Technical Design Documents (TDD) for Oracle Retail solutions.
Strong troubleshooting skills across functional, technical, and data layers.
Experience acting as SPOC for customer interactions, including requirement discussions, issue resolution, and status reporting.




Good to have:

Additional Oracle Retail Cloud Applications

Exposure to or working knowledge of other Oracle Retail Cloud modules, such as:
Pricing
ReIM
ReSA
SIOCS (Store Inventory Operations Cloud Service)
Understanding of cross‑module integrations and data synchronization within Oracle Retail Cloud ecosystem.

Implementation & Support Experience

Experience in end‑to‑end Oracle Retail implementations, including requirement gathering, design, SIT/UAT support, and production go‑live.
Strong background in production support, including incident management, root‑cause analysis, and service stabilization.
Familiarity with ITIL‑based support processes is an advantage.

Performance & Optimization

Knowledge of SQL performance tuning techniques, including execution plan analysis and query optimization.
Experience handling high‑volume retail transactional and financial data.

Oracle Cloud Infrastructure (OCI)

Basic to intermediate understanding of Oracle Cloud Infrastructure (OCI) concepts.
Familiarity with cloud‑based deployment, environments, and monitoring aspects related to Oracle Retail applications.

Soft Skills & Domain Exposure

Strong communication and stakeholder management skills.
Ability to mentor junior team members and provide functional guidance.
Prior experience in fashion or specialty retail domain is a plus.










Thank you for your interest in applying for this position with TCS. All applicants who meet the requirements will be considered equally and fairly for employment. TCS is an equal employment opportunity provider and does not differentiate applicants on any basis. If you are a person with a disability and need a reasonable accommodation to apply for this career opportunity, Please do connect with us on our linked In TCS Asia Pacific Handle and we will be happy to guide you further.




We will review your application and will get back to you if we are considering your interest in this opportunity!",https://www.linkedin.com/jobs/view/4406978074/?eBP=CwEAAAGd9JH6fgdry5pcKCOntFBGEEZavMXwJNrWVZPcBKF5Whh_uwrZMNdEw-4L1jmre_OPIndPCG96z7GqYLgUuJYkDY-BPiUZ4lOncb4d7NaA-ZySHCMQ-i1xvCdxjQPNH4rjQ7TmzgHjFavUlzj1PiuHSKlQE4NRp1a81W6U6TZ9JF49H9f4a50G92kEJtyv9Qx2I-ey1Ea-X9wO0qRGctnLGNbsafEz_hPtmS-m_cbSZswXwPENgpEsCPr0sak-Iytac1OggdNX-J_ClQKJPNxxuhn6ASiMWdvznknLTfRRc8M0PbvfisxLchtUe0X2HBkSH6jTfWJUqsRL2_JVZcq7eyIZHSYdvsDWczM_BIwjUvx1PK2GXBY3x0bPEsFaZzBFLFwkfwcsxVe9mWls9oeFsvzhiezrYMdMDY12oRe965ZRr4639tEyNcJ3IZZOTKNjzQUQuajVnBMBq-xOd4FOZxbkKfEfN3gUgt4oEr-f0A&refId=x%2FyV2oBX6KjI6444xAdURQ%3D%3D&trackingId=WL36oWLebRjSbzHZ5s%2BWmA%3D%3D&trk=flagship3_search_srp_jobs,Progammer,Indonesia,"['linux', 'r', 'git', 'sql']",4,2026-05-05T03:01:47.862106
4408270929,Head/ Manager Data Engineer,Michael Page,"Surabaya, East Java, Indonesia (On-site)","About the job

Work for a leader in the property industry
Work for a company that values innovation and creation


About Our Client

Our client is a leading player in the property industry, with a significant presence in Indonesia. They are committed to leveraging technology and data to enhance operational efficiency and deliver value to their stakeholders.

Job Description

As a Data Engineer Manager, your main responsibilities will include:


Define and execute the company's data strategy aligned with business vision and objectives
Lead and develop the data organization, including Data Engineers, ETL Developers, BI Developers, and Data Analysts
Design and oversee scalable data architecture, including data warehouses, data lakes, data marts, and operational data stores
Ensure reliable, efficient, and scalable data pipelines for ingestion, transformation, and delivery
Drive the development of dashboards, reports, and advanced analytics to meet business needs
Establish and enforce data governance, quality, security, and integrity standards
Partner with business stakeholders to translate requirements into data‑driven solutions
Identify opportunities to leverage data for operational efficiency, optimization, and business growth
Monitor performance of data platforms and continuously improve processes, tools, and technologies
Manage data project priorities, timelines, and delivery quality


The Successful Applicant 


5-8 years of experience in data‑related roles (Data Engineering, BI, Analytics), with 2-3 years in a leadership position
Hands‑on experience designing and managing enterprise data architectures
Strong experience building and managing ETL/ELT pipelines using tools such as SSIS, Talend, Pentaho, or modern equivalents
Advanced knowledge of databases (RDBMS and NoSQL), data modeling, and SQL performance optimization
Solid understanding of data governance, data quality, and data security practices
Experience with BI and visualization tools such as Power BI, Tableau, Looker, or similar
Exposure to cloud platforms (AWS, GCP, Azure) and big data concepts is a plus
Experience with advanced analytics or data science is an advantage
 What's on Offer


Opportunity to lead a high-impact data team in a prominent property organisation.
Collaborative and technology-focused work environment.
Professional development opportunities to grow your expertise.


Contact

Quote job ref: JN-042026-7005086",https://www.linkedin.com/jobs/view/4408270929/?eBP=CwEAAAGd9JH6ftH48AL0HkoHrd0WruBTq2zlOgPrVLhJ-jdrSSDaI4jCqpgre1tMf4jsNq51OFaIfNA8x07t_EK-tABCQaBv6f21rf1fHYBAV0-cKmVomhpltAqiXxxL_bxZDelknzPTxEm-9d_OAMGNriPLcUWu6IF-m5Fb_BUuGVJ3c1wCrhwNRqdycPYuvq1mXRon_f8gLmIqSIDxeOqIjd457cqRuZCp338ElaURmUc39-lZAbsgcAfmaohtuuQ_2VU4ohys1FdXZQ3v8n2PLvCCgVp53GcFD-gEvX0cgO8t4meEYb2yRUXH6FGTj-cNIKj__QqX5AXQpDDlklypKDgWZhTi4OzC902Bs2P9RH3D8Vt7pzuOOuOMEJp5KG3tKa17fp-v_yUzHmTMrNtezvF4fTSpRtYy099cXEnOFPje-81d8hcVOUZCTgH1APf3STwM03EuttK-ag&refId=x%2FyV2oBX6KjI6444xAdURQ%3D%3D&trackingId=h4%2BcLpravUnKoIOPWNv5pA%3D%3D&trk=flagship3_search_srp_jobs,Progammer,Indonesia,"['gcp', 'power bi', 'azure', 'r', 'aws', 'sql', 'scala', 'tableau']",8,2026-05-05T03:01:52.578335
4404741448,Senior Cloud Engineer,PERSOL APAC,"Jakarta, Indonesia (On-site)","About the job

Requirements:

AWS Certified Migration & Modernization (Specialty) — Highly Preferred.
AWS Certified Solutions Architect – Professional.
5+ years of experience in IT infrastructure, with at least 2 years focused specifically on AWS migrations.




Responsibilities:




1. Discovery & Assessment (Phase: Assess)

Perform deep-dive infrastructure discovery using AWS Application Discovery Service and Migration Evaluator.
Map complex application dependencies and create ""Migration Waves"" based on business criticality and technical readiness.
Conduct TCO (Total Cost of Ownership) and ROI analysis to justify migration paths to stakeholders.




2. Migration Execution (Phase: Mobilize & Migrate)

Design and deploy secure AWS Landing Zones using Control Tower and Terraform/CDK.
Execute large-scale server migrations using AWS Application Migration Service (MGN).
Perform database migrations (RDS/Aurora) with zero-to-low downtime using AWS Database Migration Service (DMS) and Change Data Capture (CDC).
Automate migration workflows using AWS Migration Hub Orchestrator.




3. Modernization & Refactoring (Phase: Modernize)

Containerize legacy applications for Amazon EKS or AWS Fargate to improve scalability.
Leverage Amazon Q Developer (AI) to analyze legacy code and accelerate the refactoring of Java/.NET/Python apps into microservices.
Replace legacy file systems and storage with high-performance Amazon FSx or S3 Data Lakes.




4. Governance & FinOps

Implement ""Security by Design"" using IAM Identity Center, AWS GuardDuty, and Security Hub.
Optimize post-migration costs by rightsizing instances and implementing AWS Compute Optimizer recommendations.
Ensure all migrated workloads meet global compliance standards (SOC2, GDPR, HIPAA)",https://www.linkedin.com/jobs/view/4404741448/?eBP=CwEAAAGd9JH6ftXItdij0peE-v3mdqTywSKSERVdTPTB2on0t2tPhdt9khKz9qrtXkD6DIM1JnIK0YXXMWlCQQKKeb_0QE3cPhDyaT7Ef_kxYmYaxAxwxTVdayuP-aOr5InXpC2zJDR_n6M5Cs2NI-khvUB32iDA1VnxUZA4nltsWhem8ASE1KRFf6of7GqWORv_oMZVjvilH1IWf4K8t6xV_l0hIszK7tTUSchL1lCuXnezQ8--IdFaPEsM_y0FJKELInjzrMndQgy7LNxxX-8CbNxyDdVfIt0_Z7f5hy7Uc7XHg1_ILplshd5TQTh3oH7uhWn-k-2m5JA-ArhjanSQXnWxRwTyLYGFJAexeQ5jRx9dhPh-5NgnAhCmd5U9EfLcMBpcge8tSsPuszwg6YkKLtUvm8auby036FqM3dxQWsyWaTm7oIl7itaGHYgrLIodqhYeWuNRmfzUgEJJZNRgsTcAJurpB_phum_Ulgng9DitIBjQ&refId=x%2FyV2oBX6KjI6444xAdURQ%3D%3D&trackingId=wNFDybjDIH90IVelVt%2F5TQ%3D%3D&trk=flagship3_search_srp_jobs,Progammer,Indonesia,"['java', 'r', 'python', 'aws', 'scala']",5,2026-05-05T03:01:57.276560
4346239502,SWE Infrastructure Specialist (JS/TS/Python) – Freelance AI Trainer Project,"Meridial Marketplace, by Invisible",Indonesia (Remote),"About the job

Are you a software engineer with deep infrastructure expertise and a systems-level mindset eager to shape the future of AI? Large-scale language models are increasingly responsible for reasoning about real-world systems, cloud architectures, and performance-critical infrastructure. With high-quality expert training data, tomorrow’s AI can better design, evaluate, and operate complex software systems at scale. That training data begins with you.

We’re looking for SWE Infrastructure Specialists fluent in JavaScript, TypeScript, and Python who specialize in systems thinking, software and infrastructure architecture, performance optimization, and quality engineering. You’ll challenge advanced language models on realistic infrastructure and platform scenarios involving cloud design, Infrastructure-as-Code abstractions, deployment workflows, scalability constraints, and failure modes. This work focuses on evaluating how models reason about architectural tradeoffs, abstraction layers, environment isolation, state management, and reliability across distributed systems.

On a typical day, you will converse with the model on infrastructure and platform engineering tasks using JavaScript, TypeScript, and Python, verify architectural soundness and logical correctness, assess code quality and testing strategies, analyze performance bottlenecks and deployment risks, capture reproducible failure cases, and suggest improvements to prompt design and evaluation metrics to strengthen model reasoning.

A bachelor’s, master’s, or PhD in computer science, software engineering, or a closely related technical field is ideal. Real-world experience in cloud platforms, infrastructure engineering, platform or DevOps roles, performance analysis, or QA practices strongly signals fit. Clear technical communication and the ability to clearly articulate system-level reasoning and tradeoffs are essential.

Ready to turn your engineering expertise into the knowledge base for tomorrow’s AI? Apply today and start teaching the model that will teach the world.

We offer a pay range of $80-to-$150 per hour, with the exact rate determined after evaluating your experience, expertise, and geographic location. Final offer amounts may vary from the pay range listed above. As a contractor you’ll supply a secure computer and high-speed internet; company-sponsored benefits such as health insurance and PTO do not apply.

Job title: SWE Infrastructure Specialist (JS/TS/Python) – Freelance AI Trainer Project

Employment type: Contract

Workplace type: Remote",https://www.linkedin.com/jobs/view/4346239502/?eBP=CwEAAAGd9JH6fhUvKbYquQHNwORXGCM4iE3ZsHdK31TG2HhxessDwpdaRnkMhTgL5a0bZrfu4LkCCvI_Hj3fqt2VVCEI0tExUwMzNdVC43VjJcRmuROPfz-kPMgBS-P2FO9-qSHQ5g25PBFmEIxqfkbHRrXtplVBsSrH17RcTJcyzr3Ke8ALfrK4_6bcOyKwEsi6lENWbvbC5M7tqCf8BNYpoxTdwGMKF_-skdu1E0hZzi81ayeDZHoD9IIMG247JcgOemWKWNIXCkr1PrqzLtOxGo93b7IBf1KO-7CWE-EMfpW0s6ctIsdcZBuHsGBLg8fYymsRLle26SwaGznSITWViTe1Gnfgctk990GaU_qQlwlsI_iClWG6zExdyS5pyNcOYLGQzAsAg0yerQMP67usX7hcjxusT7Be9Sg9L__DZxJpBIplFf1Gr6v3WLbAD0zqLJmTMO5UpNGb1ysa6xh5e4mN&refId=x%2FyV2oBX6KjI6444xAdURQ%3D%3D&trackingId=CgNwS2bSvom6AmcbaqaUpg%3D%3D&trk=flagship3_search_srp_jobs,Progammer,Indonesia,"['typescript', 'java', 'r', 'python', 'javascript', 'ios', 'scala']",7,2026-05-05T03:02:01.985491
4133592890,Medical Artificial Intelligence (AI) Engineer,PT DAYA CIPTA MANDIRI SOLUSI,"Bandung, Banten, Indonesia (On-site)","About the job
This job is sourced from a job board. Learn More

Requirements

Skills and Qualifications

Technical Expertise

Strong proficiency in programming languages like Python, R, or Java.

Experience with machine learning libraries and frameworks

Understanding of deep learning architectures and model training techniques.

Familiarity with cloud computing platforms (AWS, Azure, GCP) is a plus.

Domain Knowledge

Basic understanding of medical terminology and healthcare processes.

Ability to interpret and analyze medical data responsibly.

Additional Skills

Excellent communication and collaboration skills.

Problem-solving and critical thinking abilities.

Attention to detail and strong work ethic.

MSc or PhD in Computer Science, Engineering, or a related field, with experience in AI, is preferred.

Responsibilities

Responsibilities

Design, develop, and implement cutting-edge AI solutions for a range of healthcare challenges, including disease prediction, clinical decision support, and medical image analysis.

Collaborate closely with clinicians, data scientists, and software engineers to ensure your solutions meet the needs of the healthcare community.

Build and maintain robust data pipelines for ingesting, cleaning, and pre-processing medical data.

Develop and train machine learning models using supervised and unsupervised learning techniques.

Evaluate and optimize model performance, ensuring real-world applicability and clinical relevance.

Participate in the deployment and integration of AI solutions into clinical workflows.

Stay up-to-date on the latest advancements in medical AI and contribute to the ongoing development of our AI capabilities.",https://www.linkedin.com/jobs/view/4133592890/?eBP=NOT_ELIGIBLE_FOR_CHARGING&refId=x%2FyV2oBX6KjI6444xAdURQ%3D%3D&trackingId=akWgTbgY4zfjObjXywPFSw%3D%3D&trk=flagship3_search_srp_jobs,Progammer,Indonesia,"['gcp', 'azure', 'java', 'r', 'python', 'aws']",6,2026-05-05T03:02:06.691335
4402870929,Senior DevOps Engineer,Liven,"Jakarta, Indonesia (On-site)","About the job

About the role







As a Senior DevOps Engineer at Liven, you’ll lead efforts to ensure the performance, scalability, and reliability of our cloud infrastructure. You’ll work across AWS and GCP environments, enhance CI/CD systems, and support the deployment of containerized services at scale. This is a high-impact role where you’ll own end-to-end technical solutions, collaborate with cross-functional teams, and help lay the foundation for Liven’s next stage of growth.







What you'll do

Ensure Infrastructure Uptime: Maintain and improve system uptime and reliability across AWS and GCP environments.
Production Support: Provide on-call support and resolve recurring issues with scalable, long-term solutions.
Collaboration: Partner with engineering teams to design scalable, secure, and maintainable infrastructure.
CI/CD Development: Improve and manage CI/CD pipelines using tools like GitLab CI, GitHub Actions, and BuildKit.
Deployment Management: Enhance and troubleshoot Kubernetes, ECS, and Jenkins deployments.
Infrastructure Ownership: Build and maintain Liven’s core infrastructure to support rapid product and team growth.
Observability: Implement robust monitoring, alerting, and dashboarding with tools like Datadog and CloudWatch.
Optimization: Identify and address opportunities to improve performance, cost-efficiency, and system resilience.
Full Ownership: Take projects from architecture and implementation through deployment and post-release support.
Cross-Team Communication: Align DevOps initiatives with product goals through proactive communication with stakeholders.




Qualifications

5+ years of experience in DevOps or SRE roles, managing production infrastructure on AWS and/or GCP.
Proficiency in Infrastructure as Code using Terraform.
Expertise in CI/CD pipelines and DevOps best practices.
Strong scripting skills in Python, TypeScript, or Shell.
Deep experience with Kubernetes and container orchestration at scale.
Familiarity with monitoring and alerting tools like Datadog and CloudWatch.
Strong grasp of SRE principles, SLAs, and system ownership.
Solid knowledge of Linux environments and cloud security best practices.




Good to Have

Experience with Azure or multi-cloud setups.
Exposure to serverless architectures (e.g. AWS Lambda).
Familiarity with configuration management tools like Ansible or Chef.
Knowledge of network security and compliance frameworks.
AWS or GCP certifications.",https://www.linkedin.com/jobs/view/4402870929/?eBP=BUDGET_EXHAUSTED_JOB&refId=x%2FyV2oBX6KjI6444xAdURQ%3D%3D&trackingId=RkckGwJDkRHVdF0a2tyQ7Q%3D%3D&trk=flagship3_search_srp_jobs,Progammer,Indonesia,"['gcp', 'linux', 'azure', 'typescript', 'r', 'python', 'git', 'aws', 'scala', 'kubernetes']",10,2026-05-05T03:02:11.420219
4406374715,Salesforce Developer,Avensys Consulting,"Jakarta, Indonesia (On-site)","About the job

Avensys is a reputed global IT professional services company headquartered in Singapore. Our service spectrum includes enterprise solution consulting, business intelligence, business process automation and managed services. Given our decade of success we have evolved to become one of the top trusted providers in Singapore and service a client base across banking and financial services, insurance, information technology, healthcare, retail and supply chain.




We are hiring skilled Salesforce (Core) Developer responsible for designing, building, and maintaining RPA and PowerApps solutions within Digital Finance, combining low-code expertise with strong software development principles to drive efficient and scalable automation. More details as below:




Job Summary:

A hands-on Salesforce Developer role focused on designing, building, testing, and deploying scalable enterprise solutions by translating business requirements into high-quality technical implementations while collaborating with global teams and contributing to complex, high-impact projects




Role: Salesforce (Core) Developer (Contract)

Contract Start: 1 Year




Job Requirements:

• Must have experience developing on the Salesforce Lightning Platform;

• Solid understanding of Salesforce data modeling, automation tools (Flows, validation rules), and security model;

• Experience building custom business logic using Apex, including triggers, batch jobs, and schedulers;

• Experience developing Lightning Web Components (LWC) and integrating with Apex controllers;

• Exposure to system integrations with Salesforce using REST/SOAP APIs and external services;

• Understanding of Salesforce development lifecycle, including source control, CI/CD, and deployment best practices;

• Ability to work directly with stakeholders to clarify requirements and propose technical solutions;

• Experience working in Agile delivery teams and contributing to sprint planning, estimation, and retrospectives;

• Strong problem solving skills with attention to code quality, performance, and maintainability;

• Demonstrated commitment to teamwork, collaboration, and continuous learning.




Desired Skills:

• Salesforce Certified Platform Developer I (required);

• Salesforce Certified Administrator or Platform App Builder (preferred);

• Salesforce Certified Platform Developer II (a strong plus);

• Additional certifications such as Sales Cloud Consultant or Service Cloud Consultant are an advantage.




Job Responsibilities:

• Designing, developing, testing, and deploying Salesforce solutions using Apex, Lightning Web Components (LWC), Flows, and declarative configurations;

• Translating functional and technical requirements into maintainable, scalable Salesforce solutions;

• Implementing core Salesforce features across Sales Cloud, Service Cloud, and custom objects;

• Developing integrations with external systems using REST/SOAP APIs, Platform Events, and asynchronous processing;

• Applying Salesforce security best practices, including profiles, permission sets, sharing rules, and role hierarchy;

• Writing clean, reusable, and well-documented code following Salesforce and object oriented programming best practices;

• Supporting SIT, UAT, deployment, and post go live stabilization (hypercare);

• Identifying technical risks, performance considerations, and proposing appropriate solutions;

• Collaborating with Technical Architects, Business Analysts, and Project Managers to deliver end to end solutions;

• Contributing to technical documentation such as technical designs, configuration workbooks, and deployment notes;

• Coaching junior developers and contributing to team knowledge sharing and continuous improvement.




If you are interested kindly share you latest resume.




WHAT’S ON OFFER:




You will be remunerated with an excellent base salary and entitled to attractive company benefits. Additionally, you will get the opportunity to enjoy a fun and collaborative work environment, alongside a strong career progression




To submit your application, please apply online or email your UPDATED CV in Microsoft Word format to Shilpi.Gupta@aven-sys.com Your interest will be treated with strict confidentiality.




CONSULTANT DETAILS:

Consultant Name : Shilpi Gupta

Avensys Consulting Pte Ltd

EA Licence 12C5759




Privacy Statement: Data collected will be used for recruitment purposes only. Personal data provided will be used strictly in accordance with the relevant data protection law and Avensys' privacy policy.",https://www.linkedin.com/jobs/view/4406374715/?eBP=CwEAAAGd9JH6fiIz32OFJJei5WtzavSeBcnZ74aT6B0XymxO0SCUE6YFFayBP__V8_7lBbmOGLqumY6uvaJsL87ZQTADpPi11NmjhG1HhK-Nj6vm84joO9qK7Nqs5JiYDyG6Wk3XmphGH3if61S-9kGs9uJzMoagUJs8RlBazGqVHNO_D65zXhzDU0Ci5p-Y9v55E7_TXr9e2XfPmEVBEeX8ebbOk2HBz4WTLjTWQrD3KrAZa5Ud62BGFQDjh_AjR_RrwPME4Ln-W853DMVX0DuLVLdXLzaYpkFcDOnhWzEow5lUH2f19z12Ba2TcsOh4obLjGItBe-sjLXmzKbol7AA1xT4OxGZGKJ4fnFcF148_917AAK5tgekA7OGY5t3rS8mbBbLy0EJFbnaxBvYBH2MFuXSB2rLlHM8yXBMS8q-5ALK4uPsQbGvcSRhA-6cGHNTxhWDt4EIPcn6_jcnqU5VonSfCjSwpFktx-w5LM_cTNs_SyLJ0wU&refId=x%2FyV2oBX6KjI6444xAdURQ%3D%3D&trackingId=o4dm2SWLxt8TUhu3Th4Vpg%3D%3D&trk=flagship3_search_srp_jobs,Progammer,Indonesia,"['rust', 'agile', 'r', 'git', 'scala']",5,2026-05-05T03:02:16.142729
4401705739,Odoo Developer,Waterbom Bali,"Bali, Indonesia (On-site)","About the job

Role Summary

We are looking for an Odoo Developer to take technical ownership of our Odoo ERP platform (ticketing, RFID, POS, Finance, Retail, F&B, Sales & Marketing). You will work side‑by‑side with the Odoo Functional/Business Analyst and our external vendor to build, fix, and improve custom Odoo modules, integrations, and reports that are critical to day‑to‑day park operations.




This is a hands‑on coding role: you will read and write Odoo modules, debug production issues, and implement changes in a controlled, test‑driven way.




Key Responsibilities

Custom Development & Module Ownership

Develop and customize Odoo modules (Python, XML, JS/QWeb) based on agreed functional specs (POS, Ticketing, RFID, Finance, Inventory, F&B, Marketing).
Maintain and refactor existing custom code delivered by the vendor to improve stability, readability, and performance.
Implement small to medium change requests (new fields, workflows, wizards, reports, dashboards) without over‑customizing core Odoo.




Bug Fixing & Production Support

Investigate and fix urgent bugs in WB’s custom Odoo code (including POS, ticket validation, refund logic, settlement flows).
Work with the Functional/Business Analyst to reproduce issues, isolate root causes (config vs data vs code), and provide clear technical explanations.
Implement hotfixes safely (using staging and rollback plans) and document all changes.




Integrations & Technical Troubleshooting

Build and maintain integrations between Odoo and external systems (OTAs, payment gateways/EDC, RFID/gate systems, e‑commerce, marketing tools).
Troubleshoot API failures, timeouts, and data sync issues; add monitoring and logging where needed.
Work with the technical lead on performance tuning (workers, caching, SQL queries) and environment-level issues.




Technical Design, Code Quality, & Documentation

Design solutions that respect Odoo architecture and keep a clean separation between custom modules and standard code.
Follow best practices for version control (Git), branching, code reviews, and deployment pipelines.
Produce and maintain technical documentation for custom modules, data models, and integrations.




Testing & Release Management

Write and maintain unit tests / basic automated tests where feasible; at a minimum, ensure robust manual test scripts for critical flows.
Support UAT: prepare test data, fix defects, and iterate quickly based on feedback from key users.
Participate in planning and executing releases (staging, smoke tests, rollback procedures).




Collaboration & Continuous Improvement

Work closely with the Odoo Functional/Business Analyst to understand business requirements and constraints.
Coordinate with the external vendor on bigger changes, upgrades, and complex incidents, using your technical analysis to push for precise fixes.
Proactively suggest technical improvements that reduce downtime, simplify maintenance, and improve data quality.




Requirements

3+ years of hands‑on experience as an Odoo Developer (or strong Python developer with at least 2 years focused on Odoo).
Solid experience building and customizing Odoo modules in Python (models, business logic) and XML/QWeb (views, reports).
Strong understanding of Odoo framework: ORM, security (record rules/access rights), workflows, scheduled actions, and multi‑company/multi‑currency concepts.
Experience integrating Odoo with external systems via REST APIs (JSON/XML), webhooks, or middleware.
Comfortable working with PostgreSQL (basic querying, indexing awareness, understanding of Odoo schema).
Familiarity with Git and standard SDLC practices (branching, merge requests, code review, tagging).
Proven track record of troubleshooting production issues in Odoo (performance, deadlocks, broken flows) and delivering stable fixes.
Able to communicate clearly in Bahasa Indonesia and working English; able to explain technical topics in simple terms to non‑technical colleagues.",https://www.linkedin.com/jobs/view/4401705739/?eBP=CwEAAAGd9JH6fqBgDRpQXLfgqJPbng_d8xacIav9393d8WWenicJBMHkF__tNPrksrYydHEVxbbdZTcEgZQcwMAC1UKgb0EPFIcWpJ0U7BQjWIbncnvZVfGYTfderYyw1GMNGuubIFCOw7-aPfINyIw06G0AXz3MZkO6KPnK3NPzWVBXHLcnEQ9_iF02-RLteaSe3DlgHZjxgedbWuuYfXmkQqm0v0EnezUNqLZAuHuJzoa6E6XBfYtLZ_XeeMxw9sqZKTh76dVcuWVbNNXAoQzadQ-Qzf2a-q62ZWgyFH8eCobtogAnMuRNH7MpawHp_-fxL5XXoCDUbeS-FWUEj_-oUKlQO9nUmbBYTdKTkGHNnnZ8RN5UtbqbO6UQ-ACGZxxNjDhMu2CLnm0HLzgWChDSbk5nB70aAr10NlTA8QQdQKhSL4SJOxHiLEs-zBpvtvx2F2c4K9v0Jz7MHN6pP4LoOGg8hHkOi12em_1GrJpWckvZ8gwass865g&refId=x%2FyV2oBX6KjI6444xAdURQ%3D%3D&trackingId=5krbrnCd8AHxkpw4A868RA%3D%3D&trk=flagship3_search_srp_jobs,Progammer,Indonesia,"['r', 'python', 'git', 'sql', 'postgresql']",5,2026-05-05T03:02:20.908920
4406259708,Quality Assurance Automation Engineer - Katalon (Malang),PT Adicipta Inovasi Teknologi,"Malang, East Java, Indonesia (Hybrid)","About the job

JOB DESCRIPTIONS:

Design, developing, and maintaining automated test scripts for web and mobile applications using industry-standard test automation tools and frameworks
Execute automated test suites for functional, and regression testing
Collaborate with the team to continuously optimize and improve existing test automation scripts for efficiency and reliability.
Work closely with senior Test Automation Engineers, Quality Control (Software Tester), software developers, and Product Owners to understand software requirements and ensure comprehensive test coverage
Actively participate in team meetings, knowledge-sharing sessions, and training programs to enhance skills
Contribute to the development and improvement of QE/QA processes, methodologies, and best practices
Review and provide feedback on test plans, test cases, and other QA documentation to ensure accuracy and completeness
Provide technical assistance to troubleshoot and resolve issues related to automated test scripts and testing environments
Collaborate with the team to identify and address software defects, performing root cause analysis
Maintain detailed and organized records of test results, defects, and test coverage
Assist in preparing test summary reports and documentation for internal and external stakeholders




REQUIREMENTS:

Bachelor’s degree in Computer Science / Information Technology
Minimum 2-year experience in test automation development for web application
Experience in coding using Java or JavaScript programming language
Have knowledge in using test automation tools and frameworks, such as Katalon, Appium, etc
Possess basic knowledge of using SQL statements and API testing (e.g., using Postman, Swagger)
Familiarity with software testing principles and methodologies is a plus
Knowledge of version control systems (e.g., Git) is a plus.
Strong analytical and problem-solving skills with a keen attention to detail
Excellent communication skills and ability to work collaboratively in a team environment
Enthusiasm for learning and staying updated with the latest trends and technologies in software testing and test automation
Able to shifting WFH and WFO in Malang",https://www.linkedin.com/jobs/view/4406259708/?eBP=CwEAAAGd9JH6fh6dSh8OhnNDmgQotuGW9haLc5DTttGnH91s49OFrx0ka4vyjfL-8MBb-AQ4CNnIJVBmmuFC3vBqgpcuc1hp4y40Ku0rAUUzYaF5O3bi-JDvGNzv4AdEADyctN86i1K-1x2QJB0RSvIXI4q4KEpsSvpPvjLxcwHkSBn0GjKW_O0opXtQKLNjGXGys4goIg_lGtLnTUB3CVFyUEIyujAyeOwcJxSvn16YsQ_-UQ2-AcuLJkHFUROcluUuYwxbZBNfnzbeDNzv1eHf50aDS2n_2pxC4Po-uzN74zbGHnhdbcM4lem081xspReHJao_U_0bRt0NTMGEJBKbu-9UIq7e0bjDlmduNFq-9E2_fxWpyEAw24IJ9mSMjUvi99pAz4uJaidj1NtN-ehA2tV4vS3iX72yuCnTMfaLsCvqDR5p_tWyLDLqVe8dsMdp5m8BYelgIDb6BzuOi6PTRTPMgg3Oqu5XcMLgocFrcgQVDQm0AHg&refId=x%2FyV2oBX6KjI6444xAdURQ%3D%3D&trackingId=cdKkK9iC7v79RN%2FPxxWSuw%3D%3D&trk=flagship3_search_srp_jobs,Progammer,Indonesia,"['java', 'r', 'javascript', 'git', 'sql']",5,2026-05-05T03:02:25.612204
4356202996,Full Stack Developer Laravel,Vascomm,"Sidoarjo, East Java, Indonesia (On-site)","About the job

 Company Overview""Vascommers"" aim to deliver BRIGHT solution for your business. We have established partnerships with telecommunication companies and banks to build and develop a branchless banking system, server-based e-money system, and internal information systems. We enhance the experience of many business lines who need to grow and spread their market area towards many cities in Indonesia. Vascomm also working in the field of Internet of Things (IoT) to develop future technology like smart homes/office and smart city. At Vascomm, we believe that everything can be enhanced.We're looking for full-stack engineers to develop virtual account platform in the financial technology business. The person will be helping the back end and front end development of the platform and are a critical part of the success of the development.Employee Benefits8 Hours flexible Working Time Fun working placeSupport and Clear Supervision Competitive SalaryOvertime and Business Trip Fees Health Insurance Program Project commission Bonus Based Program Employee Training and DevelopmentCareer Path

Responsibilities


Responsible for developing the application both front end and back end
Providing the recommendation in the process of requirement preparation and gathering regarding the development of application in collaboration with Business Analyst and Project Manager
Analyze application development in collaboration with System Analyst
Carry out development processes and application customization
Responsible for the development testing process on the application to fit the design and business requirements in collaboration with the Quality Assurance team
Carry out other tasks that are given directly by superiors related to work.


Requirement


Educational degree in Information Engineering or System Information.
Have development experience using frameworks: laravel and express.js
Experience as a fullstack or backend developer for 1 year
Having experience in Postgresql
Having experience making unit testing
Understand how to optimize the query.
Having advance knowledge on database queries an functions such as tirgger and stored procedure.
Understand how to configure a database environment for development and production purposes.
Able to define database structure patterns, storage structures, and access methods.
Able to analyze and anticipate system requirements.
Being able to analyze security holes that arise from databases created.
Understand API programming concepts
Mastering Mobile Android (fluter) is a plus.
Self-organized and committed.",https://www.linkedin.com/jobs/view/4356202996/?eBP=NOT_ELIGIBLE_FOR_CHARGING&refId=x%2FyV2oBX6KjI6444xAdURQ%3D%3D&trackingId=X%2Fb7iSzlMxCK%2Bc0FoeT7EA%3D%3D&trk=flagship3_search_srp_jobs,Progammer,Indonesia,"['express', 'r', 'sql', 'postgresql', 'android']",5,2026-05-05T03:02:30.346997
4404399221,AI Product Specialist,BOSNET Distribution Indonesia,"Jakarta, Jakarta, Indonesia (On-site)","About the job
This job is sourced from a job board. Learn More

Create high-level AI solution design based on customer business needs
Analyze and validate business requirements from Sales/BC
Oversee system design created by IT BA/Solution Designer
Ensure solution feasibility with Developer and Project Manager
Provide product improvement insight and standardization
Update progress to Lead and Project Manager


Minimum Qualifications


Minimum Bachelor Degree in Computer Science/Information Technology/Engineering/Information Systems or related field
Have minimum 1 or 2 years experience as IT Business Analyst / Solution Architect / Product Owner / System Analyst for AI Products
Strong understanding in business process flow, database concept and system integration
Strong analytical, conceptual and problem solving skill
Good communication, leadership, and high ownership
Willing to work from Tebet, Jakarta Selatan",https://www.linkedin.com/jobs/view/4404399221/?eBP=NOT_ELIGIBLE_FOR_CHARGING&refId=x%2FyV2oBX6KjI6444xAdURQ%3D%3D&trackingId=yyK8OeGhDY9jNgJqCLKU0g%3D%3D&trk=flagship3_search_srp_jobs,Progammer,Indonesia,['r'],1,2026-05-05T03:02:35.036235
