id,title,company,location,job_description,job_url,salary,search_role,search_location,extracted_skills,skills_count,scraped_at
91778257,Software Engineer Intern,PT Adira Dinamika Multi Finance Tbk,,"Kualifikasi :

Program Studi: Teknik Informatika/Sistem Informasi/Teknik Komputer/Rekayasa Perangkat Lunak

Minimal semester 5 di Universitas/Perguruan Tinggi atau mengikuti ketentuan program magan dari masing-masing Universitas/Perguruan Tinggi (S1/D4/D3).

Pernah terlibat dalam membangun system atau aplikasi (backend API/ web front end /mobile) dengan bahasa pemrogaman diutamakan : Java/ PHP/ JS/Python

Pernah terlibat dalam pembuatan dokumentasi terkait system atau aplikasi

Bersedia Full WFO from Sudirman, Jakarta Selatan



Tugas:

Membantu dalam pengembangan aplikasi dalam tim IT Dev SSD (core and satelite)

Membantu proses mulai dari unit testing dan functionality testing dalam Pengembangan Aplikasi

Melengkapi Dokumentasi Teknis sesuai kebutuhan Project",https://id.jobstreet.com/id/job/91778257,,IT Support,indonesia,"['python', 'php', 'r', 'java']",4,2026-04-28T10:44:00.124598
91530036,Presales IT Security,Cyber Sinergi Indonesia,,"Bachelor's degree in Information Technology (S1)

Understanding of Security fundamentals, security protocols and analytical skills

Minimum of 3 years experience in related position

Experience with Solution Design & Technical Proposal

Lead, demonstrate, and conduct PoCs to prove solution effectiveness to prospective clients

Familiar cybersecurity tools such as PAM, IAM, EDR, SIEM, Firewall

Good communications skill in English",https://id.jobstreet.com/id/job/91530036,,IT Support,indonesia,['r'],1,2026-04-28T10:44:04.423514
91777382,IT System Analyst / Solution Architect,PT ELISTEC INFORMATIKA UTAMA,,"Jobdesk

Melakukan analisis proses bisnis asuransi retail untuk diterjemahkan ke dalam kebutuhan teknis sistem.

Merancang arsitektur integrasi antara MyTugu, TICS, dan aplikasi lain yang saling berkaitan agar pengakuan produksi dapat berjalan secara otomatis dan optimal.

Menyusun dokumen desain sistem (Technical System Design) dan pemetaan data (Data Mapping) dari MyTugu ke database TICS.

Memberikan rekomendasi solusi teknis terkait efisiensi infrastruktur




Kompetensi utama

Pengalaman minimal 5–8 tahun sebagai IT System Analyst / Solution Architect

Mampu merancang dan menganalisis arsitektur sistem terintegrasi

Pengalaman merancang dan mengelola integrasi sistem berbasis RESTful API (JSON)

Memahami pengembangan aplikasi berbasis: PHP Laravel, Vue.js/React, dan Database PostgreSQL.

Memahami konsep Transaction processing, Data consistency, dan Error handling & retry mechanism.

Mampu membuat dan menjelaskan System flow diagram, Data flow, dan integration flow

Familiar dengan microservices atau modular architecture

Terbiasa bekerja secara kolaboratif menggunakan code repository (GitHub / Bitbucket)

Memiliki pemahaman dan pengalaman mengembangkan integrasi dengan core system

Memiliki pemahaman dan pengalaman implementasi API security (JWT, API key, OAuth)

Pengalaman bekerja di lingkungan cloud (GCP / AWS)




Kompetensi tambahan

Pengalaman di industri asuransi

Memiliki sertifikasi profesional terkait arsitektur sistem atau manajemen proyek IT",https://id.jobstreet.com/id/job/91777382,,IT Support,indonesia,"['vue', 'gcp', 'php', 'r', 'react', 'git', 'sql', 'aws', 'postgresql']",9,2026-04-28T10:44:08.786540
91777245,Part-time Programming Teacher Pangkal Pinang,Timedoor Academy,,"Timedoor Academy sedang mencari Part-Time Programming Teacher untuk mengajar anak-anak hingga remaja usia 5-18 tahun di Pangkal Pinang

Alamat:
Jl. Kampung Melayu, Kec. Gerunggang, Kel. Bukit Merapin

Timedoor Academy menyediakan kursus anak-anak dari berbagai usia, serta orang dewasa, dapat belajar programming dan design dengan cara yang menyenangkan.

Tanggung Jawab:

Mengajar programming kepada siswa SD, SMP, hingga SMA

Membuat laporan hasil pengajaran

Bekerja sama dalam tim untuk meningkatkan kualitas pengajaran

Kompetensi:

Kemampuan dasar komputer

Untuk teacher teens : pengalaman coding, terutama JavaScript, lebih diutamakan

Fasih berbahasa Inggris lebih diutamakan

Kemampuan komunikasi yang baik untuk bekerja dalam tim

Disiplin, bertanggung jawab, dan memiliki pola pikir untuk membangun masa depan siswa melalui pendidikan IT

Mahasiswa dipersilakan untuk melamar posisi ini.",https://id.jobstreet.com/id/job/91777245,Rp 40.000 – Rp 53.000 per hour,IT Support,indonesia,"['r', 'java', 'javascript']",3,2026-04-28T10:44:13.153551
91777132,IT Support,PT. MITRA PELITA TERANGI BANGSA,,"PT Mitra Pelita Terangi Bangsa adalah perusahaan terkemuka di bidang Call Center & Layanan Konsumen yang berkomitmen menghadirkan layanan berkualitas tinggi dan berorientasi pada kepuasan pelanggan. Kami percaya bahwa sumber daya manusia adalah aset utama perusahaan, sehingga kami terus membangun lingkungan kerja yang profesional, suportif, dan penuh peluang pengembangan karier.

Tanggung Jawab Utama :

Memastikan seluruh infrastruktur jaringan (LAN, WAN, internet) berjalan dengan optimal tanpa gangguan.

Melakukan monitoring secara berkala terhadap performa jaringan dan segera menangani apabila terjadi kendala (troubleshooting).

Menyusun laporan terkait kondisi dan performa jaringan secara rutin.

Mengelola seluruh aset IT perusahaan, termasuk perangkat keras (laptop, PC, headset, router, dll) dan melakukan pencatatan keluar-masuk aset secara akurat dan terupdate.

Menangani proses instalasi, konfigurasi, distribusi perangkat kepada karyawan dan melakukan maintenance dan pergantian perangkat apabila diperlukan.

Melakukan pengelolaan akun softphone untuk kebutuhan operasional call center / desk collection, termasuk pembuatan, perubahan, penonaktifan akun karyawan dan memastikan seluruh akun aktif dan dapat digunakan dengan baik tanpa kendala.

Menangani permintaan user (ticketing) dan memberikan edukasi dasar kepada user terkait penggunaan perangkat dan sistem.


Kualifikasi :

Minimal pendidikan D3/S1 di bidang IT atau sejenisnya

Memiliki pengalaman sebagai IT Support (diutamakan di industri fintech atau call center)

Memahami dasar jaringan, troubleshooting hardware/software

Familiar dengan sistem softphone dan manajemen user account

Memiliki kemampuan komunikasi yang baik dan responsif

Bersedia bekerja 6 hari kerja (Senin – Sabtu) sesuai jam operasional perusahaan.",https://id.jobstreet.com/id/job/91777132,Rp 5.300.000 – Rp 5.500.000 per month,IT Support,indonesia,"['keras', 'r']",2,2026-04-28T10:44:17.430124
91777018,Modern Workplace Engineer Staff,PT Intikom Berlian Mustika,,"What You Will Do

Implement projects based on schedules defined by the Team Leader or Project Manager.

Execute Modern Workspace infrastructure solutions, including: Installation, configuration, and testing of Microsoft 365, Microsoft Teams, SharePoint, and related technologies based on customer requirements.

Optimization and troubleshooting of Modern Workplace environments.

Provide high-quality service and technical support to customers:

Resolve technical issues related to Modern Workplace solutions.

Provide technical guidance and support to end users.

Collaborate with team members to support successful solution implementation.

Create and maintain technical documentation related to implementation, configuration, and troubleshooting.

Explore and continuously learn both new and existing technologies to improve solution quality and effectiveness.

What We're Looking For

Bachelor’s Degree (S1) in a relevant field.

Minimum 2 years of experience in IT infrastructure or Modern Workplace-related roles.

Strong knowledge of Microsoft 365, Active Directory, and Exchange Server.

Good communication skills and ability to interact with customers and internal teams.

Fast learner with a positive attitude and strong willingness to grow.

Able to work independently and collaboratively in a team environment.",https://id.jobstreet.com/id/job/91777018,monthly salary,IT Support,indonesia,['r'],1,2026-04-28T10:44:21.668960
91776982,IT Director,ESQ Group,,"Kualifikasi

Pendidikan minimal S1 di bidang Teknologi Informasi, Sistem Informasi, Teknik Informatika, atau bidang terkait (S2 menjadi nilai tambah)

Memiliki pengalaman minimal 7–10 tahun di bidang IT, dengan pengalaman leadership minimal 3–5 tahun

Memiliki pengalaman dalam mengelola tim IT yang mencakup programmer, database, dan IT support

Memahami arsitektur sistem, pengembangan aplikasi (web/mobile), serta manajemen database

Menguasai konsep IT governance, IT security, dan data protection

Berpengalaman dalam perencanaan dan implementasi transformasi digital

Memiliki kemampuan analisis, problem solving, dan pengambilan keputusan strategis

Mampu menyusun IT roadmap yang selaras dengan visi dan kebutuhan bisnis

Memiliki kemampuan komunikasi, leadership, dan stakeholder management yang kuat

Terbiasa bekerja dengan target, KPI, dan manajemen proyek (Agile/Scrum menjadi nilai tambah)

Memiliki integritas tinggi serta mampu memahami dan mengimplementasikan nilai-nilai ESQ dalam pengelolaan tim

Jobdesk

Menyusun dan mengimplementasikan strategi serta roadmap IT yang selaras dengan visi dan tujuan bisnis ESQ Corps

Memimpin dan mengelola seluruh tim IT (Database, Programmer, dan IT Support) agar berjalan efektif dan produktif

Mengawasi pengembangan, implementasi, dan maintenance sistem/aplikasi internal maupun eksternal

Memastikan keamanan sistem, data, dan infrastruktur IT perusahaan

Mengelola dan mengoptimalkan database perusahaan untuk mendukung kebutuhan operasional dan analisis

Mengarahkan tim programmer dalam pengembangan aplikasi yang scalable, efisien, dan user-friendly

Memastikan layanan IT support berjalan optimal untuk mendukung seluruh unit kerja

Mengelola anggaran IT serta melakukan efisiensi penggunaan teknologi

Berkolaborasi dengan stakeholder lintas divisi untuk memahami kebutuhan dan solusi teknologi

Mengawasi vendor IT dan memastikan kualitas layanan sesuai standar perusahaan

Mengembangkan inovasi digital dan meningkatkan efisiensi proses bisnis melalui teknologi

Menetapkan KPI, melakukan evaluasi kinerja tim, serta pengembangan kompetensi anggota tim IT

Menyusun kebijakan dan SOP terkait penggunaan serta pengelolaan sistem IT",https://id.jobstreet.com/id/job/91776982,,IT Support,indonesia,"['r', 'scala', 'agile', 'git', 'scrum']",5,2026-04-28T10:44:25.969526
91776988,Product & Presales (Cybersecurity),PT Intikom Berlian Mustika,,"Job Description:

Develop solutions and organize, plan, create, and deliver compelling proof-of-concept demonstrations.

Prepare cost estimates and technical proposals that meet client requirements.

Ensure solutions stated in the Statement of Work adhere to best practices and align with client requirements.

Liaise with principals to gain in-depth knowledge that can be communicated to customers, including user behavior and potential client-requested changes.

Respond to requests for information (RFIs) and request for proposals (RFPs) in a detailed and professional manner.

Regularly meet with team members to discuss progress and identify opportunities for business improvement.

Requirements:

Minimum 3 years of working experience as a Presales Consultant or in Product Management within the IT industry.

Strong knowledge of at least one of the following Security Products is a MUST:

Cloud security (Akamai, Cloudflare)

Microsegementation (Akamai, ColorTokens)

SASE (Zscaler, Netskope)

Document Control (IP-Guard)

Microsoft Security (intune)

Device Management

Bachelor's degree in information technology, System Information, Computer Engineering, or Industrial Engineering.

Ideal candidates will possess excellent communication and presentation skills in both Indonesian and English.

Strong interpersonal skills, including the ability to present to audiences ranging from C-Level executives to end-users. Can clearly articulate the value that Profile products bring to an organization and earn trusted advisor respect. Capable of delivering well-executed system presentations and effectively conveying the product's value.

Willingness to learn Profile products and stay updated with the fast-paced changes in the industry",https://id.jobstreet.com/id/job/91776988,-,IT Support,indonesia,"['r', 'rust']",2,2026-04-28T10:44:30.195904
91776764,Technical Writer,PT ELISTEC INFORMATIKA UTAMA,,"Jobdesk

Menyusun dan memperbarui dokumen teknis pengembangan sistem, termasuk dokumentasi API dan kamus data (Data Dictionary).

Membuat panduan penggunaan aplikasi (User Manual) bagi pengguna internal maupun operasional untuk setiap fitur baru yang dirilis.

Mendokumentasikan seluruh alur proses bisnis yang diimplementasikan ke dalam sistem selama jangka waktu kontrak.

Mengelola arsip dokumentasi proyek agar tersusun secara terstruktur untuk kebutuhan audit dan knowledge transfer.

Menyusun dan memperbarui dokumen STK yang berkaitan dengan TCES.




Kompetensi wajib

Pengalaman minimal 1–3 tahun sebagai Technical Writer atau dokumentasi sistem IT

Mampu menyusun dokumentasi teknis yang terstruktur dan mudah dipahami

Memahami konsep API dan Sistem terintegrasi

Mampu bekerja sama dengan developer, system analyst, QA, dan User

Mampu menyusun dokumentasi dalam Bahasa Indonesia dan Inggris




Kompetensi tambahan

Pengalaman menyusun dan mempersiapkan dokumentasi sistem enterprise

Pengalaman menyusun API documentation, Integration guide, dan Technical handover document",https://id.jobstreet.com/id/job/91776764,,IT Support,indonesia,['r'],1,2026-04-28T10:44:34.407444
91776698,DevOps Engineer,PT Asuransi Bina Dana Arta Tbk,,"Key Responsibilities:

Design, deploy, and manage highly available infrastructure on AWS, with a focus on serverless services (Lambda, API Gateway, AWS EventBridge).

Configure and maintain multiple AWS Account, VPCs, firewall, networking components, and IAM security policies to ensure system reliability and security.

Provision, configure, and scale infrastructure using Infrastructure as Code (IaC) tools, primarily Terraform.

Build, maintain, and troubleshoot CI/CD pipelines in Jenkins to support efficient and reliable software delivery.

Set up and manage monitoring, logging, and alerting solutions (CloudWatch, Grafana, Prometheus, OpenSearch) to ensure optimal system health.

Collaborate closely with development teams to ensure seamless application deployment and infrastructure integration.

Participate in incident response, troubleshoot system issues, assist in root cause analysis, and apply reliability improvements.

Provide out-of-hours or weekend support for critical incidents and urgent troubleshooting when required.

Continuously monitor AWS infrastructure, applying a strong cost optimization mindset to improve performance, enhance security, and proactively reduce cloud spend.

Maintain clear documentation for infrastructure, deployment processes, and system configurations.

Qualifications:

Bachelor’s degree in Computer Science, IT, or a related field (or equivalent work experience).

2–4 years of hands-on experience in DevOps, SRE, or Cloud Engineering.

Strong proficiency in both written and spoken English to effectively collaborate with a multinational engineering team.

Solid experience working with AWS services, particularly serverless architecture (Lambda, API Gateway, EventBridge). • Hands-on experience with Terraform for managing and automating infrastructure.

Practical experience in building and maintaining CI/CD pipelines using Jenkins.

Good understanding of networking concepts, VPC design, load balancers (ALB/NLB), firewall, and IAM security principles.

Scripting proficiency (Python, Bash, or similar) for daily automation tasks.

Experience with observability and monitoring tools (CloudWatch, OpenSearch, Grafana, Prometheus).

Familiarity with containerization (ECS, EKS, Docker) is a plus.

A proactive attitude with a strong willingness to learn and adapt to new technologies, tools, and best practices.

Comfortable with a hybrid working style, requiring working from the Jakarta office (WFO) at least 3 days a week.

Strong problem-solving skills and a collaborative, team-oriented mindset.",https://id.jobstreet.com/id/job/91776698,,IT Support,indonesia,"['python', 'r', 'docker', 'bash', 'aws']",5,2026-04-28T10:44:38.629884
91776694,.NET Developer,PT ABISHAR TECHNOLOGIES INDONESIA,,"Merancang, mengembangkan, melakukan test dan mendokumentasikan framework dan sistem aplikasi.

Mencari & mempelajari tools development, sistem ataupun device baru agar dapat menghasilkan sistem yang memberikan benefit dan support bagi pengembangan bisnis perusahaan.

Kualifikasi:

Male,usia maks. 32 tahun

Pendidikan minimal S1 di bidang IT

Menguasai- web programming, C# .NET & TSOL

Memahami Visual Studio.Net Programming

Memiliki pengalaman relevan minimal 2-3th",https://id.jobstreet.com/id/job/91776694,Rp 7.000.000 – Rp 8.000.000 per month,IT Support,indonesia,"['c#', 'r']",2,2026-04-28T10:44:42.867798
91776601,Internship Program Green School Bali August-December 2026,Green School Bali,,"Join the Semester 1 2026-27 Internship Program

The Green School Internship Program provides a supervised and meaningful working experience for Indonesian university students and/or recent graduates. We offer the unique opportunity to learn, share, and connect with our passionate and resourceful community in a safe, wall-less, and natural environment. Interns also get the chance to be directly involved in real projects and exposed to multiple activities around the campus.

Each year, a diverse group of interns comes with their own special set of interests and skills to share, over the course of one full semester. The program is designed for interns to learn, grow, and take action now. Ultimately, interns will walk out with personal and professional growth, a network of like-minded professionals, and a deeper understanding of education, sustainability, and green innovation projects.

Internships are offered depending on the needs and capacity of our school to receive and supervise interns. Currently, available internship opportunities for August-December 2026 are as below (please open the link for the job description & expectations for each position):




Digital Marketing Intern

IT Support Intern

BirdLab Teacher Intern (International Intern)

Early Years Teacher Assistant Intern

Primary School Teacher Assistant Intern

Finance Admin Intern




Key Requirements

Candidates from university students and/or recent graduates. Having a relevant field of study with the role that you are applying for is strongly preferred, but not mandatory.

Ability to adapt and work collaboratively within our multicultural community

Good English, both in writing and speaking

Interest in education and sustainability fields

Love for being outdoors and working in our wall-less, jungle environment

Willingness to learn new skills

One semester commitment is strongly preferred




What is Covered

Please note that this is a non-paid internship; however, a monthly allowance of IDR 1 million is provided for meal & transport expenses.




What is Not Covered

Flight to and from Bali

Accommodation in Bali

Transportation from and to Green School




Closing Date : None


OUR CORE COMMITMENT TO CHILD PROTECTION

Please refer to our Student Safeguarding Policy HERE

Green School Bali is committed to safeguarding and promoting the welfare of all the students in our care and expects all applicants to share this commitment. We follow safe recruitment practices, which are aligned with the recommendations of the International Task Force on Child Protection. We hold ourselves to a high standard of effective recruiting practices with specific attention to child protection. All appointments are subject to an interview, identity checks, criminal record checks, social media checks, successful references, as well as due visa and work permit process as required by Indonesian law.

GSB are committed to diversity within its team, organisational practices, policies and culture. It recognises that people with different backgrounds, skills, attitudes and experiences bring fresh ideas and perceptions, and it encourages and leverages these differences to make its work more relevant and approachable. Green School Bali will not discriminate or tolerate discriminatory behaviour on any grounds such as, but not limited to, race, gender, disability, nationality, national or ethnic origin, religion or belief, marital/partnership or family status, sexual orientation, age or socioeconomic background. Green School Bali strives to be an inclusive workplace where everyone feels a sense of belonging, has a voice, can raise concerns, and feels comfortable and confident. It expects everyone who works with it to share this commitment and to act accordingly, as it aspires to best serve the mission and its community.




Thank you for your interest in Green School Bali.",https://id.jobstreet.com/id/job/91776601,Rp 1.000.000 per month,IT Support,indonesia,"['r', 'git']",2,2026-04-28T10:44:47.122460
91776352,IT Business Analyst (SQL),PT 360 TEKNOLOGI INDONESIA,,"Pengalaman IT Business Analyst minimal 3 tahun bekerja

Pendidikan minimal sarjana/S1 dengan minimal IPK 3,0

Onsite di jakarta",https://id.jobstreet.com/id/job/91776352,Rp 6.000.000 – Rp 8.000.000 per month,IT Support,indonesia,['r'],1,2026-04-28T10:44:51.396959
91776312,AV Technical Support Officer,Jakarta Intercultural School,,"QUALIFICATIONS, EXPERIENCES & ATTRIBUTES

Bachelor’s Degree in Multimedia, Visual Communication Design, Digital Media, Information Technology, Computer Science, or any other related major.

Fluent in written and spoken English

Experience in AV control systems such as Extron, Crestron, or similar to manage integrated audiovisual systems

Preferably: Experience in filming and editing video, and the use of audiovisual editing software.

Works well with colleagues, children, and the public

Able to solve problems independently 

Demonstrates a willingness to accept training in any area that the Audio-Visual Aide deems appropriate 

Helpful, cooperative, high energy, with engaging people skills 

Attention to detail and a proactive approach to problem-solving

Strong organizational and time-management skills

Adaptable and able to prioritize/manage multiple tasks

Clear commitment to Child Protection, safety, service learning, and environmental stewardship




DUTIES AND RESPONSIBILITIES

AV Equipment Management

Ensure all AV equipment is fully functional and ready for use during events, meetings, and classroom activities.

Coordinate and support the installation, calibration, and configuration of AV systems across the organization.

Manage loaning and booking systems for AV equipment to ensure availability and accountability.

Perform regular inspections, cleaning, and preventive maintenance of AV hardware.

Liaise with vendors for procurement, repairs, and upgrades of AV technology.

Maintain accurate documentation of AV assets, service records, and usage logs.


Inter-Library Coordination

Arrange inter-library loans of AV equipment.




Technical Support & Event Coverage

Set up, operate, and troubleshoot AV equipment for school events, assemblies, meetings, and classroom activities.

Operate AV control systems such as Extron, Crestron, or similar to manage integrated audiovisual systems environments in classrooms, auditoriums, and meeting rooms.

Serve as a cameraman for school events and productions, ensuring high-quality footage.

Perform basic video editing tasks for internal documentation, promotional materials, and classroom content.

Provide technical support for live and recorded streaming, hybrid learning environments, and video conferencing setups.

Maintain, test, and troubleshoot multimedia equipment, including cameras, projectors, displays, microphones, audio mixers, and lighting systems.

Ensure readiness and smooth execution of AV setups during school functions, including event-specific support and multimedia content creation.


Ongoing Professional Growth

Reflect upon professional practice and engage in learning opportunities.

Set goals for professional development and take advantage of professional development opportunities. 




Other

Embrace the JIS Learning Dispositions of Resilience, Resourcefulness, Relating, and Reflectiveness

Performing other related duties and assuming other responsibilities as assigned by the Head of Technology and the Technical Support and Multimedia Coordinator.",https://id.jobstreet.com/id/job/91776312,,IT Support,indonesia,"['r', 'git']",2,2026-04-28T10:44:55.612900
91776174,Information Technology Staff (IT STAFF),,,"Requirement :

Associate degree in IT, Computing or related field.

Capable of troubleshooting and maintain hardware and software

Has experience to manage email server and system to protect information inside the company

Has experience to build up production information system from zero (would be a plus)

Has experience to debug and optimize ERP, e-file, and backup system, etc

Familiar with MySQL, javascript, PHP

Able to work independently under high pressure

job placement: Semarang",https://id.jobstreet.com/id/job/91776174,,IT Support,indonesia,"['php', 'r', 'java', 'mysql', 'sql', 'javascript']",6,2026-04-28T10:44:59.831094
91776010,Platform Analyst,CGS International Sekuritas Indonesia,,"Responsibilities:


Analyse user/BU requirement and translate it to a technical document.

Analyse performance requirement.

As a technical pair / advisor  of related vendor or internal developer.

 

Requirement :

Bachelor Degree in IT / Computer Science or equivalent.

Having work experience as platform analyst at least 1-2 years.

Proven experience as System Design, preferably in the fintech or banking industry.

Having Programming, Testing Skill or Literacy

Have knowledge of capital markets will be an advantage.

Strong analytical and decision-making skills.

Good communication skill, detail oriented, positive work attitude and responsive.",https://id.jobstreet.com/id/job/91776010,,IT Support,indonesia,['r'],1,2026-04-28T10:45:04.049921
91775571,Assisten Manager Technical Support,PT Mitra Kabel Indonesia (MKI Group),,"Gambaran Umum Pekerjaan
Kami dari PT Mitra Kabel Indonesia (MKI Group) sedang mencari Asisten Manager Technical Support yang handal dan berdedikasi untuk mendukung operasi teknis bisnis kami di Surabaya, Jawa Timur. Dalam peran ini, Anda akan menjadi bagian integral dari tim teknis kami, memastikan kelangsungan operasi dan kepuasan pelanggan melalui dukungan teknis yang efisien dan efektif.

Tanggung Jawab Utama

Memberikan dukungan teknis dan solusi cepat untuk masalah pelanggan terkait produk dan layanan perusahaan.

Mengkoordinasikan dan mengelola tim teknisi lapangan untuk memastikan penyelesaian masalah pelanggan secara tepat waktu.

Menganalisis tren masalah dan umpan balik pelanggan untuk mengidentifikasi peluang perbaikan proses.

Membantu dalam pengembangan dan implementasi prosedur dan protokol dukungan teknis.

Berkolaborasi dengan tim lain, seperti penjualan dan pemasaran, untuk menyediakan informasi produk dan dukungan teknis.

Memantau dan melaporkan tingkat kepuasan pelanggan terkait dukungan teknis.

Keterampilan, Kualifikasi, dan Pengalaman yang Dibutuhkan

Gelar sarjana dalam bidang Teknik Elektro/Elektronika atau disiplin teknis terkait.

Minimal 3 tahun pengalaman dalam peran dukungan teknis atau manajemen proyek di industri telekomunikasi. terutama yang berkaitan dengan teknologi FTTH (Berpengalaman di ISP lebih disukai).

Pengetahuan teknis yang kuat dalam jaringan, fiber optik, GPON, sistem OLT/ONT, dan infrastruktur telekomunikasi.

Berpengalaman dalam setting dan troubleshoot perangkat mikrotik, router AP dan Operating Sytem.

Keterampilan komunikasi yang baik, baik secara lisan maupun tertulis, untuk berinteraksi dengan pelanggan dan rekan kerja.

Kemampuan bekerja dalam tim dan berkolaborasi dengan efektif.

Bersedia untuk melakukan perjalanan dinas jika diperlukan.",https://id.jobstreet.com/id/job/91775571,,IT Support,indonesia,['r'],1,2026-04-28T10:45:08.303684
91774467,Channel Manager,PT Alfa Siber Teknologi,,"Responsibilities:

Mengidentifikasi, merekrut, dan membina Partner/Reseller baru.

Melakukan Enablement (pelatihan) kepada tim sales partner agar fasih menjual solusi kita.

Menyusun program insentif dan strategi Go-to-Market bersama partner.

Qualification:

Min. 2-3 tahun pengalaman di Channel Management (Distributor IT/Cybersec).

Memiliki jaringan luas dengan SI/Reseller di Indonesia.

Kemampuan negosiasi dan presentasi yang persuasif.",https://id.jobstreet.com/id/job/91774467,,IT Support,indonesia,['r'],1,2026-04-28T10:45:12.523550
91774444,Dealer Management Support,PT Intrias Mandiri Sejati,,"Job Description

* Handle and manage dealer database

* Maintain and update dealer master data (active, inactive, new, closed dealers)

* Ensure data accuracy across internal systems (sell-in, sell-through, activation, inventory)

* Monitor dealer lifecycle (onboarding, activation, deactivation, reactivation)

* Manage and monitor monthly dealer targets and coordinate with regional teams

* Track and analyze dealer performance

* Ensure smooth operational processes related to dealer management

* Support dealer development initiatives to drive sales growth and network efficiency

🎯 Requirements

* Proficient in Microsoft Excel (data analysis, reporting, spreadsheet management)

* Strong analytical skills and attention to detail

* Good communication skills (verbal & written)

* Responsible, reliable, and able to work with integrity

* Able to work under tight deadlines and pressure

* Bachelors Degreee in Reputable University

* English proficiency is a plus",https://id.jobstreet.com/id/job/91774444,Rp 6.000.000 – Rp 7.000.000 per month,IT Support,indonesia,"['r', 'react']",2,2026-04-28T10:45:16.769846
91506995,"PLTU Power Plant Talent Pool – Operations, Technical & Support Functions",PT BHUMI JEPARA SERVICE,,"Our company is currently building a talent pool database for professionals who have experience in Coal-Fired Power Plant (PLTU) operations and support functions.

This posting is intended to collect potential candidates for future opportunities within our plant operations.

We invite candidates who have knowledge or experience in the following areas:

Technical & Operations Area

Mechanical Technician – maintenance of turbine, pump, compressor, rotating equipment, and mechanical systems.

Electrical Technician – maintenance of motor, electrical panels, switchgear, transformer, and electrical distribution systems.

Plant Operator – operation and monitoring of power plant equipment such as boiler, turbine, generator, and auxiliary systems.

Performance Engineer / Performance Staff – monitoring plant efficiency, heat rate analysis, and operational performance improvement.

Chemist / Laboratory – water chemistry control, coal analysis, and laboratory testing to support plant operations.

Jetty & Material Handling – operation and monitoring of coal unloading, conveyor system, coal yard, and jetty operation.

Safety & Environmental

Health, Safety & Environmental (HSE) – implementation of safety management system, environmental monitoring, and compliance with regulatory standards.

Engineering & Planning

Engineering – technical analysis, system improvement, and engineering support for plant equipment.

Planning / Maintenance Planning – maintenance scheduling, outage planning, and work coordination.

Commercial & Support Functions

Accounting & Finance (ACT) – financial reporting, budgeting, and cost monitoring.

Procurement & Warehouse – procurement process, vendor coordination, and inventory management for plant materials and spare parts.

Human Resources, General Affairs, IT & Site Services (HRGA) – HR administration, recruitment, employee development, industrial relations, IT support and infrastructure management, site services, facility management, transportation, accommodation, and general affairs area management.

General Requirements

Minimum Diploma (D3) / Bachelor Degree (S1) in relevant field.

Experience in Power Plant / Industrial Plant environment in relevant position with minimum 5 years experience.

Understanding of plant operation, maintenance practices, and safety standards.

Good teamwork, analytical, and communication skills.

Note

This advertisement is intended for talent pooling purposes. Only shortlisted candidates will be contacted when relevant opportunities become available.",https://id.jobstreet.com/id/job/91506995,,IT Support,indonesia,['r'],1,2026-04-28T10:45:21.039050
91773477,Sysadmin,Internet Service Provider,,"Persyaratan :

Pendidikan Minimal S1/D3 Teknik Informatika/Sistem Informasi.

Memiliki komunikasi yang baik dan dapat bekerja dalam tim.

Memiliki kemampuan Manajemen Waktu.

Kreatif, Analitis, Disiplin dan Teliti.

Familiar dengan Cloud dan Virtualisasi.

Tugas dan tanggung jawab:

Strong Logical Thinking & Problem Solving yang kuat.

Menguasai Server OS: Linux, Server, Configuration & Deployment.

Mengerti Hardware Server dan paham atur Migrasi antar Server.

Pemahaman Infrastruktur IT & memiliki logika Pemograman dengan baik.

Memiliki kemampuan Monitoring & Security Sistem yang baik.

Mengerti Topologi Jaringan, Topologi Mall Server, DNS & NMS Server.

Mengerti cara membangun Server Clustering.

Diutamakan pelamar yang berdomisili Depok dan sekitarnya.",https://id.jobstreet.com/id/job/91773477,,IT Support,indonesia,"['linux', 'r']",2,2026-04-28T10:45:25.336154
91773174,Project Manager,,,"Job Descriptions:

Manage the daily routine of maintenance of the showroom (changing the display) (including manage the repair work when it is applicable)

Manage the routine of the repair and renovation work on the other company properties such as warehouses and offices

Qualifications:

Education background of Architecture or Interior Designer or Civil Engineer

Experience in project management; starting from planning (coordinating with consultant); tender process and supervision on the site works

Ability to coordinate with other department in the company to plan on the next renovation work and prepare accordingly (be it manage the detail works inhouse or employ external consultant to do the job) from the planning stage all the way until execution on the site

Have a good conceptual understanding and reasonable good knowledge on the MEP discipline other than understanding on structural/construction details

Ability to work under pressure (constraint on cost and time and resources) and maintain good coordination with other department (sales; GA; procurement; legal; etc)

Ability to coordinate and manage the visual merchandising works which concept coming from the marketing department and then executing it on site with real construction works

Ability to identify the common design and standard details of each individual showrooms (including the signature showroom) and then prepare a standard performance of it

Ability to work independently and make fast decision in a fast paced environment

Knowledge or experience of tiling works will be a plus point

A fair knowledge of additional language (spoken English and or Chinese) will be a plus",https://id.jobstreet.com/id/job/91773174,,IT Support,indonesia,['r'],1,2026-04-28T10:45:29.561722
91772277,IT Officer,PT Nugraha Tanamal,,"Job Description

Maintains company systems and networks to ensure everything runs smoothly and securely.

Oversee the management, monitoring, and development of IT systems to ensure operational efficiency.

Manage IT related infrastructure; physical (laptop, router, switch, etc), digital (internet, server, etc) and working license for every employees.

Develop and manage annual IT budget to align with organizational goals.

Prepare and maintain technical documentation, maintenance, reports, and system updates.




Qualification

Minimum Bachelor’s Degree (S1) in Information Technology, Information Systems, Computer Science, or related field.

3+ years of experience in similar field (IT support, network/system operations).

Strong troubleshooting and problem-solving skills across systems, networks, and applications.

Good communication, able to work both independently and in a team.Detail-oriented, proactive, able to manage multiple tasks with continuous improvement attitude.

Able to join immediately.

Domicile Makassar would be preferred.",https://id.jobstreet.com/id/job/91772277,,IT Support,indonesia,"['r', 'git']",2,2026-04-28T10:45:33.849440
91769607,Executive Engineer,PT OSI ELECTRONICS,,"Overview

For over 35 years, OSI Electronics has provided Manufacturing Solutions of the highest quality,
reliability,and customer support. We specialize in customized Manufacturing Solutions with the portfolio
of services,capabilities, and factory locations needed to provide our customers with a competitive
advantage in theglobal marketplace.
OSI Electronics offers turnkey solutions for the full range of assembly complexity. We partner with
Customers on Product Development, New Product Introduction, Mass Production, Sustaining
Engineeringand Product Lifecycle Management. Our cutting edge technology, manufacturing proficiency
and responsivetechnical services deliver the Tier One capabilities Customers require


Responsibilities
Process Optimization: Develop and optimize SMT/wave soldering process parameters to improve yield and reduce defects.
Machine Troubleshooting: Perform hands-on troubleshooting and maintenance of SMT/Wave machines to ensure operational reliability.
Yamaha SMT Programing Proficiency include AOI &SPI SMT Machine troubleshooting skills
Experience Wave soldering technology, fluxing and soldering defect dianogsis
Experience introducing new product to mass production
Process validation, PFMEA, GMP, ect
Quality Management: Conduct failure analysis (FA) on defect parts and implement corrective actions (CAPA).
Interacting with the clients and understanding their requirements effectively
Plan work according to the client requirements and manage the time
Supervising the engineers and assistant engineers
Guiding and suggesting changes, requirements, and necessities in the project
Training the newly joined employees and educating them about the company policies, rules,and their duties
Maintaining records of the ongoing projects and document them properly
Prepare presentations for the clients
Document reports and submit them to higher authorities
Manage budget of the project and submit it to the management and accounts department
Interviewing candidates and judging them appropriately
Ensure proper safety policies for the employees
Evaluate employees according to their intellect, work skills, and punctuality.

Qualifications
Min. 5 years in same field
Equipment Engineering support, sparepart, inventory ordering & replacement evaluate m/c problems, conduct rootcouse analysis, and provide solutions to preventpotential problems and to optimize process yield
Provide countinous improvement in resolving related m/c issue, cycle time rduction.
Understanding PCBA material, component type, soldering and PCB layout design (CAD tools)
Familiar with IPC Standart (IPC-A610 and ISO IATF)
Guide Technician and equipment engineering
Excellent communication skills useful for interacting with clients and customers
Knowledge about management
Expert organizational skills
Expert in prioritizing and planning work
Expert in time management and completing work in time
Good in mathematical calculations
Ability to maintain special relations with employees
Expert interacting skills
Ability to take quick decisions.
Great analytical and math skills",https://id.jobstreet.com/id/job/91769607,,IT Support,indonesia,['r'],1,2026-04-28T10:45:38.195954
91767660,DevOps Officer,PT Sangkuriang Internasional,,"Key Responsibilities:

Set up and deploy both hardware and software components in accordance with project's requirements and timeline.

Monitor system performance and implement improvements.

Manage and optimize server infrastructure and services, either in the form of pure cloud-based or private cloud/on-premise facilities.

Ensure security best practices are implemented throughout all aspects of infrastructure.

Troubleshoot production issues and coordinate with the development team to streamline code deployment.

Execute and apply all of the above by way of both remote and on-site work as required

Stay updated with industry best practices and technologies in DevOps, cloud computing and network security.


Requirements:

Bachelor’s degree in Computer Science, Engineering, or a related field (or equivalent work
experience).

Proven experience as a DevOps Engineer, DevOps Officer, or similar role.

Strong knowledge of cloud platforms (AWS, Azure, GCP) and cloud-native services

Proficiency in scripting and automation (e.g., Python, Bash, PowerShell).

Experience with containerization and orchestration tools (e.g., Docker, Kubernetes).

Familiarity with configuration management tools (e.g., Ansible, Chef, Puppet).

Basic-to-intermediate understanding of data storage and database platforms, including but not limited to hadoop/hive/spark/flink, s3-compliant platforms, various rdbms and nosql techs

Understanding of networking concepts and protocols

Excellent problem-solving and communication skills.

Ability to work both independently and collaboratively in a fast-paced environment.

Availability to occasionally work outside working days and working hours",https://id.jobstreet.com/id/job/91767660,,IT Support,indonesia,"['python', 'spark', 'gcp', 'r', 'hadoop', 'docker', 'kubernetes', 'bash', 'sql', 'aws', 'azure']",11,2026-04-28T10:45:42.458189
91768253,Network Engineer,PT Sangkuriang Internasional,,"Key Responsibilities:

Be on work site on standard workdays and hours.

Involved in deployment of both hardware and software components of the networking stack, in accordance with project's requirements and timeline.

Manage and monitor network health and performance, implement fixes and improvements as necessary.

Collaborate with all other stakeholders within the work, including but not limited to technical team/people from the client and other vendors.

Ensure security best practices are implemented throughout all aspects of networking.

Stay updated with industry best practices and technologies in network security.





Requirements:

Bachelor’s degree in Computer Science, Information Technology, or a related field (or equivalent work experience).

Proven experience as a Network Engineer, Network/System Administrator or similar role.

Strong knowledge and practical applications of network stacks technologies, both physical/bare-metal and virtualized

Hold valid CCNA certification

Excellent problem-solving and communication skills.",https://id.jobstreet.com/id/job/91768253,,IT Support,indonesia,['r'],1,2026-04-28T10:45:46.788977
91767810,Teknisi Jaringan Wifi - Bali,PT Duta Generasi Mandiri,,"Kualifikasi :

Pendidikan min. SMA/SMK

Pengalaman dibidang fiber optik, FTTH, ISP atau IT

Siap ditempatkan di semua area bali

Siap bergabung cepat




Benefit :

Gaji Pokok UMK terbaru sesuai penempatan

Tunjangan pendidikan (untuk D3/S1)

BPJS Kesehatan dan Ketenagakerjaan

THR

Lembur",https://id.jobstreet.com/id/job/91767810,Rp 3.100.000 – Rp 4.000.000 per month,IT Support,indonesia,['r'],1,2026-04-28T10:45:51.079456
91767693,Technical Consultant - Server Storage,PT Cemerlang Tunggal Intikarsa (CTI Group Jakarta),,"Requirements:

1) Fresh Graduate of Bachelor Degree in Informatics Engineering / Telecommunication / Computer Engineering

2) Have basic knowledge in Information Technology (server and storage, network, IT infrastructure, fundamental coding)

Responsibilities:

1) Perform technical demonstration and testing to ensure meet the customer expectations and provide documents needed.

2) Deliver implementation, maintenance, configuration, migration, troubleshooting, and project documentation",https://id.jobstreet.com/id/job/91767693,,IT Support,indonesia,['r'],1,2026-04-28T10:45:55.361592
91767646,Technical Manager - Data Center,Jones Lang LaSalle Property Consultants Pte Ltd,,"Target Start date: June 1

Technical Manager provides day-to-day oversight, managing 24/7 of data center facilities engineer include DLP and BMS team to perform monitoring, maintenance, repair, and installation of the facility as it pertains to electrical systems, mechanical systems, fire system, DLP, technical drawing, capacity planning, support colocation project, including with IT operation, building maintenance and all other aspects in maintaining availability, reliability and customer SLA.

Responsibilities :

Leading section technical who consists of Mechanical, Electrical, Control, Fire System, Warranty/DLP engineers.

Responsible for creation and maintenance of published documentation such as SOP, operations manuals, rack diagrams, floorplans, and contact information.

Create and prepare document:

Weekly report to JLL management and DATA CENTER OWNER OPS.

Monthly report to JLL management and DATA CENTER OWNER OPS.

Maintenance schedule for equipment (PPM 52).

Metric Achievement reliability, MTTR and MTBF

Prepare and maintain technical escalation workflow

Plant proposal improvement and modification

Draft RCA for Incident, failure or asset breakdown

Monitoring and collect data for:

Daily Activity Report.

Incident Tracker.

Fuel consumption record.

PM realization report.

SLA tracker.

Utility meter report.

OT system (CMMS and DCIM) data update

Create HSE weekly report and monthly report.

Create report for client base on periodic (daily, weekly, monthly, quarterly, etc), includes:

Report power racks.

Report temperature and humidity.

Report incident.

Report PPM schedule.

Report physical access log.

Report ticket Log.

Report cross connection ticket.

Monitoring capacity planning, based on threshold in electrical and mechanical side.

Hiring and training for technical engineer and operation team.

Provide direction to team or spread new information.

Coordinate and make schedule for meetings.

Manage HR IS process among the technical team section

Manage Building and Facilities Certifications and coordinate with DATA CENTER OWNER Technical team for any escalation.

Requirements:

Bachelor’s Degree or Technical Degree in electrical or mechanical engineering or

7+years of relevant work experience at data center operator and or Critical Facilities

In-depth knowledge and skill capabilities of electrical or mechanical design project and dc operation.

Extensive knowledge of data center critical systems,

High/Low voltage electrician license or certification

Good communication skills, both written and presentation (fluent in English)

High adaptability and motivated self-starter

Ability to prioritize in complex, fast-paced environment, attention to detail",https://id.jobstreet.com/id/job/91767646,"Rp 15,000,000 – Rp 20,000,000 per month",IT Support,indonesia,"['r', 'scala']",2,2026-04-28T10:45:59.719908
91767571,Product Owner (Associate - Senior/Lead Level Available),PT Dwi Cermat Indonesia,,"Job Description


Research, analyze, define product features and you create metrics to measure the impact of your product to the company
Be the primary driver of your product's planning and execution
Write the specs of new features and enhancements
Come up with product road map and rally other people to join your cause to realize your product vision. You are expected to be able to prototype your vision to convince others if necessary.
Work with engineers, designers, ops, sales, legal and even external partners to make things happen

Qualifications


Basic Qualifications:

Minimum Bachelor’s Degree (S1)
Passionate in data-driven product development and has excellent analytical skills to process the data
Detail oriented
Strong planner and very organized
A strong drive to make things happen
Solid oral and written communications skills

Preferred Qualifications (Not required but nice to have):

3+ years of experience for senior level (with IT/Computer Science related degree) in product management in strong tech company with demonstrable success in launching new products, improving products or features that brings impactful business value
Has prior experience as a product manager / software developer / UX designer / project manager
Proficiency in, at least, one programming language such as Java, PHP, Javascript, Python, Ruby, Rust, Go, Haskell
Has prior experience in agile product development
Has advanced degrees i.e. Masters, Phd, MBA, etc",https://id.jobstreet.com/id/job/91767571,,IT Support,indonesia,"['python', 'php', 'r', 'java', 'agile', 'javascript', 'rust']",7,2026-04-28T10:46:04.028514
91767441,IT Mandarin–Indonesian Translator,PT Sangkuriang Internasional,,"Key Responsibilities:

Attend every meeting between two parties (Chinese team and Indonesian team), both physical and virtual

Ensure all message and information pertinent to the work being conveyed accurately from one team to the other, in both directions

Collaborate with especially the Indonesian team, in work-related technical matters within your capacity/expertise

Requirements:

Educational background in IT, Computer Science or related majors

Experiences as member of software development projects/teams, in either Business/System Analyst or Developer capacity

Fluent in conversational Mandarin/Chinese and English, able to both understand and convey technical talking points

Knowledgeable in various software development techs and appliances, preferably covering full-stack (both backend and frontend)

Familiarity and basic understanding of GenAI and LLM-related concepts technologies",https://id.jobstreet.com/id/job/91767441,,IT Support,indonesia,['r'],1,2026-04-28T10:46:08.367022
91766944,IT Security,Agit,,"Detect and prevent cyber threats
Design and propose the best security solution needs to protect computers, networks, software, data and information systems against any possible attacks",https://id.jobstreet.com/id/job/91766944,,IT Support,indonesia,['r'],1,2026-04-28T10:46:12.686103
91766204,Data Implementor,PT Pratesis,,"Accountability

Manage and monitor issue tickets during go-live, ensuring proper documentation, SLA adherence, and timely resolution

Collaborate with developers to analyze root causes, validate solutions, and ensure alignment with business needs

Gather and validate supporting data to accelerate troubleshooting and issue resolution

Test and confirm fixes in real-time, ensuring stability and no impact on other functionalities

Act as liaison between distributor teams and project team, ensuring clear communication and fast resolution

Maintain business continuity by guiding users with workarounds and minimizing disruption

Investigate and resolve data and reporting discrepancies, providing clear updates to stakeholders

Ensure accuracy and consistency of master data through validation and cleansing

Requirements

Minimum Bachelor’s Degree from any major.

Has min. 1 year of experience as Business Analyst / Tester / QA / Data Engineer / Data Analyst or has completed at least 1 full cycle of an IT project implementation.

Strong understanding of Data Warehouse concepts and processes, including: Data Ingestion, Data Transformation, Data Visualization

Good capability in writing and analyzing SQL queries including complex joins and data granularity handling

Willing to travel & to be placed at client sites",https://id.jobstreet.com/id/job/91766204,,IT Support,indonesia,"['r', 'sql']",2,2026-04-28T10:46:17.064468
91766185,AI Engineer,PT JELAJAH DATA SEMESTA,,"Job Description

Develop and manage AI systems in a production environment

Build APIs and backend services for AI-related needs

Deploy and integrate AI models into company systems

Optimize system performance (latency, throughput, scalability)

Monitor and troubleshoot AI systems

Job Requirements

Bachelor’s degree in IT / Computer Science / AI or a related field

1-2 years of experience in AI/ML engineering or software development

Proficient in Python

Experience in developing APIs / backend systems

Understanding of machine learning and deep learning fundamentals

Familiar with PyTorch / TensorFlow / Keras

Understanding of deployment systems (Linux, Docker, etc.)

Nice to Have

Experience with LLM / NLP / Computer Vision

Familiar with RAG, AI agents, or AI workflows

Experience with GPU or model optimization",https://id.jobstreet.com/id/job/91766185,,IT Support,indonesia,"['python', 'keras', 'linux', 'tensorflow', 'r', 'scala', 'docker', 'pytorch']",8,2026-04-28T10:46:21.379197
91766103,Alibaba Data Center Facility Engineer,TITANICOM TECH LIMITED,,"Job Responsibility:

Monitor and maintain building systems, including HVAC, electrical, plumbing, fire protection, and security systems.

Plan and oversee preventive and corrective maintenance activities.

Troubleshoot and resolve facility-related issues to minimize downtime.

Coordinate with vendors, contractors, and service providers for repair and improvement works.

Ensure compliance with health, safety, and environmental regulations.

Support space planning and workplace optimization projects.

Manage facility assets, maintenance records, and documentation.

Assist with budgeting and cost control for facilities operations.

Conduct routine inspections to identify potential hazards or inefficiencies.

Respond to emergency facility situations as needed.

Other requirements at the customer's site


Job Requirement:

1. Bachelor’s Degree in Mechanical, Electrical, or Facilities Engineering or a related field;

2. Able to adapt to short-term overtime work (pre-construction phase, later normal working hours);

3. Have more than one year working experience in facilities management or building maintenance;

4. Familiar in using Building Management Systems (BMS) or Computerized Maintenance Management Systems (CMMS);

5. Strong knowledge of building systems, equipment, and maintenance procedures;

6. Correct working attitude, strong learning ability, good operation and maintenance habits, strong execution ability and sense of responsibility, good communication ability, service awareness, able to withstand pressure;

7. Intuitive understanding of IDC infrastructure and power environment (air conditioning, power, temperature, humidity, etc.)",https://id.jobstreet.com/id/job/91766103,,IT Support,indonesia,['r'],1,2026-04-28T10:46:25.710016
91766092,Alibaba Data Center IT Operations Technician,TITANICOM TECH LIMITED,,"Job Responsibilities：

1.     As required by Alibaba Cloud, perform 24*7 IDC data center duty.

2.     Respond to incidents and execute work orders, including temporary tasks, in accordance with SLA requirements.

3.     Be familiar with IDC environment and monitoring systems, identify risks through inspections, and handle emergencies quickly and accurately following EOP processes; complete incident data recording and produce preliminary incident reports.

4.     Be familiar with the ticketing system, master SOP standard operating procedures and strictly execute them; able to independently complete all tickets, ensuring zero errors and SLA compliance.

5.     Be familiar with IDC switches, servers, cabling, and other types of equipment as well as installation, racking, deployment, and maintenance standards; able to complete site surveys, on-site supervision, minor construction, and issue feedback as required.




Job Requirement:

1.     Microsoft Office, basic IT equipment knowledge

2.     Clear and logical expression, polite listeningClear and logical expression, polite listening

3.     Team spirit, mutual support and assistance

4.     Self-discipline and self-management ability

5.     Local language + English, or Local language + Chinese",https://id.jobstreet.com/id/job/91766092,,IT Support,indonesia,"['r', 'express']",2,2026-04-28T10:46:30.039387
91765685,IT Project Management Officer,OTO Group,,"Lingkup Kerja:

Melakukan analisa terhadap kebutuhan perusahaan atau user dan membuat design sistem yang relevan terhadap kebutuhan tersebut.

Kualifikasi:

Pendidikan minimal S1 Teknik Informatika / Manajemen Informatika / Teknik Komputer

Menguasai basic Transact SQL script programming 2008 / 2012

Memahami Visual Studio .Net Programming; Memahami RDBMS (Relational Data Base Management System) concept

Memahami proses identifikasi kebutuhan user

Berpengalaman membuat functional specification

Memahami metode testing yang baik untuk User Acceptance Test (UAT)

Memahami impact analysis terhadap sistem yang ada terhadap kebutuhan user

Berpengalaman sebagai Business analyst / System analyst / IT Project Management Minimal 2 tahun

Kompensasi & Benefit :

Jenjang Karir

Gaji Pokok

Tunjangan kehadiran

Tunjangan Jabatan

Asuransi Kesehatan

BPJS Ketenagakerjaan dan kesehatan

THR dan Bonus

Penempatan Kantor Pusat, Jl. Jend. Sudirman kav 61-62 Jakarta Selatan",https://id.jobstreet.com/id/job/91765685,,IT Support,indonesia,"['r', 'sql']",2,2026-04-28T10:46:34.350889
91765288,L1 Security Analyst — Endpoint Protection & SIEM,PT IP Network Solusindo,,"JOB REQUIREMENTS:

Kualifikasi Wajib:

Fresh graduate atau pengalaman 0–2 tahun di bidang IT Security, IT Support, atau Network Operations

Memahami konsep dasar keamanan informasi: CIA Triad, jenis serangan umum (phishing, malware, brute force)

Familiar dengan Windows (Event Log, Task Manager) dan Linux (navigasi CLI dasar)

Memahami dasar networking: TCP/IP, DNS, HTTP/S, cara membaca log firewall dasar

Mampu membaca dan menginterpretasikan Windows Event Log dan syslog

Teliti, disiplin, dan konsisten dalam pencatatan tiket dan dokumentasi

Yang kami nilai sama pentingnya dengan skill teknis:

Kemauan belajar yang tinggi — kamu akan dibimbing langsung oleh L2 dan Lead Engineer

Responsif dan sigap, terutama saat volume alert tinggi

Tidak mudah panik dalam situasi insiden

Nilai Tambah (bukan syarat wajib):

Pernah menggunakan SIEM atau EDR meski hanya di lab / training environment

Familiar dengan ticketing system (ServiceNow, Jira, Freshdesk, atau sejenisnya)

Sertifikasi: CompTIA Security+, CompTIA Network+, atau BTL1",https://id.jobstreet.com/id/job/91765288,,IT Support,indonesia,"['linux', 'r']",2,2026-04-28T10:46:38.671179
91765204,IT Support Staff,PT Griya Miesejati (Bakmi GM),,"Tugas dan Tanggung Jawab:

Melaksanakan dan memonitor kegiatan-kegiatan yang berhubungan dengan IT atau layanan hardware dan network di Bakmi GM.

Kualifikasi:

Pendidikan S1 Sistem Informatika atau Teknik Informatika

Memiliki pengalaman di bidang yang sama minimal 1 - 2 tahun

Mengerti Linux Fundamental dan OS Windows

Mengenal basic troubleshooting server

Familier CMS, Blog Site

Mengerti penggunaan aplikasi yang berhubungan dengan internet, adaptif terhadap aplikasi baru

Dapat bekerja optimal baik secara individu maupun dalam tim

Bersedia bekerja secara Mobile ke store-store Bakmi GM dan mempunyai Sim C

Penempatan di Jakarta Barat",https://id.jobstreet.com/id/job/91765204,,IT Support,indonesia,"['linux', 'r']",2,2026-04-28T10:46:42.996103
91766482,Business Analyst,MSBU Konsultan Indonesia,,"Job Description

Create data items required in UI/UX and solve simple Change Requests (CR)
Analyze root causes and propose solutions for problems
Review incident and problem resolutions to ensure they are appropriate, comprehensive, and feasible
Conduct incident and service request management, problem management, change, release, and deployment processes
Support service improvement initiatives
Minimum Qualifications

Bachelor’s degree in Information Systems, Computer Science, Business, or related field (from a reputable university)
Minimum 3 years of experience as a Business Analyst, System Analyst, or related role
Experience in the automotive or connected car industry is highly preferred
Familiarity with Agile/Scrum or Waterfall development methodologies
Hands-on experience in Quality Assurance (QA), Software Testing, or UAT
Experience in End-to-End Data Reconciliation, Concurrency & Latency Testing, and Regression Testing for analytics models
Experience collaborating with product, engineering, QA, and business stakeholders
Basic SQL skills and ability to perform queries
Understanding of IT Services market & business is a plus
Strong communication, interpersonal skills, and English proficiency (written & spoken)",https://id.jobstreet.com/id/job/91766482,,IT Support,indonesia,"['r', 'agile', 'sql', 'scrum']",4,2026-04-28T10:46:47.352310
91764879,IT Solution Sales,PT Astra Graphia Information Technology (AGIT),,"Key Responsibilities :

Strategic Relationship Building

  Driving Business Growth

  Sales Leadership and Target Achievement

  Solution Selling and Client Advocacy

  Negotiation and Closing Deals

Qualifications :

Bachelor's degree in IT, Business Administration, or a related field (Master’s degree is a plus).

Min 1 year of experiences

understanding of IT / managed services / Enterprise solutions.

Excellent communication, negotiation, and presentation skills in English and local language.

Strong business acumen and ability to influence.",https://id.jobstreet.com/id/job/91764879,,IT Support,indonesia,['r'],1,2026-04-28T10:46:51.763088
91764858,Technical Implementor,PT Pratesis,,"Accountability

Execute end-to-end system testing (UAT, Pre-Prod, Production), ensuring alignment with business requirements

Lead onsite implementation at distributors, including system setup, configuration validation, data migration, and user onboarding

Provide hands-on support to users during rollout and go-live, resolving issues and ensuring smooth system adoption

Monitor system performance and transaction flows, identifying issues early and coordinating timely fixes

Act as liaison between distributors and project team, translating field issues into actionable solutions

Support UAT preparation, defect tracking, and retesting to ensure system readiness

Ensure compliance with implementation standards and readiness milestones

Maintain business continuity during transition with minimal disruption to operations

Requirements

Diploma or Bachelor degree in Information System, or Computer Science

1-3 years of experience in system implementation. Particularly in DMS or SFA implementation

Strong communication skills and able to walk with distributor teams, project team and related teams

Able to conduct training end to end process related to DMS

Able to assist solution designer or business analyst in testing or QA application

Willing to travel & to be placed at client sites",https://id.jobstreet.com/id/job/91764858,,IT Support,indonesia,['r'],1,2026-04-28T10:46:56.138453
91764803,Junior SAP SD Consultant,PT Mitra Solusi Telematika,,"About the role

PT Mitra Solusi Telematika is seeking a talented Junior SAP SD Consultant to join our dynamic team. As an expert, and play a key part in supporting our clients' SAP implementation and optimization initiatives.




What you'll be doing:

Prepare, deliver and lead SAP Workshop to assess and meet requirements.

Deliver solution recommendations considering scope and requirements.

Design Solution Architecture.

Suggest solutions to customers based on best practices.

Design, implement and deploy SAP solutions to achieve defined business objectives.




What we're looking for:

Experience as SAP Consultant with proven end-to-end SAP implementation projects.

Deep understanding of business processes in the area of logistics.

Minimum 3 years experience in related field.

Minimum bachelor's degree Computer Science / Information Technology

Skills : SAP SD, Design Thinking, S4/HANA, SD ABAP debugging skills

Certification : SAP SD, SAP Logistics will be a plus

Available for 1-year contract terms, with a possibility to be a permanent employee




What we offer

At PT Mitra Solusi Telematika, we are committed to fostering a collaborative and supportive work environment. You will have access to comprehensive training and development opportunities, and competitive remuneration. Our culture encourages continuous learning, innovation, and a focus on delivering exceptional value to our clients.




About us

PT Mitra Solusi Telematika is a leading provider of IT consulting and implementation services in Indonesia. We partner with organizations to help them leverage the power of technology to drive business transformation and achieve their strategic objectives. With a team of highly skilled professionals and a track record of successful project delivery, we are dedicated to helping our clients succeed.

If you're ready to take the next step in your career and be part of a dynamic, forward-thinking team, we encourage you to apply now!",https://id.jobstreet.com/id/job/91764803,,IT Support,indonesia,['r'],1,2026-04-28T10:47:00.472705
91764786,IT Specialist – Quality Assurance,PT Binajasa Sumber Sarana (BSS Recruitment),,"▪ Melakukan testing (manual, regression, functional) untuk memastikan kualitas aplikasi
▪ Mendesain dan mengeksekusi test case berdasarkan requirement & user stories
▪ Mengidentifikasi, mendokumentasikan, dan tracking bug serta koordinasi dengan tim developer
▪ Melakukan API testing menggunakan tools seperti Postman
▪ Berkolaborasi dengan tim Product & Engineering dalam environment Agile",https://id.jobstreet.com/id/job/91764786,Rp 7.000.000 – Rp 10.000.000 per month,IT Support,indonesia,"['r', 'agile']",2,2026-04-28T10:47:04.906975
91764525,Programmer,PT. Ken Solusindo,,"Requirements :

Proven work experience as a Computer Scientist or similar role

The ability to think through problems and find solutions with various computer technologies

Excellent programming skills in PHP, Python, Javascript or others, depending on the specific field of focus

Familiarity with Ionic can added value

Familiarity with database management systems and SQL such as PostgreSQL, MySQL, Mongo

Ability to adapt to evolving technologies and learn new programming languages and frameworks quickly 

Job Descriptions :

Develop application system based on requirements from designing, developing, testing, maintaining, and improving.

Responsible for your projects and collaborate with fellow engineers and project manager to build an application",https://id.jobstreet.com/id/job/91764525,,IT Support,indonesia,"['python', 'php', 'r', 'java', 'mysql', 'sql', 'postgresql', 'javascript']",8,2026-04-28T10:47:09.255290
91764454,Desk Collection Staff ( Jakarta ),PT Aura Universal Rasi,,"Kualifikasi : 

Minimum pendidikan D3 / S1

Berpengalaman sebagai Collection bagian Kartu Kredit atau Fintech

Berpengalaman di bagian Recovery

Memiliki keterampilan komunikasi yang baik, kemampuan negosiasi, dan orientasi pada layanan pelanggan

MEMILIKI PENGALAMAN MENAGIH KREDIT YANG MACET VIA TELP

BERSIH SLIK / BI CHECKING

Diutamakan memiliki kendaraan pribadi / sepeda motor

Semangat kerja tinggi untuk mendapatkan penghasilan yang tinggi




Benefit :

Gaji yang kompetitif dan mengikuti standar industri ( UMR )

KOMISI / INSENTIF TIDAK TERBATAS ( Unlimited )

BPJS KETENAGAKERJAAN

BPJS KESEHATAN",https://id.jobstreet.com/id/job/91764454,Rp 5.729.000 – Rp 8.593.000 per month,IT Support,indonesia,['r'],1,2026-04-28T10:47:13.708813
91764460,IT SUPPORT (BANDUNG),PT ABISHAR TECHNOLOGIES INDONESIA,,"Requirements:

Bachelor’s degree in IT or related field

1–3 years IT Support / Asset Management experience

Strong hardware & OS knowledge (Windows, macOS; Linux is a plus)

Troubleshooting system & application issues

Familiar with AD / Google Workspace

Understanding IT asset & inventory management

Basic IT security (antivirus, patching, access control)

Experience with ticketing tools & vendor handling (plus)

Good communication & problem-solving skills

Responsibilities:

Provide end-user support (on-site & remote)

Troubleshoot hardware, software, and OS issues

Install, configure, and maintain systems

Manage user accounts, email, and access rights

Handle patching, updates, and security tools

Maintain IT assets, inventory, and documentation

Coordinate vendor support, warranty, and replacement",https://id.jobstreet.com/id/job/91764460,Rp 5.000.000 – Rp 6.000.000 per month,IT Support,indonesia,"['linux', 'r']",2,2026-04-28T10:47:18.087201
91764173,IT Database Administrator,PT Prawathiya Karsa Pradipta,,"Tanggung Jawab Utama:

Monitoring & optimasi database (performance, query, index)

Maintenance rutin & backup–recovery database

Menjaga keamanan dan availability database

Support tim developer & dokumentasi sistem

Kualifikasi Utama

Pendidikan minimal D3/S1 Informatika, Sistem Informasi, atau bidang terkait

Pengalaman 2–4 tahun sebagai Database Administrator di environment produksi

Menguasai RDBMS: MySQL, PostgreSQL, SQL Server, atau Oracle

Memahami High Availability, Replication, dan basic clustering

Berpengalaman dalam migrasi database atau upgrade versi

Familiar dengan Cloud Database: AWS RDS, GCP Cloud SQL, Azure, atau Alibaba Cloud ApsaraDB

Memiliki kemampuan analisa, troubleshooting, dan dokumentasi yang baik

Penempatan di Cibubur - Bekasi

Nilai Tambah (Plus Point)

Pengalaman mengelola database skala menengah hingga besar

Terbiasa berkolaborasi dengan tim aplikasi atau DevOps

Memahami performance monitoring dan capacity planning",https://id.jobstreet.com/id/job/91764173,,IT Support,indonesia,"['gcp', 'r', 'mysql', 'sql', 'aws', 'azure', 'postgresql']",7,2026-04-28T10:47:22.469879
91764135,RMA & Product Support,PT. GRAHAA MEGAH KORPORINDO,,"Kriteria kandidat :

Pendidikan minimal SMA/SMK/D3/S1

Pengalaman kerja minimal 1 tahun dan menguasai bidang jaringan komputer dan elektronik.

Menguasai aplikasi presentasi dan aplikasi Windows lainnya.

Memiliki kemampuan perbaikan, merancang dan presentasi produk.

Mengerti dan paham bahasa inggris.

Memiliki kendaraan pribadi dan SIM yang aktif.

Bersedia tugas lapangan dan lembur.

Orientasi target dan memiliki disiplin kerja.",https://id.jobstreet.com/id/job/91764135,,IT Support,indonesia,['r'],1,2026-04-28T10:47:26.860804
91764081,Technical Support,PT. KODE KOLEKTIF INDONESIA,,"Requirements

Fresh graduates are welcome to apply. Preferable experience in IT Support, Customer Support, or other related technical roles

Basic understanding of software systems, APIs, and troubleshooting methods.

Strong analytical and problem-solving skill

Good english communication skills, able to explain technical topics in simple terms

Familiarity with tools such as Postman (basic), SQL (basic), and ticketing systems

Ability to work efficiently in a fast-paced environment with cross-functional teams

Detail-oriented, patient, and customer-focused

Flexible and willing to work in a shift rotation as required

Experience in payment gateway projects is a plus

Willing to work in shifts


Responsibilities

Respond to user inquiries and technical issues via chat, email,online meeting or ticketing systems

Perform initial troubleshooting for application errors, login/access issues, feature malfunctions, or performance problems.

Reproduce user-reported issues and collect detailed information to support further investigation

Escalate complex issues to the Development or Operations team with complete and accurate documentation

Monitor system health, identify abnormalities, and report urgent incidents promptly

Provide clear instructions and guidance to users regarding system usage, configurations, or feature navigation

Maintain and update knowledge base articles, SOP, and internal technical documentation.

Collaborate with Product, QA, and Developer teams to ensure fast and effective issue resolution

Track and follow up on open tickets to ensure timely closure and user satisfaction",https://id.jobstreet.com/id/job/91764081,Rp 2.800.000 – Rp 3.400.000 per month,IT Support,indonesia,"['r', 'scala', 'sql']",3,2026-04-28T10:47:31.242695
91764081,Technical Support,PT. KODE KOLEKTIF INDONESIA,,"Requirements

Fresh graduates are welcome to apply. Preferable experience in IT Support, Customer Support, or other related technical roles

Basic understanding of software systems, APIs, and troubleshooting methods.

Strong analytical and problem-solving skill

Good english communication skills, able to explain technical topics in simple terms

Familiarity with tools such as Postman (basic), SQL (basic), and ticketing systems

Ability to work efficiently in a fast-paced environment with cross-functional teams

Detail-oriented, patient, and customer-focused

Flexible and willing to work in a shift rotation as required

Experience in payment gateway projects is a plus

Willing to work in shifts


Responsibilities

Respond to user inquiries and technical issues via chat, email,online meeting or ticketing systems

Perform initial troubleshooting for application errors, login/access issues, feature malfunctions, or performance problems.

Reproduce user-reported issues and collect detailed information to support further investigation

Escalate complex issues to the Development or Operations team with complete and accurate documentation

Monitor system health, identify abnormalities, and report urgent incidents promptly

Provide clear instructions and guidance to users regarding system usage, configurations, or feature navigation

Maintain and update knowledge base articles, SOP, and internal technical documentation.

Collaborate with Product, QA, and Developer teams to ensure fast and effective issue resolution

Track and follow up on open tickets to ensure timely closure and user satisfaction",https://id.jobstreet.com/id/job/91764081,Rp 2.800.000 – Rp 3.400.000 per month,IT Support,indonesia,"['r', 'scala', 'sql']",3,2026-04-28T10:48:08.050607
91775192,IT Manager,Hilton Bali Resort,,"An IT Manager will be responsible for the day-to-day support of IT systems for business systems, office systems, computer networks, and telephony systems throughout the hotel.

What will I be doing?

As an IT Manager, you will supervise the IT Department to ensure the quality and delivery of IT systems for both the hotel and its Guests. These efforts will be fulfilled timely, within budget, and in accordance with IT operating standards. Specifically, the IT Manager will perform the following tasks to the highest standards:

Ensure consistently strong operational support for all internal hotel IT systems and users, minimizing any system outages
Supervise the IT Department on a daily basis
Maintain excellent product knowledge and apply it to deliver full system benefits
Understand, fully, the legal requirements on IT governance and security
Handle, efficiently and completely, IT issues that arise
Identify current and future system needs and provide solutions for the identified needs
Build strong internal working relationships with all hotel Departments
What are we looking for?

IT Managers serving Hilton brands are always working on behalf of our Guests and working with other Team Members. To successfully fill this role, you should maintain the attitude, behaviours, skills, and values that follow:

Previous IT management experience, preferably in the hotel, leisure, and/or service sector
Experience of all Microsoft systems
Experience of hotel applications, such as Fidelio and Micros, preferred
Excellent organizational and interpersonal skills
Current technical skills and knowledge of technology
General understanding of IT infrastructure trends and technologies, including networks, databases, business applications, and development methodology
Ability to plan ahead and develop contingency plans, where necessary

It is advantageous in this position if you demonstrate the following capabilities and advantages:

 
Ability to work in a team
Excellent attention to detail
Positive Attitude
IT proficient
Willingness to develop team members and self

What will it be like to work for Hilton?

Hilton is the leading global hospitality company, spanning the lodging sector from luxurious full-service hotels and resorts to extended-stay suites and mid-priced hotels. For nearly a century, Hilton has offered business and leisure travelers the finest in accommodations, service, amenities and value. Hilton is dedicated to continuing its tradition of providing exceptional guest experiences across its global brands.  Our vision “to fill the earth with the light and warmth of hospitality” unites us as a team to create remarkable hospitality experiences around the world every day.  And, our amazing Team Members are at the heart of it all!",https://id.jobstreet.com/id/job/91775192,,IT Support,indonesia,['r'],1,2026-04-28T10:48:12.427167
91766519,Field Support,OTTO Digital,,"Job Description


Ensure smooth day-to-day operational activities at on-site locations by handling equipment, processes, and support tasks directly in the field. This position ensures timely issue resolution, operational continuity, and efficient execution of fieldbased activities to support overall business performance.

1. Perform on-site inspections, equipment checks, and routine maintenance.

2. Coordinate with internal teams and vendors to resolve operational issues promptly

3. Ensure compliance with safety, quality, and operational standards in the field.

4. Collect and report operational data, incidents, and performance updates

5. Provide hands-on assistance during deployments, installations, or field projects.

Minimum Qualifications

Basic understanding of field operations, equipment handling, or technical support processes.
Ability to perform on-site tasks, follow standard procedures, and work in a fast-paced operational environment.
Strong problem-solving and analytical skills.
Effective communication and collaboration skills.
Ability to learn quickly and adapt to new technologies.
Ability to work effectively in a team.",https://id.jobstreet.com/id/job/91766519,,IT Support,indonesia,['r'],1,2026-04-28T10:48:16.820659
91763430,IT Support,PT ABISHAR TECHNOLOGIES INDONESIA,,"We’re looking for an IT Support with around 3 years of experience to handle day-to-day technical issues, support end-users, and ensure smooth IT operations.

Requirements:

Min. 3 years experience as IT Support / Helpdesk

Strong in troubleshooting hardware, software, and network issues

Familiar with Windows, basic networking, and common office tools

Good communication & problem-solving skills

Able to join ASAP (priority for immediate/short notice candidates)

🚫 Currently not prioritizing candidates with 1-month notice period (Saat ini tidak memprioritaskan kandidat dengan notice period 1 bulan)",https://id.jobstreet.com/id/job/91763430,,IT Support,indonesia,['r'],1,2026-04-28T10:48:21.218387
91763416,Senior Project Manager,PT Nusantara Compnet Integrator,,"Responsibilities:

Lead and manage full project lifecycle—from planning, execution, monitoring, to completion.

Coordinate internal resources and third parties/vendors to ensure flawless execution.

Define project scope, goals, deliverables, and detailed schedules.

Manage project budgets, risks, and stakeholder communications effectively.




Requirements:

Bachelor’s degree in Information Technology, Computer Science, Engineering, or related field.

Minimum 5 years of experience in IT project management, preferably in a system integrator or technology consulting environment.

Having a PMP certification is an advantage

Proven track record managing enterprise-level projects involving IT infrastructure, networking, cloud, or cybersecurity solutions.

Excellent command of English, both written and spoken (mandatory).

Strong leadership, analytical, and problem-solving skills.

Ability to work under pressure and manage multiple priorities effectively.",https://id.jobstreet.com/id/job/91763416,,IT Support,indonesia,['r'],1,2026-04-28T10:48:25.589681
91763388,3rd Level Engineer (Network),PT Nusantara Compnet Integrator,,"Qualifications :

Bachelor’s degree in Informatics Engineering, Computer Science, or a related field.

Minimum 5 years of experience in Network Engineering.

Certified CCNP/CCIE Enterprise or HCIP/HCIE–Datacom (Huawei Certified ICT Expert – Datacom) is preferred.

Strong understanding of enterprise network architecture, routing & switching, BGP, OSPF, MPLS, Software define network, Loadbalancer and wireless technologies.

Proficient in advanced troubleshooting and handling complex network incidents.

Experience working with network devices such as Cisco, Juniper, Aruba, Huawei, Dell, or similar.

Ability to prepare detailed technical documentation and network designs.

Excellent communication skills and ability to work both independently and as part of a team.

Good verbal and written communication skills in English

Responsibilities :

Handle Level 3 technical escalations from Level 1 and Level 2 teams, focusing on advanced and critical network issues.

Perform Root Cause Analysis (RCA) for complex incidents and propose corrective and preventive solutions.

Design, implement, and optimize enterprise network infrastructure.

Configure and troubleshoot advanced network devices, including routers, switches, software-defined solutions, load balancers, and wireless controllers.

Monitor network performance, analyze logs and telemetry dataand conduct capacity planning to ensure stability and scalability.

Support network maintenance activities, upgrades, migrations, and architectural changes (change requests).

Prepare technical documentation, topology diagrams, SOPs, and troubleshooting or implementation reports.

Collaborate with vendors, principals, and cross-functional teams to resolve complex issues and support project delivery.",https://id.jobstreet.com/id/job/91763388,,IT Support,indonesia,"['r', 'scala']",2,2026-04-28T10:48:29.954556
91763226,Tier 2 SOC Analyst,PT Neotech Cakrawala Indonesia,,"Tanggung Jawab Utama

Melakukan analisis lanjutan terhadap alert dan insiden keamanan yang di-escalate dari L1

Mengidentifikasi, menginvestigasi, dan merespon ancaman keamanan (threat detection & incident response)

Melakukan threat hunting untuk menemukan potensi ancaman yang tidak terdeteksi oleh sistem

Menganalisis log dari berbagai sumber (SIEM, firewall, endpoint, server, dll)

Mengembangkan dan menyempurnakan use case / rule di SIEM untuk meningkatkan deteksi

Memberikan rekomendasi mitigasi dan perbaikan kepada tim internal maupun klien

Berkolaborasi dengan tim IT/Network/Security untuk penanganan insiden

Membuat laporan insiden (incident report) secara detail dan profesional

Melakukan tuning terhadap sistem monitoring untuk mengurangi false positive

Membantu L1 dalam troubleshooting dan peningkatan kemampuan teknis




Kualifikasi

Minimal pengalaman 2–4 tahun di bidang SOC / Cybersecurity

Memahami konsep dasar keamanan jaringan (TCP/IP, Firewall, IDS/IPS, VPN)

Berpengalaman menggunakan tools seperti SIEM (Splunk, QRadar, dll), EDR, dan monitoring tools lainnya

Memahami framework keamanan seperti MITRE ATT&CK, NIST, atau ISO 27001

Memiliki kemampuan analisa log dan investigasi insiden yang baik

Terbiasa bekerja dalam sistem shift (SOC 24/7)

Memiliki kemampuan problem solving dan analytical thinking yang kuat




Nilai Tambah (Preferred)

Memiliki sertifikasi seperti CEH, CompTIA Security+, CySA+, atau sejenis

Pengalaman dalam threat intelligence / threat hunting

Basic scripting (Python, Bash) menjadi nilai plus

Pernah handle incident response secara end-to-end",https://id.jobstreet.com/id/job/91763226,Rp 5.000.000 – Rp 6.000.000 per month,IT Support,indonesia,"['python', 'r', 'scala', 'bash']",4,2026-04-28T10:48:34.360905
91763169,Data Protection Officer,PT Anabatic Technologies,,"Responsibilities

Develop, implement, and monitor data protection policies, standards, and procedures in line with PDP regulations and best practices, including acting as the primary liaison with regulators and ensuring compliance across all business functions.

Oversee end-to-end personal data lifecycle management and proactively identify, assess, and mitigate privacy risks, ensuring Privacy by Design and Default principles are embedded into systems, processes, and AI-driven use cases (including data processing, analytics, and model training).

Ensure compliance with PDP regulations and cross-border data transfer requirements by translating regulatory changes into internal policies, leading audits and assessments, and maintaining accurate documentation and reporting (including RoPA and DPIA).

Monitoring the use of personal data in AI/ML solutions to ensure compliance with the principles of transparency, fairness, and accountability, including in profiling and automated decision-making activities.

Lead the end-to-end management of data breaches, including detection, investigation, impact assessment, regulatory notification, and implementation of corrective and preventive actions

Act as a strategic advisor to management and business units by integrating data protection into CXaaS and BPaaS offerings, supporting client requirements, and ensuring alignment across Legal, IT, Security, Product, and Operations.

Drive organization-wide data protection awareness and training programs to strengthen compliance culture and ensure accountability in handling personal data




Qualifications

Minimum Bachelor Degree of Legal or related major

Have minimum 5-8 years of relevant experience, with exposure to Compliance, Risk Management, Legal, or IT Governance functions, Preferred industry background BPO/ Outsource, IT services, fintech, or contact center

Proficient in relevant certifications (e.g., CIPP, CIPM, DPO)

Willing to be placed at PT Karyaputra Suryagemilang (subholding of PT Anabatic Technologies Tbk)",https://id.jobstreet.com/id/job/91763169,,IT Support,indonesia,['r'],1,2026-04-28T10:48:38.772936
91395453,Java Developer,PT Nawa Data Solutions,,"Job Descriptions:

Building applications using Java Programming

Monitoring and control of the modules

Requirement:

Strong knowledge in Java Programming is mandatory.

Experience minimum 2 years as a Software Developer.

Education level bachelor degree or equal.

Good knowledge in sofware development.

Experience in Java Frameworks, such as Hibernate, JPA, Spring, Springboot

Experience using microservice.

Experience handle Payment Gateway System Project

Good analystical thinking, problem solving skills, interpersonal and have an integrity.

Experience in agile methodology

Experience handing insurance or banking project is preferre.

Willing to work in insurance or banking industry project.

Additional Benefit:

Salary (Basic Salary, Meal Allowance, Transport Allowance)

BPJS Kesehatan

BPJS Ketenagakerjaan

THR

Device (laptop)",https://id.jobstreet.com/id/job/91395453,,IT Support,indonesia,"['r', 'java', 'agile']",3,2026-04-28T10:48:43.202460
91763164,Tier 1 SOC Analyst,PT Neotech Cakrawala Indonesia,,"Job Description:

Melakukan monitoring keamanan jaringan & sistem 24/7

Menganalisa dan menindaklanjuti insiden keamanan (incident response)

Melakukan investigasi dan reporting terhadap security alert

Berkoordinasi dengan tim IT terkait mitigasi risiko keamanan




Requirements:

Pendidikan minimal S1 Teknik Informatika / Sistem Informasi / sejenis

Memahami konsep Cyber Security, SIEM, Firewall, IDS/IPS

Pengalaman minimal 1 tahun sebagai SOC/IT Security (fresh graduate dipersilakan melamar jika memiliki skill relevan)

Mampu bekerja dalam sistem shift

Memiliki sertifikasi security menjadi nilai tambah",https://id.jobstreet.com/id/job/91763164,Rp 4.500.000 – Rp 5.100.000 per month,IT Support,indonesia,['r'],1,2026-04-28T10:48:47.559267
91762702,IT Business Analyst,PT Kamoro Maxima Integra,,"As IT Business Analyst, you will be responsible but not limited to:

Conduct business and user requirement analysis.

Gain / maintain an in-depth knowledge of business functions.

Investigate, evaluate and report alternative solutions to business needs and recommend the preferred solution.

Creating system documentation, database, flowchart, business process, application, and testing scenario.

Coordinate with business user and programmer team in software development project.

To communicate with user departments, explaining the impact of any change and training them in the use of new applications.

Requirements:

Must be willing to travel to mining site when required.

Fluent in spoken and written English.

Bachelor’s degree in Information Technology, Computer Science, or a related field, with a minimum GPA of 3.00

At least five 4-5 years of experience as a IT Business Analyst.

Strong familiarity with Agile development methodologies.

Solid understanding of system architecture and system integration concepts.

Proven ability to produce high-quality system documentation, including databases, flowcharts, business processes, application specifications, and test documentation.

Excellent verbal and written communication skills, with the ability to prepare reports and professional business correspondence.

Strong analytical skills, effective communication abilities, and a proactive, can-do attitude.


Why join Us?

We offer very attractive salary and outstanding benefits.

Most of our clients are multinational company which you will be exposed to a large IT environment and valuable experience in international scale projects.

You will always learn new things as our projects always adopt latest technology and best practice available in the market.

Last but not least, we offer a supportive and encouraging environment that puts the emphasis on teamwork. Here, your soft skill (professional relationships, character, attitude) will grow as fast as your technical skill.",https://id.jobstreet.com/id/job/91762702,,IT Support,indonesia,"['r', 'agile']",2,2026-04-28T10:48:51.945586
91762675,Quality Assurance Engineer,PT Luxehouze Group Indonesia,,"Quality Assurance Engineer is responsible for supporting the QA team in ensuring software quality through manual and automated testing. This role will execute test cases, identify and document defects, perform regression testing, and collaborate with developers and product teams to ensure stable and high-quality releases. The position also supports test automation initiatives to improve testing efficiency and coverage.

This position is expected to be able to champion automation testing culture in the engineering and QA team as well.

Responsibilities:
- Execute manual test cases for web applications. 

- Create, review, and maintain test cases and test scenarios based on business requirements. 

- Perform functional, regression, and smoke testing before each release. 

- Identify, document, and track bugs using defect management tool. 

- Collaborate closely with Product, Design, and Business stakeholders to clarify requirements and reproduce issues. 

- Support test automation activities to improve test coverage and efficiency. 

- Validate API responses and system integrations when required. 

- Ensure application quality meets acceptance criteria before production release. 

- Assist in UAT preparation and support deployment validation. 

- Contribute to continuous improvement of QA processes and documentation.

Requirement & Qualifications:
- Bachelor's degree in Computer Science, Information Technology, Software Engineering, or related filed. 

- 3-6 years of experience in software testing (fresh graduates are welcome to apply). 

- Basic understanding of Software Development Life Cycle (SDLC) and Software Testing Life Cycle (STLC). 

- Familiar with manual testing concepts (functional, regression, smoke testing). 

- Ability to create and document test cases and test scenarios clearly. 

- Experience working in Agile/Scrum environments. 

- Knowledge of performance or load testing tools is a plus.
- Familiarity with cross-browser and responsive testing (desktop & mobile). 

-  Basic knowledge of bug tracking tools (e.g., Jira, Trello, Azure DevOps, etc.).
- Understanding of web application structure (frontend, backend, API). 

- Understanding of database basics and ability to perform simple queries (SQL).
- Basic knowledge of API testing (e.g., Postman) is a plus. 

- Exposure to automation tools (e.g., Playwright, Selenium, Cypress) is an advantage. 

- String analytical thinking and attention to detail. 

Good communication and teamwork skills.
- Willingness to learn new tools and testing methodologies.",https://id.jobstreet.com/id/job/91762675,,IT Support,indonesia,"['r', 'agile', 'sql', 'scrum', 'azure', 'ios']",6,2026-04-28T10:48:56.310121
91762475,IT Helpdesk Engineer (Mandarin Speaker),PT Langit Metal Industry,,"IT Helpdesk Engineer

Main Responsibilities

Diagnose and repair system, application, or network issues such as password resets, connection problems, or software errors.

Responsible for providing direct assistance for computer, OS (Windows), software, and peripheral (printer, scanner) issues in the office.

Responsible for daily monitoring, inspection, and technical support for the operation and maintenance of IT equipment and company servers.

Responsible for technical support and troubleshooting of operating systems and IT-related equipment in the office.

Requirements

1-3 years of experience related to IT Helpdesk.

Must be fluent in reading, writing, and communicating in Mandarin and English.

High initiative and responsibility for assigned tasks.

Able to work under pressure and meet targets on time.

Good teamwork skills.

Ready to assist outside of office hours in case of urgent incidents.",https://id.jobstreet.com/id/job/91762475,Rp 10.000.000 – Rp 15.000.000 per month,IT Support,indonesia,['r'],1,2026-04-28T10:49:00.671731
91762442,Management Consultant – Strategy & Deck Development (3-Month Project),PT Nityo Infotech,,"About the Role

We are seeking a highly structured and detail-oriented Project Consultant to support a short-term strategic project involving valuation-related work and executive-level presentation development.

This role will focus primarily on developing high-quality presentation decks, structuring content, and translating analytical outputs into clear and compelling business narratives.

Key Responsibilities

Develop and structure end-to-end presentation decks for strategic and valuation-related projects

Compile and synthesize data and analysis into clear, client-ready materials

Create compelling storylines and business narratives

Translate complex financial and business concepts into visually engaging slides

Collaborate with internal stakeholders to refine messaging and ensure alignment

Ensure all presentation materials meet high professional and formatting standards

Support project deliverables under tight timelines

Requirements

Bachelor's degree in Business, Finance, Economics, or related field

5–8 years of professional experience

Prior experience at top consulting firms (e.g., Deloitte, PwC, Accenture) or leading organizations

Experience as a Management Associate, Consultant, or similar role

Strong expertise in PowerPoint development and storytelling

Ability to structure complex information into clear presentation formats

Strong attention to detail and ability to work in fast-paced environments

Prior exposure to valuation-related projects is a plus

Indonesian candidates only

Able to start immediately",https://id.jobstreet.com/id/job/91762442,Rp 45.000.000 – Rp 50.000.000 per month,IT Support,indonesia,['r'],1,2026-04-28T10:49:05.106642
91762298,SOC Threat Analyst (L2 & L3),PT. PELINDUNG TEKNOLOGI UTAMA,,"Our Company is growing rapidly, and we are looking for highly motivated individuals to work in a SOC environment leveraging SIEMs and security tools to assist in detecting potential security threats. The SOC analyst role is to monitor, detect and respond to security incidents. The role involves triaging, analyzing alerts, determining the criticality of the incidents, and escalating them accordingly. 




Baseline scope and JD for SOC analyst :  

Key responsibilities:  

Continuously monitor security alerts from various sources such as firewalls, intrusion detection/prevention systems (IDS/IPS), Security Information and Event Management (SIEM) tools, and other security infrastructure. 

Respond to and investigate security incidents 

Collaborate with senior SOC analyst on complex incidents and provide appropriate recommendation for remediation 

Escalate incidents and concerns to higher-tier analysts or specialized security teams when necessary. 

Conduct detailed analysis of security events, logs, and alerts to determine the severity and root cause of incidents. 

Provide and maintain detailed records of incidents, actions taken, and outcomes for internal tracking and post-incident analysis. 

Gather and analyze threat intelligence to stay up to date on emerging cybersecurity risks and vulnerabilities. 

Collaborate with IT, network, and infrastructure teams to ensure appropriate measures are taken to prevent or mitigate future incidents. 

Assist in the tuning and optimization of security tools, systems, and processes to improve detection capabilities. 

Participate in regular team meetings, training sessions, and knowledge-sharing activities to improve team performance and security posture. 




Education(s):  

Diploma or Bachelor’s degree in Cybersecurity, Information Technology, or related field, or equivalent work experience. 




Certifications (preferred but not required): 

CompTIA Security+, Certified Information Systems Security Professional (CISSP), Certified Ethical Hacker (CEH), or similar certifications. 




Skills:  

Strong understanding of networking protocols and concepts (TCP/IP, DNS, HTTP/S, etc.). 

Experience with SIEM platforms (e.g., Splunk, ArcSight, QRadar, or similar tools) would be preferable. 

Ability to investigate and analyze security incidents with attention to detail. 

Good communication skills for documenting and reporting incidents. 

Ability to work in a fast-paced, high-pressure environment. 




Technical Knowledge: 

Knowledge of common attack vectors, including but not limited to malware, phishing, DDoS, and APTs (Advanced Persistent Threats). 

Knowledge in various cyber defense methodology and frameworks(i,e Mitre ATT&CK, etc) 

Familiarity with operating systems (Windows, Linux) and networking devices (routers, switches, firewalls). 




Other skills :  

Critical thinking and problem-solving abilities. 

Ability to prioritize and manage multiple tasks effectively. 

Strong teamwork and collaboration skills. 




Working hours :  

The working hours will change as we grow. Currently we are looking for individuals who are able to work on 12 hour shift",https://id.jobstreet.com/id/job/91762298,Rp 10.000.000 – Rp 15.000.000 per month,IT Support,indonesia,"['linux', 'r', 'scala']",3,2026-04-28T10:49:09.502121
91762207,IT Staff,Nara Law,,"NARA Law (formerly known as Tarigan & Partners) is a full-service law firm, is looking for team support for the following position:

 

Role Overview

Position: IT Support

Location: Sampoerna Strategic Square, South Jakarta

Expertise: Help Desk & IT Support (Information & Communication Technology)

 

Qualifications

Minimum 2 years of experience in IT support.

Solid experience in handling office equipment and tools, including printers, Wi-Fi networks, desktops, and laptops running on both Windows and macOS.

Knowledge of basic IT technologies, i.e., monitoring tools, troubleshooting tools.

Hands-on experience with IT asset management, including tracking, maintaining, and optimizing hardware and software inventories.

Team skills, including the ability to establish and maintain effective working relationships.

Strong problem-solving skills, especially under time pressure.

Willing to work onsite and can join immediately.

 

If you feel that you fit the abovementioned criteria, please submit your cover letter (in English), your CV, and any documents that you believe are relevant, along with your expected salary. We highly appreciate if you could provide the aforementioned documents no later than 4 May 2026.

 We will contact shortlisted candidates via phone call and/or email.

 Looking forward to working with you!",https://id.jobstreet.com/id/job/91762207,,IT Support,indonesia,['r'],1,2026-04-28T10:49:13.863872
91761916,IT SUPPORT STAFF,PT Inter Aneka Lestari Kimia,,"Job Descriptions

·       Provide technical support for hardware, software, and network-related issues.

·       Install, configure, and maintain computers, operating systems, and applications.

·       Troubleshoot problems related to desktops, laptops, printers, and other IT equipment.

·       Monitor and maintain IT systems to ensure optimal performance and reliability.

·       Perform routine maintenance such as system updates, patches, antivirus checks, and data backups.

·       Assist users in resolving technical issues via onsite or remote support.

·       Set up and manage user accounts, email, and access permissions.

·       Support network connectivity including LAN, WAN, Wi-Fi, and VPN.

·       Document technical issues, solutions, and system configurations.

·       Coordinate with vendors or third-party providers for IT-related services and repairs.

·       Ensure IT security standards are implemented and maintained.

·       Provide basic training or guidance to users on IT systems and applications.

Job Requirements

Diploma or Bachelor’s degree in Information Technology, Computer Science, Information Systems, or a related field.

Proven experience as an IT Support or similar technical support role is preferred.

Strong understanding of computer hardware, software, and operating systems (Windows, Linux, macOS).

Basic knowledge of networking concepts such as LAN, WAN, TCP/IP, DNS, and VPN.

Experience with installation, configuration, and troubleshooting of IT equipment (PC, laptop, printer, scanner).

Ability to perform system maintenance, updates, and data backups.

Knowledge of IT security practices (antivirus, firewall, data protection) is a plus.

Experience using remote support tools (AnyDesk, TeamViewer, Remote Desktop).

Strong analytical thinking and problem-solving skills.

Good communication skills to assist non-technical users effectively.

Able to work independently as well as part of a team.

Willing to learn new technologies and adapt to changing environments.

Willing to be stationed in Cikande, and undergo On-the-Job Training(OJT) in Daan Mogot, Tangerang.",https://id.jobstreet.com/id/job/91761916,,IT Support,indonesia,"['linux', 'r']",2,2026-04-28T10:49:18.272311
91769240,Technical Support Engineer,PT Wahana Pembayaran Digital,,"🔎 We’re Hiring: Technical Support Engineer (with coding background)!

📍 Sudirman, Jakarta

🏢 Industry: Payment Gateway / Fintech

🧩 Key Responsibilities

1. Berkolaborasi dengan IT Infrastructure & Network untuk monitoring kondisi infrastruktur aplikasi 

2. Mengatur dan memproses masalah/keluhan dari pihak merchant

3. Mengeskalasi masalah merchant ke tingkat atas jika tidak dapat ditangani

4. Mengembangkan plugin atau tools untuk mensupport merchant 

5. Menulis dan me-maintain dokumentasi teknis Paylabs

6. Riset dan pengembangan untuk sistem support Paylabs

7. Standby di jam tertentu untuk menangani keluhan merchant

✅ Requirements

1. Menguasai beberapa bahasa pemograman seperti PHP dan Python

2. Menguasai Java adalah nilai plus

3. Menguasai SQL query basic

4. Mau belajar teknologi baru

5. Bersedia untuk bekerja di jam malam

6. Punya pengalaman untuk debug atau fix bug

7. Berpengalaman untuk development API

Waktu shifting: 07.00 – 15.00, 15.00 – 23.00, 23.00 – 07.00

📩 Apply Now

Apply directly through this post
Or submit via this link (preferably):
👉 https://docs.google.com/forms/d/e/1FAIpQLSdzWh_x8DXzDW5oqcRp_bjnWPOx90P4d1JPTRIXqGExntH1eg/viewform?usp=sharing&ouid=102617540895116305413",https://id.jobstreet.com/id/job/91769240,,IT Support,indonesia,"['python', 'php', 'r', 'java', 'sql']",5,2026-04-28T10:49:22.731729
91760720,IT Staff,PT Karya Tulus Bakti,,"Gambaran Umum Pekerjaan
PT Karya Tulus Bakti' sedang mencari IT Staff berpengalaman untuk bergabung dengan tim kami di Surabaya, Jawa Timur. Sebagai IT Staff, Anda akan memainkan peran penting dalam memastikan kelancaraan operasional teknologi informasi di perusahaan kami. Posisi ini menawarkan peluang untuk bekerja dalam lingkungan pengembangan teknologi yang dinamis dan memberikan kontribusi langsung terhadap keberhasilan bisnis.

Tanggung Jawab Utama

Melakukan pemasangan, konfigurasi, dan pemeliharaan sistem ERPNext di seluruh organisasi.

Memberikan dukungan teknis dan pemecahan masalah untuk masalah TI yang dihadapi karyawan.

Memantau dan memastikan ketersediaan dan kinerja sistem TI yang andal.

Mengidentifikasi dan menerapkan solusi teknologi untuk meningkatkan efisiensi dan produktivitas melalui sistem ERPNext.

Mendokumentasikan proses, prosedur, dan konfigurasi sistem TI.

Keterampilan, Kualifikasi, dan Pengalaman yang Dibutuhkan

Setidaknya 3 tahun pengalaman dalam peran dukungan TI atau serupa di industri Teknologi Informasi & Komunikasi.

Familiar dengan alat dan teknologi TI yang umum digunakan, seperti Microsoft Office, firewall, dan perangkat lunak manajemen aset.

Kemampuan berkomunikasi yang baik dan kemampuan bekerja dalam tim maupun mandiri.

Bersemangat untuk belajar dan mengembangkan keterampilan teknis secara berkelanjutan.

Manfaat Utama Bekerja di PT Karya Tulus Bakti

Lingkungan kerja yang kolaboratif, inovatif, dan mendukung keseimbangan kehidupan kerja.

Fasilitas kantor yang nyaman dan dilengkapi dengan berbagai sarana penunjang produktivitas.

Tentang PT Karya Tulus Bakti
PT Karya Tulus Bakti' adalah perusahaan yang bergerak di bidang pertambangan. Kami berkomitmen untuk menyediakan produk dan layanan berkualitas tinggi yang membantu klien kami mencapai keunggulan kompetitif. Dengan tim yang berdedikasi dan lingkungan kerja yang dinamis, kami terus berinovasi untuk memenuhi kebutuhan pelanggan yang selalu berubah.


Jika Anda tertarik dan memenuhi persyaratan, jangan ragu untuk melamar posisi ini sekarang.",https://id.jobstreet.com/id/job/91760720,,IT Support,indonesia,['r'],1,2026-04-28T10:49:27.210223
91761614,MONITORING / FIELD ENGINEER,PT Prestasi Piranti Informasi (NEUVIZ),,"Kualifikasi yang dibutuhkan :

Minimal D3 Teknik Informatika / Komputer/ Telekomunikasi

Fresh graduate dipersilakan, atau max 2 tahun pengalaman di NOC / Monitoring/ Network Support

Bersedia bekerja shift (rotating / 24 jam )

Bersedia untuk bekerja lembur dan on site jika dibutuhkan operasional

Memahami dasar jaringan dan infrastruktur internet (TCP/IP , VLAN, Route / Switching)

Tinggal di Jakarta dan sekitarnya / Jakarta Selatan (Kuningan )

Harus memiliki kendaraan




Tanggung Jawab :

Menyelesaikan troubleshooting awal, isolasi gangguan, eskalasi ke Network / Field Engineer

Monitoring backbone , jaringan akses, FTTH 24/7

Monitoring alarm GPON / FTTH , status dan kesehatan layanan ONU /ONT

Frontline support untuk laporan gangguan via chat , Email, telepon

Membuat tiket insiden, mencatat log monitoring dan laporan operasional

Siap untuk onsite troubleshooting / support lapangan jika dibutuhkan",https://id.jobstreet.com/id/job/91761614,Rp 6.000.000 – Rp 8.000.000 per month,IT Support,indonesia,['r'],1,2026-04-28T10:49:31.603883
91761565,Technical Specialist D365 BC,PT Importa Jaya Abadi,,"Kualifikasi :

Pendidikan SMK/D3/S1 jurusan Informatika atau Matematika

Memiliki pengalaman teknis di bidang pengembangan ERP (Business Central) min. 2 tahun

Menguasai AL Language untuk extension, customization, dan troubleshooting

Pengalaman integrasi sistem menggunakan API (REST / OData / Web Service)

Pemahaman SQL Server untuk analisis data, query, dan optimasi performa

Memahami change management, incident management, dan release management ERP

Mampu melakukan impact analysis antar modul dan antar sistem

Kemampuan analisis dan problem solving end-to-end

Komunikasi teknis yang baik dengan tim fungsional dan user bisnis




Job Deskripsi :

Menangani support teknis harian terkait ERP D365 Business Central dan integrasi sistem

Melakukan pengembangan, perbaikan, dan enhancement sesuai change request yang disetujui

Memonitor stabilitas sistem ERP dan integrasi serta menindaklanjuti potensi issue

Mendukung aktivitas testing (SIT/UAT), release, dan rollback sesuai jadwal

Menyusun dan memperbarui dokumentasi teknis, incident, dan perubahan sistem",https://id.jobstreet.com/id/job/91761565,,IT Support,indonesia,"['r', 'sql']",2,2026-04-28T10:49:35.992867
91761494,IT Developer Program,PT CIMB Niaga Tbk,,"Job Description

Create new program and modification as required by business unit

Prepare system solution on root cause as preventive action

Create all necessary program documentations based on CMMI Standard

Perform 24 hours to support on investigation and recovery of production problem that involving application failure

Prepares progress report for all works performed


Requirements

Minimum Bachelor's Degree majoring in Information Technology or related

Min 1 year as an IT Application Programmer or Software Engineer

Min. GPA of 3.00

Have knowledge in JAVA or other programming language is an advantage

Have experience participating in Coding School or other relevant programs is preferable 

Working Location : Bintaro - Tangerang Selatan 

Contract Based.",https://id.jobstreet.com/id/job/91761494,,IT Support,indonesia,"['r', 'java']",2,2026-04-28T10:49:40.430888
91761475,IT Infrastructure Staff,PT Elastis Reka Aktif,,"Kualifikasi

1. D3 Teknik Komputer / S1 Teknik Komputer / S1 Sistem Informasi

2. Memiliki pengalaman di bidang yang sama selama 1 tahun

3. Mampu dan paham mengenai troubleshooting Hardware ataupun Server

4. Memahami jaringan komputer dan internet

5. Mengerti system backup dan sharing data

Job Desc

1. Melakukan maintenance hardware berdasarkan jadwal yang ada

2. Membantu dalam hal membangun dan menjaga infratruktur IT perusahaan dan melakukan perawatan hardware dan software perusahaan

3. Menjaga dan melakukan perhitungan stok opname hardware setiap bulan bersama Accounting dan segera menginformasikan kepada Manager akan ketersediaan stok hardware jika kurang dari buffer stok atau jika memerlukan hardware tertentu.

4. Membantu mengawasi kelengkapan dokumen-dokumen hardware baik dokumen permintaan dan pembelian, maupun dokumen garansi dan manual hardware.

5. Melakukan pemberian label kode asset pada hardware setiap kali akan melakukan serah terima hardware kepada user.

6. Menjaga keamanan data perusahaan dengan mengawasi pemakaian Wifi dan trafik data dan internet perusahaan dari akses yang mencurigakan.

7. Mengakses atau melakukan perubahan konfigurasi pada server atau hardware lainnya dalam hal melakukan maintenance atau perbaikan atau suatu keperluan atas ijin

8. Memonitoring dan Maintenance Server Perusahaan",https://id.jobstreet.com/id/job/91761475,,IT Support,indonesia,['r'],1,2026-04-28T10:49:44.883671
91761466,Application Support (Web),PT. SIGMA GLOBAL TEKNOLOGI (SIGMATECH),,"Responsibilities:

* Subject Matter Expert (SME) for internal and external web applications

* Provide operational support to minimize service disruption

* Troubleshoot complex application, API, and data issues escalated from L1

* Monitor application performance and stability using logs and APM tools

* Maintain and optimize application servers

* Execute production changes in accordance with ITIL Change Enablement

• Coordinate with L3 internal Client Developers",https://id.jobstreet.com/id/job/91761466,Rp 8.000.000 – Rp 9.000.000 per month,IT Support,indonesia,"['r', 'scala']",2,2026-04-28T10:49:49.318686
91761301,Teknisi GPS (Jabodetabek),PT. Lalu Lintas Lancar,,"Kualifikasi & Pengalaman

Memiliki pengalaman minimal 1–2 tahun sebagai Teknisi GPS

Memiliki kendaraan pribadi dan bersedia melakukan pekerjaan lapangan

Mampu beradaptasi dengan kondisi di lapangan sesuai kebutuhan operasional customer

Memiliki pemahaman yang baik mengenai sistem GPS tracking

Terampil dalam instalasi, troubleshooting, dan pemeliharaan perangkat GPS

Memahami dasar kelistrikan kendaraan dan perakitan kabel

Memiliki kemampuan konfigurasi perangkat menjadi nilai tambah


Tanggung Jawab

Melakukan instalasi perangkat GPS pada berbagai jenis kendaraan (mobil, truk, dll.)

Melakukan maintenance dan troubleshooting secara berkala untuk memastikan perangkat berfungsi dengan baik

Menganalisis dan menyelesaikan masalah teknis terkait perangkat dan konektivitas GPS

Melakukan kunjungan ke lokasi sesuai kebutuhan proyek atau permintaan customer

Memastikan instalasi sesuai standar teknis dan aman (wiring & pemasangan)

Melakukan konfigurasi perangkat serta pengujian sebelum digunakan

Memberikan support teknis dan edukasi dasar kepada customer jika diperlukan

Membuat laporan instalasi dan pekerjaan secara akurat dan tepat waktu

Berkoordinasi dengan tim internal (operasional, support, dan sales) untuk kelancaran proyek


Benefit

BPJS Kesehatan",https://id.jobstreet.com/id/job/91761301,Rp 4.000.000 – Rp 5.500.000 per month,IT Support,indonesia,['r'],1,2026-04-28T10:49:53.772938
91470068,Account Manager,PT Faasri Utama Sakti,,"Job Requirements :

Minimum 2 years of experience in Sales for IT services / products such as IT Infrastructure, data center, and managed services.

Preferably a degree holder in Business, Marketing, Communication, Management, Informatics Technique or related fields

Proven work experience as a Sales and Marketing Executive or a similar position in the Sales Department.

In-depth knowledge of strategic planning

Having strong customer communication skills, good interpersonal

Dynamic, active, hardworking and target oriented

Good presentation skill and good negotiation

Good medical record

Good spoken and written knowledge of English and language of customer

Employment type : full time




Job Descriptions :

Prospect for data center/co-location/IT Solutions sales with new clients or partners

Communicate fully with the product line and collect customer needs to jointly formulate product strategies for target customers.     

Responsible for managing key accounts within the business, maintaining and developing the customers.

Work with our solutions team to define and enhance our existing services offered to maintain relevance and competitiveness to capture additional market share.

Use product promotions and programs to maximize success

Be responsible for coordinating contract signing, present proposals, and ensuring timely payment collection, as well as organizing, coordinating, and managing the entire product sales process.

Negotiate and manage complex sales-cycles and present proposals.",https://id.jobstreet.com/id/job/91470068,,IT Support,indonesia,['r'],1,2026-04-28T10:49:58.191705
91761148,IT SUPPORT (WINDOWS SERVER),PT Djaja Listrik Jakarta,,"IT Support (Windows Server)

Deskripsi Pekerjaan

Bertanggung jawab memastikan sistem Teknologi Informasi (TI) berjalan lancar dan efisien, dengan fokus pada pengelolaan server (terutama Windows), jaringan, dan dukungan teknis lanjutan.

Berikut versi yang lebih sederhana dan ringkas tanpa menghilangkan maknanya:

Deskripsi Pekerjaan

Bertanggung jawab memastikan sistem Teknologi Informasi (TI) berjalan lancar dan efisien, dengan fokus pada pengelolaan server (terutama windows server), jaringan, dan dukungan teknis lanjutan.

Tanggung Jawab Utama:

1. Administrasi Server dan Sistem

* Mengelola dan merawat Windows Server serta sistem operas komputer perusahaan.

2. Manajemen Jaringan dan Keamanan

* Mengelola infrastruktur jaringan dan perangkatnya.

* Menjaga keamanan jaringan (Firewall, Email Gateway, NGFW).

* Memahami dan mengatur jaringan dasar seperti TCP/IP.

3. Dukungan Teknis

* Menangani masalah teknis hardware, software, dan jaringan.

* Menguasai Windows Server dan instalasi Microsoft Outlook.


Kualifikasi

Minimal D3/S1 Ilmu Komputer/Teknologi Informasi atau bidang terkait.

Pengalaman 2–3 tahun sebagai System/Network, IT Support atau Bidang Terkait.

Memiliki kemampuan kuat dalam administrasi Windows Server, jaringan dan keamanannya, serta troubleshooting hardware, software, dan networking.

Bersedia dapat segera bergabung.

Penempatan di GN Sahari, Jakarta Pusat",https://id.jobstreet.com/id/job/91761148,Rp 4.750.000 – Rp 5.250.000 per month,IT Support,indonesia,['r'],1,2026-04-28T10:50:02.632613
91769242,Application Support Engineer (L2 / L3),PT. SIGMA GLOBAL TEKNOLOGI (SIGMATECH),,"Responsibilities:

* Subject Matter Expert (SME) for internal and external web applications

* Provide operational support to minimize service disruption

* Troubleshoot complex application, API, and data issues escalated from L1

* Monitor application performance and stability using logs and APM tools

* Maintain and optimize application servers

* Execute production changes in accordance with ITIL Change Enablement

 • Coordinate with L3 internal Client Developers",https://id.jobstreet.com/id/job/91769242,,IT Support,indonesia,"['r', 'scala']",2,2026-04-28T10:50:07.055124
91761014,L2 Security Engineer — Firewall & SASE,PT IP Network Solusindo,,"JOB REQUIREMENTS:

Kualifikasi Wajib:

Minimal 2–3 tahun pengalaman sebagai Network Security Engineer atau Firewall Engineer

Hands-on experience dengan minimal 2 dari: Palo Alto NGFW, Checkpoint, atau Juniper SRX

Mampu mengkonfigurasi dan troubleshoot: Security Policy, NAT, VPN (IPSec/SSL), routing (BGP/OSPF)

Pengalaman HA design dan failover testing di lingkungan DC/DRC

Terbiasa membuat dokumentasi teknis: HLD, LLD, MOP, UAT, RCA

Kemampuan troubleshooting mandiri via packet capture, log analysis, dan CLI

Kemampuan membaca dokumentasi teknis dalam Bahasa Inggris

Nilai Tambah:

Pengalaman langsung dengan Prisma Access atau Zscaler ZIA/ZPA

Familiar dengan konsep SASE: SD-WAN, ZTNA, CASB, SWG

Pengalaman di lingkungan MSSP atau multi-klien enterprise

Sertifikasi yang diutamakan:

PCNSE (Palo Alto), CCSE Checkpoint, JNCIP-Sec (Juniper)

Nilai tambah: CCNP Security, Prisma Access SASE Associate, ZCCA (Zscaler)

JOB DESCRIPTION:

Operasional dan troubleshooting NGFW: Palo Alto (PA-Series/VM-Series), Checkpoint, dan Juniper SRX di lingkungan HA (DC/DRC)

Analisis log firewall, review security policy, dan eksekusi change management sesuai prosedur MOP

Monitoring dan troubleshooting platform SASE: Palo Alto Prisma Access dan/atau Zscaler (ZIA/ZPA)

Investigasi anomali traffic, policy violation, dan penanganan insiden firewall/SASE

Melakukan preventive maintenance, OS upgrade, dan patch management

Membuat dokumentasi teknis: RCA, runbook, change log, HLD/LLD

Menjadi technical escalation point sebelum Lead Engineer

On-call sesuai kebutuhan klien aktif",https://id.jobstreet.com/id/job/91761014,,IT Support,indonesia,"['r', 'scala']",2,2026-04-28T10:50:11.477167
91760922,Enterprise Network Engineer,PT Intikom Berlian Mustika,,"What You’ll Do

Analyze customer network requirements and project scope

Implement network solutions based on approved Scope of Work

Perform preventive and corrective maintenance

Troubleshoot and resolve network issues on customer sites

Create project and maintenance documentation

Escalate complex technical issues to principals/vendors when needed

Support ongoing and new network projects

Work closely with internal teams to ensure successful delivery

What We’re Looking For

Bachelor’s degree in Computer Engineering, Information Systems, or related fields

Minimum 3 years of experience in networking

Strong understanding of:

OSI Layer

LAN, Switching, and WLAN

Routing (static & dynamic: OSPF, BGP, IS-IS)

Hands-on experience with Cisco, Huawei, Aruba, Fortinet, or Palo Alto products

Used to creating technical and maintenance documentation

Certifications such as CCNA or HCIA (Routing & Switching) are highly preferred

Personal Traits

Fast learner with strong curiosity for new technologies

Proactive and self-driven

Strong troubleshooting mindset

Able to work under pressure and meet project timelines",https://id.jobstreet.com/id/job/91760922,Monthly Salary,IT Support,indonesia,"['r', 'scala', 'ios']",3,2026-04-28T10:50:15.905648
91760862,IT Developer (Golang & VueJS),PT ABISHAR TECHNOLOGIES INDONESIA,,"Responsibilities

Develop and maintain backend services using Golang

Design and build scalable, high-performance APIs

Collaborate with frontend, QA, and product teams

Ensure code quality, performance, and reliability

Requirements

around 3 years of experience in backend development

Strong experience in Golang

Experience building RESTful APIs

Familiar with SQL / NoSQL databases

Experience with frontend or working knowledge of Vue.js

Understanding of microservices architecture is a plus",https://id.jobstreet.com/id/job/91760862,Rp 9.000.000 – Rp 10.000.000 per month,IT Support,indonesia,"['vue', 'r', 'scala', 'golang', 'sql']",5,2026-04-28T10:50:20.364954
91756792,Customer Support,PT Ally Universe Indonesia,,"About the Role

We are looking for someone to join Ally Universe Indonesia, where customer support is more than just answering questions. It’s about building trust, solving problems, and making sure everything runs smoothly from start to finish for our clients. We’re looking for someone willing to work in a progressive, fast-moving environment and help us better understand and support Indonesian users as they explore our SVOD product, including our movie and series collections. You will work closely with cross-department teams to provide responsive support and help build strong, long-term relationships with our customers.




Key Responsibilities

Serve as the first point of contact for customers, handling inquiries, orders, and service requests promptly.

Coordinate with internal teams to ensure accurate order processing, delivery, and invoicing.

Track customer tickets from and proactively update customers on status or issues.

Support resolution of service concerns, complaints, and claims while maintaining a professional, customer-first approach.

Maintain accurate customer records in CRM systems and generate regular service reports.

Assist with after-sales support, including product information, warranty claims, and documentation requests.

Collaborate with business and marketing teams to support customer engagement activities.

Qualifications

Bachelor’s degree, preferably with practical experience in IT and/or hospitality.

1-3 years of experience in customer service, client support, or order management.

Good communication and problem-solving skills, with a service-oriented attitude.

A genuine passion for the movie industry is a plus.

Organised, detail-oriented, and able to manage multiple priorities.

Proficient in the Microsoft ecosystem (or willing to learn); experience with CRM or ERP systems is a plus.

Experienced in handling customer support using Freshdesk or similar tools to ensure smooth operations.

Comfortable working in both Bahasa Indonesia and English.",https://id.jobstreet.com/id/job/91756792,,IT Support,indonesia,"['r', 'rust']",2,2026-04-28T10:50:24.801902
91760763,Technical Support – Wood Business,PT Mowilex Indonesia,,"Job Description:

Memberikan arahan teknis terkait penggunaan produk wood coating (cat kayu, pelapis, finishing) pada berbagai aplikasi seperti furniture, interior, maupun proyek terkait

Menyediakan panduan teknis kepada aplikator, kontraktor, dan tim produksi terkait metode aplikasi yang tepat

Melakukan koordinasi dengan tim sales dan pihak terkait untuk memastikan kebutuhan teknis pelanggan terpenuhi

Melakukan kunjungan dan pengawasan ke lapangan/workshop untuk memastikan hasil aplikasi sesuai standar kualitas

Mengidentifikasi permasalahan teknis selama proses aplikasi produk wood coating dan memberikan solusi yang sesuai

Memberikan pelatihan teknis kepada aplikator atau tim produksi terkait teknik aplikasi, penggunaan produk, dan best practice

Mendukung kegiatan trial produk, demo aplikasi, dan presentasi teknis bersama tim sales

Membuat laporan kunjungan, temuan di lapangan, serta rekomendasi perbaikan secara berkala

Requirements:

Minimal pengalaman 2 tahun di bidang wood coating, finishing kayu, atau industri terkait (furniture/interior/woodworking)

Memiliki pengalaman dalam proses finishing kayu (spray, coating, sanding, dll.)

Memahami karakteristik material kayu dan sistem coating (PU, NC, water-based, dll.)

Mampu melakukan troubleshooting dan memberikan solusi teknis di lapangan

Mampu melakukan koordinasi dengan berbagai pihak (sales, aplikator, customer)

Mampu melakukan perhitungan kebutuhan material menjadi nilai tambah

Menguasai Microsoft Office (Excel, Word, PowerPoint)

Memiliki kemampuan komunikasi yang baik dan mampu melakukan presentasi/demo produk

Mampu bekerja secara individu maupun dalam tim

Penempatan Kerja: Surabaya, Semarang",https://id.jobstreet.com/id/job/91760763,,IT Support,indonesia,['r'],1,2026-04-28T10:50:29.265680
91760663,IT Application Developer (.NET),PT ABISHAR TECHNOLOGIES INDONESIA,,"Responsibilities

Develop, test, and maintain applications using .NET framework

Write clean, scalable, and efficient code following best practices

Collaborate with Business Analysts, QA, and other developers to deliver high-quality solutions

Troubleshoot, debug, and optimize existing systems

Participate in code reviews and technical discussions

Support application deployment and post-release improvements

Requirements

around 2+ years of experience as a .NET Developer

Strong proficiency in C# and .NET

Experience with REST API development and integration

Familiar with SQL databases (SQL Server / PostgreSQL)

Understanding of software development lifecycle (SDLC)

Experience working in Agile/Scrum environment

Good problem-solving skills and attention to detail",https://id.jobstreet.com/id/job/91760663,Rp 8.000.000 – Rp 9.000.000 per month,IT Support,indonesia,"['c#', 'r', 'scala', 'agile', 'sql', 'scrum', 'postgresql']",7,2026-04-28T10:50:33.682652
91760536,Web Developer,PT. LYD Management Bali,,"BE PART OF LA FAMILIA!

This role is designed for someone who thrives in both creative and technical environments, ensuring our digital presence runs seamlessly across all platforms.

As a Web Developer, you will be responsible for maintaining, optimizing, and evolving multiple brand websites while supporting digital campaigns and online systems.


ABOUT LYD BALI GROUP

LYD Bali Group is a hospitality and lifestyle group managing a diverse portfolio of venues across Bali. With a strong focus on experience-driven concepts, we continuously build and evolve our digital presence to match the energy of our brands.


RESPONSIBILITIES

Maintain and update all company websites across multiple brands

Manage content updates including menus, events, and visuals

Collaborate with the Digital Strategist on campaign execution and analytics

Manage Google Business accounts and digital listings

Handle Google Workspace accounts across the organization

Monitor and manage domains, hosting, and digital tools

Propose and execute website improvements and updates

Ensure website security and respond quickly to technical issues or downtime




REQUIREMENTS

Strong experience in WordPress, HTML, CSS, and SEO (Yoast)

Understanding of custom post types and ACF

Experience with payment gateways and website integrations

Familiarity with EDM tools (Mailchimp, Klaviyo, Brevo)

Knowledge of Google tools (Analytics, Tag Manager, Business, Workspace)

Strong organizational and project management skills

Able to work in a fast-paced, live environment

Reliable, detail-oriented, and able to meet deadlines

Good communication and problem-solving skills




WHY JOIN US?

This is a role where you take full ownership of the digital ecosystem across multiple brands. Your work directly shapes how our audience experiences us online—making it both highly visible and impactful.",https://id.jobstreet.com/id/job/91760536,Rp 8.000.000 – Rp 10.000.000 per month,IT Support,indonesia,"['r', 'git']",2,2026-04-28T10:50:38.120044
91760443,IT Designer,PT Hera,,"PT Cemarne Balicasa TheEcolodge is a Foreign Investor Company located in Bali, specializing in Consultant Services. 

We are currently seeking a qualified candidate to join our MIS Department for the position of: IT Designer

Skills and Technical Qualifications

Hold a bachelor degree (S1) in IT, Computer Science, Information Systems or related field from a reputable university.

Minimum 2 years works experience in System Analysis, Software Design, UI/UX design 

Strong verbal and written English communication skills

Mature, confident, highly motivated, accurate, and process good communication and interpersonal skills.

Willing to work Full time and be based in Bali.

Skill Requirements:

Strong understanding of UI/UX principles

Experience with Figma, Adobe XD, Sketch, or similar design tools

Knowledge of responsive web design and mobile-first design

Understanding of user journey, customer behavior, and conversion optimization

Basic knowledge of HTML, CSS, and frontend limitations is a plus

Strong problem-solving and visual communication skills

Attention to detail and user-centered design thinking

Preferred Qualifications:

Experience in website redesign or digital product improvement

Familiarity with A/B testing and UX analytics tools

Experience working with developers and product teams

Knowledge of SEO-friendly design practices is an advantage

Candidates should have a strong personality, excellent attitude and honesty.

If you meet the qualifications and are interested in becoming part of our dynamic team, please send your CV along with:

Copy of your educational background & transcripts

Reference letters (if available)",https://id.jobstreet.com/id/job/91760443,Rp 3.500.000 per month,IT Support,indonesia,"['r', 'git']",2,2026-04-28T10:50:42.548163
91760302,Cyber Security Onsite Engineer,PT. Magnus Sedaya Selaras,,"Untuk persyaratan Onsite Engineer sebagai berikut:

Dapat berkomunikasi dan koordinasi dengan baik

Dapat membuat dokumen report sesuai kebutuhan user

Kemampuan analisa statistik.

Memiliki inisiatif tinggi, enerjik, dan memiliki motivasi tinggi.

Penguasaan konseptual yang cepat atau kemampuan untuk belajar dengan cepat.

Teamwork dan mampu beradaptasi dengan lingkungan

Pendidikan S1 (Strata 1) jurusan IT, SI (Sistem Informasi)

Minimum pengalaman 1(satu) sampai 5 (lima) tahun dibidang cyber Security, deteksi ancaman, dan response insiden

Memiliki pengetahuan tentang teknologi IT dan perkembangannya.

Memiliki kemampuan komunikasi dan perilaku yang baik.

Memiliki integritas, komitmen, dan tanggung jawab yang tinggi

Mempunyai memiliki 1 (satu) sertifikasi keamanan informasi/keamanan siber berikut: ISC² (CISSP, CCSP, CSSLP) atau ISACA (CISA, CISM, CDPSE) atau EC- Council (CEH, CHFI, CISO) atau sertifikasi level professional

Adapun ruang lingkup dari soc on-site engineer yaitu:

Sebagai sysadmin/operator dari solusi SIEM, MDR dan MVM dan perangkat lain sesuai kebutuhan perusahaan

Memastikan perangkat yang sudah terimplementasi berjalan normal.

Melakukan monitoring perangkat yang sudah di implementasikan.

Melakukan review terhadap configurasi perangkat sesuai kebutuhan

Melakukan kegiatan operasional konfigurasi perangkat.

Melakukan investigasi dan penanganan awal apabila terdapat kondisi untuk perangkat appliance/virtual yang tidak normal ataupun down

Melakukan Scanning dengan tools vulnerability management sesuai jadwal yang diberikan

Eskalasi ke tim internal jika permasalahan tidak dapat diselesaikan dengan baik

Berkomunikasi dengan tim, memberikan update terkait layanan, pelaporan, metrik, dan memastikan tercapainya sasaran keamanan

Presentasi bulanan untuk meninjau laporan mingguan dan bulanan

Pembuatan report akhir tahun untuk membantu tim terkait sebagai pelaporan kepada Management IT

Turut menjaga SLA solusi pada kontrak yang ada

Onsite engineer pada di daerah Jakarta.

Office hour sesuai jam kerja yang ada

Follow Up Incident to User

30 Minutes response time untuk insiden baru untuk follow up.

Membuat Executive Business Review yang dapat digunakan untuk memberikan laporan kepada Management IT.",https://id.jobstreet.com/id/job/91760302,,IT Support,indonesia,['r'],1,2026-04-28T10:50:47.000919
91760290,Junior IT Programmer,PT Putraduta Buanasentosa,,"Job Description – IT Programmer

Pengembangan Backend

Mengembangkan dan memelihara sistem backend menggunakan PHP (Native, CodeIgniter, atau Laravel).

Menerapkan arsitektur MVC serta sistem autentikasi berbasis token (JWT/OAuth).

Mengintegrasikan backend dengan database dan layanan eksternal.

Pengembangan Frontend

Mengembangkan antarmuka aplikasi menggunakan JavaScript (Vanilla JS, jQuery, React.js, atau Vue.js).

Mengintegrasikan frontend dengan REST API.

Mengelola state aplikasi untuk memastikan pengalaman pengguna yang interaktif dan optimal.

Pengembangan Mobile Application

Mengembangkan dan memelihara aplikasi Android menggunakan Java atau Kotlin Native.

Melakukan debugging dan peningkatan performa aplikasi mobile.

Manajemen Basis Data

Merancang, mengelola, dan mengoptimasi database (MySQL, PostgreSQL, atau Microsoft SQL Server).

Menulis query kompleks, melakukan indexing, dan optimasi performa database.

Mengelola replikasi dan clustering database sederhana.

Version Control & Kolaborasi

Mengelola source code menggunakan Git (GitHub/GitLab).

Melakukan branching, merging, dan pull request dalam tim pengembangan.

CI/CD & Deployment

Menyiapkan dan mengelola pipeline CI/CD untuk build, testing, dan deployment aplikasi.

Mengelola pipeline produksi menggunakan GitLab CI, GitHub Actions, atau tools sejenis.

Containerisasi

Membuat dan mengelola container aplikasi menggunakan Docker.

Menyusun Dockerfile dan docker-compose untuk kebutuhan development dan production.

Menjalankan dan memelihara aplikasi berbasis container.

Arsitektur Aplikasi & Infrastruktur

Merancang dan mengimplementasikan REST API.

Menerapkan konsep microservices.

Mengelola konfigurasi web server (Nginx/Apache) termasuk virtual host dan reverse proxy.

Administrasi Sistem & Keamanan

Mengelola sistem operasi Linux (Ubuntu, RHEL).

Mengelola mail server (Zimbra).

Mengimplementasikan SSL/TLS, enkripsi data, serta sistem keamanan SSO dan 2FA.

Menjaga keamanan sistem dan data aplikasi.

AI & Otomasi (Nilai Tambah)

Mengembangkan otomasi menggunakan platform seperti n8n atau Zapier.

Mengintegrasikan AI as a Service (OpenAI API, Google Gemini, dll.).

Menerapkan prompt engineering untuk optimalisasi output AI.

Mengimplementasikan AI untuk chatbot, content generation, atau data analysis.",https://id.jobstreet.com/id/job/91760290,Rp 6.000.000 – Rp 7.000.000 per month,IT Support,indonesia,"['android', 'vue', 'linux', 'php', 'r', 'java', 'mysql', 'react', 'docker', 'git', 'sql', 'kotlin', 'postgresql', 'javascript']",14,2026-04-28T10:50:51.442476
91760243,LEADER IT SOFTWARE,PT Topsel Raharja Indonesia,,"Topsell Group adalah perusahaan retail gadget yang terus berkembang pesat di Jawa Timur dengan visi menjadi toko retail handphone, aksesoris, dan elektronik nomor 1 di Jawa Timur. Selain di bidang gadget, kami juga memiliki beberapa unit bisnis lain di bidang Furniture, Joy Baby and Kids, Advertising, hingga Property.

Saat ini kami telah memiliki lebih dari 28 outlet yang tersebar di berbagai kota di Jawa Timur seperti Mojokerto, Gresik, Driyorejo, Sidoarjo, Jombang, Malang, Surabaya, dan Tulungagung.

Kami membuka kesempatan bagi Anda yang teliti, cekatan, dan bertanggung jawab untuk bergabung bersama kami sebagai Staff Gudang.




Kualifikasi Umum

Pendidikan minimal D3/S1 Teknik Informatika, Sistem Informasi, Ilmu Komputer, atau bidang terkait.

Pengalaman minimal 3-4 tahun di bidang software development / IT support

Menguasai minimal satu bahasa pemrograman (Java, Python, PHP, atau sejenisnya).

Memahami konsep database (MySQL, SQL Server, PostgreSQL, dsb).

Mampu melakukan analisis kebutuhan sistem & menyusun dokumentasi teknis.

Terbiasa bekerja dengan tim maupun mandiri, komunikatif, dan problem solving.

Diutamakan memiliki pemahaman dasar networking & keamanan sistem.

Bersedia ditempatkan di Kota Mojokerto

Benefit:

•⁠ ⁠Gaji kompetitif sesuai standar perusahaan

•⁠ ⁠BPJS Kesehatan dan BPJS Ketenagakerjaan

•⁠ ⁠Kesempatan jenjang karir (Career Path) yang jelas

•⁠ ⁠Lingkungan kerja yang dinamis dan suportif",https://id.jobstreet.com/id/job/91760243,Rp 7.000.000 – Rp 9.000.000 per month,IT Support,indonesia,"['python', 'php', 'r', 'java', 'mysql', 'sql', 'postgresql']",7,2026-04-28T10:50:55.958512
91760060,IT Squad Lead,PT. Skyshi Digital Indonesia,,"Job Description:

As a Squad Lead, you will lead a cross-functional development team, ensuring the successful

execution of sprint deliverables with high code quality and strong collaboration. You will serve as the

key coordinator between your squad and the technical leadership, aligning technical execution with

business priorities. This role demands a balance of technical expertise, leadership capability, and

clear communication skills to drive team performance and continuous improvement.




Qualifications:

● Bachelor’s degree in Computer Science, Software Engineering, Information Systems, or a

related field.

● Minimum 4+ years of experience in software development, including 1+ year in a leadership

or squad lead role.

● Strong understanding of the software development lifecycle (SDLC), Agile methodologies,

and version control systems (e.g., Git).

● Practical experience with automated testing frameworks, CI/CD pipelines, and code quality

monitoring tools (e.g., SonarQube, ESLint).

● Proven leadership in managing small teams, with a focus on collaboration, productivity, and

accountability.

● Excellent communication skills, with the ability to translate technical concepts for

non-technical stakeholders.

● Strong analytical and proactive problem-solving mindset.

● Ability to thrive in a fast-paced, dynamic environment with shifting priorities and tight

deadlines.

● Familiarity with microservice and event-driven architecture

● Familiarity with mongodb, redis, and rabbitMQ.

● Familiarity with instrumentation tools such as OpenTelemetry, Elastic APM, etc.

● Familiarity with full-stack development languages such as golang, javascript, or typescript.




Collaboration with Other:

● Internal: Engineering Manager, Tech Lead, Product Team, QA Engineers, DevOps, and other

Squad Leads.

● External (if applicable): Vendors, API Providers, Third-party services.




Targeted Companies:

● Companies with Agile product development environments.

● Experience working on scalable, customer-facing applications (e.g., SaaS, eCommerce,

Financial Technology).

● Organizations emphasizing engineering excellence and cross-functional collaboration.",https://id.jobstreet.com/id/job/91760060,,IT Support,indonesia,"['redis', 'mongodb', 'r', 'scala', 'java', 'agile', 'golang', 'typescript', 'git', 'javascript']",10,2026-04-28T10:51:00.416009
91760016,SAP Support Services - Module PP,PACIFIC GROUP,,"Job Description :

Identify root cause for recurring issues, make/implement proposals for their elimination

Assist or take responsibility for estimating and conducting development work end to end (requirement analysis, estimates, functional spec, testing, etc.)

Help the business in month end and year end closing activities to ensure timely closing and submission of reports to management.

Supply post implementation support and ensure compliance requirements are adhered to

Serve as a Subject Matter Expert (SME) for the Support Services Section, support model, methods and processes

Creating Functional design documents for enhancements of existing SAP functionality for interim releases; configuration for system enhancements; testing system modifications; performing system maintenance.

Resolving critical SAP development issues; research, develop, and propose both short and long term solutions to SAP system requirements.

 

Requirements :

Bachelor's degree with at least 4 years of progressively responsible in SAP project management experience and configuration in PP module.

Business experience in supporting SAP PP module (Developments, Testing, Documentation, Training Organization and Delivery, End User Support) is a Must.

Significant experience with SAP implementation projects and understanding of cross module integration.

Minimum 2 end to end implementation desired with Material Ledger

Good Knowledge of Product costing.

Experience in help desk support and issue resolution

Fluency in English (both written and spoken) is a must, with the ability to communicate effectively with management and key stakeholders.",https://id.jobstreet.com/id/job/91760016,,IT Support,indonesia,['r'],1,2026-04-28T10:51:04.844342
91759586,Business Consultant (HRIS & ERP),PT Lensa Utama Indonesia,,"About the role

PT Lensa Utama Indonesia is seeking for talented Senior and Junior Business Consultant to join our dynamic team. In this full-time role, you will be responsible to be a partner of our clients to achieve their business goals. Based in our West Jakarta office, you will work closely with key stakeholders to identify and address their unique challenges.


What you'll be doing

Assist in the implementation and deployment of HRIS and ERP solutions based on client requirements.

Understand client business processes and gather functional requirements through meetings and discussions.

Analyze client needs and translate them into system configurations and functional specifications.

Prepare and maintain documentation such as Business Requirement Documents (BRD), implementation reports, and user guides according to company standards and SOP.

Perform system testing, validation, and troubleshooting to ensure proper functionality before and after deployment.

Support clients during User Acceptance Testing (UAT), training sessions, and system go-live.

Provide basic user training and guidance to ensure clients can effectively use the system.

Collaborate with internal teams to resolve issues and deliver solutions.

Monitor implementation progress and provide regular updates to the project team.

Provide post-implementation support and assist in resolving client inquiries or system issues.

Continuously learn and develop knowledge of HRIS, ERP systems, and business processes.


What we're looking for

Minimum 3 years of experience in the Tech, HRIS, or ERP industry is required for the Senior role. Fresh graduates are welcome to apply for the Junior role

Strong analytical and problem-solving skills with the ability to think strategically

Excellent communication and presentation skills, with the ability to translate complex information into actionable insights

Experience in project management and the ability to work effectively in a team environment

A deep understanding of the Information Technology & Communications industry and the challenges faced by our clients

Proficiency in data analysis tools and techniques

A relevant bachelor's or master's degree in Business, Economics, or a related field


About us
Lensa Software is an IT solutions company specializing in Human Resource Information Systems (HRIS) and Enterprise Resource Planning (ERP). Headquartered in Jakarta and an office in Yogyakarta, we help businesses streamline their HR and operational processes through reliable and scalable technology solutions.

We serve clients across various industries, supporting them in improving efficiency, accuracy, and overall business performance through digital transformation.",https://id.jobstreet.com/id/job/91759586,,IT Support,indonesia,"['r', 'scala', 'git']",3,2026-04-28T10:51:09.277171
91759532,IT STAFF,PT Docare Laras Indonesia,,"Gambaran Umum Pekerjaan
PT Docare Laras Indonesia, perusahaan yang bergerak di bidang Distribusi Alat Kesehatan BMHP, sedang mencari IT Staff yang berpengalaman untuk bergabung dengan kami di Bekasi, Jawa Barat. Sebagai Staff IT, Anda akan memainkan peran penting dalam memastikan kelancaran operasional teknologi informasi perusahaan dan mendukung seluruh divisi dalam menjalankan proses bisnisnya.




Tanggung Jawab Utama

Menginstal, mengonfigurasi, dan memelihara perangkat keras dan perangkat lunak komputer di seluruh organisasi.

Memberikan dukungan teknis dan pemecahan masalah kepada pengguna akhir terkait masalah IT.

Memantau dan memelihara keamanan sistem informasi perusahaan.

Mengembangkan dan menerapkan prosedur cadangan dan pemulihan bencana untuk melindungi data perusahaan.

Membantu dalam mengidentifikasi dan mengatasi masalah jaringan, perangkat keras, dan perangkat lunak.

Berkoordinasi dengan vendor eksternal untuk memastikan ketersediaan dan pemeliharaan peralatan IT.

Mendokumentasikan proses, prosedur, dan panduan untuk operasi IT.

Mampu mengembangkan program-program aplikasi Perusahaan




Kualifikasi:

Gelar D3/ S1 dalam bidang Teknologi Informasi, Komputer, atau bidang terkait.

Minimal 2 tahun pengalaman diposisi yang sama.

Pemahaman yang kuat tentang perangkat keras dan perangkat lunak komputer, jaringan, dan keamanan sistem informasi.

Terampil dalam penggunaan aplikasi perkantoran, seperti Microsoft Office, dan kemampuan dalam pengembangan aplikasi.

Kemampuan pemecahan masalah yang baik dan berorientasi pada layanan pelanggan.

Komunikasi lisan dan tertulis yang efektif serta kemampuan bekerja dalam tim.

Kemampuan beradaptasi dengan cepat dan belajar hal-hal baru.




Manfaat Utama Perusahaan

Paket remunerasi yang kompetitif, termasuk gaji yang menarik, tunjangan, dan bonus kinerja.

Program pengembangan karier yang memungkinkan Anda untuk tumbuh dan meningkatkan kemampuan Anda.

Lingkungan kerja yang dinamis, kolaboratif, dan mendukung, dengan kesempatan untuk belajar dari rekan-rekan yang berpengalaman.

Fasilitas kantor yang nyaman dan berbagai fasilitas penunjang kesejahteraan karyawan.

Tentang Kami
PT Docare Laras Indonesia adalah perusahaan distribusi Alat Kesehatan BMHP terkemuka. Adapun produk kami antara lain : Wash Glove, Handy Move, Safety Box, Makeup Remover, Urine Bag, Dorofix, Hair Clean Shampoo, Disposable Underpaints, dll. Didirikan pada tahun 2010, kami telah tumbuh menjadi salah satu pemain terkemuka di industri Distributor Alat Kesehatan di Indonesia, dengan reputasi untuk inovasi, kualitas, dan layanan pelanggan yang unggul. Kami berkomitmen untuk menciptakan lingkungan kerja yang dinamis, kolaboratif, dan mendukung, di mana karyawan dapat berkembang dan mencapai potensi penuh mereka.


Tertarik untuk bergabung dengan tim kami? Lamar sekarang dan jadilah bagian dari perjalanan kami menuju kesuksesan!",https://id.jobstreet.com/id/job/91759532,,IT Support,indonesia,"['keras', 'r']",2,2026-04-28T10:51:13.710471
91759511,Business Consultant (HRIS & ERP),PT Lensa Utama Indonesia,,"About the role

PT Lensa Utama Indonesia is seeking for talented Senior and Junior Business Consultant to join our dynamic team. In this full-time role, you will be responsible to be a partner of our clients to achieve their business goals. Based in our West Jakarta office, you will work closely with key stakeholders to identify and address their unique challenges.




What you'll be doing

Assist in the implementation and deployment of HRIS and ERP solutions based on client requirements.

Understand client business processes and gather functional requirements through meetings and discussions.

Analyze client needs and translate them into system configurations and functional specifications.

Prepare and maintain documentation such as Business Requirement Documents (BRD), implementation reports, and user guides according to company standards and SOP.

Perform system testing, validation, and troubleshooting to ensure proper functionality before and after deployment.

Support clients during User Acceptance Testing (UAT), training sessions, and system go-live.

Provide basic user training and guidance to ensure clients can effectively use the system.

Collaborate with internal teams to resolve issues and deliver solutions.

Monitor implementation progress and provide regular updates to the project team.

Provide post-implementation support and assist in resolving client inquiries or system issues.

Continuously learn and develop knowledge of HRIS, ERP systems, and business processes.


What we're looking for

Minimum 3 years of experience in the Tech, HRIS, or ERP industry is required for the Senior role. Fresh graduates are welcome to apply for the Junior role

Strong analytical and problem-solving skills with the ability to think strategically

Excellent communication and presentation skills, with the ability to translate complex information into actionable insights

Experience in project management and the ability to work effectively in a team environment

A deep understanding of the Information Technology & Communications industry and the challenges faced by our clients

Proficiency in data analysis tools and techniques

A relevant bachelor's or master's degree in Business, Economics, or a related field




About us
Lensa Software is an IT solutions company specializing in Human Resource Information Systems (HRIS) and Enterprise Resource Planning (ERP). Headquartered in Jakarta, we help businesses streamline their HR and operational processes through reliable and scalable technology solutions.

We serve clients across various industries, supporting them in improving efficiency, accuracy, and overall business performance through digital transformation.",https://id.jobstreet.com/id/job/91759511,,IT Support,indonesia,"['r', 'scala', 'git']",3,2026-04-28T10:51:18.202431
91759181,Backend Developer (Golang),PT Lensa Utama Indonesia,,"Job Descriptions:

Develop and optimize backend applications using Go-Lang.

Collaborate with Frontend and other teams to integrate applications.

Analyze and resolve technical issues.

Develop comprehensive technical documentations.

Write clean, maintanable, and testable code.




Job Requirements:

Minimum of 2 years of experiences as a Backend Developer.

At least 1 year of experience with Go-Lang.

Experience with SQL databases.

Proficient in version control system (Git).

Experience in managing and optimizing servers and cloud infrastructure.

Understanding of clean architecture, testing (unit/integration).

Eager to learn and grow within the team.




About us
Lensa Software is an IT solutions company specializing in Human Resource Information Systems (HRIS) and Enterprise Resource Planning (ERP). Headquartered in Jakarta and an office in Yogyakarta, we help businesses streamline their HR and operational processes through reliable and scalable technology solutions.

We serve clients across various industries, supporting them in improving efficiency, accuracy, and overall business performance through digital transformation.",https://id.jobstreet.com/id/job/91759181,,IT Support,indonesia,"['r', 'scala', 'git', 'sql']",4,2026-04-28T10:51:22.623868
91759958,System Analyst,Sagara Technology Group,,"Job Description

Analyze business needs and translate them into system requirements 
Create functional and system documentation 
Collaborate with stakeholders, developers, and product teams 
Ensure system solutions align with business goals 

Job Requirements

Bachelor’s degree (S1) in a relevant field 
0–5 years of experience in business analysis, system analysis, or system architecture 
Strong analytical and documentation skills 
Good communication and stakeholder management 
Available to work onsite (WFO) 5 days/week in Jakarta",https://id.jobstreet.com/id/job/91759958,,IT Support,indonesia,['r'],1,2026-04-28T10:51:27.046443
91758984,Tier 2 SOC Analyst,PT Neotech Cakrawala Indonesia,,"Tanggung Jawab Utama

Melakukan analisis lanjutan terhadap alert dan insiden keamanan yang di-escalate dari L1

Mengidentifikasi, menginvestigasi, dan merespon ancaman keamanan (threat detection & incident response)

Melakukan threat hunting untuk menemukan potensi ancaman yang tidak terdeteksi oleh sistem

Menganalisis log dari berbagai sumber (SIEM, firewall, endpoint, server, dll)

Mengembangkan dan menyempurnakan use case / rule di SIEM untuk meningkatkan deteksi

Memberikan rekomendasi mitigasi dan perbaikan kepada tim internal maupun klien

Berkolaborasi dengan tim IT/Network/Security untuk penanganan insiden

Membuat laporan insiden (incident report) secara detail dan profesional

Melakukan tuning terhadap sistem monitoring untuk mengurangi false positive

Membantu L1 dalam troubleshooting dan peningkatan kemampuan teknis




Kualifikasi

Minimal pengalaman 2–4 tahun di bidang SOC / Cybersecurity

Memahami konsep dasar keamanan jaringan (TCP/IP, Firewall, IDS/IPS, VPN)

Berpengalaman menggunakan tools seperti SIEM (Splunk, QRadar, dll), EDR, dan monitoring tools lainnya

Memahami framework keamanan seperti MITRE ATT&CK, NIST, atau ISO 27001

Memiliki kemampuan analisa log dan investigasi insiden yang baik

Terbiasa bekerja dalam sistem shift (SOC 24/7)

Memiliki kemampuan problem solving dan analytical thinking yang kuat




Nilai Tambah (Preferred)

Memiliki sertifikasi seperti CEH, CompTIA Security+, CySA+, atau sejenis

Pengalaman dalam threat intelligence / threat hunting

Basic scripting (Python, Bash) menjadi nilai plus

Pernah handle incident response secara end-to-end",https://id.jobstreet.com/id/job/91758984,Rp 8.000.000 – Rp 12.000.000 per month,IT Support,indonesia,"['python', 'r', 'scala', 'bash']",4,2026-04-28T10:51:31.496469
91758791,IT Risk Management,PT. Elabram Systems,,"Job Description

The Agent shall perform risk-translation monitoring activities and act as the first responder for all risk monitoring outcomes.

The Agent should monitor real-time risk management dashboards on a 24/7 basis (based on shift schedules) to ensure relevant departments and management are alerted to any identified transaction anomalies (e.g., transaction spikes).

The Agent shall respond to transaction monitoring alerts in accordance and escalate identified risks or anomalies to relevant stakeholders in accordance with defined escalation procedures and timelines.

The Agent shall conduct analysis of monitoring alerts to identify potential fraud or anomalies.

The Agent shall analyze abnormal transaction patterns based on historical data and comparison with prior activities.

The Agent shall liaise with relevant departments (e.g., Technical Support Team, Customer Service Team) in accordance with internal procedures.

The Agent shall create and maintain accurate and comprehensive monitoring and analysis records, including detailed justification for all follow-up actions taken.

The Agent shall provide insights and support to business units in identifying risks based on trend monitoring.

The Agent shall ensure all shift handovers are properly documented in a standardized log, including transaction status, identified anomalies, and pending follow-up actions

Requirement

Possess a basic understanding of risk management within the financial services and/or digital technology industry.

Have a minimum of 1 year of experience in Fraud and Risk Analysis within the financial industry.

Hold a bachelor’s degree from a reputable university with a minimum GPA of 3.00.

Demonstrate a strong understanding of risk monitoring processes and escalation procedures.

Possess strong analytical and critical thinking skills, with a high level of responsiveness and ownership.

Be willing to work on a shift schedule as required.

Demonstrate proficiency in Microsoft Office, particularly Excel and Word.

Possess basic knowledge of SQL or other programming/query languages, and demonstrate a strong understanding of data analysis, particularly in identifying fraud patterns and suspicious activity.",https://id.jobstreet.com/id/job/91758791,"Rp 5,500,000 – Rp 6,500,000 per month",IT Support,indonesia,"['r', 'scala', 'git', 'sql']",4,2026-04-28T10:51:35.980142
91758617,Community Development INTERN,PT Global Sukses Solusi,,"Key Responsibilities

- Establish communication with external parties

- Coordinate external activities (roadshows, training, socialization, etc.)

- Manage partnerships

- Assist with partnership administration: proposals, presentations, partner database management, and documentation




Qualifications

- Experienced in managing campus/organization activities

- Communicative & able to interact with various parties (government, community, UMKM)

- Confident and able to do presentations (via online or offline)

- Committed to the internship period with a strong sense of responsibility

- Proficient in Google Workspace and basic presentation tools

- Own a personal laptop

- Able to work independently and cross-functional teams

- Passionate about external relations, partnership, or business development

- Eligible for recommendation to part-time/full-time roles after internship




General Requirements

- Final year student or fresh graduate from relevant majors:
- Business Management / Marketing / Business Administration
- Communication Science / Public Relations / Journalism
- International Relations
- Visual Communication Design / Multimedia / Media Production
- Information Technology




Internship Output

- Internship certificate & recommendation letter will be provided upon completion",https://id.jobstreet.com/id/job/91758617,,IT Support,indonesia,['r'],1,2026-04-28T10:51:40.472485
91759966,Server Engineer,PT Indocyber Global Teknologi,,"Working System: Full WFO

Employment Contract: PKWT/Contract

Industry: Banking Company

Requirements:

Minimum 3-4 years of experience as a Server Engineer or in a similar role
Strong experience in configuring Oracle Solaris operating systems, including OS Cluster level (Mandatory)
Proven experience in configuring and managing Red Hat Enterprise Linux (RHEL) and Windows Server environments
Solid understanding of server infrastructure, system administration, and performance tuning
Experience in troubleshooting and resolving server-related issues in production environments
Familiarity with system monitoring tools and backup/recovery processes
Knowledge of virtualization technologies (e.g., VMware, Hyper-V) is a plus",https://id.jobstreet.com/id/job/91759966,,IT Support,indonesia,"['linux', 'r']",2,2026-04-28T10:51:45.004480
91759966,Server Engineer,PT Indocyber Global Teknologi,,"Working System: Full WFO

Employment Contract: PKWT/Contract

Industry: Banking Company

Requirements:

Minimum 3-4 years of experience as a Server Engineer or in a similar role
Strong experience in configuring Oracle Solaris operating systems, including OS Cluster level (Mandatory)
Proven experience in configuring and managing Red Hat Enterprise Linux (RHEL) and Windows Server environments
Solid understanding of server infrastructure, system administration, and performance tuning
Experience in troubleshooting and resolving server-related issues in production environments
Familiarity with system monitoring tools and backup/recovery processes
Knowledge of virtualization technologies (e.g., VMware, Hyper-V) is a plus",https://id.jobstreet.com/id/job/91759966,,IT Support,indonesia,"['linux', 'r']",2,2026-04-28T10:52:22.281550
91754762,System Integration Sales - Manager,PT Secom Indonesia,,"SI Sales Manager (System Integration)

Position Overview:

The SI Sales Manager is responsible for leading and developing the non-alarm System Integration business segment. This role focuses on expanding new markets through solution-based sales and operates independently from existing product-based sales teams.




Key Responsibilities:

Lead and develop the SI Sales segment strategy

Develop new customers within the defined SI market

Identify and qualify business opportunities

Conduct customer needs analysis and requirement clarification

Oversee solution proposal development in collaboration with Presales

Deliver executive-level presentations and negotiations

Coordinate commercial terms and contract discussions

Ensure proper project handover to technical and operations teams

Monitor pipeline and ensure all opportunities are registered in CRM




Scope of Responsibility:

- In Scoupe

New customers with no prior business relationship

Existing non-gross accounts without alarm services

Non-alarm SI solutions such as:

Video Surveillance (VMS / Remote Video Monitoring)

Access Control Systems

Integrated Monitoring Platforms

Smart City / Smart Factory Solutions

- Out of Scope:

Alarm-only or alarm-based solutions

Existing gross accounts

Maintenance or renewal projects managed by other teams


Qualifications:

Bachelor’s degree in Management, Engineering, IT, or related field

Minimum 5–8 years experience in B2B solution sales

Strong knowledge of System Integration or security technology solutions

Proven leadership and business development skills

Strong communication and negotiation abilities

Experience managing CRM pipeline and sales governance",https://id.jobstreet.com/id/job/91754762,Rp 11.000.000 – Rp 14.000.000 per month,IT Support,indonesia,['r'],1,2026-04-28T10:52:26.877401
91756163,Security Engineer,PT Karya Solusi Prima Sejahtera,,"Bachelor's degree in Computer Science, Information Security, Telecommunication, Informatics Engineering or related field.

Practical experience or basic understanding of information security principles and best practices.

Basic knowledge of operating systems (such as Windows, Linux) and computer networks.

General analytical skills to troubleshoot security problem for various security devices.

Experience in handling firewalls (Palo or Forti) both installation, configuration of open/close rules/policy, troubleshooting, firewall hardening, analysis of firewall rules/policy optimization

Ability to work independently and in a team.

Have Fortinet/Palo Alto certification is a plu

Basic system administration skills and understanding of security tools such as firewalls, antivirus, mail gateway, SASE, ZTNA and WAF.
Security certifications (CCNA Security, FCA, PCNSA or equivalent associate level certification) will be preferred.",https://id.jobstreet.com/id/job/91756163,,IT Support,indonesia,"['linux', 'r']",2,2026-04-28T10:52:31.325140
91767544,Digital Marketing - Administrasi - IT Support - Teknisi - General Admin,PT. Citra Jelajah Informatika,,"PT. Citra Jelajah Informatika saat ini membuka lowongan kerja untuk posisi sebagai:

Digital Marketing
Administrasi
IT Support
Teknisi
General Admin
Digital Marketing

Pendidikan Minimal SMK / D3
Usia sekitar 19-25 Tahun
Mampu mengoperasikan Adobe Creative Suite
Memiliki komunikasi dan kerja sama yang baik
Memiliki pengalaman dibidang yang sama minimal 1 Tahun
Wajib mengirimkan portofolio
Administrasi

Pendidikan Minimal SMA Sederajat
Usia sekitar 19-25 Tahun
Menguasai bahasa Indonesia baku, baik secara lisan maupun tulisan.
Teliti dan cermat (Memiliki perhatian tinggi terhadap detail)
Terbiasa berbicara di depan forum
Memiliki pengalaman dibidang yang sama minimal 1 Tahun
IT Support

Pendidikan Minimal SMA Sederajat
Menguasai bahasa pemograman PHP dengan framework Laravel
Menguasai bahasa pemograman JavaScript
Terbiasa menggunakan sistem kontrol versi Git
Memiliki pemahaman penggunaan Al
Teknisi

Pendiidikan Minimal SMA Sederajat
Umur 20 – 30 tahun
Mempunyai sertifikat Mikrotik MTCNA
Bisa mengoprasikan Ms. Office
Memiliki kemampuan komunikasi yang baik, teliti, dan bertanggung jawab
General Admin

Pendidikan minimal SMA Sederajat
Umur 20-25 Tahun
Memiliki pengalaman minimal 1 tahun di bidang yang sama
Bisa mengoprasikan Komputer (Excel & Canva)
Memiliki kemampuan komunikasi yang baik, teliti, dan bertanggung jawab

Kirimkan lamaran ke Email dengan subjek : Posisi – Nama",https://id.jobstreet.com/id/job/91767544,,IT Support,indonesia,"['php', 'r', 'java', 'git', 'javascript']",5,2026-04-28T10:52:35.802680
91758199,Part-time Programming Teacher Balikpapan,Timedoor Academy,,"Timedoor Academy sedang mencari Part-Time Programming Teacher untuk mengajar anak-anak hingga remaja usia 5-18 tahun di Balikpapan

Alamat:
Komplek Ruko Balikpapan Baru, Sentra Eropa II Blok AB 6 No. 18, Damai, Balikpapan, Kota Balikpapan, Kalimantan Timur 76114

Timedoor Academy menyediakan kursus anak-anak dari berbagai usia, serta orang dewasa, dapat belajar programming dan design dengan cara yang menyenangkan.

Tanggung Jawab:

Mengajar programming kepada siswa SD, SMP, hingga SMA

Membuat laporan hasil pengajaran

Bekerja sama dalam tim untuk meningkatkan kualitas pengajaran

Kompetensi:

Kemampuan dasar komputer

Untuk teacher teens : pengalaman coding, terutama JavaScript, lebih diutamakan

Fasih berbahasa Inggris lebih diutamakan

Kemampuan komunikasi yang baik untuk bekerja dalam tim

Disiplin, bertanggung jawab, dan memiliki pola pikir untuk membangun masa depan siswa melalui pendidikan IT

Mahasiswa dipersilakan untuk melamar posisi ini.",https://id.jobstreet.com/id/job/91758199,Rp 40.000 – Rp 53.000 per hour,IT Support,indonesia,"['r', 'java', 'javascript']",3,2026-04-28T10:52:40.243881
91388461,NETWORK OPERATIONS CENTER,PT CHANNEL OPERATIONS INDONESIA,,"Job Summary

Do you want to start your career in IT? Is your dream to work for an international company? We are looking for you. Join us and be part of a close-knit team of multilingual professionals supporting B2B customers worldwide. You will learn ticketing and monitoring tools and how to manage incidents and escalate problems requiring further technical attention. You will learn how to do reports. Are you ready for the challenge?

Duties and Responsibilities

Use of monitoring tools to check the performance and capacity of the network server and applications.

Create tickets for incidents and problems for our technical teams.

Escalate hardware, software, and environmental alerts or malfunctions, and when an issue is identified, work to determine the cause of the problem, report, and follow the escalation process, coordinating with the 2nd level support.

Provide high-standard professional customer service, and establish continuing rapport with clients to proactively check they are getting the standards in the service level agreement.

Keep the procedures explained by the technical teams updated and shadow the knowledge with the teammates.

Provide feedback regularly on the effectiveness and soundness of policies and procedures of the customer service department.

Education, Skills, and Experience

English (Written/spoken) is a MUST

The user of Office package (Outlook, Word, Excel)

Looking for 2nd opportunity or a change of work field.

Self-organized and a proactive attitude

Other Requirements:

24/7 shifts (including nights, weekends, public holidays, and on-call if necessary)

Physical: Most work is performed working at a computer or using a telephone/video conference solution.",https://id.jobstreet.com/id/job/91388461,,IT Support,indonesia,"['r', 'scala']",2,2026-04-28T10:52:44.732965
91757168,IT Business Analyst,PT 360 TEKNOLOGI INDONESIA,,"Gambaran Umum Pekerjaan
PT 360 TEKNOLOGI INDONESIA, sebuah perusahaan teknologi terkemuka di Indonesia, mencari seorang IT Business Analyst yang berpengalaman untuk bergabung dengan tim kami. Dalam peran ini, Anda akan menjadi penghubung vital antara kebutuhan bisnis dan kemampuan teknologi, memastikan bahwa solusi yang dikembangkan memenuhi tujuan strategis perusahaan. Posisi ini akan berbasis di Jakarta dan menawarkan fleksibilitas kerja remote atau hybrid.

Tanggung Jawab Utama

Menganalisis kebutuhan bisnis dan menerjemahkannya ke dalam persyaratan teknis yang jelas

Berkolaborasi dengan tim pengembangan untuk merancang dan mengimplementasikan solusi teknologi yang selaras dengan tujuan bisnis

Mengidentifikasi dan menganalisis proses bisnis yang dapat ditingkatkan dengan menggunakan teknologi

Memfasilitasi sesi pengumpulan persyaratan dan lokakarya dengan pemangku kepentingan

Mengembangkan spesifikasi fungsional dan dokumentasi teknis yang komprehensif

Memantau proyek dan memberikan pembaruan status secara teratur kepada manajemen

Mengidentifikasi risiko dan masalah potensial serta mengembangkan rencana mitigasi

Keterampilan, Kualifikasi, dan Pengalaman yang Dibutuhkan

Gelar sarjana dalam Teknologi Informasi, Sistem Informasi, atau bidang terkait

Minimal 3 tahun pengalaman sebagai Analis Bisnis atau Analis Sistem dalam industri teknologi

Pemahaman yang mendalam tentang metodologi pengembangan perangkat lunak dan proses bisnis

Kemampuan analitis yang kuat dan keterampilan pemecahan masalah yang baik

Kemampuan untuk berkomunikasi secara efektif dengan pemangku kepentingan teknis dan non-teknis

Pengetahuan tentang alat dan teknik pemodelan proses bisnis, seperti UML dan BPMN

Berpikir kritis, berorientasi pada detail, dan kemampuan multitasking yang baik

Tentang PT 360 TEKNOLOGI INDONESIA
PT 360 TEKNOLOGI INDONESIA adalah perusahaan teknologi terkemuka di Indonesia yang berdedikasi untuk menyediakan solusi inovatif dan andal bagi klien kami. Didirikan pada tahun 2010, kami telah berkembang menjadi perusahaan terkemuka di industri teknologi informasi dan komunikasi, melayani berbagai sektor dengan komitmen kami terhadap kualitas, keamanan, dan inovasi. Dengan tim yang terdiri dari profesional yang berbakat dan berkomitmen, kami terus memperluas batas-batas teknologi untuk membantu klien kami meraih sukses.


Tertarik untuk bergabung dengan tim kami? Lamar sekarang untuk peran IT Business Analyst yang menantang ini di PT 360 TEKNOLOGI INDONESIA.",https://id.jobstreet.com/id/job/91757168,Rp 8.000.000 – Rp 12.000.000 per month,IT Support,indonesia,['r'],1,2026-04-28T10:52:49.252020
91756875,Tier 1 SOC Analyst,,,"Job Description:

Melakukan monitoring keamanan jaringan & sistem 24/7

Menganalisa dan menindaklanjuti insiden keamanan (incident response)

Melakukan investigasi dan reporting terhadap security alert

Berkoordinasi dengan tim IT terkait mitigasi risiko keamanan




Requirements:

Pendidikan minimal S1 Teknik Informatika / Sistem Informasi / sejenis

Memahami konsep Cyber Security, SIEM, Firewall, IDS/IPS

Pengalaman minimal 1 tahun sebagai SOC/IT Security (fresh graduate dipersilakan melamar jika memiliki skill relevan)

Mampu bekerja dalam sistem shift

Memiliki sertifikasi security menjadi nilai tambah",https://id.jobstreet.com/id/job/91756875,Rp 2.000.000 – Rp 2.500.000 per month,IT Support,indonesia,['r'],1,2026-04-28T10:52:53.795485
91756585,Software Engineer,PT INSERASENA (POLYGON GROUP),,"Software Engineer

We have always focused on the end-to-end experience for our customers, and as a Software Engineer, you will have the chance to help bring joy to millions of people worldwide. You will work under a dynamic work environment and get opportunities to escalate your communication skill and have your very own global experience.

Responsibility

Do research and analytics in the latest technology and adjust it to business needs.

Develop the application as scheduled in the project timeline.

Responsible for the end-to-end QA process in testing, software Improvement Initiatives, and configuration/release management.

Responsible for intense communication with the product owner regarding the software development process.

Requirement

Bachelor's degree in Computer Science, Information Technology, Business Information System, or related subject.

Fresh graduate is welcomed to apply.

Experience and capability in Laravel/ PHP.

Having knowledge of core CSS, JavaScript, Laravel/ PHP, and HTML.

Proficient understanding of code versioning tools, such as Git.

Ability to manage multiple projects developed.

Ability to work as an individual as well as in a team.",https://id.jobstreet.com/id/job/91756585,,IT Support,indonesia,"['php', 'r', 'scala', 'java', 'git', 'javascript']",6,2026-04-28T10:52:59.588367
91470656,IT Support,Panorama JTB Tours Indonesia,,"Job Descriptions:

Responsible for the troubleshooting, repair, and maintenance of IT systems, including hardware, software, and network infrastructure.

Monitor and maintain computer networks, IP PBX phone systems, and CCTV.

Install and configure computer hardware, software, printers, and CCTV systems.

Job Requirements:

Minimum of 1-3 years of experience in a related field.

Proficient in the installation, maintenance, and troubleshooting of computers, printers, CCTV, WIFI, and PABX systems.

Knowledgeable in Windows, Linux, Mac, and Office 365.

Skilled in LAN cable crimping.

Able to work in a team, with a strong work ethic and discipline.

Creative, proactive, communicative, responsive, and self-motivated.",https://id.jobstreet.com/id/job/91470656,,IT Support,indonesia,"['linux', 'r']",2,2026-04-28T10:53:04.489468
91756234,IT Project Manager,PT. Berca Hardayaperkasa,,"IT Project Manager

Placement: Bekasi
Working Arrangement: WFO
Employment Type: Full-time / Contract

Job Description

Manage end-to-end IT project implementation, including planning, timeline, resources, execution, monitoring, and delivery.

Coordinate with internal teams, developers, business users, vendors, and stakeholders to ensure project requirements are clearly understood and delivered on time.

Translate business requirements into technical project plans and coordinate with development teams during system/application development.

Monitor project progress, identify risks, resolve issues, and ensure deliverables meet agreed scope, timeline, and quality standards.

Prepare project documentation, progress reports, meeting notes, and presentation materials for stakeholders.

Support communication with users or clients in English, both written and verbal, when required.

Provide technical input based on previous coding/development experience to support solution discussion and problem-solving.

Requirements

Minimum 3 years of experience as IT Project Manager, Technical Project Manager, System Analyst, or similar role.

Must have prior hands-on experience in coding or software development.

Familiar with SDLC, Agile/Scrum, Waterfall, and project management methodology.

Able to understand technical concepts such as API, database, application flow, system integration, and software architecture.

Good communication, leadership, coordination, and problem-solving skills.

Proficient in English, both written and spoken, for communication, documentation, and reporting.

Experienced in managing cross-functional teams, including developer, QA, business analyst, and user teams.

Willing to be placed in Bekasi.",https://id.jobstreet.com/id/job/91756234,,IT Support,indonesia,"['r', 'agile', 'scrum']",3,2026-04-28T10:53:09.051387
91755954,Sales IT,PT Daya Cipta Mandiri Solusi,,"- mengerti IT, networking, data center

- domisili Jakarta timur, Bekasi

- memiliki kendaraan motor diutamakan",https://id.jobstreet.com/id/job/91755954,Rp 5.750.000 – Rp 6.000.000 per month,IT Support,indonesia,['r'],1,2026-04-28T10:53:13.689303
91668658,"IT Security & Government, Risk and Compliance",PT. AEON Indonesia,,"Summary Job Desc.:

Lead enterprise-wide IT and information security risk assessments across infrastructure, applications, data, and third-party environments.

Develop, maintain, and govern IT security risk management frameworks, methodologies, and risk registers.

Translate technical security risks into clear business impact insights for management and executive reporting.

Prepare and present security, risk, and compliance reports, dashboards, and GRC roadmaps aligned with business objectives.

Oversee security operations assurance, including vulnerability assessments, penetration testing, and remediation tracking.

Manage third-party and vendor security risk assessments and enforce minimum security requirements.

Act as the main coordinator for internal and external IT security audits, ensuring continuous audit readiness and compliance.

Drive security awareness programs and promote a strong security-first culture across the organization.

Serve as a trusted advisor on IT security governance, risk, and compliance to IT and business stakeholders.




Requirement:

Bachelor’s degree in Information Technology, Computer Science, Information Systems, or equivalent professional experience.

3–5 years of experience in IT Security, Information Security, Risk, or GRC-related roles; experience in retail environments is a strong advantage.

Strong knowledge of information security principles and risk-based security management.

Hands-on experience with IT security controls, including endpoint, network, and identity & access management.

Solid experience in risk assessment, compliance, documentation, and audit preparation.

Familiar with security frameworks and standards such as ISO/IEC 27001, PCI-DSS, and data protection regulations.

Experience in managing third-party and vendor security risks.

Strong analytical, documentation, and communication skills with the ability to translate technical issues into business impact.

Professional working proficiency in English.",https://id.jobstreet.com/id/job/91668658,,IT Support,indonesia,"['r', 'rust']",2,2026-04-28T10:53:18.296187
91755706,IT Engineer,PT Daya Cipta Mandiri Solusi,,"- mengerti networking, server windows/Linux, basic cyber security

- domisili Jakarta, Bekasi

- memiliki kendaraan motor diutamakan",https://id.jobstreet.com/id/job/91755706,Rp 6.000.000 – Rp 7.000.000 per month,IT Support,indonesia,"['linux', 'r']",2,2026-04-28T10:53:22.909977
91755628,Solution Counsultant (IT Presales),PT Bosnet Distribution Indonesia,,"Job Descriptions

Work with clients to understand their business needs and collaborate with product team to design suitable technical solutions.

Present the products or solutions to the client. Prepare technical proposals, Proof of Concept, and documentation for client presentations.

Collaborate with internal team to estimate project cost, time, and resources using standard methods.

Support sales teams in creating technical proposals and pricing strategies.

Participate in client meetings, demos, and technical discussions.

Coordinate with internal teams to align solutions with company capabilities.




Requirements

Bachelor's degree in IT, Computer Science, Engineering, or related fields.

At least 2 years of experience in presales, solution consulting, or project estimation.

Good understanding of software development processes (SDLC).

Familiar with estimation methods like Function Point, etc. Strong communication and presentation skills. Able to combine technical thinking with business awarenes",https://id.jobstreet.com/id/job/91755628,,IT Support,indonesia,['r'],1,2026-04-28T10:53:27.480758
91755572,IT Project Manager,PT Bosnet Distribution Indonesia,,"Deskripsi Pekerjaan

Will be responsible for Project Management activities, including,

Client Engagement: Engage with clients to understand their technical and business requirements, and provide tailored recommendations and solutions.

Solution Design: Develop and present technical solutions and proposals that address client needs, leveraging our product and service offerings.

Project Management: Oversee and manage projects from initial proposal through to successful implementation (counting mandays, collaborate with teams, etc). Ensure projects are delivered on time, within scope, and within budget.

Kualifikasi

Bachelor’s degree in Computer Science, Information Technology, Engineering, or a related field.

Minimum of 2 years of experience in a presales engineering, IT business analyst, system analyst or a similar technical role within the IT industry.

Excellent verbal and written communication skills, with the ability to explain complex technical concepts to non-technical audiences.

Experience delivering technical presentations.

Ability to work effectively both independently and as part of a collaborative team.

Willing to work on site from Jakarta Selatan.",https://id.jobstreet.com/id/job/91755572,,IT Support,indonesia,['r'],1,2026-04-28T10:53:32.108019
91497731,Technical Support Engineer,PT Geotechnical Systemindo,,"The Candidates:

Candidate must possess at least a Bachelor's Degree in Civil Engineering / Ocean Engineering or equivalent

At least 2 year(s) of working experience in the related field is required for this position.

Preferably has Geotechnical Engineering background and/or ISO 9001:2015 proficiency.

Preferably has background in (Civil) Engineering Consulting Firm/ Engineering Dept of Private/ Gov Institution.

Full-Time position available.




The Roles:

Implement ISO 9001:2015, including document control, internal audits, record keeping, archiving, and reporting

Prepare general analyses for geotechnical and/or shoreline solutions, material proposals, material specifications, pre-design drawings, construction and installation work procedures, and cost estimates, shop drawings, and as-built drawings.

Provide a variety of pre- and post-sales consulting services, including technical discussions with internal and external customers.

Provide direction to the technical team in the field during field inspections.

Support marketing activities by attending exhibitions, conferences, and other marketing events;

To create technical presentations and demonstrate how a product fits customer needs.

Conduct technical visits, product testing and field supervision

Perform general office administration tasks as required.",https://id.jobstreet.com/id/job/91497731,,IT Support,indonesia,['r'],1,2026-04-28T10:53:36.795514
91755365,IT Support,PT VICTORY RETAILINDO,,"Tugas

1.  Melaksanakan tugas administrasi berupa pencatatan, dan pemeliharaan dokumen fisik

2.  Merakit dan melakukan troubleshooting computer

3.  Mengistall, maintenance dan update software atau aplikasi

4.  Networking : Mengkrimping kabel UTP, setting router, setting jaringan LAN & WAN

5.  Menganalisa sistem informasi

Kriteria

1.   Mengoprasikan computer, database, dan pemograman dasar

2.   Dapat bekerja sama dengan tim

3.   Mampu berkomunikasi dengan baik

4.   Kejujuran

5.   Rajin

6.   Teliti

7.   Kecepatan bekerja

8.   Daya ingat yang tinggi

9.   Bersedia ditempatkan di Jakarta dan Bekasi

10. Diutamakan yang berdomisili Jabodetabek

11. Pendidikan Minimal SMK Teknik Komputer Jaringan 

12. Bersedia kerja shift dan pada hari libur nasional",https://id.jobstreet.com/id/job/91755365,,IT Support,indonesia,['r'],1,2026-04-28T10:53:41.402265
91754960,IT Business Analyst,PT Mitra Solusi Lelang,,"The Business Analyst acts as a bridge between business functions and IT teams, ensuring clear communication and alignment on application development projects. This role gathers, analyzes, and documents business requirements, supports project planning, and monitors progress to deliver solutions that meet business needs effectively.

Key Responsibilities:

Build strong communication and relationships with business functions to provide consultation on application development plans for business needs.

Coordinate and communicate with IT functions regarding project requirements and priorities.

Analyze and document all business requirements clearly in Business Requirement Documents (BRD) in line with agreed application development plans.

Collect, analyze, and evaluate Business Testing Scenarios created by business functions for User Acceptance Testing (UAT).

Create project timelines based on task lists compiled from relevant stakeholders involved in project activities.

Regularly monitor project schedules, follow up on activities with potential delays, and escalate issues to the IT Business Relationship Manager when necessary.

Qualifications:

Proven experience as a Business Analyst or in a similar role.

Strong skills in gathering, analyzing, and documenting business requirements.

Familiarity with creating BRDs and supporting UAT processes.

Good understanding of project management principles and ability to monitor timelines and tasks.

Excellent communication and interpersonal skills to coordinate across business and IT teams.

Ability to identify risks and escalate issues appropriately to management.",https://id.jobstreet.com/id/job/91754960,,IT Support,indonesia,"['r', 'scala', 'ios']",3,2026-04-28T10:53:45.955068
91754751,Teknisi Jaringan WIFI - Balikpapan,PT Duta Generasi Mandiri,,"- Melakukan aktivitas instalasi dan aktivasi kepada pelanggan.

- Memberikan dukungan teknis kepada pelanggan melalui pemecahan masalah jarak jauh atau di tempat.

- Memberikan solusi teknis untuk mendukung peralatan jaringan akses pelanggan.

- Memberikan informasi dan memastikan layanan pelanggan bisa di gunakan dan tidak terkendala.

- Memastikan pelanggan mengerti apabila terjadi kendala baik secara teknis atau non teknis

- Memastikan layanan yang disediakan oleh perusahaan dapat diterima dengan baik oleh pelanggan sesuai dengan visi dan misi perusahaan.",https://id.jobstreet.com/id/job/91754751,Rp 3.800.000 – Rp 4.200.000 per month,IT Support,indonesia,['r'],1,2026-04-28T10:53:50.477848
91754692,IT Support Staff,PT Central Diesel,,"JOIN OUR TEAM !

Central Diesel adalah perusahaan yang terus berkembang pesat dengan kantor pusat di Surabaya dan jaringan cabang di Jakarta, Bali, hingga Balikpapan. Kami bergerak di bidang penyediaan Genset, Marine Engine, spare part, serta jasa servis profesional.

Kami mengundang Anda, talenta IT yang dinamis, untuk mengisi posisi:

IT Support Staff

(Surabaya & Jakarta)

Responsibilities:

Optimasi Perangkat: Memastikan performa hardware (komputer, laptop, printer), infrastruktur jaringan (WiFi, PABX), hingga sistem CCTV dan mesin finger berjalan tanpa kendala.

Manajemen Sistem: Mengelola update rutin OS/aplikasi serta fasih dalam mengoperasikan Sistem Accurate & tools-tools di dalamnya.

Keamanan & Data: Menjamin perlindungan database perusahaan melalui tindakan preventif, sistem backup yang ketat, dan manajemen antivirus.

Support Teknis: Memberikan bantuan teknis harian termasuk pengaturan browser dan troubleshoot aplikasi di berbagai perangkat.

Requirements:

Pendidikan : S1 Informatika atau bidang terkait.

Pengalaman : Minimal 2 tahun sebagai IT Support.

Keahlian Teknis : Menguasai Mikrotik serta memiliki kemampuan desain (Corel Draw / Adobe Illustrator / Photoshop) menjadi nilai tambah yang besar.

Kemampuan Bahasa : Mampu berkomunikasi dalam Bahasa Inggris (Bahasa Mandarin akan sangat diunggulkan).

Karakter : Kreatif, disiplin, jujur, dan memiliki motivasi kerja yang tinggi.

Mobilitas : Bersedia melakukan dinas lapangan ke luar kota atau luar pulau jika diperlukan.

Benefit :

Gaji kompetitif (Negotiable) berdasarkan keahlian dan pengalaman.

Kesempatan pengembangan karir di perusahaan yang terus berekspansi.

Kunjungi website resmi kami untuk detail lebih lanjut :  http://www.centraldiesel.com

""Only short-listed candidates will be invited via e-mail/phone for Test and Interview """,https://id.jobstreet.com/id/job/91754692,,IT Support,indonesia,['r'],1,2026-04-28T10:53:55.089943
91754622,Network Solution Engineer,PT. Sinergi Innovate Pratama,,"Kami sedang mencari individu yang kritis, solutif, dan memiliki passion kuat di bidang infrastruktur jaringan untuk bergabung sebagai Network Solution Engineer. Anda akan berperan penting dalam merancang, mendesain, dan mengimplementasikan solusi jaringan berbasis teknologi satelit Starlink untuk berbagai klien skala nasional.

Deskripsi Pekerjaan:

Solution Architect: Menganalisis kebutuhan klien dan merancang desain solusi jaringan yang efisien, stabil, dan tepat guna.

Technical Presentation: Menjadi perwakilan teknis perusahaan dalam pertemuan dengan klien (meeting teknis) untuk mempresentasikan dan mendiskusikan solusi yang ditawarkan.

Technical Execution: Melakukan konfigurasi perangkat jaringan (Router, Switch, Access Point, Radio PTP) sesuai dengan desain solusi yang telah disepakati.

Internal Collaboration: Menjadi mitra diskusi yang solutif bagi manajemen dalam merumuskan strategi teknis dan pengembangan infrastruktur proyek.

Quality & Vendor Control: Bersikap kritis terhadap teknis yang ditawarkan vendor serta memastikan implementasi di lapangan sesuai dengan standar kualitas perusahaan.

Persyaratan:

Pendidikan D3/S1 Teknik Informatika / Teknik Komputer / Telekomunikasi (Fresh Graduate dipersilakan melamar).

Technical Mastery: Mengerti konsep dasar TCP/IP, Routing, Switching, VLAN, dan Wireless (familiar dengan vendor MikroTik, Ruijie, UniFi, Cisco, dll).

Starlink Knowledge: Memahami sistem kerja satelit LEO (Starlink) dan cara integrasinya ke jaringan lokal.

Broad Connectivity: Memahami solusi Radio PTP, CCTV (Hikvision), VoIP, hingga Media Converter (HTB).

Solutif & Kritis: Mampu memberikan masukan teknis yang tajam dan mencari jalan keluar atas kendala teknis di lapangan.

Professional Communication: Memiliki kemampuan komunikasi yang baik untuk berdiskusi dengan klien maupun tim internal.

Nilai Plus:

Memiliki Sertifikasi Profesi (seperti MTCNA, MTCRE, CCNA, atau sertifikasi vendor lainnya).

Memiliki portofolio atau pengalaman dalam mengelola proyek jaringan secara mandiri.",https://id.jobstreet.com/id/job/91754622,Rp 6.000.000 – Rp 7.500.000 per month,IT Support,indonesia,['r'],1,2026-04-28T10:53:59.717255
91754543,IT System Requirement Analyst (JS - IT SRA),OTO Group,,"Lingkup Kerja:

Melakukan analisa terhadap kebutuhan perusahaan atau user dan membuat design sistem yang relevan terhadap kebutuhan tersebut.

Kualifikasi:

Pendidikan minimal S1 Teknik Informatika / Manajemen Informatika / Teknik Komputer

Menguasai basic Transact SQL script programming 2008 / 2012

Memahami Visual Studio .Net Programming; Memahami RDBMS (Relational Data Base Management System) concept

Memahami proses identifikasi kebutuhan user

Berpengalaman membuat functional specification

Memahami metode testing yang baik untuk User Acceptance Test (UAT)

Memahami impact analysis terhadap sistem yang ada terhadap kebutuhan user

Berpengalaman sebagai Business analyst / System analyst / IT Project Management Minimal 1 tahun

Kompensasi & Benefit :

Jenjang Karir

Gaji Pokok

Tunjangan kehadiran

Asuransi Kesehatan

BPJS Ketenagakerjaan dan kesehatan

THR dan Bonus

Penempatan Kantor Pusat, Jl. Jend. Sudirman kav 61-62 Jakarta Selatan",https://id.jobstreet.com/id/job/91754543,,IT Support,indonesia,"['r', 'sql']",2,2026-04-28T10:54:04.304405
91754439,Teknisi Handphone,PT Aneka Solusi Teknologi,,"Min. lulusan SMA/SMK/Sederajat;

Memiliki sertifikasi/pernah mengikuti kursus servis Smartphone/Elektronik lebih diutamakan;

Memiliki pengalaman min. 2 tahun sebagai Teknisi HP/Teknisi TV;

Memahami secara garis besar komponen-komponen dalam Smartphone;

Mengerti Elektronika Dasar dan Welding;

Memiliki kemampuan dan pengalaman dalam berinteraksi dengan customer;

Jujur, teliti, bertanggung jawab, dan dapat bekerja sama dalam tim;

Dapat bergabung secepatnya;

Area penempatan di Xiaomi Solo.",https://id.jobstreet.com/id/job/91754439,Rp 2.416.560 – Rp 2.570.000 per month,IT Support,indonesia,['r'],1,2026-04-28T10:54:08.856957
91754026,website spesialist,PT INDONESIA AMERICAN GAMES,,"Deskripsi Pekerjaan

Kami mencari Web Specialist yang akan bertanggung jawab dalam pengembangan dan pengelolaan website resmi untuk event olahraga internasional. Website ini berfungsi sebagai media informasi utama, branding event, serta platform registrasi bagi atlet yang ingin berpartisipasi.

Tanggung Jawab

• Mengembangkan dan mengelola website event olahraga internasional

• Membuat sistem registrasi atlet (form, database, validasi data)

• Memastikan alur pendaftaran berjalan lancar dan user-friendly

• Mengelola halaman informasi event (jadwal, venue, kategori pertandingan, dll)

• Mengoptimalkan performa website (kecepatan, SEO, dan stabilitas)

• Menjaga keamanan data user, khususnya data atlet yang mendaftar

• Integrasi dengan payment gateway (jika ada biaya pendaftaran)

• Bekerja sama dengan tim design & marketing untuk kebutuhan promosi event

• Monitoring traffic dan aktivitas user di website

• Troubleshooting bug dan maintenance berkala




Kualifikasi

• Minimal pengalaman 1–2 tahun di bidang web development

• Menguasai HTML, CSS, JavaScript

• Mengerti backend (PHP / Node.js / lainnya) untuk handle sistem registrasi

• Familiar dengan database (MySQL / PostgreSQL)

• Pernah membuat atau mengelola website dengan sistem form/registrasi

• Memahami dasar keamanan website (data protection, anti spam, dll)

• Mampu membuat website yang responsif dan stabil saat traffic tinggi

• Familiar dengan CMS seperti WordPress (nilai plus)




Nilai Tambah (Plus Point)

• Pengalaman membuat sistem registrasi event / ticketing

• Pernah handle website event besar atau internasional

• Pengalaman integrasi payment gateway (Midtrans, Xendit, dll)

• Paham SEO dan analytics tools

• Mengerti UI/UX untuk meningkatkan conversion pendaftaran",https://id.jobstreet.com/id/job/91754026,,IT Support,indonesia,"['php', 'r', 'java', 'mysql', 'sql', 'postgresql', 'javascript']",7,2026-04-28T10:54:13.418855
91753908,IT Implementator Staff,PT Inti Citra Agung (Optik Melawai),,"Kualifikasi posisi:

- Pendidikan S1/D3 Teknik Komputer Jaringan (Wajib)

- Memiliki Pengalaman kerja/intern minimal 1 Tahun (Freshgraduate welcome)

- Bisa menggunakan komputer dan program aplikasi minimal Microsoft Office

Job Description:

- Memastikan instalasi seluruh hardware dan software yang digunakan user outlet Optik Melawai sesuai target waktu dan user request

- Menjalankan solusi atas masalah hardware dan software yang digunakan user outlet Optik Melawai untuk kelancaran operasional

- Membuat dan melakukan pembaharuan user manual dari aplikasi yang digunakan seluruh outlet Optik Melawai",https://id.jobstreet.com/id/job/91753908,,IT Support,indonesia,['r'],1,2026-04-28T10:54:18.018483
91753409,Site Manager (Data Center),PT China Construction Yangtze River Indonesia,,"About the role

PT China Construction Yangtze River Indonesia is seeking an experienced Site Manager to oversee the construction of a new data centre facility in Cikarang Pusat, West Java. As a contract position, this role will be responsible for the successful delivery of the project, ensuring it is completed on time, within budget and to the highest quality standards. Based onsite, the Site Manager will lead a team of construction professionals and liaise with key stakeholders to drive the project forward.

What you'll be doing

Manage all aspects of the construction project, including planning, scheduling, resource allocation and budgeting

Lead and motivate the onsite construction team, providing direction, support and performance management

Ensure compliance with all relevant building regulations, health and safety requirements, and quality standards

Coordinate with architects, engineers, and other contractors to resolve issues and optimise construction processes

Monitor progress against project milestones and KPIs, reporting regularly to senior management

Manage procurement of materials, equipment and subcontractor services to maintain project timelines

Identify and mitigate potential risks, implementing contingency plans as needed

What we're looking for

Fluent in English

Able to do Document Control

Minimum 8 years' experience as a Site Manager or Project Manager in the construction industry, preferably in data centre or similar high-tech facility projects

Strong technical knowledge of construction methods, materials, and building regulations

Excellent project management skills, including the ability to develop detailed plans, monitor progress, and deliver projects on time and within budget

Proven leadership and people management skills, with the ability to motivate and develop a team

Strong communication and stakeholder management skills, able to liaise effectively with clients, contractors, and regulatory authorities

Proficient in using project management software and tools

Relevant degree or professional certification in construction management or a related field

If you're ready to take on a rewarding challenge and contribute to the delivery of a state-of-the-art data centre, we'd love to hear from you. Apply now to join our team.",https://id.jobstreet.com/id/job/91753409,Rp 10.000.000 – Rp 15.000.000 per month,IT Support,indonesia,"['r', 'java']",2,2026-04-28T10:54:22.596635
91759964,Quality Assurance - Banking Syariah,PT. SIGMA GLOBAL TEKNOLOGI (SIGMATECH),,"Requirements:

• Memiliki Pendidikan minimal S1 dibidang atau jurusan IT, SI, Ilmu Komputer atau bidang lain yang relevan.

• Minimum 3 tahun sebagai QA core banking

• Experience ETL, strong query & data

• Pemahaman business process perbankan syariah

• Familiar defect management tools (mis. JIRA)

Key Responsibility

• Menyusun test plan, test scenario & test case

• SIT, regression test & integration test

• Defect logging, retest & verification

• Pastikan skenario bisnis syariah teruji end-to-end

• Support UAT & sign-off readiness",https://id.jobstreet.com/id/job/91759964,,IT Support,indonesia,['r'],1,2026-04-28T10:54:27.360251
91753375,IT Division Head,PT Merapi Utama Pharma,,"JOB DESC:

Leads the company's IT and digital strategy to support business goals and growth.

Plans and manages digital transformation projects, budget, and priorities.

Acts as a bridge between executive management and IT teams.

Ensures IT projects deliver real business value.

Oversees technology risks, cybersecurity, and compliance.




JOB QUALIFICATION:

Bachelor's degree in Information Technology, Information Systems, or a related field (A Master's degree in Management or Information Technology is preferred).

At least 10 years of experience in the IT field, with the last 5 years in a strategic position (such as Head of IT division, or a similar senior role).

Experience in the distribution, pharmaceutical, logistics, or FMCG industry is a plus.

Familiar with large-scale and complex digital projects.

Experience with ERP systems (Oracle, SAP), cloud platforms, API integration, and data warehousing.

Familiar with tools such as BI, RPA, and concepts of intelligent technology.

IT certifications is a plus.

Visionary, communicative, and strategic thinker.

Resilient in leading change and managing multidisciplinary teams.

High integrity, strong sense of ownership, and results-oriented.",https://id.jobstreet.com/id/job/91753375,,IT Support,indonesia,"['r', 'git']",2,2026-04-28T10:54:31.920167
91753013,System Engineer,PT. Wide Technologies Indonesia,,"We are an established IT Consulting firm, partnering with top regional and global clients to deliver robust and scalable technology solutions. To support our rapid growth, we are looking for a System Engineer who is ready to take on challenging projects and contribute to mission-critical infrastructure.

Responsibilities

Design, implement, and maintain enterprise IT infrastructure, including servers, storage, virtualization, and cloud environments.

Monitor system performance and troubleshoot complex issues to ensure high availability and reliability.

Handle technical implementation system infrastructure to customer

Handle communication & relationship to customer and partnership

Collaborate with cross-functional teams to deliver secure, scalable, and efficient solutions.

Ensure compliance with IT policies, security standards, and best practices.

Manage vendor relationships and coordinate with external partners for service delivery.

Requirements

Bachelor’s degree in Computer Science, Information Technology, or related field.

Strong Experience deploy java springboot application using kubernetes engine (openshift, tanzu, rancher, esle..)

Strong Experience with microservices deployment (vault, docker, container, service discovery)

Strong Experience with SDLC Infrastructure (Gitlab)

Experience with Basic Query database to houskeeping database (Postgresql and Oracle DB)

Strong expertise in Windows/Linux servers, VMware/Hyper-V virtualization, and networking fundamentals.

Experience using reverse proxy such like apache or nginx.

Experience with service mesh.

Able to understanding and learn about legacy technologies (Monolith).

Have a good communication skills & language (Indonesian & English).",https://id.jobstreet.com/id/job/91753013,,IT Support,indonesia,"['linux', 'r', 'scala', 'java', 'docker', 'kubernetes', 'git', 'sql', 'postgresql']",9,2026-04-28T10:54:36.488832
91655085,Security Analyst Supervisor,PT Mitra Solusi Infokom,,"Job Description:

Security Monitoring: Continuously monitor and analyze security events and alerts from various sources (SIEM, intrusion detection systems, firewalls).

Risk Assessment: Develop and maintain risk assessment reports and documentation.

Policy Development: Assist in the development, implementation, and enforcement of IT security policies, standards, and procedures.

Incident Response: Document incidents and provide analysis to improve future response efforts.

Security Solutions: Evaluate, deploy, and manage security solutions such as antivirus software, firewalls, and encryption tools.

User Awareness and Training: Conduct security awareness training for employees to promote safe computing practices and risk awareness.

Documentation and Reporting: Maintain accurate records of security incidents, assessments, and responses.


Job Requirements:

Bachelor’s degree in Computer Science, Information Technology, Cybersecurity, or a related field; relevant certifications (e.g., CISSP, CEH, CompTIA Security+) are preferred.

Minimum 2-3 years of experience in information security, IT security, or a related field.

Strong understanding of network security protocols, firewalls, intrusion detection/prevention systems, and encryption technologies.

Familiarity with security compliance standards (e.g., GDPR, HIPAA, PCI-DSS) and regulations.

Excellent analytical, problem-solving, and decision-making skills.

Strong communication and interpersonal abilities, with the capability to convey security concepts to non-technical stakeholders.

Experience handling SOC (Security Operation Center)",https://id.jobstreet.com/id/job/91655085,,IT Support,indonesia,['r'],1,2026-04-28T10:54:41.099603
91752580,DevOps,PT Intersolusi Teknologi Asia,,"Responsibilities:

Responsible in system uptime.

Responsible in system maintenance.

Responsible in deploying virtual server

Performance monitoring, tuning, and handling technical support

Work closely with system analyst, application & web developers.




Requirements:

Experienced in Linux administration.

Good knowledge in TCP IP, FTP, Routing, Firewall, and VPN.

Good knowledge in installation and configuration server, both Windows and Linux.

Ability in networking using mikrotik.

Knowledge in cloud computing (AWS, GCP, Huawei Cloud, Azure, etc) is a plus.

Knowledge in CI/CD concept is a plus.

Knowledge of database administration (MySQL, PostgreSQL, MongoDB, or similar) is a plus.

Knowledge in containerization is a plus.

Familiar with monitoring & logging tools (Prometheus, Grafana, ELK, etc.).

Highly organized and attention to detail.

Excellent communication, both verbal and written in English or Bahasa Indonesia.

Practitioner of hard work, honesty, and integrity.",https://id.jobstreet.com/id/job/91752580,"IDR 4,000,000 - 6,000,000",IT Support,indonesia,"['mongodb', 'linux', 'gcp', 'r', 'mysql', 'sql', 'aws', 'azure', 'postgresql']",9,2026-04-28T10:54:45.734339
91752436,IT Support Internship,JAPFA FOOD INDONESIA,,"Pendidikan minimal S1 dengan jurusan Teknik Komputer Jaringan

Memiliki pengalaman troubleshooting hardware, software, and network issues

Memiliki pengalaman Instalasi and configurasi PC/Laptop

Support adminisitrasi

Memiliki kemampuan komunikasi yang baik

Mampu bekerja secara individu maupun dalam tim

Bersedia untuk mengikuti kegiatan magang selama 6 bulan

Paid Internship

Penempatan Jakarta Barat",https://id.jobstreet.com/id/job/91752436,,IT Support,indonesia,['r'],1,2026-04-28T10:54:50.251530
91752367,Business Development IT Security,PT Pasifik Global Integrasi,,"Pasifik Global Integrasi is a domestic product that provides solutions, storage and management to help information-driven consumers and organizations.

Pasifik Global Integrasi (PGI) offers cyber security solutions that help customers protect their digital data, mainly focused on government sectors, critical infrastructure as well as public sectors.

Placement: Parc 18 - SCBD - South Jakarta




BUSINESS DEVELOPMENT

A Cyber Security Business Development job focuses on driving growth by identifying new business opportunities, building relationships, and promoting cybersecurity solutions.




Key Responsibilities

Identify opportunities and strategic partnerships in enterprise and government segments for cybersecurity.

Ensuring that the organization's products and services remain aligned with the evolving needs of clients.

Conduct regular market research to stay updated on industry trends, competitor activities, and new cybersecurity technologies.

Responsible for field research to understand the rates competitors charge for similar services.

Analyse the competitive landscape to design strategies that strengthen the brand or product and differentiate its offerings.

Build a new product package with competitive price.




Requirement

Bachelor’s degree in information technology, Computer Information System, Computer Science, Engineering or related field.

Min 3 years of experience in Business Development or in related field.

Strong problem-solving, strategic thinking, and communication skills.

Fluent speaking and writing in English.

Confidence in interacting with various business levels.",https://id.jobstreet.com/id/job/91752367,,IT Support,indonesia,"['r', 'git']",2,2026-04-28T10:54:54.864482
91752092,IT SUPPORT,PT Sinar Bintang Buana,,"Deskripsi Tugas ;

Mengembangkan, dan mengimplementasikan aplikasi perangkat lunak dan sistem teknologi informasi yang sesuai dengan kebutuhan perusahaan termasuk di dalamnya update mengenai perkembangan AI tools untuk menunjang pekerjaan, baik internal pribadi atau bersama departemen yang lain.

Menganalisis dan memecahkan masalah teknis yang timbul selama fase pengembangan dan implementasi.

Memelihara dan meningkatkan sistem yang ada untuk meningkatkan kinerja dan efisiensi.

Memberikan dukungan teknis dan pelatihan kepada pengguna akhir.

Terus mengikuti perkembangan teknologi terbaru dan memberikan saran perbaikan.

Menyelesaikan permasalahan dan tugas dalam waktu yang efisien.

Dapat menjadi mentor yang baik kepada end user, dan dapat mengajarkan teknik program baru.

Persyaratan ;

1-3 tahun pengalaman sebagai Programmer atau Pengembang Perangkat Lunak.

Mahir dalam Programming (Java, PHP), Database management (MySQL), Linux, dan pengelolaan server (on-premise, AWS)

Kemampuan bekerja dalam tim dan berkolaborasi dengan berbagai pemangku kepentingan.

Memiliki kemampuan pemecahan masalah, kreativitas, dan orientasi detail yang kuat.

Memiliki passion research dan pemecahan masalah, serta semangat untuk belajar.

Super komunikatif.

Bersedia melakukan perjalanan dinas ke seluruh unit operasional perusahaan baik di dalam kota ataupun luar kota.

Nilai tambah untuk pengalaman pengembangan perangkat lunak dalam dunia ritel.",https://id.jobstreet.com/id/job/91752092,Rp 4.500.000 – Rp 5.000.000 per month,IT Support,indonesia,"['linux', 'php', 'r', 'java', 'mysql', 'sql', 'aws']",7,2026-04-28T10:54:59.445972
91751724,Design Engineer (Drafter),"PT SMART,Tbk",,"Job Description Summary :

Able to read civil and architectural drawings and proficient in AutoCAD. Experienced in producing construction drawings (plans, sections) and DED drawings, with knowledge of SNI steel profile standards. Able to present technical information clearly and work under pressure.


Job Description :

Able to read construction drawings of civil and architectural buildings 

Master AutoCAD software

Able to make construction drawings with visible plans and sections

Have knowledge of SNI steel profile standards

Able to make DED Drawing (Detail Engineering Drawing)

Ability to adapt to process images concisely, clearly and quickly

Able to work under pressure




Job Requirement :

Vocational School, Department of Building Drawing Engineering, or

D3/S1 Civil Engineering / Architecture

Work experience as a drafter min. 3 years

Mastering AutoCAD and Sketchup

English min. passive




""Our company has never levied any fees for the recruitment process nor has it required to order tickets and accommodation through a certain travel agent or certain person.""",https://id.jobstreet.com/id/job/91751724,,IT Support,indonesia,['r'],1,2026-04-28T10:55:04.084689
91751136,Pentester,LOGIQUE,,"Cybersecurity Consultant (Pentest)

Key Responsibilities:

Perform manual Penetration Tests including network, servers, mobile & desktop applications and web services.

Assess security vulnerabilities to identify appropriate remediation: patching, configuration change, deprecation, or exception.

Create reports based on vulnerability metrics. Document security flaws including technical details and provide remediation recommendations.

Give necessary consultation and presentation to clients regarding security best practices and findings.

Conduct onsite penetration test or support to client's site if necessary.




Job Requirements: Requirements (must have):

BS/MS, preferably in computer science or information systems, or equivalent work experience.

Demonstrated in-depth experience in at least one of the following areas of technical competency:

Web application and web service testing

Network infrastructure penetration testing

Mobile application security testing (Android/iOS)

Adversarial attack simulations (Red Teaming)

Thick client assessment and reverse engineering

Assessment of cloud platforms such as Alicloud, AWS, Azure or Google Cloud Platform.

Knowledge of secure design methodologies (such as threat modelling and attack surface enumeration).

Previous experience 1-3 years as a security consultant, analyst, engineer, architect or a similar role related to cyber security.

Excellent communication and interpersonal skills.

Knowledge about offensive security best practice (such as OWASP, NIST, PTEST standard, etc).

Entry level offensive cybersecurity certification such as CEH, eJPT, COMPTIA+.

Located in Jabodetabek Area.




Requirements (good to have):

Passionate about cybersecurity, eager to research and learn about information security trends and new offensive techniques and best practices.

Professional offensive security certifications including OSCP, OSEP, OSCE, OSWE, CREST CRT, GIAC (GXPN, GWAPT, GPEN, GMOB), CPENT others are an asset.

Willingness to work toward obtaining additional credentials and ability to pass on experiential knowledge and wisdom to the team.

Development / code review experience – Python, Java, C, C#, Shell Scripting, etc.

High degree of integrity, commitment, adaptability and initiative.",https://id.jobstreet.com/id/job/91751136,Rp 12.000.000 – Rp 15.000.000 per month,IT Support,indonesia,"['python', 'android', 'c#', 'r', 'java', 'aws', 'azure', 'ios']",8,2026-04-28T10:55:08.819723
91750160,IT STAFF,PT Bomin Permata Abadi,,"Ensuring the internet network

Support hardware, software & system

Carry out routine personal computer & CCTV maintenance

Back up CCTV recordings every month

Ensure all support system for user such as ERP, Payroll system, TAX system, IT Inverntory, Barcode System

Installation PC for new member, CCTV & internet network

Repair & check the computer problem

Service internal network equipments & corporate server monitor (switch, router, modem, TV meeting, audio meeting

Coordinate and communicate with Headquarter IT Manager for support and problem solving",https://id.jobstreet.com/id/job/91750160,Rp 3.800.000 – Rp 4.500.000 per month,IT Support,indonesia,['r'],1,2026-04-28T10:55:13.385029
91748125,Product Manager,Cashlez,,"Requirements: 

Experience with payment systems: card payment, mobile payment, e-money, etc
Experience with POS, Inventory Management systems and solutions.
Experience with software development life cycle
Experience with payment and banking the cryptography concepts: PKI, Symmetric Key, Hashing, MAC, KEK, DEK
Experience with card payment standards: PCI DSS, 3D Secure, ISO 8583, TLE, NAC, etc
Experience to clearly define and elaborate a system from high level abstraction into the great detail
Possess good presentation and documentation skills in English and Indonesian with strong ability to communicate issues to technical and non-technical audiences
Bachelor’s degree. (Preferably in Computer Science/Information Technology)
Fun to work with and a team player
Willingness to share and to grow together

We are looking for Product Manager to join and contribute to our team.  What you will be doing:

Work closely with IT team to make sure the product is develop as per specification with good quality and deliver on time as per market trends
Define requirement and specification based on busines needs
Work closely with sales team to make sure sales team understand well and accompany them if needed during integration process
Manage project to make sure product delivererd on time
Manage development life-cycle
Experience in payment and Point Of Sales (POS) System is an advantage.",https://id.jobstreet.com/id/job/91748125,,IT Support,indonesia,['r'],1,2026-04-28T10:55:18.101060
91747927,Datawarehouse Engineer,Talent Search Recruitment Consultant,,"Mcs Position: Datawarehouse Engineer

Salmy package annually: MYR 90,000- 120,000

Location: Kuala Lumpur, Malaysia

Background

Our client is one of the largest Malaysian Banks and is looking for an experienced EDW (Datawarehouse Analyst) who will be responsible for translating business requirement into technical mapping documentation. The successful candidate will have significant experience in working with business teams to create technical mapping documents and functional specification documents. Understanding of Data warehousing concepts and financial logical data models is essential Job Purpose Summary:

To work with various Business to understand their need and requirements.
To have the ability to understand the data in EDW/Data Lake, and to provide recommendation to business by providing/selling various use cases or model to the business to resolve their requests/issues.
To provide communication, coaching and training to business users related to data and information.
To manage & coordinate the overall development, SIT, IJAT & Implementation efforts of EDW projects to ensure business & technical requirements are met within project timelines. Key responsibilities and Accountabilities:
Work with Various Business and IT stakeholders — to gather and analyse their requirements and prepare detailed functional specifications and Data mapping documents

Competent ability with SQL, R , Python — able to write scripts and queries to analyse data

Work with ETL or Bl team as to ensure the delivery of the systems as per specification

Ability to analyse the data and to produce various use cases or models to business

Ability to recommend and to sell the new innovated use cases and model to business and to implement the use cases/ model
To perform testing and to manage UAT defects raise by businesses. Manage IJAT issues diligently ensuring that all reported cases are resolve promptly with minimize impact on the project timeline. To perform Root Cause Analysis on the defects raise by business

The successful candidate will have experience in:

Gathering of Requirements from various source systems and business users.

Communicating with the business users to understand business requirements clearly.

Conducting meetings with the source system IT SME to understand the source system elements.

Provided support to other developers in accurately mapping source attributes into the Teradata Financial Services Logical Data Model (FSLDM) and in interpreting business requirements.

Worked closely with the Data Modeler in enhancing the FSLDM Development of scripts for loading the data into the base tables in EDW.

Solid understanding of relational databases

Previous experience in creating Source to Target Mapping Data documentation.

Develop an understanding of data models ofvarious source systems and their relationships Experienced in writing Design Documents, System Administration Documents, Test Plans & Test Scenarios/Test Cases and documentation of test results.

Interacting with Users, Documenting business requirements, Performing Data Analysis, Data Profiling and Developing Design Specifications.

Minimum R uirements

Must have a Degree in Computer Science, Engineering or technical fields.

Significant data warehousing experience preferably with Teradata

Minimum 5 years work experience in an IT data analyst

Previous financial services, banking or insurance background preferred",https://id.jobstreet.com/id/job/91747927,,IT Support,indonesia,"['python', 'r', 'sql', 'ios']",4,2026-04-28T10:55:22.764955
91747907,Fullstack Developer,Talent Search Recruitment Consultant,,"As an Full Stack Developer, you will be responsible for developing and designing front end web architecture, ensuring the responsiveness of applications, working alongside graphic designers for web design features, backend architecture, APIs and integrating it with the front end.

Your responsibilities would be but not limited to :

Writing reusable, testable, and efficient code
Designing backend architecture and develop APIs
Design and implementation of low-latency, high-availability, and performance
applications. Develop the front end and integrate it with server side logic
Integration of data storage solutions

You should have :


5 8 years of relevant work experience.
Expert in Python, with good knowledge of Python web framework Django
Good understanding of server-side templating languages (English)
Experience in developing Applications using Vue.js/Angular.js/React.js, HTML5, and CSS3
Good knowledge and understanding of DOM, HTML, CSS and JavaScript OOP, MVC,
Responsive and Working knowledge of Object Oriented JavaScript and Functional JavaScript
Knowledge of user authentication and authorization between multiple systems, servers, and environment
Understanding of fundamental design principles behind a scalable application
Familiarity with event-driven programming in Python
Able to create database schemas that represent and support business processes
Strong unit test and debugging skills. Proficient understanding of code versioning tools Git
Enthusiast with Start up",https://id.jobstreet.com/id/job/91747907,,IT Support,indonesia,"['python', 'angular', 'vue', 'r', 'scala', 'java', 'django', 'react', 'git', 'javascript']",10,2026-04-28T10:55:27.442463
91747904,ICT Global Manager,Talent Search Recruitment Consultant,,"Responsibility :

Lead a globally dispersed ICT team supporting all company activities worldwide

In charge of the overall IT infrastructure globally to guarantee high levels of service to all users (externally and internally)

Ensure all core IT activity is performed in line with procedure and policy, including but not limited to patching, maintenance, capacity planning and upgrades

Define and prioritized activities for the department

Review design changes to meet current and future system requirements, participate in change management oversight process

Providing troubleshooting leadership support to wider ICT team

Identify potential added value from new technology, new approaches or new systems that will deliver a benefit to the company

Take leadership in various IT processes such as problem management, release management, capacity management, resource management

Manage relationships with key IT vendors for software and services

Analyze potential and existing Information Security or Cyber Security threats and provide actions or recommendations to overcome the risk or remediate the threat

Project manage and take responsibility for definition, planning, documentation and implementation of IT projects

Proactively implement IT policies, help to define and revise policies as the business and environment evolves

Acting as a point of contact for IT matters from managers and leads from other departments

Perform other job-related duties as required

Requirement :

Bachelors Degree in IT/Computer Science or other relevant subject; 3 years experience in similar role preferred

Must have the ability to work in an environment that requires quick turnaround, with frequent interaction with senior management and other departments, requiring diplomacy, problem solving skills, resourcefulness, and professionalism",https://id.jobstreet.com/id/job/91747904,,IT Support,indonesia,['r'],1,2026-04-28T10:55:32.036575
91747877,Head of IT,Talent Search Recruitment Consultant,,"Position Title: Head of IT

Position Level: Management Level (Executive)

Country Base: Indonesia

Work Base: BSD, Tangerang - WFO

Working Experience (year): 5 years in IT manager or similar position

Major: IT, Computer Science, or related major

Skill & Specific Requirements

1. Bachelor's degree in Computer Science (master's degree will be an advantage)


2. Experience managing and/or directing an IT/business operation with a proven track record of successfully delivering IT business plans.


3. Experience in Fintech Industry 4 years


4. Fluent in English.


5. Career IT Professional with demonstrable evidence of continued professional development


6. Considerable knowledge of business processes, management, budgeting, and business operations


7. Substantial exposure to infrastructure, hardware platforms, enterprise software applications, and outsourced systems


8. Good understanding of computer systems characteristics, features, and integration capabilities


9. Excellent understanding of project management principles


10. Proven leadership ability, able to motivate staff to deliver high-quality output in line with set priorities

Job Descriptions

Strategy

1. Leading IT provision, this role is responsible for leading the strategic and operational IT planning to achieve business goals by fostering innovation, prioritizing IT initiatives, and coordinating the evaluation, deployment, and management of current and future IT systems across the group


2. Design and deploy a short and long-term IT Strategy to support the Company's Vision, ensuring that Innovation, security, reliability, cost, and utilization are the foundation of any proposal


3. Work with the senior management team to horizon scan for new technologies, and provide solutions and services to the business that retain and increase competitive advantage


4. Coordinate and facilitate consultation with stakeholders to define business and systems requirements for new technology implementations


5. Coordinate and facilitate consultation with stakeholders to define business and systems requirements for new technology implementations


6. Define and communicate corporate plans, policies, and standards for the organization for acquiring, implementing, and operating IT systems


7. Ensure that solutions and proposals are scale-able and flexible and enable the business to operate with agility and embrace change without impacting productivity


8. Handling and leading Software, Hardware team & Product Team Etc.

Financial

1. Identify opportunities for appropriate and cost-effective investment of financial resources in IT systems and resources, including staffing, sourcing, purchasing, and in-house development


2. Manage the Group IT budget


3. Manage the relationships with external suppliers, ensuring that the optimum services and supplies are procured and that contracts engaged into are fit for purpose and meet the business need


4. Promote and oversee strategic relationships between internal IT resources and external entities

Operational

1. Establish IT departmental goals, objectives, and operating procedures


2. Delivery of department business plan, budget, and team capacity management


3. Develop and maintain an appropriate IT organizational structure that supports the needs of the business


4. Supervise recruitment, development, retention, and organization of all IT staff per corporate budgetary objectives and personnel policies


5. Motivate and develop team members, through a range of performance management techniques


6. Ensure continuous delivery of IT services through oversight of service level agreements with end users and monitoring of IT systems performance


7. Reporting to Director and Group COO


Other Information / Special Request


Additional Information:

1. Fintech Experience Background (Understand OJK regulation and ISO27001)

2. Developer background (Must be understand programming language)",https://id.jobstreet.com/id/job/91747877,,IT Support,indonesia,['r'],1,2026-04-28T10:55:36.794945
91747873,Presales Engineer,Talent Search Recruitment Consultant,,"About the job


Our client is the world's leading risk intelligence company, empowering online businesses to stop fraud, build trust, and drive growth. Powered by the latest AI technology, they combines cutting-edge device fingerprinting with its proprietary Global Intelligence Network to detect new and unknown fraud threats in real time. 

Responsibilities


We're looking for a passionate and motivated Presales Engineer to partner with our Sales team in engaging prospective clients and ensuring the company is the top vendor of choice. You will be responsible for driving successful business outcomes across a broad set of enterprise customers through your passion for discovery, needs identification, solution design and presentation, solution consulting and sales.


Partner with the Sales Team to introduce company products and solutions to prospects
Develop an understanding of the prospect's needs and design high-quality presentations that meet their requirements
Author comprehensive business and technical collateral
Provide support to the Partner ecosystems in creating a best fit solution for prospects / customers
Prepare and deliver product demonstrations emphasizing on the key values of company's solution to prospects
Understand the technical environment, technology landscape, business requirements and evaluation scope
Be the trusted tech advisor for customers, partners and other teams

Requirements:


Minimum Bachelor's degree in Computer Science, Computer Engineering or related field
Minimum 3 years of Technical Account Management, Sales engineering or Support engineering experience in the B2B enterprise Software / SaaS / payments industry
Good knowledge in HTTP, JavaScript, RESTful APIs, JSON, OAuth and SQL
Strong customer focus with an ability to manage multiple priorities and perform in a fast-paced work environment
Excellent written and verbal communication skills to effectively communicate and present technical concepts to both technical and business audience

Salary OPEN

Hand in hand with Country Manager

Remote Working",https://id.jobstreet.com/id/job/91747873,,IT Support,indonesia,"['r', 'java', 'sql', 'javascript', 'rust']",5,2026-04-28T10:55:41.468265
91747848,Head of IT,Talent Search Recruitment Consultant,,"Our client is one of subsidiary from a Big Group company in Indonesia. Their Textiles Manufacturing Industry is open for position as below :

Head of IT

﻿

Requirement : 

1. Leverage SAP ; Dashboard applications for increasing efficiency and supporting business.

2. Standardization of IT practices at Indonesia, Philippines & Thailand in the OS business.

3. WAN Connectivity across the business as service provider costs and local regulations vary and are difficult to control.

4. Identifying, upgrading and retention of IT team members due to rapid enhancement in technology; learning opportunities and lean team size hence succession planning is a challenge

5. Developing a common data centre for business due to different requirements,specifications and regulations in the geographies and countries we operate

6. Manage 6 Unit business under him : MIS, Security Policy, SAP Implementation, Application Development, Support Services, People Management.

If you are open to a new challenge, please submit your CV to : asih@talentsearch.co.id or just click the Apply button.",https://id.jobstreet.com/id/job/91747848,,IT Support,indonesia,['r'],1,2026-04-28T10:55:46.260212
91747836,Corporate Development,Talent Search Recruitment Consultant,,"Job Description


Our client is the regions leading tech ﬂexible living platform making it easier, faster and more ﬂexible to rent quality ready-to-move-in homes at honest prices. Their rooms and private studios are hand-picked in top city locations in Singapore and Jakarta, Indonesia. They are thoughtfully furnished with utilities and services included. Their bookings process is digital and hassle free. 

They are backed by strong global investors and have raised over US$12M from a stellar line up of venture capital and strategic investors. The company aims to grow fast in Southeast Asia and be the #1 ﬂexible living platform in the region.

﻿Core Responsibilities:

﻿Supporting the CEO and founding team to run end-to-end fundraising
processes for both equity and debt ﬁnancing
Lead in preparation of pitching materials, management presentation, b
materials, and other presentations for use in Company's strategic
development
Pitching to investors, potential partners and other stakeholders
Analytics and assessment of new market and growth opportunities
Understanding key drivers of revenues and expenses; identifying the m
important key performance indicators (KPI) to measure and evaluate
company performance
﻿Strategic business development project work, involving new business models, incremental revenue opportunities and strategic partnerships
Regular monthly and quarterly performance reporting to the company's
board and investors
Other ad-hoc strategic growth projects as required

﻿Experience and Qualiﬁcations Required:

﻿Minimum 5 years professional experience
Experience in investment banking, corporate development, venture capital, private equity or a top tier management consulting ﬁrm; or
Several years work experience in highly commercial business leadership role in a high-growth business
Strong ﬁnancial modeling and PowerPoint skills
Minimum bachelor's degree in business or analytical ﬁeld
Experience working in Southeast Asia
Excellent project management
Highly analytical with strong Excel skills
Attention to detail
Great spoken and written English
Ability to be ﬂexible deal with ambiguity
Planning and organization
Commercial business acumen
Good presenter with strong PowerPoint skills﻿

﻿Preferred﻿:

﻿Experience in the real estate industry
Worked in start-up environment
First hand experience of running a fund-raising process
MBA",https://id.jobstreet.com/id/job/91747836,,IT Support,indonesia,"['r', 'git', 'ios']",3,2026-04-28T10:55:50.961827
91747833,ICT Infrastructure Lead,Talent Search Recruitment Consultant,,"We know what you looking for Amazing Tech Talent.

Stable company.

Convenient company.

A company that understands and accepts input from its employees.

Our clients can meet your expectations. They are is a global company that specializes in user-driven technology

What they give :

Flexibility working and remote working
Good benefit and insurance
Laptop facility

If your meet this qualifications :

2 years mastering in Nutanix
Experience in Palo Alto more than 1 year experience
Experience in Active Directory
Experience in Azure AD and Azure Cloud

What you will do in here :

Monitor, troubleshoot, and escalate problems affecting the company infrastructure.
Supervise and ensure company infrastructure comply with internal standard and industry best practice.
Install, configure & manage VMware ESXi and Nutanix AHV infrastructure.
Conduct audits on all storage, server and network equipment to ensure appropriate configuration.
Ensure network connectivity throughout a company’s LAN/WAN infrastructure is on par with technical considerations.
Administer routers, switches, firewalls, security updates and patches for network systems.

Please proceed to the apply menu for the next process.

or fly your resume to email: asih@talentsearch.co.id",https://id.jobstreet.com/id/job/91747833,,IT Support,indonesia,"['r', 'scala', 'azure']",3,2026-04-28T10:55:55.979456
91746839,IT QA Manual,PT. Entrepreneur Trust Digital,,"Rincian Pekerjaan:

Membuat dokumen skenario testing

Membuat skenario tes positif dan negatif

Melakukan pengujian terhadap platform BRI Secara fungsional, data dan performance

Membuat dokumen hasil testing sesuai dengan standar BRI

Melakukan user acceptance test

Membuat dokumen berita acara UAT sesuai fitur dan fungsi

Requirements:

Memiliki pengalaman minimal 2 tahun Testing dalam web, API, dan aplikasi mobile

Kemampuan yang kuat dalam penggunaan tools perfomance test untuk load test dan stress test seperti Jmeter, Locust

Memiliki keterampilan problem solving, komunikasi dan kolaborasi yang sangat baik.",https://id.jobstreet.com/id/job/91746839,Rp 6.000.000 – Rp 7.500.000 per month,IT Support,indonesia,['r'],1,2026-04-28T10:56:00.655208
91746082,IT Support,PT. Berca Hardayaperkasa,,"Oops! That page can’t be found.


It looks like nothing was found at this location. Maybe try a search?

Search",https://id.jobstreet.com/id/job/91746082,,IT Support,indonesia,['r'],1,2026-04-28T10:56:05.278416
91746080,IT Support Area Indonesia Timur,PT. Berca Hardayaperkasa,,"Oops! That page can’t be found.


It looks like nothing was found at this location. Maybe try a search?

Search",https://id.jobstreet.com/id/job/91746080,,IT Support,indonesia,['r'],1,2026-04-28T10:56:09.925989
91746079,AWS Cloud Senior Engineer,PT. Berca Hardayaperkasa,,"Oops! That page can’t be found.


It looks like nothing was found at this location. Maybe try a search?

Search",https://id.jobstreet.com/id/job/91746079,,IT Support,indonesia,['r'],1,2026-04-28T10:56:46.976900
91746077,Enterprise Network Engineer (Jakarta/Banjarmasin/Palangkaraya),PT. Berca Hardayaperkasa,,"Oops! That page can’t be found.


It looks like nothing was found at this location. Maybe try a search?

Search",https://id.jobstreet.com/id/job/91746077,,IT Support,indonesia,['r'],1,2026-04-28T10:56:51.641575
91746075,Presales Service Management (ITIL/ITSM),PT. Berca Hardayaperkasa,,"Oops! That page can’t be found.


It looks like nothing was found at this location. Maybe try a search?

Search",https://id.jobstreet.com/id/job/91746075,,IT Support,indonesia,['r'],1,2026-04-28T10:56:56.285020
91746073,HRIS Technical Consultant,PT. Berca Hardayaperkasa,,"Oops! That page can’t be found.


It looks like nothing was found at this location. Maybe try a search?

Search",https://id.jobstreet.com/id/job/91746073,,IT Support,indonesia,['r'],1,2026-04-28T10:57:00.937806
91746072,Oracle EBS Developer,PT. Berca Hardayaperkasa,,"Oops! That page can’t be found.


It looks like nothing was found at this location. Maybe try a search?

Search",https://id.jobstreet.com/id/job/91746072,,IT Support,indonesia,['r'],1,2026-04-28T10:57:05.676242
91746069,IT Support Freelance area Sumatera,PT. Berca Hardayaperkasa,,"Oops! That page can’t be found.


It looks like nothing was found at this location. Maybe try a search?

Search",https://id.jobstreet.com/id/job/91746069,,IT Support,indonesia,['r'],1,2026-04-28T10:57:10.417341
91746068,IT Support Freelance area Bali-Nusa Tenggara,PT. Berca Hardayaperkasa,,"Oops! That page can’t be found.


It looks like nothing was found at this location. Maybe try a search?

Search",https://id.jobstreet.com/id/job/91746068,,IT Support,indonesia,['r'],1,2026-04-28T10:57:15.112064
91746066,IT Support Freelance area Kalimantan,PT. Berca Hardayaperkasa,,"Oops! That page can’t be found.


It looks like nothing was found at this location. Maybe try a search?

Search",https://id.jobstreet.com/id/job/91746066,,IT Support,indonesia,['r'],1,2026-04-28T10:57:19.832980
91746065,IT Support Freelance Jawa Barat,PT. Berca Hardayaperkasa,,"Oops! That page can’t be found.


It looks like nothing was found at this location. Maybe try a search?

Search",https://id.jobstreet.com/id/job/91746065,,IT Support,indonesia,['r'],1,2026-04-28T10:57:24.538467
91746063,IT Support Engineer area Jambi,PT. Berca Hardayaperkasa,,"Oops! That page can’t be found.


It looks like nothing was found at this location. Maybe try a search?

Search",https://id.jobstreet.com/id/job/91746063,,IT Support,indonesia,['r'],1,2026-04-28T10:57:29.247864
91746061,IT Support Engineer Jakarta,PT. Berca Hardayaperkasa,,"Oops! That page can’t be found.


It looks like nothing was found at this location. Maybe try a search?

Search",https://id.jobstreet.com/id/job/91746061,,IT Support,indonesia,['r'],1,2026-04-28T10:57:33.980601
91746058,Oracle Technical Consultant,PT. Berca Hardayaperkasa,,"Oops! That page can’t be found.


It looks like nothing was found at this location. Maybe try a search?

Search",https://id.jobstreet.com/id/job/91746058,,IT Support,indonesia,['r'],1,2026-04-28T10:57:38.735391
91746057,Outsystems Developer,PT. Berca Hardayaperkasa,,"Oops! That page can’t be found.


It looks like nothing was found at this location. Maybe try a search?

Search",https://id.jobstreet.com/id/job/91746057,,IT Support,indonesia,['r'],1,2026-04-28T10:57:43.475747
91746055,Outdoor Maintenance Service,PT. Berca Hardayaperkasa,,"Oops! That page can’t be found.


It looks like nothing was found at this location. Maybe try a search?

Search",https://id.jobstreet.com/id/job/91746055,,IT Support,indonesia,['r'],1,2026-04-28T10:57:48.338206
91746053,IT Security & GRC (Lead/Manager),PT Dwi Cermat Indonesia,,"Company Description


Cermati is a financial technology (fintech) startup based in Indonesia. Cermati simplifies the process of finding and applying for financial product by bringing everything online so people can shop around for financial products online and can apply online without having to physically visit a bank.

Our team hailed from Silicon Valley Tech companies such as Google, Microsoft, LinkedIn and Sofi as well as Indonesian startups such as Doku and Touchten. We have graduates from well known universities such as Universitas Indonesia, ITB, Stanford, University of Washington, Cornell and many others. We are building a company with the same culture of openness, transparency, drive and meritocracy as Silicon Valley companies. Join us in our cause to build a world class fintech company in Indonesia.

Job Description


Develop and maintain IT policies, standards, and procedures according to applicable internal and external requirements, including the applicable regulations in Indonesia (POJK, PBI)
Coordinate with the Compliance team to perform gap assessment. Recommend appropriate measures to mitigate risks.
Ensure that every initiative, development, and collaboration complies with the standards and regulations (internal and external)
Develop and implement the RBAC and least privilege of access management
Assess the effectiveness of IT controls, policies, and procedures in place to safeguard information assets, ensure data integrity, and maintain system availability
Coordinate with the related IT work units to follow up on data requests and the implementation of audit recommendations (internal audit, external audit, and regulator)
Continuously update and implement the internal control framework, policies, and procedures to strengthen the organization's IT governance according to IT General Control, IT Application control, ISO 27001, PCI DSS, and other industry best practices
Socialization and regular awareness to ensure IT policy, procedures, guidelines, and standards are implemented in the day-to-day operations

Qualifications


A minimum of 3 years of experience as Information Security, IT Governance, Risk, and Compliance (IT GRC), or IT Auditor in banking or the financial service industry
Experience in developing and maintaining IT and/or information security policies and procedures
Demonstrate good communication and writing skills
Proven experience in implementing and/or auditing ISO 27001 and PCI-DSS standards
Good understanding of the applicable regulatory requirements (such as OJK, BI, and Kemkominfo) and how they impact IT policies
One or more of the following or equivalent certifications preferred: CISA, CRISC, CISSP",https://id.jobstreet.com/id/job/91746053,,IT Support,indonesia,['r'],1,2026-04-28T10:57:53.019781
91746050,IT Internal Audit,PT Dwi Cermat Indonesia,,"Company Description


Cermati is a financial technology (fintech) startup based in Indonesia. Cermati simplifies the process of finding and applying for financial product by bringing everything online so people can shop around for financial products online and can apply online without having to physically visit a bank.

Our team hailed from Silicon Valley Tech companies such as Google, Microsoft, LinkedIn and Sofi as well as Indonesian startups such as Doku and Touchten. We have graduates from well known universities such as Universitas Indonesia, ITB, Stanford, University of Washington, Cornell and many others. We are building a company with the same culture of openness, transparency, drive and meritocracy as Silicon Valley companies. Join us in our cause to build a world class fintech company in Indonesia.

Job Description


Plan & implement risk-based IT audit programs. This includes ensuring IT audits are performed properly and in accordance with SOX / professional standards.
Perform IT audit, regulatory compliance assessment, and IT risk assessment, in areas covering IT general controls (ITGC), application controls, business cycle, and IT security review
Identify and evaluate complex technology and business risks and internal controls which mitigate risks, and related opportunities for internal control improvement
Proactively engaging in all high-risk incidents. Preparing IT Audit written reports covering the audit findings (control issue/ gap) and proposing corrective action plans to the management.
Perform effective communication with stakeholders to ensure the audit operates smoothly
May lead audit and incident management projects simultaneously

Qualifications


3-5 years of experience in auditing IT environments in banking / financial companies / public accounting firms
Earned one of the following certificates - CISA, CISSP, CISM or other relevant certifications in the IT or cybersecurity domain
Strong knowledge and experience in delivering ISO 27001 / 27701 audits, ITGC, ITAC, and SOX testing
Excellent interpersonal & communication skills both oral and written
Analytical thinker with strong conceptual and problem-solving skills with the willingness to learn new technology
Meticulous attention to detail with the ability to multitask",https://id.jobstreet.com/id/job/91746050,,IT Support,indonesia,['r'],1,2026-04-28T10:57:57.739297
91746020,Product Owner Intern,PT Dwi Cermat Indonesia,,"Job Description


You will collaborate with Indodana Product Owners to develop high-quality digital products.
You will work on various aspect of building and improving products in collaboration with seasoned Cermati Product Owners.
You will do market analysis and research, collaborate with developers and other teams, and other activities to shape our existing features/projects.

Qualifications


Basic Qualifications:

Students pursuing an IT-related degree from a reputable university
Have passion for digital product research and development
Able to learn and adapt fast to new knowledge
Have a good problem-solving mindset
Detail oriented
Able to use Ms.Office, especially Excel, to perform analysis
Fluent in English, both oral and written
Having a good communication skills
Able to use SQL & Pivot",https://id.jobstreet.com/id/job/91746020,,IT Support,indonesia,"['r', 'git', 'sql']",3,2026-04-28T10:58:02.422054
91745537,Network Engineer,PT Multipolar Technology Tbk,,"We are looking for a motivated and creative candidate who wants to improve while developing the most innovative solution in Digital Era. The position that we offer will give you a vast opportunity to be recognized as part of digital development team who provide solution to customer, so they’ll be able to leverage their business and collaborate with Digital Ecosystem.

Scope of Work:

Design large-scale enterprise or Telco network infrastructure.
Create Bill of Materials and solution proposals.
Conduct Proof of Concept for network solutions. 
Deploy and implement large-scale network infrastructure. 
Perform network troubleshooting and fine-tuning. 
Prepare technical documentation. 
Requirements:

Bachelor’s degree in Electrical Engineering, Informatics Engineering, or any related discipline. 
Fresh graduate with a minimum GPA of 3.00 are welcome to apply. 
Knowledgeable in Routing, Switching, and Basic Network Security (e.g., DNS server, load balancer, F5).
Experience with Cisco products, IP MPLS, and internet networks.  
Having CCNA certification is a plus. 
Placement at Karawaci, Tangerang or South Jakarta.",https://id.jobstreet.com/id/job/91745537,,IT Support,indonesia,"['r', 'git']",2,2026-04-28T10:58:07.175948
91744993,SENIOR ADMIN MANUFACTURING ASSEMBLY LINE,,,"Qualifications:

Minimum D3 / S1 from reputable University with Mechanical / Chemical Engineering / IT education background.

Minimum 3 years experience as an application engineer with the intensive using computer it's software

Prefer resident of west Jakarta / Tangerang

Good offers & bonuses are waiting for a the right candidate

Expert in English especially in correspondence is a must.

Salary is negotiable

Job Descriptions:

Manage Tech Data Specification and design of product equipment based on project requirement.

Development of quotes & proposals, and assistance in developing responses to prospect RFP’s

Development & documentation of functional specifications

Consulting with the internal team , Logistic and production Dept.

Performing other duties as assigned by Project Manager / Director.

Manage Assembly & Tech drawing to support manufacturing lines.

Familiar with ISO 9001 is a plus.",https://id.jobstreet.com/id/job/91744993,,IT Support,indonesia,['r'],1,2026-04-28T10:58:11.963811
91744629,SYSTEM ANALYST (Jakarta),About eCEOs Contact Careers,,"Bachelor of Information Technology/Information System

Minimum 3-4 years of working experience as Developer (Both Front end and Backend Developer)

Having experience as a system analyst for at least 2 years (value-added ever in the insurance field)

Having experience in making Database Relationship Diagrams, Sequence Diagrams, Application Architecture Diagrams

Able to translate BRD into technical / TSD documents

Having experience in defining architectural solutions

Having experience in conducting research on the use of a technology stack that is suitable for business

Understand about providing servers and HW Configuration for an application according to business needs and future projections

Available position: 2 slots

Project-Based: Jakarta – Indonesia

Bachelor of Information Technology/Information System

Minimum 3-4 years of working experience as Developer (Both Front end and Backend Developer)

Having experience as a system analyst for at least 2 years (value-added ever in the insurance field)

Having experience in making Database Relationship Diagrams, Sequence Diagrams, Application Architecture Diagrams

Able to translate BRD into technical / TSD documents

Having experience in defining architectural solutions

Having experience in conducting research on the use of a technology stack that is suitable for business

Understand about providing servers and HW Configuration for an application according to business needs and future projections

Available position: 2 slots

Project-Based: Jakarta – Indonesia

Apply Now",https://id.jobstreet.com/id/job/91744629,,IT Support,indonesia,['r'],1,2026-04-28T10:58:16.852296
91744627,IT HELPDESK (Jakarta),About eCEOs Contact Careers,,"Bachelor of Information Technology/Information System

Having experience as Helpdesk/SME

Experience in coordination with internal IT teams and application vendors

Has the initiative to solve problems and coordinate with another team

Technical Skill standard in application management (Application Service, DB, OS, Web Server, Web Service, Restart Server, etc.)

Having good communication skills

Available position: 5 slots

Project-Based: Jakarta – Indonesia

Bachelor of Information Technology/Information System

Having experience as Helpdesk/SME

Experience in coordination with internal IT teams and application vendors

Has the initiative to solve problems and coordinate with another team

Technical Skill standard in application management (Application Service, DB, OS, Web Server, Web Service, Restart Server, etc.)

Having good communication skills

Available position: 5 slots

Project-Based: Jakarta – Indonesia

Apply Now",https://id.jobstreet.com/id/job/91744627,,IT Support,indonesia,['r'],1,2026-04-28T10:58:21.671507
91744626,IT SUPPORT (Jakarta),About eCEOs Contact Careers,,"1-year experience as IT Support in the field of Infrastructure and Network Security

Has standard ITSM knowledge such as ITIL

Data Center Optimization

Having knowledge MySQL database

Having Knowledge of Linux operating system

Understand the basics of computer networking

Checking and repairing problematic computer networks

Perform periodic updates both the operating system and application system used by the user

Restore data from a backup system if a problem occurs

Ensure support systems such as printers, scanners run as desired

Install and configure anti-virus

Able to communicate well

Required Skill: MS Office

Available position: 4 slots

Project-Based: Jakarta – Indonesia

1-year experience as IT Support in the field of Infrastructure and Network Security

Has standard ITSM knowledge such as ITIL

Data Center Optimization

Having knowledge MySQL database

Having Knowledge of Linux operating system

Understand the basics of computer networking

Checking and repairing problematic computer networks

Perform periodic updates both the operating system and application system used by the user

Restore data from a backup system if a problem occurs

Ensure support systems such as printers, scanners run as desired

Install and configure anti-virus

Able to communicate well

Required Skill: MS Office

Available position: 4 slots

Project-Based: Jakarta – Indonesia

Apply Now",https://id.jobstreet.com/id/job/91744626,,IT Support,indonesia,"['linux', 'r', 'mysql', 'sql']",4,2026-04-28T10:58:26.461396
91744617,PROGRAMMER / DEVELOPER (Jakarta),About eCEOs Contact Careers,,"To conduct analysis and provide feedback on functional

To create wireframes, layout designs, and mockups

Responsible for making code and design, including maintaining that the code and design

To assist in the Procurement process in the selection of IT solutions

To make the necessary documentation

To design and develop services/functions

To compile and analyze data, processes, and code to fix bugs/problems

To develop, integrate and maintain databases and back-end services/applications

To conduct Unit Test (VIT) on the application

To conduct analysis and provide feedback on functional

To create wireframes, layout designs, and mockups

Responsible for making code and design, including maintaining that the code and design

To assist in the Procurement process in the selection of IT solutions

To make the necessary documentation

To design and develop services/functions

To compile and analyze data, processes, and code to fix bugs/problems

To develop, integrate and maintain databases and back-end services/applications

To conduct Unit Test (VIT) on the application",https://id.jobstreet.com/id/job/91744617,,IT Support,indonesia,['r'],1,2026-04-28T10:58:31.396597
91744611,PROJECT MANAGER (Jakarta),About eCEOs Contact Careers,,"Possess Degree in Information Technology/Information System or equivalent

3-5 years of working experience in Project Manager field

Required skills: Microsoft Office (Ms. Excel, Ms. Word, Ms. Power Point, Ms. Project)

Have good Project Management, Leadership and group collaboration skills in the Project

Understanding of IT Project Life Cycle (SDCL (Waterfall, AGILE, HYBRID, SCRUM, etc.) and Business Processes

Having the ability to write project reports and be able to handle Vendors at home and abroad, including technical and business terms

Able to communicate well with a Team or Business User

Able to work under pressure and tight schedule

Experience in evaluating projects, managing expenses for projects

Having a certification in the field of Project Management is an added value (optional)

Available position: 2 Slot

Project-Based: Jakarta – Indonesia

Possess Degree in Information Technology/Information System or equivalent

3-5 years of working experience in Project Manager field

Required skills: Microsoft Office (Ms. Excel, Ms. Word, Ms. Power Point, Ms. Project)

Have good Project Management, Leadership and group collaboration skills in the Project

Understanding of IT Project Life Cycle (SDCL (Waterfall, AGILE, HYBRID, SCRUM, etc.) and Business Processes

Having the ability to write project reports and be able to handle Vendors at home and abroad, including technical and business terms

Able to communicate well with a Team or Business User

Able to work under pressure and tight schedule

Experience in evaluating projects, managing expenses for projects

Having a certification in the field of Project Management is an added value (optional)

Available position: 2 Slot

Project-Based: Jakarta – Indonesia

Apply Now",https://id.jobstreet.com/id/job/91744611,,IT Support,indonesia,"['r', 'agile', 'scrum']",3,2026-04-28T10:58:36.145794
91744607,IT GOVERNANCE (Jakarta),About eCEOs Contact Careers,,"Possess Degree in Information Technology/Information System/Management or equivalent

Minimum 2 years of working experience in related field

Having knowledge about CISA / COBIT / TOGAF Group insurance / General insurance / Banking (optional)

Strong interpersonal skills, negotiation skills and skills in connecting Users

Having analytical and problem-solving skills that are organized, structured, and assertive

Excellent written and verbal communication skills and good report writing skills

Have the credibility, perseverance, trust to manage the project, make preparations and presentations with senior management and other stakeholders

Available position: 1 Slot

Project-Based: Jakarta – Indonesia

Possess Degree in Information Technology/Information System/Management or equivalent

Minimum 2 years of working experience in related field

Having knowledge about CISA / COBIT / TOGAF Group insurance / General insurance / Banking (optional)

Strong interpersonal skills, negotiation skills and skills in connecting Users

Having analytical and problem-solving skills that are organized, structured, and assertive

Excellent written and verbal communication skills and good report writing skills

Have the credibility, perseverance, trust to manage the project, make preparations and presentations with senior management and other stakeholders

Available position: 1 Slot

Project-Based: Jakarta – Indonesia

Apply Now",https://id.jobstreet.com/id/job/91744607,,IT Support,indonesia,"['r', 'rust']",2,2026-04-28T10:58:40.906526
91744604,Senior Software Engineer,Dkatalis Labs,,"About DKatalis

DKatalis is a financial technology company with multiple offices in the APAC region. In our quest to build a better financial world, one of our key goals is to create an ecosystem-linked financial services business.

DKatalis is built and backed by experienced and successful entrepreneurs, bankers, and investors in Singapore and Indonesia who have more than 30 years of financial domain experience and are from top-tier schools like Stanford, Cambridge London Business School, JNU with more than 30 years of building financial services/banking experience from Bank BTPN, Danamon, Citibank, McKinsey & Co, Northstar, Farallon Capital, and HSBC.

About the role

You will be part of cross-functional agile engineering team (squad) responsible to build, deploy and run (support) one or more of our digital products, focusing on full-stack experience to build robust & resilient systems (front-end & back-end).

You will work closely with Engineers, Product, Design, and other stakeholders, collaboratively ensuring quality gets built in the product, get to see your impact in everyday lives of many people, and having great fun while doing it.

You will share your learnings within and beyond your team (squad) and mentor budding engineers for good engineering practices

What will you do

Working with engineering+product owners to design, refine and develop the product, from concept to implementation.
Main contributor in creating best in-class product & experience for our customers by designing, building, scaling, and evolving our platforms, services, and tools
Communicate, collaborate and work effectively across cross functional teams in a multi-cultural environment
Mentor a team of highly talented and motivated engineers
Ensure the performance, security, and responsiveness of applications built
Continuously improve code quality, product execution, automatization and customer delight

What you need to have

You have at least 10+ years of professional experience in a similar role developing highly scalable applications
Good written and spoken English
Hands on expertise in Java / Javascript or its derivatives (Typescript, NodeJS, Scala, Kotlin, Springboot, etc)
Have hands on experience on one of this front-end development (Flutter Preferred)
Experience to Lean/XP practices (TDD, Pair Programming, Continuous Integration/Delivery for both Mobile & Back-end)
Experience working in Agile Software development
Communicate, collaborate, and work effectively across distributed teams in a multicultural environment.
You’re excited about delivering end-to-end experiences and care about your software architecture across the front-end, back-end, and the APIs that glue them together
A passion for quality and best practices but with a pragmatism that understands thebalance between perfection and delivering value in a timely manner.
Enjoys mentoring more junior engineers on good engineering practices & share knowledge",https://id.jobstreet.com/id/job/91744604,,IT Support,indonesia,"['flutter', 'r', 'scala', 'java', 'agile', 'typescript', 'git', 'kotlin', 'javascript']",9,2026-04-28T10:58:45.648301
91744254,Business Development Representative - Indonesia,Point Star,,"Overview :

A Business Development Representative is responsible for helping organizations obtain better brand recognition and financial growth. The ERP Business Development Representative plays a strategic role in growing the business at PointStar Consulting. Being in business development position, you will be responsible for searching for potential clients in various industries. In addition, you will use your expertise to identify and qualify leads, leading to sales opportunities with both new and existing customers.

Job Description:

Market & sell PointStar products (NetSuite, Blackline, Builder.ai and Workato) to prospective buyers utilizing multiple channels - phone, social platforms & email.
Perform outbound cold-calling to introduce products to clients over the phone.
Research accounts, identify decision makers and generate interest.
Build up a pipeline of B2B customers via appointment setting.
Maintain the interest of a pipeline of B2B customers.
Assesses competitors by analyzing and summarizing competitor information and trends; identifying sales opportunities.
Develops sales opportunities by researching and identifying potential accounts; soliciting new accounts; building rapport; preparing quotations.
Updates job knowledge by studying new product descriptions; participating in educational opportunities.
Accomplishes department and organization goals by accepting ownership for accomplishing new and different requests; exploring opportunities to add value to job accomplishments.
Ensure data accuracy and keep customers information up to date.
Ensure BANT (Budget, Authority, Need and Timing) is achieved when qualifying an opportunity and routing them to sales for further development and closure.
Create and compose a library of outbound emails (based on buyer personas, buyers journey).
Create automated workflows on Hubspot to help to nurture leads and convert them to customers.
Follow up with respondents who are enrolled in workflows.﻿

﻿Requirements:

﻿﻿Minimum 2-3 years proven work experience as a Business Development Representative, Sales Account Executive or similar role is advantageous.
Coming from ERP/IT/SaaS selling experience. ERP background would be preferred.
Have a good command of English (verbal and written).
Solid commercial acumen; the ability to spot opportunities in markets and to close them through a solutions-selling approach.
A proactive, service-oriented attitude towards prospects and clients.
Have a strong problem-solving skill, strong in numbers.
Self-driven person, embracing challenges, and persevering to failures.
Have excellent communication, passion, dedication, and energy to get things done.",https://id.jobstreet.com/id/job/91744254,,IT Support,indonesia,['r'],1,2026-04-28T10:58:50.472991
91746743,Geotechnical Core Logging Technician,PT Fugro Indonesia,,"Job Description

Who we are
Do you want to join our Geo-data revolution? Fugro’s global reach and unique know-how will put the world at your fingertips. Our love of exploration and technical expertise help us to provide our clients with invaluable insights. We source and make sense of the most relevant Geo-data for their needs, so they can design, build and operate their assets more safely, sustainably and efficiently. But we’re always looking for new talent to take the next step with us. For bright minds who enjoy meaningful work and want to push our pioneering spirit further. For individuals who can take the initiative, but work well within a team.

Job Description
•    Process soil and rock samples in accordance with Fugro procedures
•    Logging of soil and rock samples to the relevant standard (e.g. ISO 17892, ASTM or others)
•    Perform basic soil and/or rock description and soil testing
•    Accurate and complete recording of data onto recording forms
•    Calculation of test results using a spreadsheet or software
•    Produce or assist in the production of project deliverables and/or reports
•    Recognize and adhere to the company’s QHSE policies and procedures
•    Work offshore and in the onshore laboratories or other parts of Fugro offices when it is required

Requirement
•    Bachelor's degree in civil engineering, Geological Engineering and related disciplines
•    Relevant working experience in civil engineering is preferred but not mandatory
•    Conversant in both written and spoken English for daily communication and report writing
•    Ability to work effectively both independently and as part of a team
•    Good interpersonal and communication skills
•    Willingness to learn and adapt in a dynamic work environment

What we offer
•    Competitive salary;
•    Generous paid-leave;
•    Career & training opportunities (international opportunities possible);
•    Collective health insurance and outpatient benefits;
•    Employee Assistance Programme (EAP) to provide help when you need extra support.
**Benefits may vary according to position/contract/grade level.

Our view on diversity, equity and inclusion
At Fugro, our people are our superpower. Their variety of viewpoints, experiences, knowledge and talents give us collective strength. Distinctive beliefs and diverse backgrounds are therefore welcome, but discrimination, harassment, inappropriate behaviour and unfair treatment are not. Everybody is to be well-supported and treated fairly. And everyone must be valued and have their voice heard. Crucially, we believe that getting this right brings a sense of belonging, of safety and acceptance, that makes us feel more connected to Fugro’s purpose ‘together create a safe and liveable world’ – and to each other.

How to apply
•    Please include your latest resume in the application.
•    We regret to inform that we will only process applications made via our Careers website (and other linked portals) and only shortlisted applicants will be contacted.
 

Disclaimer for recruitment agencies:

Fugro does not accept any unsolicited applications from recruitment agencies. Acquisition to Fugro Recruitment or any Fugro employee is not appreciated.",https://id.jobstreet.com/id/job/91746743,,IT Support,indonesia,['r'],1,2026-04-28T10:58:55.230261
91743713,Robotic Coding Teacher,,,"Menguasai Coding / Robotik / IoT

Minimal lulusan S-1

Memiliki pengalaman minimal 1 tahun

Bersedia dikontrak 2 tahun

Diutamakan yang berdomisili di Lubuk Pakam",https://id.jobstreet.com/id/job/91743713,,IT Support,indonesia,['r'],1,2026-04-28T10:58:59.908417
91743131,"Drafter Security System, BMS",PT Xpert Teknologi Inovasi,,"We are seeking a talented Drafter Security System, Data Network / Electronic System to join our team at PT. Xpert Teknologi Inovasi'. In this contract position based in Gedung Graha Binakarsa (Rasuna Said, Jakarta Selatan), you will play a crucial role in the design and development of security systems, data networks, and electronic systems for our clients.

What you'll be doing

Producing detailed technical drawings and schematics for security system (CCTV, Access door, parking Gate) data network, and electronic systems (fire alarm system, building automation)

Collaborating with project teams to ensure design specifications are accurately captured and translated into technical deliverables

Staying up-to-date with the latest industry standards, regulations, and best practices related to security, data networking, and electronic systems

Providing technical support and guidance to installation and maintenance teams, and having additional role also as project controll

Documenting design decisions and creating comprehensive technical manuals and user guides

Continuously improving design processes and exploring new technologies to enhance the efficiency and effectiveness of our solutions

What we're looking for

Degree in Electrical Engineering, Computer Science, or a related technical field (SMK/SMU are encouraged to apply with minimum 2 years experience)

Minimum 2 years of experience as a Drafter for security systems, data networks, or electronic systems

Proficiency in software, such as AutoCAD or SolidWorks

Strong understanding of security, data networking, and electronic system design principles and best practices

Familiarity with industry-standard regulations and compliance requirements

Excellent problem-solving, analytical, and communication skills

Ability to work collaboratively in a team environment and adapt to changing project needs",https://id.jobstreet.com/id/job/91743131,Rp 6.000.000 – Rp 7.000.000 per month,IT Support,indonesia,['r'],1,2026-04-28T10:59:04.731019
91743068,Staff Support,Netzme Kreasi Indonesia,,"We’re currently focusing on hiring other positions. However, we still open for interested candidate to join our cause. Please send your application to erwin@netzme.id & mira@netzme.id with subject “QA Mobile Software – Jakarta” and we will get in touch with you later, the soonest we could",https://id.jobstreet.com/id/job/91743068,,IT Support,indonesia,['r'],1,2026-04-28T10:59:09.578191
91740047,IT Development,PT Maha Jaya Plastindo Indonesia,,"Pendidikan minimal D3/S1 Teknik Informatika, Sistem Informasi, Ilmu Komputer, atau bidang terkait
Pengalaman 1–3 tahun, namun fresh graduate dipertimbangkan dengan portofolio yang kuat
Menguasai bahasa pemrograman seperti Java, Python, PHP, JavaScript, atau Node.js
Menguasai dasar front-end (HTML, CSS, JavaScript) dan back-end",https://id.jobstreet.com/id/job/91740047,Rp 5.500.000 – Rp 6.000.000 per month,IT Support,indonesia,"['python', 'php', 'r', 'java', 'javascript']",5,2026-04-28T10:59:14.395235
91735503,Tech Lead,VisionTech Pte. Ltd,,"We are seeking an experienced and hands-on Tech Lead to lead our engineering team in building and enhancing our core product on AIS. This role combines technical leadership, system design, and hands-on development, ensuring high-quality delivery, scalable architecture, and strong team performance. The ideal candidate is both a strong coder and a mentor who can guide developers while actively contributing to the product.




Key Responsibilities

🔹 Technical Leadership & Team Management

Lead, mentor, and support a team of full stack developers.

Provide technical guidance, code reviews, and best practices to ensure high-quality output.

Allocate tasks, manage priorities, and ensure timely delivery of features.

Foster a culture of ownership, collaboration, and continuous improvement.

🔹 System Design & Architecture

Design scalable, maintainable, and high-performance system architecture.

Make key technical decisions on frameworks, tools, and implementation approaches.

Ensure proper documentation of system architecture and technical designs.

🔹 Hands-on Development

Design, develop, test, and maintain core product features.

Contribute directly to coding, debugging, and optimization efforts.

Ensure code quality, performance, and security standards are met.

🔹 Collaboration & Cross-functional Work

Work closely with Product, Design, DevOps, and QA teams to deliver features.

Translate business requirements into technical solutions and implementation plans.

Participate in sprint planning, stand-ups, and retrospectives.

🔹 Performance & Delivery

Ensure timely delivery of product features aligned with business goals.

Identify risks, bottlenecks, and technical challenges early.

Drive continuous improvement in development processes and workflows.

🔹 Code Quality & Best Practices

Establish and enforce coding standards and development best practices.

Oversee version control, CI/CD processes, and release management.

Ensure proper testing, documentation, and maintainability of code.




Technical Skills Requirements

Strong proficiency in JavaScript / TypeScript, HTML, CSS, JSON.

Experience with frameworks such as VueJS, ExpressJS, Langchain.

Solid experience with databases: MySQL, PostgreSQL, Redis.

Strong understanding of REST APIs and system integrations.

Hands-on experience with Git, Docker, GitHub (Actions, repos).

Experience with AWS (S3, RDS, Lambda, etc.).

Familiarity with Python is a plus.

Experience with C#/.NET is a plus.

Exposure to AI/ML (LLMs, OpenAI, PyTorch) is a strong advantage.




Qualifications

Degree in Computer Science, Information Systems, or related field (or equivalent experience).

Min. 4 years of experience in Senior Full Stack Development or Tech Lead

Prior experience in leading a team or mentoring developers is required.




Key Attributes

Strong ownership mindset and accountability.

Excellent problem-solving and troubleshooting skills.

Ability to balance hands-on coding with leadership responsibilities.

Good communication skills to work with both technical and non-technical stakeholders.

Proactive, structured, and able to work in a fast-paced environment.",https://id.jobstreet.com/id/job/91735503,"Rp 15,000,000 – Rp 22,000,000 per month",IT Support,indonesia,"['python', 'redis', 'vue', 'c#', 'r', 'scala', 'java', 'mysql', 'docker', 'typescript', 'pytorch', 'express', 'git', 'sql', 'aws', 'postgresql', 'javascript']",17,2026-04-28T10:59:19.565163
91735041,IT Support - Internship,PT Solusi Mudah Satu Mitra Bersama,,"Kualifikasi

Mahasiswa aktif atau fresh graduate jurusan IT (Teknik Informatika, Sistem Informasi, atau sejenisnya)

Memiliki pemahaman dasar tentang hardware, software, dan jaringan komputer

Mampu melakukan troubleshooting dasar pada komputer/laptop (install ulang, setting, dll)

Familiar dengan sistem operasi seperti Windows dan basic penggunaan Microsoft Office

Teliti, responsif, dan memiliki kemauan belajar yang tinggi

Bersedia menjalani masa internship sesuai durasi yang ditentukan

Jobdesk

Membantu melakukan instalasi, konfigurasi, dan maintenance perangkat IT (laptop, PC, printer, CCTV, dll)

Menangani troubleshooting dasar terkait hardware, software, dan jaringan

Memberikan support teknis kepada user/karyawan terkait kendala IT

Membantu monitoring dan maintenance jaringan internet kantor",https://id.jobstreet.com/id/job/91735041,,IT Support,indonesia,['r'],1,2026-04-28T10:59:24.444069
91734683,DevOps Engineer,Pancaran Group,,"Requirements

Memiliki pengalaman 2–5 tahun sebagai DevOps Engineer atau posisi serupa.

Menguasai Linux, containerization (Docker/Podman/Kubernetes), serta platform cloud (AWS, GCP, atau Azure).

Berpengalaman dalam membangun dan mengelola CI/CD pipeline serta automation tools.

Familiar dengan tools monitoring dan logging untuk memastikan performa sistem tetap optimal.

Memiliki pengalaman dalam deployment dan konfigurasi sistem berbasis web server, proxy, middleware, dan microservices.

Memahami konsep security serta best practices dalam pengelolaan infrastruktur dan aplikasi.

Memiliki kemampuan komunikasi, kolaborasi, serta problem-solving yang baik.

Bersedia ditempatkan di Tanah Merdeka, Cilincing, Jakarta Utara.

Job Description

Merancang arsitektur dan spesifikasi sistem aplikasi yang scalable, secure, dan sesuai kebutuhan bisnis.

Mengelola serta mengembangkan infrastruktur cloud dan CI/CD pipeline untuk mendukung proses development yang efisien.

Mengotomasi deployment dan operasional sistem guna meningkatkan kecepatan dan konsistensi delivery.

Menjaga kinerja, keamanan, dan keandalan sistem production melalui implementasi best practices DevOps.

Melakukan monitoring, troubleshooting, serta penanganan insiden untuk memastikan stabilitas sistem.

Menganalisis kebutuhan kapasitas sistem (CPU, memory, storage, bandwidth) serta memberikan rekomendasi pengembangannya.",https://id.jobstreet.com/id/job/91734683,,IT Support,indonesia,"['linux', 'gcp', 'r', 'scala', 'docker', 'kubernetes', 'aws', 'azure']",8,2026-04-28T10:59:29.230834
91706225,"Presales for AIDC, Networking & Handy Talky Product - Surabaya Area",PT Harrisma Informatika Jaya,,"Presales / Technical Consultant AIDC, Networking & Handy Talky Product - Surabaya Area Placement :




Is a technical who do the sales and marketing job support in the technical side, such as product update, support partner, survey, making proposal, presentation and giving a solution to customer.




Main Duties :




Tandem with sales team in sales job to selling IT Solution (Product & Services) in technical side, with making the product update, support partner, proposal, doing the presentation, survey about the customer needs, condition in the project ( end user project ) and provide the solution from proposal, until project goal and finished.

Provide technical skill and advice / recomendation, such as proposal in technical side and training end user / customer about IT Solution (Product & Services).

Do Research for products, services, solutions and market trend for related technology.

Ensuring that the company’s Solution (Product & Services) can deliver on the customer’s requirements.




Requirements :




Minimum D3.

Have own a vehichle ( Motor / Car ) is a must.

Able to communicate in English both oral and written (English Active) is a must.

Able to communicate in mandarin (passive) is our priority.

Understand about IT Product, Solution & Services is a must, specific to AIDC, Networking and Handy Talky Product.

Must having at least 3 years of working experience in the related field is required for this position as a Pre Sales Consultant in System Integrator / IT Consultant Company.

Able to work independenly, having good communication, interpersonal, technical presentation and solution skills.

Strong ability to clearly demonstrate solutions, resourceful & strong problem solving skills.

Willingness and strong passion in learning new technologies and practices.

Fast learner and have attention to detail & able to work under pressure.

Willing to work in Surabaya Area (Branch Office) and assigned to the customer project or other cities in East Indonesia if necesary, and go to customer place to do the presentation, training, ect, for sales support.",https://id.jobstreet.com/id/job/91706225,Rp 9.000.000 – Rp 13.000.000 per month,IT Support,indonesia,['r'],1,2026-04-28T10:59:34.032634
91734013,PRESALES ENGINEER,PT SINERGI INSANI PRIMALINK,,"RESPONSIBILITIES

1. Work closely and collaboratively Sales Team for Solution

2. Creating and delivering technical product demonstrations, presentations, proofs of concept, network designs and support.

3. Participating in consultations and/or product capability assessments with prospects.

4. Working on issues that impact design/selling success or address proof of concepts, products or technologies.

5. L3 Operation Support and Customer Technical Support, Reporting, Consultation & Documentation

6. Product trouble shooting and patch.




PRE-REQUISITE :

1. Major in Networking and Telecommunications

2. Experience in Managing and Controlling Multi-Brand Networks (e.g., MIKROTIK / CISCO / JUNIPER / ZTE / HW / FIBERHOME) at an Internet Service Provider or as a Principle

3. Minimum 2 years of experience in Network and FTTH management

4. Able to operate Linux-based network equipment

5. Active English",https://id.jobstreet.com/id/job/91734013,Rp 8.000.000 – Rp 11.000.000 per month,IT Support,indonesia,"['linux', 'r']",2,2026-04-28T10:59:38.867817
91734019,IT Staff,Indofood Group,,"Persyaratan Pekerjaan

Memahami mengenai troubleshooting, jaringan dan printer
Menguasai Ms. Office
Memiliki pengalaman minimal 1 tahun di bidang yang sama
Memiliki kemampuan komunikasi yang jelas dan terbuka
Bisa bekerja secara individu maupun kolaborasi dengan tim
Deskripsi Pekerjaan

Memastikan semua fungsi komputer, jaringan dan printer berjalan dengan baik
Monitoring network LAN & WAN (koneksi unit ke corporate)
Memelihara komputer, laptop, printer, dan network
Mengelola laporan masalah IT lewat HEAT
Monitoring aplikasi via IVANTI
Memelihara ruang server
Menjaga seluruh asset IT",https://id.jobstreet.com/id/job/91734019,,IT Support,indonesia,['r'],1,2026-04-28T10:59:43.573460
91734018,IT Supervisor,Indofood Group,,"Persyaratan Pekerjaan


- Memiliki pengalaman kerja dalam implementasi dan support modul SAP FICO (Finance & Controlling)

- Pendidikan minimal S1 dari jurusan Teknik Informatika, Sistem Informasi, dan jurusan terkait lainnya

- Menguasai konfigurasi modul CO

- Menguasai COPA, Konsep Product Costing, Material Price Analysis (Material Ledger)

- Mampu bekerja secara analitis, detail-oriented dan mampu bekerja sama dengan tim lintas departemen

Deskripsi Pekerjaan


- Mengelola dan memelihara sistem SAP FICO (Finance & Controlling)

- Melakukan konfigurasi dan memastikan integrasi modul CO dengan modul lain seperti FI, MM, SD, dan PP.

- Menerapkan konsep Product Costing dan Material Price Analysis (Material Ledger) dalam sistem SAP.

- Memberikan dukungan teknis serta koordinasi dengan tim lintas departemen untuk pengembangan dan peningkatan sistem.",https://id.jobstreet.com/id/job/91734018,,IT Support,indonesia,['r'],1,2026-04-28T10:59:48.344479
91733710,Technical Assistant | Docs by the Sea 2026,In-Docs,,"WHAT IS DOCS BY THE SEA?


Docs by the Sea adalah program laboratorium film dan forum pitching berbasis di Indonesia yang didedikasikan untuk mendukung filmmaker dokumenter Asia. Melalui program ini, peserta terpilih akan bekerjasama dengan mentor berpengalaman untuk mengembangkan proyek film dokumenter mereka serta mempresentasikan proyek tersebut pada perwakilan industri film internasional.

ROLE DESCRIPTION

Merancang dan mengawasi pengaturan teknis, pengadaan peralatan, serta persiapan kebutuhan dan perlengkapan acara di venue Docs by the Sea 2026 2–10 September 2026.
Mendukung regu program dalam pembuatan, pemeliharaan, dan pengelolaan basis data terkait.
Membantu penyusunan laporan.
Melaporkan perkembangan, permasalahan, dan kebutuhan teknis kepada regu terkait.
WHAT YOU’LL DO

Memastikan kesesuaian alat dengan situasi di lapangan.
Merancang denah peletakan peralatan dan kursi di venue berdasarkan arahan regu program.
Berkoordinasi dengan vendor agar peralatan teknis diterima di venue sesuai jadwal dan dalam keadaan baik.
Merancang penempatan materi promosi cetak di venue berdasarkan arahan regu program.
Melaksanakan atau mengawasi pemasangan materi promosi dan signage di venue.
Berkoordinasi dengan pihak venue agar peralatan dan perlengkapan dipasang sesuai rancangan.
Menyusun katalog peralatan (teks dan foto) yang dipinjam/disewa, mengelola penyimpanannya selama acara, serta memastikan pengembalian dalam kondisi baik dan sesuai rencana.
Memastikan peralatan dan perlengkapannya berfungsi dengan baik (baterai terisi, dll).
Mengumpulkan materi presentasi untuk TV/proyektor, memastikan file dapat dibuka, dan mengatur urutan sesuai rencana presentasi.
Melakukan uji tampilan (screen test).
Mengatur sistem suara selama acara agar jelas terdengar dan bebas dari feedback.
Membantu proses pencetakan materi promosi.
Melaksanakan tugas teknis lain terkait perlengkapan dan materi promosi sesuai kebutuhan.

Note: Pekerjaan no. 1 dan 2 idealnya dilakukan bulan Juni (perkiraan 1–3 hari), selebihnya dilakukan 24 Agustus–10 September 2026. Total waktu yang dibutuhkan sebanyak 84–91 jam.

SCHEDULE

Juni 2026 (tbc)
2–4 September 2026 film lab tatap muka
5–9 September film forum (sangat intensif)
JOB REQUIREMENT

Memiliki pengalaman mengoperasikan materi multimedia (seminar, pitching forum, pemutaran film, dll).
Dapat mengoperasikan Google Workspace.
Familiar dengan sistem pengoperasian Windows/MacOS.
Diutamakan berdomisili di Bali.
WHAT YOU’LL GET

Makan siang dan/atau malam selama bertugas di venue.
Penginapan selama 5-9 September.
Penggantian biaya transportasi terkait pekerjaan.
How to Apply


Mohon mengisi formulir dalam link berikut; https://forms.gle/NW2o9tyq6C6HABKm7
Jika terdapat pertanyaan, dapat menghubungi kami di docsbythesea@in-docs.org

More Information

Salary Offer Rp 4.500.000,-",https://id.jobstreet.com/id/job/91733710,,IT Support,indonesia,['r'],1,2026-04-28T10:59:53.127761
91733039,Product Manager (ERP),PT Global Digital Niaga,,"Blibli is on a journey to become Indonesia’s #1 e-commerce platform — built on trust, innovation, and care. We’re creating better experiences for customers, merchants, brands, and sellers through technology, collaboration, and a deep commitment to quality. Here, every idea matters and every action helps us grow stronger together.

In Commercial, you’ll help on creating a smooth and seamless commerce journey for both Sellers and Customers. Your work supports category growth, strengthens seller relationships, and delivers experiences that are memorable, and keep customers coming back to Blibli.

As a Product Manager (for ERP), you will manage and optimize our ERP (specializing in Odoo) across the entire e-commerce ecosystem. This position will be responsible for driving system improvements, aligning with engineering and data teams, designing fraud rules, monitoring risk patterns, and enhancing detection capabilities for both buyers and sellers.

What You will work on:

Acts as the second subject matter expert of the product.

Support the development of a product roadmap that aligns with business objectives.

Gather and analyze user feedback, conduct market research, and collaborate with stakeholders to identify opportunities and prioritize product features.

Assist cross-functional teams in crafting solutions to user needs.

Clearly communicate user requirements and facilitate brainstorming sessions to develop innovative solutions.

Partner with engineers to write clear, concise, and user-focused product requirements and user stories, while ensuring requirements accurately reflect user needs and expectations.

Document product functionality and effectively communicate it to users and stakeholders.

Develop clear and user-friendly documentation that helps users understand product features and benefits.

Actively participate in all stages of the agile development process.

Attend backlog grooming sessions, sprint planning meetings, and daily stand-ups to provide user-centric insights and support the development team.

Collaborate with the QA team to define clear quality standards for the product and monitor performance throughout development.

Identify potential issues and work with the team to ensure a high-quality user experience.

Gather and analyze user feedback throughout the product lifecycle.

Conduct user interviews, surveys, and usability testing to identify areas for improvement and iterate on product features.

Perform other responsibilities assigned by supervisor.

Qualifications:

Bachelor’s degree in Engineering, Computer Science, Information Systems, Business, or a related field.

2–4 years of experience as a Product Manager, Associate Product Manager, Business Analyst, or similar role.

Experience in product prototyping using wireframes, mockups, or interactive prototypes.

Proficient in JIRA and Confluence for backlog management, documentation, and sprint planning.

Working knowledge of SQL for basic data querying and analysis.

Experience conducting and analyzing A/B testing to support data-driven product decisions.

Understanding of Software Development Life Cycle (SDLC) methodologies (Agile/Scrum).

Basic understanding of probability distributions and statistical concepts for experimentation and analysis.

Familiar with API testing tools (e.g., Postman) to validate integrations and data flow.

Experience using heatmaps and user behavior analysis tools.

Ability to analyze and visualize data using Tableau, Google Analytics, or similar tools.

Knowledge of data modeling and visualization to support product insights and decision-making.

We believe growth happens where people feel safe to share, fail, and try again. Here, you’ll find teammates who push you to do better, not harder and leaders who listen before they lead. Whether you’re learning something new or teaching what you know, there’s always room to grow together.",https://id.jobstreet.com/id/job/91733039,,IT Support,indonesia,"['tableau', 'r', 'agile', 'sql', 'scrum', 'rust']",6,2026-04-28T10:59:57.913293
91732721,IoT and Automation Engineer Intern (Bandung),Bosch Group,,"Company Description


As one of the world’s leading suppliers of drive and control technologies, Bosch Rexroth ensures efficient, powerful and safe movement in machines and systems of any size. The company bundles global application experience in the market segments of Mobile and Industrial Applications as well as Factory Automation. With its intelligent components, customized system solutions, engineering and services, Bosch Rexroth is creating the necessary environment for fully connected applications. Bosch Rexroth offers its customers hydraulics, electric drive and control technology, gear technology and linear motion and assembly technology, including software and interfaces to the Internet of Things. With locations in over 80 countries, more than 32,000 associates generated sales revenue of around 7.0 billion euros in 2022. WE MOVE. YOU WIN.

Job Description


Providing technical support of Bosch Rexroth IoT Solutions.
Analyzing the gap of technical requirement from customer.
Working closely with international team for troubleshooting and technical support activity.
Working hands-on with Bosch Rexroth IoT kit to develop Industry 4.0 PoC Project.
Working collaboratively with the team for marketing and media activity.
Providing Technical training and assistance of Bosch Rexroth IoT Solution and project

Qualifications


Able to be placed in Bandung
Undergraduate students (min. S-1) from Computer Engineering/Electrical Engineering/Mechatronics/IT related.
Highly passionate in the industry 4.0 topic.
Familiar and experienced with IoT standards and communication protocols like MQTT, HTTPs REST API, etc.
Familiar and experienced with Industry standards and communication protocols like OPC-UA, Modbus, EtherCAT, etc.
Have experience with programming tools or IDE, such as PLC Engineering, Node Red and Visual Studio Code.
Have experience with electrical components and microcontrollers, such as Arduino, STM32. Raspberry pi, ESP32, etc.
Have experience with programming language IEC 61131-3, phyton, C/C++, Javascript, HTML, and CSS.
Must be able to work independently or in a team.
Good verbal and written communication skills in English and Bahasa

Additional Information


Full-time paid internship
For Mid June-December period
Open for COLLEGE STUDENTS ONLY (will not graduate during the internship program)
HR Contact Person: Gafrin Eka Pratiwi",https://id.jobstreet.com/id/job/91732721,,IT Support,indonesia,"['r', 'c++', 'java', 'javascript']",4,2026-04-28T11:00:02.709920
91732654,Internship Field Technician Internet Program - Bali,PT Varnion Technology Semesta,,"Job Descriptions:

Instalasi dan konfigurasi jaringan (Wireless, Fiber Optic, LAN, Router, Switch).

Pemasangan dan setup perangkat STB serta aplikasi klien.

Pemeliharaan dan monitoring jaringan infrastruktur.

Troubleshooting dan analisis gangguan pada layanan Broadband & Dedicated.




Requirements:

Pendidikan S1 Information Technology/Computer Science, Engineering atau jurusan relevan

Fresh Graduates (Internsip Program 3 Month Training) - Paid Intern

Memiliki pengetahuan dasar dalam konsep OSI Model & TCP/IP.

Memiliki pengetahuan dasar di Wireless Access Point dan Local Area Network (LAN)

Penempatan di Bali

Bersedia bekerja secara shifting dan bekerja di lapangan visit klien Varnion",https://id.jobstreet.com/id/job/91732654,,IT Support,indonesia,['r'],1,2026-04-28T11:00:07.487263
91732639,Staff Infrastructure Network Internet - Bali,PT Varnion Technology Semesta,,"Job Descriptions:

Instalasi dan konfigurasi jaringan (Wireless, Fiber Optic, LAN, Router, Switch).

Pemasangan dan setup perangkat STB serta aplikasi klien.

Pemeliharaan dan monitoring jaringan infrastruktur.

Troubleshooting dan analisis gangguan pada layanan Broadband & Dedicated.




Requirements:

Pendidikan S1 Information Technology/Computer Science, Engineering atau jurusan relevan

Minimal pengalaman 1 tahun di bidang Teknologi Informasi (Network Administrator, Technical Support) menjadi nilai lebih

Memiliki pengetahuan dasar dalam konsep OSI Model & TCP/IP.

Memiliki pengetahuan dasar di Wireless Access Point dan Local Area Network (LAN)

Penempatan di Bali

Bersedia bekerja secara shifting dan bekerja di lapangan visit klien Varnion",https://id.jobstreet.com/id/job/91732639,,IT Support,indonesia,['r'],1,2026-04-28T11:00:12.326354
91731636,IT Programmer,PT Asco Prima Mobilindo,,"Kualifikasi :

Pendidikan minimal S1 jurusan Teknik Informatika

Memahami bahasa pemograman Magic/PHP

Menguasai framework Codelgniter, Laravel, Vue Js

Menguasai sistem database Btrieve, SQL, Postgresqi, Cloud database",https://id.jobstreet.com/id/job/91731636,,IT Support,indonesia,"['vue', 'php', 'r', 'sql']",4,2026-04-28T11:00:17.127737
91731800,Equity Research Associate,Macquarie Group,,"Additional office locations

Bangkok

Job ID

21911

Date

24-Apr-2026

Fixed term, Entry level, Junior

Job category

Equities, Research

Macquarie Capital partners with businesses, startups and governments to connect ideas to capital and help drive innovation, growth and create real-world impact. Our global corporate advisory, investing, development and equities capabilities are underpinned by a full spectrum of capital markets solutions and deep sector expertise, with a focus on infrastructure and real assets, technology, software and services, and resources, energy and materials.

Macquarie Capital partners with businesses, startups and governments to connect ideas to capital and help drive innovation, growth and create real-world impact. Our global corporate advisory, investing, development and equities capabilities are underpinned by a full spectrum of capital markets solutions and deep sector expertise, with a focus on infrastructure and real assets, technology, software and services, and resources, energy and materials.",https://id.jobstreet.com/id/job/91731800,,IT Support,indonesia,['r'],1,2026-04-28T11:00:21.942868
91733496,Technical Consultant,Mitra Integrasi Informatika,,"Career Opportunities: Technical Consultant (39422)


Requisition ID 39422 - Posted 04/24/2026 - Administration - DKI Jakarta - Staff (Mid - Senior) - Country (1) - Region (1)

Apply Save Job Email Job to Friend Return to List



 

Job Requirements


Sarjana S-1, jurusan terkait Teknologi Informasi
Minimal 4 th pengalaman di bidang solusi sejenis
Memiliki pengetahuan mengenai
Pengetahuan mendalam pada area solusi dan konsultasi IT
Pengetahuan kebutuhan pelanggan berdasarkan trend pasar / industri.
 



Apply Save Job Email Job to Friend Return to List

 



 
 

 The job has been sent to

 

Job title:",https://id.jobstreet.com/id/job/91733496,,IT Support,indonesia,['r'],1,2026-04-28T11:00:26.777196
91733151,Technical Consultant,"PT. Metrodata Electronics, Tbk",,"Sarjana S-1, jurusan terkait Teknologi Informasi
Minimal 4 th pengalaman di bidang solusi sejenis
Memiliki pengetahuan mengenai
Pengetahuan mendalam pada area solusi dan konsultasi IT
Pengetahuan kebutuhan pelanggan berdasarkan trend pasar / industri.",https://id.jobstreet.com/id/job/91733151,,IT Support,indonesia,['r'],1,2026-04-28T11:00:31.625540
91733149,MIS Manager,"PT. Metrodata Electronics, Tbk",,"1.Memiliki pengetahuan mengenai ERP khususnya SAP.

2.Memiliki pengetahuan tentang .Net

3.Memiliki pengetahuan mengenai Network",https://id.jobstreet.com/id/job/91733149,,IT Support,indonesia,['r'],1,2026-04-28T11:00:36.457057
91731494,IT Staff (Networking) - PT Jingxing Weiss Indonesia,,,"PT Jingxing Weiss Indonesia (JWI) is a PMA manufacturing company specializing in Smart Logistic Racking Systems for industrial, warehouse, and distribution solutions.

JWI is a joint venture between Shanghai Jingxing Storage Equipment Engineering Co., Ltd. and a local company.

Backed by strong international expertise and solid local partnerships, we are committed to delivering innovative, high-quality storage solutions to support Indonesia’s growing industrial sector.


Job Description:

Manage and maintain the company’s computer networks (LAN, WAN, internet)

Install, configure, and troubleshoot network devices (routers, switches, access points)

Ensure network connectivity runs smoothly, securely, and reliably

Monitor network performance and perform corrective actions when issues arise

Handle network-related issues experienced by users (troubleshooting)

Coordinate with vendors or third parties related to network and internet services

Maintain documentation of network configurations and systems

Assist in managing other IT equipment (computers, servers, etc.) when needed




Qualifications:

Minimum Diploma (D3) or Bachelor’s Degree (S1) in Informatics Engineering, Information Systems, or a related field

At least 1–2 years of experience in IT Networking

Strong understanding of basic networking concepts (TCP/IP, DNS, DHCP)

Ability to configure network devices (routers, switches, access points)

Good troubleshooting and problem-solving skills

Familiar with devices such as MikroTik, Cisco, or similar (is a plus)

Able to communicate actively in English

Willing to be placed in Kawasan Industri Terpadu Batang, Central Java",https://id.jobstreet.com/id/job/91731494,,IT Support,indonesia,"['r', 'java']",2,2026-04-28T11:00:41.291733
91731137,Permit ISP,Pass Internet Indonesia (Bandung),,"Job Description :

Mengurus dan memastikan perizinan pembangunan jaringan (FO, tiang, ODP) sesuai regulasi.

Melakukan survey lokasi dan menyiapkan dokumen perizinan.

Berkoordinasi dengan instansi, warga, dan tim internal (teknis/rollout).

Melakukan monitoring dan follow-up proses perizinan hingga selesai.

Menjaga hubungan baik dengan pihak eksternal serta menangani kendala di lapangan.

Memastikan legalitas dan kelancaran pembangunan jaringan.

Target:

Mencapai 5.000 Homepass (HP) per bulan.",https://id.jobstreet.com/id/job/91731137,Rp 3.000.000 – Rp 3.500.000 per month,IT Support,indonesia,['r'],1,2026-04-28T11:01:18.723902
91733202,Research Assistant (AI/IT/Machine Learning),Yayasan Bina Nusantara,,"Job Description Summary

• Guarantee effective research implementation in Research Center and successful delivery of research projects

• Guarantee effective support to the overall assigned research project

• Ensure effective and accurate data analysis and computations

• Proactively contribute in promoting excellence research atmosphere

• Build strong and effective internal cooperation which support the overall objectives of the department

Job Description

Research Process :

• Program a designed program of research under the supervision of a designated research supervisor/principal investigator

• Conduct data analysis and computations

• Review and analyze reports and other scientific literature

• Write research reports based upon data results

• Maintain all related research data and reports for other purposes

• Communicate with related parties (academic departments/ other units) to prepare and execute research program plan

• Work together and contribute to collaborative research teams

• Ensure excellent operational process for all related parties

• Summarize and write research reports based upon data results

Research Support :

• Assists with academic research

• Conduct editing and preparation of manuscripts in related research projects.

• Prepare documents related to the preparation and production of publications material

• Conduct qualitative or quantitative surveys (including interview, focus group assessments)

• Prepare literature reviews for assigned research projects

• Analyze, interpret, report and deliver qualitative and quantitative data

• Prepares materials for grant request submission to agencies and foundations that fund research

• Handle and update research project-related correspondence

• Supervise any undergraduate students working on assigned research projects

• Assist in the acquisition of research materials from campus facilities.

• Prepares other articles, reports, and presentations

Research Operation :

• Maintain and update research progress documentation

• Retain accurate and timely record of research results

• Maintain and update accuracy of research data collection, files, and records

• Apply standard quality control procedures to assure accuracy of research results

Management Support Activities:

• Provide Report to direct Supervisor

• Suggest improvement process related to activities in area of responsibilities (especially related to time concern, effort and cost)

• Perform activities related to Quality Management System

• Perform additional tasks related to key responsibilities as required by Direct Supervisor

Requirements:

• Minimum Bachelor's Degree in Information Technology / Artificial Intelligence / Machine Learning

• Minimum 2 years of working experience in related field

• Have knowledge on Research Methodology",https://id.jobstreet.com/id/job/91733202,,IT Support,indonesia,['r'],1,2026-04-28T11:01:23.587428
91731062,"IT Intern (Development, Support & Documentation)",PT. Mitra Kreasi Natural,,"Job Description

Membantu pengembangan dan perbaikan fitur sistem (coding & debugging sederhana)

Melakukan testing dan support pada aplikasi internal

Memberikan bantuan IT support (troubleshooting hardware & software)

Instalasi dan konfigurasi software/perangkat kerja

Membuat dan merapikan dokumentasi teknis, SOP, dan user guide

Berkolaborasi dengan tim IT dalam project dan task harian

Requirements

Mahasiswa akhir / fresh graduate jurusan IT (Informatika, Sistem Informasi, dll)

Memahami dasar programming (Python / Java / PHP / JavaScript)

Mengerti dasar database dan troubleshooting IT

Mampu bekerja dalam tim dan memiliki komunikasi yang baik

Teliti, memiliki inisiatif, dan mau belajar

Bersedia magang full-time selama 3 bulan",https://id.jobstreet.com/id/job/91731062,Rp 3.000.000 – Rp 4.000.000 per month,IT Support,indonesia,"['python', 'php', 'r', 'java', 'javascript']",5,2026-04-28T11:01:28.478715
91730966,IT DEVELOPMENT & SUPPORT,PT Benli Indonesia,,"Tugas & Tanggung Jawab:

Bertanggung jawab atas koordinasi project yg berhubungan dgn sistem informasi perusahaan & IT lainnya dengan pihak terkait (programmer, web/system developer, user dll)

Memastikan project berjalan efektif dan tepat waktu

Menganalisa & mengakomodasi kebutuhan pengadaan IT & project pengembangan/perbaikan sistem informasi/aplikasi (memetakan konsep, workflow, trial & error, bug fixes, compliance test/QA)

Membuat jadwal kerja dan mengawasi pekerjaan IT Support

Membuat dokumentasi yang berhubungan dengan sistem IT, maintenance IT, project IT, dll

Menangani masalah jaringan, internet, IT hardware, instalasi/setting software, keamanan cyber dasar

Menjaga dan memelihara asset IT secara berkala

Mengikuti perkembangan seputar IT & sistem informasi yang bisa diterapkan sesuai kebutuhan perusahaan.


Kriteria:

Pendidikan min S1 Jurusan Sistem Informasi atau Teknik Informatika

Pengalaman di bidang IT & Pengembangan Sistem Informasi minimal 3 tahun

Memiliki strong leadership dan bersedia turun ke lapangan

Memiliki analisa yang kuat, problem solving dan ketelitian

Memiliki komunikasi yang baik & mampu bekerja secara team",https://id.jobstreet.com/id/job/91730966,,IT Support,indonesia,['r'],1,2026-04-28T11:01:33.352281
91730958,IT staff,PT. BSN Technologies Indonesia,,"1. Pemeliharaan Sistem & Infrastruktur

Mengelola komputer, server, dan jaringan

Instalasi serta konfigurasi hardware dan software

Memastikan semua sistem berjalan lancar tanpa gangguan

2. Troubleshooting (Pemecahan Masalah)

Menangani masalah teknis seperti komputer error, jaringan down, atau software crash

Memberikan solusi cepat agar operasional tidak terganggu

3. Manajemen Jaringan

Mengatur koneksi internet dan jaringan internal (LAN/WiFi)

Menjaga keamanan jaringan dari ancaman luar

4. Keamanan Data

Melindungi data perusahaan dari virus, malware, atau hacker

Melakukan backup data secara rutin

5. Dukungan Pengguna (IT Support)

Membantu karyawan yang mengalami kendala teknis

Memberikan pelatihan penggunaan sistem atau software tertentu

6. Pengelolaan Software

Instalasi dan update aplikasi

Mengelola lisensi software yang digunakan perusahaan

7. Dokumentasi & Monitoring

Membuat dokumentasi sistem

Memantau performa perangkat dan jaringan",https://id.jobstreet.com/id/job/91730958,Rp 3.000.000 – Rp 4.000.000 per month,IT Support,indonesia,['r'],1,2026-04-28T11:01:38.295307
91730880,IT PROGRAMMER,PT Indo Taichen Textile Industry,,"Job Descriptions:

Handle Full Stack develop to department request

Develop, maintain and support web application existing & new project

Create a web application that is controlled by the database

Job Requirements:

Bachelor's Degree in Computer Science/Information Technology or equivalent.

At least 2 Year of working experience in the related field is required for this position (will be advantage)

Fresh Graduate welcome to apply

Required Skill(s): Pemograman PHP, Framework Laravel/CI4, .NET;  database DB2/SQL, mySQL

Required language(s): English

Placement in Tangerang",https://id.jobstreet.com/id/job/91730880,,IT Support,indonesia,"['php', 'r', 'mysql', 'sql']",4,2026-04-28T11:01:43.154179
91730428,Application Support Intern - IT,IDS Medical Systems Group,,"Job Description:

Support daily application operations, including user access management for reports and dashboards in the SBA Portal

Assist with access updates and requests aligned with system changes

Support development of key reports such as GL Transaction and Inventory Movement

Help improve and automate manual reporting processes

Collaborate with internal teams to deliver data-driven insights


Qualifications:

Final-year student or fresh graduate in IT, Computer Science, Data Analytics, or related field

Basic understanding of databases and SQL

Familiar with Business Intelligence tools (e.g., Power BI is a plus)

Good English communication skills

Plus Points: Experience in data analysis, reporting, or dashboard development; exposure to relational databases (e.g., MySQL); experience creating reports or visualizations",https://id.jobstreet.com/id/job/91730428,,IT Support,indonesia,"['r', 'mysql', 'sql', 'power bi']",4,2026-04-28T11:01:48.043726
91730374,Virtual Solution Expert (VSE) – Transportation (ICT / Key Account),PT DyKa Konsultama,,"Highlights:

Strategic role in transportation digital transformation

Exposure to key accounts & senior stakeholders

Involvement in large-scale ICT solution projects

Strong career growth opportunity

Job Description:

Analyze transportation industry trends and customer needs

Develop and execute ICT solution strategies for key accounts

Identify and drive business opportunities

Collaborate with internal teams and partners

Engage with senior stakeholders and support project execution

Support implementation of scenario-based solutions

Requirements:

Experience in transportation industry and ICT solutions

Background as IT / Operations / Consultant / System Integrator / Solution Provider

Experience in ICT project delivery is preferred

Strong communication and coordination skills

Familiar with scenario-based solutions

Mandarin is a plus

Additional Information:

Experience in large-scale or smart transportation projects is an advantage",https://id.jobstreet.com/id/job/91730374,Rp 20.000.000 – Rp 30.000.000 per month,IT Support,indonesia,"['r', 'git']",2,2026-04-28T11:01:53.053687
91730181,Account Manager,PT. Berca Hardayaperkasa,,"We are seeking a high-performing IT Sales professional to join our team. Candidates will be assigned to one of the following industry pillars based on their expertise and existing network such as Commercial / Financial Services / Telco / Earth Resources.

Responsibilities:

Identify and develop business opportunities through networking, cold calls, and upselling.

Build and maintain strong, long-lasting relationships with C-Level executives and IT decision-makers.

Understand industry-specific challenges and provide tailored IT solutions (Infrastructure, Cloud, Security, Hardware or Software).

Lead the entire sales cycle from lead generation and prospecting to proposal development and closing.

Collaborate with the pre-sales and technical teams to ensure solution feasibility and client satisfaction.


Qualifications:

Diploma or Bachelor;s Degree in Technology, Accounting, Marketing, Communication or a related field.

Having 2-3 years of experience in B2B IT Sales, especially in IT or technology sectors.

Strong understanding of the business applications of IT products and services.

Proven ability to meet or exceed sales targets in a competitive environment.

Proficiency in English (mandatory) & Mandarin skills will be an advantage.",https://id.jobstreet.com/id/job/91730181,,IT Support,indonesia,['r'],1,2026-04-28T11:01:58.077413
91729697,IT Developer,PT Synergy Network Solution,,"Kualifikasi:

S1/D3 teknik informatika, Pengalaman minimal 2 tahun dari Perusahaan Telekomunikasi

Menguasai Web development

Menguasai SQL / Database management

Memahami bahasa programming (C#, Javascript, ASP.Net, VB.Net, HTML, CSS)

Data Integration : SSIS

Dapat bergabung secepatnya",https://id.jobstreet.com/id/job/91729697,,IT Support,indonesia,"['c#', 'r', 'java', 'sql', 'javascript']",5,2026-04-28T11:02:03.007589
91728851,Senior Webmaster & IT Systems,PT. MAZARI PROPERTIES GROUP,,"Key Responsibilities

System & Network Administration

·       Ensure 24/7 availability, performance, and reliability of the corporate website and internal web applications.

·       Manage and maintain servers (Linux/Windows), hosting environments, domains, DNS, SSL certificates, and email infrastructure.

·       Administer the internal network (LAN/WAN/Wi-Fi), firewalls, VPN, and routing for Mazari offices and project sites.

·       Implement and enforce cybersecurity policies: access control, backups, disaster recovery, patch management, and endpoint protection.

·       Manage user accounts, permissions, and access rights across Google Workspace (or equivalent) and internal systems.

·       Monitor system performance, proactively identify risks, and respond to incidents.

Web & Full Stack Development

·       Develop, maintain, and deploy the company's internal website/application (frontend and backend).

·       Build and iterate on internal tools supporting construction, sales, operations, and finance teams.

·       Write clean, secure, and scalable code using modern frameworks (e.g., React / Next.js / Vue for frontend; Node.js / PHP / Python for backend).

·       Manage databases (MySQL, PostgreSQL, MongoDB) including design, optimization, and backups.

·       Integrate third-party APIs (CRM, booking systems, payment gateways, marketing tools).

·       Implement CI/CD pipelines, version control (Git), and basic DevOps practices.

Webmaster & Digital Content Management

·       Manage the complete lifecycle of the corporate website: publishing, updates, maintenance, and optimization.

·       Upload, format, and maintain digital content (pages, images, videos, listings) in coordination with Marketing and Brand teams.

·       Optimize website performance, SEO technical fundamentals, page speed, and mobile responsiveness.

·       Ensure website compliance with GDPR, cookie policies, and data protection standards.

·       Track and report on website analytics (Google Analytics, Search Console, Tag Manager).

Security & Compliance

·       Apply cybersecurity best practices across infrastructure, code, and content.

·       Conduct regular vulnerability checks, penetration testing coordination, and security audits.

·       Maintain documentation of systems, procedures, and recovery plans.

·       Ensure compliance with Indonesian data protection regulations (UU PDP) and international standards where relevant.

Support & Stakeholder Collaboration

·       Provide first-level IT support to internal team members across offices and project sites.

·       Liaise with external vendors (hosting, ISP, SaaS providers, cybersecurity partners).

·       Collaborate with Marketing, Sales, Operations, and Finance to support digital initiatives.

·       Train internal users on best practices for digital tools, security, and internal applications.

Qualifications & Requirements

Education

·       Bachelor's Degree (S1) in Computer Science, Information Technology, Software Engineering, Information Systems, or equivalent — from a recognized Indonesian (e.g., ITB, UI, Binus, UGM, ITS, Telkom University) or international institution.

·       Relevant professional certifications are a plus: CompTIA Network+/Security+, CCNA, AWS Certified SysOps/Developer, Microsoft Certified: Azure Administrator, Google Associate Cloud Engineer, or equivalent.

Experience

·       5–6 years of professional experience in a hybrid role combining system/network administration, full-stack web development, and webmaster responsibilities.

·       Proven track record of managing live production websites and internal web applications.

·       Experience working in real estate, hospitality, or multi-entity organizations is a strong plus.

Technical Skills

·       System & Network: Linux (Ubuntu/Debian/CentOS), Windows Server, Apache/Nginx, DNS, SSL, VPN, firewalls, backup systems.

·       Cloud & Hosting: AWS, Google Cloud, Azure, DigitalOcean, or equivalent.

·       Frontend: HTML5, CSS3, JavaScript/TypeScript, React, Next.js or Vue.js; Tailwind CSS.

·       Backend: Node.js, PHP (Laravel), or Python (Django/FastAPI); RESTful APIs.

·       Databases: MySQL, PostgreSQL, MongoDB.

·       CMS & Tools: WordPress, Webflow, or headless CMS; Git/GitHub/GitLab; Docker basics; Notion; AI-assisted tools (Claude, Copilot).SEO & Analytics: Google Analytics 4, Search Console, Tag Manager, basic technical SEO.

·       Cybersecurity: Access control, encryption, backup strategy, incident response basics.

Soft Skills

·       Strong sense of ownership, autonomy, and reliability.

·       Problem-solver with a proactive, structured approach.

·       Detail-oriented with strong documentation habits.

·       Ability to work cross-functionally with non-technical teams.

·       Discreet and trustworthy when handling sensitive data and access credentials.

Language

·       Fluent in Bahasa Indonesia (spoken and written).

·       Professional working proficiency in English (spoken and written).",https://id.jobstreet.com/id/job/91728851,,IT Support,indonesia,"['python', 'mongodb', 'vue', 'linux', 'php', 'r', 'scala', 'java', 'fastapi', 'mysql', 'django', 'react', 'docker', 'typescript', 'git', 'sql', 'aws', 'azure', 'postgresql', 'javascript', 'rust']",21,2026-04-28T11:02:08.024044
91727499,PROJECT MANAGER (MID LEVEL),PT Cakrawala Putra Nusantara,,"Qualifications:

Bachelor’s degree in Information Technology or a related field

Minimum 2–3 years of experience as a Project Manager in an IT company

Proficient in English, both written and spoken

Able to work under pressure and manage multiple projects simultaneously

Familiar with project management tools (such as Jira, Trello, Asana, or similar platforms)

Strong leadership, communication, and problem-solving skills




Responsibilities:

*Plan and define project scope, objectives, and deliverables

*Manage and coordinate project teams to ensure timely and successful project delivery

*Monitor project progress and performance on a regular basis

*Prepare and present project reports to management

*Identify potential risks and develop appropriate mitigation strategies

*Ensure project outcomes meet company standards and expectations",https://id.jobstreet.com/id/job/91727499,,IT Support,indonesia,['r'],1,2026-04-28T11:02:13.011421
91728057,Odoo Developer Specialist,PT Prima Inovasindo Sukses,,"Qualifications:

Minimal pendidikan S1 di bidang Teknik Informatika / Sistem Informasi / Manajemen Informatika atau bidang terkait

Memahami konsep ERP dan proses bisnis (Retail, GT, E-Commerce, Warehouse, Manufacturing)

Memiliki kemampuan analisa dan problem solving yang baik

Mampu bekerja secara mandiri maupun dalam tim

Job Descriptions:

Mengimplementasikan dan mengkonfigurasi sistem ERP Odoo sesuai kebutuhan bisnis

Melakukan kustomisasi dan pengembangan modul Odoo (Sales, Inventory, Accounting, Manufacturing, CRM)

Mengembangkan tools/aplikasi pendukung (web/mobile) untuk meningkatkan efisiensi operasional

Melakukan integrasi API antara Odoo dengan sistem lain

Mengelola keamanan sistem (user access, data protection, dan backup)

Mengembangkan dashboard dan reporting untuk kebutuhan monitoring bisnis (KPI, sales, inventory, dll)",https://id.jobstreet.com/id/job/91728057,Rp 6.500.000 – Rp 7.000.000 per month,IT Support,indonesia,['r'],1,2026-04-28T11:02:17.954156
91727967,CCTV Monitoring,PT Transcon Indonesia,,"Kualifikasi:

Pendidikan min Diploma/S1 Sistem Informatika/Komputer

Pengetahuan teknis tentang perangkat keras dan jaringan.

Kemampuan troubleshooting sistem CCTV dan perangkat IT.

Keamanan data dan sistem untuk melindungi perangkat dari ancaman eksternal.

Dokumentasi dan pelaporan insiden secara detail.

Kecepatan dan akurasi dalam menyelesaikan masalah teknis atau insiden keamanan.




Jobdesk:

Pemeliharaan Perangkat Keras dan Perangkat Lunak

Dukungan Pengguna (User Support)

Manajemen Jaringan dan Sistem

Keamanan Data dan Sistem

Pemecahan Masalah Teknis (Troubleshooting)

Dokumentasi

Peningkatan Infrastruktur Teknologi

CCTV Monitoring",https://id.jobstreet.com/id/job/91727967,Rp 5.200.000 – Rp 5.500.000 per month,IT Support,indonesia,"['keras', 'r']",2,2026-04-28T11:02:23.213510
91724272,SALES SUPPORT,PT PINDAI SEMESTA ALAM,,"Sales Support – Jakarta
PT. PINDAI SEMESTA ALAM

Kami membuka kesempatan bagi Anda yang berpengalaman di bidang penjualan perangkat IT untuk bergabung sebagai Sales Support.


Penempatan: Jakarta (Onsite)

Deskripsi Pekerjaan:

Mendukung aktivitas tim marketing dalam proses penjualan

Menyiapkan dokumen penawaran dan kebutuhan administrasi penjualan

Berkoordinasi dengan tim internal dan klien terkait proses penjualan

Membantu follow up prospek dan pelanggan

Memastikan kelancaran proses penjualan hingga closing

Kualifikasi:

Pendidikan minimal D3 jurusan IT atau bidang terkait

Memiliki pengalaman dalam penjualan perangkat komputer atau produk sejenis

Memiliki pengalaman bekerja sama dengan instansi pemerintah (nilai tambah)

Komunikatif, teliti, dan mampu bekerja dalam tim

Mampu mengoperasikan komputer dan aplikasi pendukung pekerjaan

Benefit:

Gaji kompetitif

Tunjangan sesuai kebijakan perusahaan

Lingkungan kerja profesional

Cara Melamar:
Silakan kirim CV dan dokumen pendukung ke email perusahaan atau melalui platform rekrutmen yang tersedia.",https://id.jobstreet.com/id/job/91724272,,IT Support,indonesia,['r'],1,2026-04-28T11:02:28.240080
91727848,Accounts Receivable Operator,"Process Consulting,Inc",,"Role & responsibilities

Enter data accurately and efficiently into computer systems, spreadsheets, or databases.

Verify data by comparing it to source documents, detecting and correcting errors, and ensuring data integrity.

Organize and maintain files and records to facilitate data retrieval and reference.

Perform regular data backups to ensure data security and continuity.

Update and maintain database information, including customer records, inventory lists, or financial data.

Prepare and sort documents for data entry, including scanning, photocopying, and filing as necessary.

Follow data entry procedures and guidelines to ensure accuracy and consistency.

Respond to data-related inquiries and requests for information from team members or clients.

Collaborate with other team members and departments to ensure efficient data management and sharing.

Maintain confidentiality and security of all data, adhering to company policies and procedures.




Preferred candidate profile

Proficiency in English from Upper-Intermediate (B2, C1, C2)

Experience in billing

Ability to work within US business hours (5 PM - 1 AM WIB )

Proficiency in working with computers and office programs

Attention to detail, ability to prioritize, and multitask




Perks and benefits

Initial and ongoing training and mentoring

Clear promotional path with competitive salary increases

Supporting the Team Lead and the supervisor in the US

A smart and diverse international team

Constant communication with English speakers


Please submit your application in English.

Applications submitted in any other language will not be considered.

Our interviewing process is conducted online.",https://id.jobstreet.com/id/job/91727848,"Rp 4,633,759.26 – Rp 6,123,181.87 per month",IT Support,indonesia,['r'],1,2026-04-28T11:02:33.244435
91727644,Apps Innovation Specialist Sr. Staff,PT Intikom Berlian Mustika,,"Are you passionate about technology, innovation, and solving business challenges with the right solutions?

We are looking for an Apps Innovation Specialist (Presales) to work closely with our sales and technical teams in designing and presenting impactful IT solutions for our clients. In this role, you will bridge business needs and technology, helping customers understand how the right solution can transform their operations.

If you enjoy presenting ideas, designing solutions, and working with both business and technical teams, this role is for you.

Responsibilities

Partner with the sales team to support client engagements with technical and functional expertise

Understand customer business challenges and requirements, and translate them into suitable IT solutions

Deliver solution presentations, demos, and technical discussions to clients

Prepare proposals, solution documentation, and responses to RFP/RFQ/RFI

Work collaboratively with sales, delivery, and technical teams to design the best-fit solutions

Assist in developing solution architecture and integration approaches

Participate in client meetings, workshops, and presales discussions to ensure solution alignment

Requirements

Bachelor’s degree in Information Systems, Computer Science, Business, or related field

3–7 years of experience in IT solutions, presales, or a similar client-facing technical role

Experience preparing technical proposals and responding to RFP/RFQ/RFI

Strong presentation and product demonstration skills

Ability to explain technical concepts in clear business language

Basic understanding of system architecture and system integrations

Strong understanding of IT solutions and enterprise technology environments

Business-oriented, persuasive, and confident in engaging with clients

Collaborative, proactive, and adaptable in a fast-paced environment",https://id.jobstreet.com/id/job/91727644,Monthly Salary,IT Support,indonesia,['r'],1,2026-04-28T11:02:38.253838
91729742,Cloud Engineer Mid Level,PT Tiga Daya Digital Indonesia (Eksad Technology),,"Job Description

Design, implement, and manage scalable, secure, and reliable cloud infrastructure across AWS and GCP environments.
Support integration between cloud platforms and on-premise infrastructure to ensure seamless hybrid-cloud operations.
Monitor system performance, availability, and security across cloud and on-premise environments.
Automate infrastructure provisioning and deployment processes using Infrastructure as Code (IaC) tools.
Collaborate with development, security, and operations teams to optimize system architecture and delivery pipelines.
Troubleshoot infrastructure-related issues and perform root cause analysis for incidents.
Ensure compliance with security standards, governance policies, and best practices.
Manage backup, disaster recovery, and business continuity strategies across environments.
Continuously evaluate and recommend improvements for cloud cost optimization and operational efficiency.
Document infrastructure architecture, configurations, and operational procedures.
Minimum Qualifications

Bachelor’s degree in Computer Science, Information Technology, or related field.
Willing to be work in Banking Industry (contract)
Minimum 3–5 years of experience as a Cloud Engineer, Infrastructure Engineer, or similar role.
Hands-on experience with AWS and Google Cloud Platform (GCP) services.
Strong understanding of on-premise infrastructure, including servers, networking, storage, and virtualization.
Experience in managing hybrid-cloud environments.
Familiarity with Infrastructure as Code tools such as Terraform, CloudFormation, or similar.
Knowledge of containerization and orchestration tools such as Docker and Kubernetes is a plus.
Understanding of CI/CD pipelines and DevOps practices.
Strong troubleshooting and problem-solving skills in infrastructure and cloud operations.
Familiarity with security best practices, IAM, network security, and compliance standards.
Relevant cloud certifications (AWS / GCP) are a plus.
Good communication and collaboration skills.",https://id.jobstreet.com/id/job/91729742,,IT Support,indonesia,"['gcp', 'r', 'scala', 'docker', 'kubernetes', 'aws']",6,2026-04-28T11:02:43.229368
91733193,Cloud Engineer (Mid Level),PT Tiga Daya Digital Indonesia,,"Job Description:

Design, implement, and manage scalable, secure, and reliable cloud infrastructure across AWS and GCP environments.
Support integration between cloud platforms and on-premise infrastructure to ensure seamless hybrid-cloud operations.
Monitor system performance, availability, and security across cloud and on-premise environments.
Automate infrastructure provisioning and deployment processes using Infrastructure as Code (IaC) tools.
Collaborate with development, security, and operations teams to optimize system architecture and delivery pipelines.
Troubleshoot infrastructure-related issues and perform root cause analysis for incidents.
Ensure compliance with security standards, governance policies, and best practices.
Manage backup, disaster recovery, and business continuity strategies across environments.
Continuously evaluate and recommend improvements for cloud cost optimization and operational efficiency.
Document infrastructure architecture, configurations, and operational procedures.  

Qualifications

Bachelor’s degree in Computer Science, Information Technology, or related field.
Willing to work in banking industry (contract)
Minimum 3–5 years of experience as a Cloud Engineer, Infrastructure Engineer, or similar role.
Hands-on experience with AWS and Google Cloud Platform (GCP) services.
Strong understanding of on-premise infrastructure, including servers, networking, storage, and virtualization.
Experience in managing hybrid-cloud environments.
Familiarity with Infrastructure as Code tools such as Terraform, CloudFormation, or similar.
Knowledge of containerization and orchestration tools such as Docker and Kubernetes is a plus.
Understanding of CI/CD pipelines and DevOps practices.
Strong troubleshooting and problem-solving skills in infrastructure and cloud operations.
Familiarity with security best practices, IAM, network security, and compliance standards.
Relevant cloud certifications (AWS / GCP) are a plus.
Good communication and collaboration skills.",https://id.jobstreet.com/id/job/91733193,,IT Support,indonesia,"['gcp', 'r', 'scala', 'docker', 'kubernetes', 'aws']",6,2026-04-28T11:02:48.171116
91727101,GRC Staff (IT),,,"Qualification

Bachelor Degree (IT Major prefered)

Minimum 3 years experienced

Experienced in Cyber Security Framework (ISO 27001, CIS, NIST)

CEH or CISM Cerfitication

Good English language skills spoken/ written

Experienced in creating policies, standard/baseline, procedure and guidelines for CIS

Experienced in regulator & licences compliance




Experienced the use of VAPT Tools such as Tenable/Burp Suite or equivalent

Experienced the use of DLP Tools such as Forcepoint/ Purview or equivalent

Experienced the use of Patch Management Tools such as ManagEngine/ Kaseya or equivalent

Experienced the use of Asset Inventory Tools such as Lansweeper/Kaseya or equivalent

Experienced the use of Identity Access Management Tools such as Cyberark/ ManageEngine or equivalent

Experienced the use of TDR Tools such as Crowdstrike/ PaloAlto Cortex or equivalent

Proficiency in AI tools such as Antrophic/GPT/Gemini to assist documentation and reporting process is plus




Job Desc

Monitor and improve our cyber security strategy or roadmap

Analyze and implement CIS Security Control as required

3rd Party vendor assessment as required by regulator or CIS

Analyze reports from Managed SOC, Asset inventory, Patch Management, IAM, VAPT, EDR, Tools and change it as neccessary as required by regulator or CIS

Perform Incident response simulation & testing

Perform Phising simullation & User Security awareness

Perform internal pentest

Perform baseline check on all endpoints and servers

Prepare documents required by internal audit and external audit (regulator, vendor, client, etc)",https://id.jobstreet.com/id/job/91727101,,IT Support,indonesia,['r'],1,2026-04-28T11:02:53.154132
91726911,Staff IT,PT. Berlian Cahaya Anesta,,"Kesempatan
Kami dari PT. Berlian Cahaya Anesta di Natar Lampung sedang mencari seorang Staff IT yang bersemangat dan berpengalaman untuk bergabung dengan tim kami. Dalam peran ini, Anda akan berperan penting dalam menjaga dan mengembangkan infrastruktur IT perusahaan, serta memastikan operasional bisnis berjalan lancar.

Tanggung Jawab

Mengidentifikasi, menganalisis, dan menyelesaikan masalah IT yang terjadi di seluruh organisasi.

Melakukan pemantauan, pemeliharaan, dan peningkatan sistem jaringan, server, dan perangkat IT lainnya.

Memberikan dukungan dan solusi teknis kepada pengguna akhir dengan cepat dan efisien.

Mengembangkan dan menerapkan prosedur dan kebijakan IT untuk menjaga keamanan dan integritas data.

Berkoordinasi dengan tim lain untuk memastikan pengiriman proyek IT sesuai dengan batas waktu.

Mengelola inventaris aset IT dan memastikan ketersediaan suku cadang.

Mengidentifikasi peluang untuk meningkatkan efisiensi dan produktivitas melalui solusi IT.

Kualifikasi

Lulusan Teknik Informatika, Sistem Informasi, atau bidang IT terkait.

Memiliki pengalaman minimal 2 tahun di bidang IT, khususnya di area jaringan.

Mahir dalam menggunakan teknologi jaringan, server, dan sistem operasi, seperti Windows Server, Linux, dan Cisco.

Pemahaman yang baik tentang keamanan jaringan, protokol, dan layanan IT.

Kemampuan troubleshooting dan pemecahan masalah yang kuat.

Memiliki keterampilan komunikasi yang baik, baik secara lisan maupun tertulis.

Mampu bekerja dalam tim serta memiliki inisiatif dan kemampuan beradaptasi yang baik.

Manfaat

Gaji kompetitif dan tunjangan menarik

Lingkungan kerja yang dinamis dan mendukung pengembangan karier

Pelatihan dan pengembangan profesional yang berkelanjutan

Asuransi kesehatan yang komprehensif

Cuti tahunan dan tunjangan hari raya

Tentang PT. Berlian Cahaya Anesta
PT. Berlian Cahaya Anesta adalah perusahaan teknologi terkemuka yang beroperasi di Indonesia. Kami berkomitmen untuk menyediakan solusi inovatif dan andal bagi pelanggan kami. Dengan tim profesional yang berdedikasi, kami senantiasa berinovasi untuk menciptakan nilai bagi bisnis dan masyarakat. Bergabung dengan kami berarti Anda akan menjadi bagian dari perjalanan pertumbuhan kami dan memiliki kesempatan untuk mengembangkan karier Anda di industri teknologi yang dinamis.


Tertarik untuk bergabung dengan kami? Lamar sekarang dan jadilah bagian dari tim kami!",https://id.jobstreet.com/id/job/91726911,Rp 3.200.000 – Rp 3.500.000 per month,IT Support,indonesia,"['linux', 'r']",2,2026-04-28T11:02:58.249914
91726555,IT Officer (Administration),Daikin Industries Indonesia,,"Qualifications:

Bachelor’s degree (S1) in Information Systems, Informatics Engineering, Business Administration, or related fields

Minimum 1 year experience in related department

Experience in IT documentation, audit, or ISO compliance

Proficient in Bahasa Indonesia and English

Good communication skills, detail-oriented, and well-organized

Proficient in MS Word and MS Excel; able to create basic flowcharts

Basic understanding of servers, networks, and software concepts

Strong integrity with good time and priority management

Willing to work in Deltamas, Cikarang


Job Responsibilities:

Create, update, and control IT documents (IT Policies, SOPs, Work Instructions, User Guidelines)

Manage document versioning, distribution, and policy awareness

Maintain IT asset data including hardware, network, and software licenses

Monitor asset lifecycle (purchase, deployment, maintenance, retirement)

Handle IT procurement administration (PR, PO, invoice, payment)

Coordinate with vendors, finance, and legal teams

Manage IT contracts (SLA, maintenance agreements, subscriptions)

Support ISO 27001:2022 implementation, documentation, and audits

Prepare monthly IT reports",https://id.jobstreet.com/id/job/91726555,,IT Support,indonesia,['r'],1,2026-04-28T11:03:03.232821
91726324,Software Engineer (Japanese Speaker),PT Trust Recruit Indonesia,,"Key Responsibilities:

Design, develop, and maintain high-complexity software modules with optimized and maintainable code.

Contribute to system architecture and detailed system design for complex functionalities.

Conduct code reviews for critical components to ensure code quality, scalability, and maintainability.

Enforce software development standards, best practices, and coding guidelines across the development team.

Develop and execute comprehensive unit tests and integration tests.

Perform module-level and system-level testing to ensure system reliability and performance.

Analyze test results and recommend improvements to system architecture and design.

Prepare and validate production release deliverables.

Support system deployment activities including installation, configuration, and debugging.

Troubleshoot user acceptance testing (UAT) issues and post-launch production incidents.

Provide Level 3 technical support for critical system issues.

Create and maintain technical documentation, design documents, and training materials.

Support knowledge sharing through internal training sessions and mentoring activities.

Contribute to system integration testing and design discussions.

Mentor junior engineers and provide technical guidance.

Share expertise on development tools, frameworks, and methodologies.

Collaborate with cross-functional teams to ensure successful project delivery.

Support end-to-end system testing and user acceptance testing processes.

Contribute to the preparation of user manuals and documentation.

Perform additional tasks or special assignments as required by management.

 

Requirements:

Bachelor’s or Master’s Degree in Computer Science, Software Engineering, Big Data, Cloud Computing, Internet of Things, Network Engineering, Information Technology, Electronics, or related fields.

Minimum 2–3 years of professional software development experience.

Experience in system design and software development lifecycle processes.

Proficiency in programming languages such as Java (Spring Framework, DB-access Java programming) and VB.NET / .NET.

Experience in software testing methodologies including unit testing and integration testing.

Familiarity with system design tools such as PowerDesigner, Enterprise Architect, Visio, or Lucidchart.

Proficiency in office productivity tools (Microsoft 365: Excel, PowerPoint, Word).

Fluent communication skills in Japanese (minimum JLPT N3)

 

Preferred Qualifications:

Experience in OS or Middleware migration projects.

Experience with Pro*C development or C + SQL for legacy system analysis.

Experience using development and testing tools such as JIRA, TestRail, Selenium, Postman, or JMeter.

Hands-on experience with Windows Server or Linux administration, network configuration (TCP/IP, DNS, VPN), and basic hardware maintenance.

Experience leading detailed system design for small-scale systems, including functional specifications, database design, interface design, and architecture documentation.

Strong analytical thinking, and problem-solving skills.",https://id.jobstreet.com/id/job/91726324,Rp 12.000.000 – Rp 15.000.000 per month,IT Support,indonesia,"['linux', 'r', 'scala', 'java', 'sql']",5,2026-04-28T11:03:08.363375
91726042,IT Site Reliability Engineer (SRE),PT ABISHAR TECHNOLOGIES INDONESIA,,"Key Responsibilities:

Maintain and improve system reliability, availability, and performance across production environments

Design, implement, and manage infrastructure on AWS (EC2, RDS, S3, etc.)

Implement security best practices across infrastructure and applications

Monitor systems, troubleshoot incidents, and perform root cause analysis

Automate operational processes to improve efficiency and reduce manual intervention

Collaborate with development teams to improve system architecture and deployment processes

Manage CI/CD pipelines and support release management

Ensure compliance with security standards and frameworks (ISO 27001)

Conduct system hardening, vulnerability assessments, and security monitoring

Requirements:

3–5 years of experience as SRE / DevOps / Infrastructure Engineer

Strong experience with AWS services and cloud infrastructure

Solid understanding of security best practices and system hardening

Experience implementing or maintaining ISO 27001 standards is a plus

Hands-on experience with monitoring tools, CI/CD, and automation

Familiarity with containerization (Docker/Kubernetes) is a plus

Strong troubleshooting and problem-solving skills",https://id.jobstreet.com/id/job/91726042,Rp 7.000.000 – Rp 10.000.000 per month,IT Support,indonesia,"['r', 'docker', 'kubernetes', 'aws']",4,2026-04-28T11:03:13.413785
91725373,IT ENGINEER STAFF [MANDARANIN SPEAKER],PT EVERPRO INDONESIA TECHNOLOGIES,,"工作职责：

负责公司信息系统的实施、上线、用户培训及问题处理，例如MES系统的生产；

负责MES系统运行过程中的故障排除，高效处理并解决系统中出现的各种异常问题，确保系统稳定运行；

收集并分析业务用户需求，了解需求，并跟进团队MES系统的开发，进行迭代优化；

根据需要编写技术文档并为员工提供功能培训；

负责生产数据报告和生产看板的开发和维护；

负责公司数据机房服务器和网络的管理、配置和维护；

负责公共IT设备（如计算机终端、打印机和视频会议设备）的管理和维护；

负责IT资产的管理，并确保IT资产的准确性；

完成领导分配的其他任务。


Job Responsibilities：

Responsible for the implementation, launch of the company's information system, and user training and problem handling, such as production of MES systems;

Responsible for troubleshooting during the operation of the MES system, promptly dealing with and solving various abnormal problems that occur in the system, and ensuring the stable operation of the system;

Collect and analyze the needs of business users, understand the needs, and follow up on the group's MES development for iterative optimization;

Write technical documents and provide functional training to employees as needed;

Responsible for the development and maintenance of production data reports and production boards;

Responsible for the management, configuration and maintenance of the company's data room server and network;

Responsible for the management and maintenance of public IT equipment such as terminal computers, printers and video conferencing;

Responsible for the management of IT assets and ensuring the accuracy of IT assets;

Complete other tasks assigned by the leader.







职位要求：

1. 计算机或软件工程专业；

2. 两年以上MES系统实施和运维经验；

3. 具备良好的沟通能力和团队合作能力，能够与不同部门和团队有效沟通；

4. 具有较强的责任心和职业素养，能够承受工作压力和挑战；

5. 具有较强的学习能力和问题解决能力，能够快速适应新技术和新问题。




Job requirements:

1. Majors in computer and software engineering;

2. More than 2 years of experience in implementing and operating the MES system;

3. Have good communication skills and teamwork skills, and be able to communicate effectively with different departments and teams;

4. Have a strong sense of responsibility and professionalism, and be able to bear work pressures and challenges;

5. Have strong learning ability and problem-solving ability, and be able to quickly adapt to new technologies and problems.",https://id.jobstreet.com/id/job/91725373,Rp 6.000.000 – Rp 7.000.000 per month,IT Support,indonesia,['r'],1,2026-04-28T11:03:18.538014
91725510,Junior IT Development,PT Chandra Sakti Utama Leasing (Tiara Marga Trakindo Group),,"Job Description

Bertanggung jawab untuk development dan maintenance sistem pelaporan (reporting system).

Berkolaborasi dengan tim IT kebutuhan laporan-laporan yang informatif guna mendukung pengambilan keputusan perusahaan.

Melakukan testing terhadap software yang dikembangkan

Bertanggung jawab dalam menguji fungsionalitas dan integrasi sistem (SIT) dan memandu pengguna dalam uji coba akhir (UAT) untuk validasi bisnis.




Requirement

Pendidikan minimal S1 dari jurusan Ilmu Komputer, Teknik Informatika, Sistem Informasi, atau Matematika/Teknik Industri (dengan pemahaman data yang kuat).

Diutamakan fresh graduate atau memiliki pengalaman magang/proyek terkait reporting/data (maksimal 1 tahun).

Menguasai SQL (Structured Query Language) – minimal SELECT, JOIN, GROUP BY, subquery. Diutamakan familiar dengan salah satu RDBMS (MySQL, SQL Server, PostgreSQL, Oracle).

Reporting Tools: Familiar dengan minimal salah satu: SQL Server Reporting Services (SSRS), Crystal Reports, JasperReports, atau embedded report viewer di aplikasi.

Memahami OOP (Object-Oriented Programming) dasar, mampu membaca Flow Business Process.

Memahami Web Application dan Desktop Application dari sisi pengambilan data.

Memahami konsep SDLC (Software Development Life Cycle) dasar.

Teliti dan detail-oriented (karena menyangkut akurasi data).

Kemampuan analitis yang baik.

Bersedia belajar dan cepat beradaptasi dengan sistem yang ada.

Komunikatif karena akan berinteraksi dengan user bisnis untuk memvalidasi kebutuhan laporan.

Bersedia bekerja di South Jakarta (WFO sesuai kebijakan perusahaan).",https://id.jobstreet.com/id/job/91725510,,IT Support,indonesia,"['r', 'mysql', 'sql', 'postgresql']",4,2026-04-28T11:03:23.372633
91576318,IT Security Analyst,PT Graha Karya Informasi,,"Job Purpose
Support the IT Security team in protecting company systems, data, and users by following established security policies, assisting with daily security operations, and helping manage access, incidents, and compliance activities.
________________________________________
Key Responsibilities
• Support day to day IT Security operations across systems, applications, and user access
• Help monitor and report security incidents, and escalate issues when required
• Support endpoint, network, and application security activities under supervision
• Assist in implementing and maintaining IT Security policies, standards, and procedures
• Coordinate with internal IT teams and vendors on security related requests
• Prepare basic documentation and reports for audits or internal reviews
• Participate in security awareness and improvement initiatives
________________________________________
Required Qualifications
• Bachelor’s degree in Information Technology, Computer Science, or related field
• 1–2 years experience in IT, IT Security, SOC, Infrastructure, or IT Support
• Basic understanding of information security concepts
• Familiar with IT environments (users, systems, applications)
• Willingness to learn and follow established procedures
• Have knowledge OSI layer
• Have knowledge cyber security framework (OWASP, NIST, ISO 27001, PCI DSS)
________________________________________
Preferred Skills & Knowledge
• Basic knowledge of:
o User access management (e.g. Active Directory, email access)
o Endpoint or antivirus tools
o Network concepts (VPN, firewall – basic level)
• Awareness of IT Security standards or compliance requirements
• Exposure to security tools or monitoring systems is an advantage but not mandatory
________________________________________
Soft Skills & Competencies
• Good communication and coordination skills
• Detail oriented and organized
• Able to follow instructions and work within defined processes
• Team player with a positive learning attitude
• Comfortable handling routine operational tasks",https://id.jobstreet.com/id/job/91576318,Rp 7.000.000 – Rp 10.000.000 per month,IT Support,indonesia,"['r', 'scala']",2,2026-04-28T11:03:28.313828
91725079,IT SUPPORT,PT Indo Taichen Textile Industry,,"Persyaratan:

Pendidikan min. Sarjana (S1) Teknik Informatika/ Teknik Komputer/Sistem Informasi

Pengalaman minimal 1 tahun di bidang IT/ IT Support

Mampu untuk trouble shouting dan instalasi PC / Laptop

Mampu melakukan instalasi jaringan LAN

Bersedia kerja 3 shift

Penempatan di Tangerang",https://id.jobstreet.com/id/job/91725079,,IT Support,indonesia,['r'],1,2026-04-28T11:03:33.262615
91739595,NOC Help Desk,PT Mandiri Daya Andalan (MDA),,Tanggung jawab : Memastikan penanganan komplain dari pelanggan tertangani dengan baik sesuai dengan waktu yang ditentukanKualifikasi : Pendidikan min D3/S1 Teknik Komputer/Teknik Informatika/Teknik TelekomunikasiMenguasai TCP/IP dan Jaringan Menguasai Operating System MikrotikBersedia bekerja dalam shiftMenguasai Bahasa Inggris lebih disukai - - Berpengalaman- Diploma- 21 - 40 Tahun- Terima kandidat tanpa foto diri- Provinsi sesuai penempatan kerja (Jawa Tengah),https://id.jobstreet.com/id/job/91739595,,IT Support,indonesia,['r'],1,2026-04-28T11:03:38.170357
91724919,AI Engineer,AME Mineral Economics Pty Ltd,,"Role: AI Engineer

Location: Jakarta
Position Type: Full-time
Reports to: CTO




About the Role

We are seeking an ML Engineer to own the AI and machine learning capability within an established cross-functional team. You will be the subject matter expert on LLMs, document AI, and RAG pipelines — working alongside experienced software developers, data engineers, and database engineers.

The role has a clear long-term roadmap: helping shape the logic of our document crawler, building ML pipelines that extract and populate structured databases, and ultimately delivering an internal chatbot grounded in our own ground-truth data. You will be joining a collaborative team where software developers, data engineers, and database architects will help support the surrounding infrastructure. The ideal candidate would combine strong software engineering fundamentals with hands-on experience in web crawling, document AI, RAG pipelines, and LLM tool integration — and is comfortable taking a system from prototype to production.

Key Responsibilities

Collaborate with the software development and data engineering teams on the company document crawler — contributing to crawler logic, defining document targeting requirements, and advising on ML-driven enhancements to improve discovery, classification, and retrieval of company documents (annual reports, regulatory filings, press releases).

Develop and fine-tune workflows combining SLMs (small language models), LLMs, and rule-based methods for accurate and explainable data extraction.

Architect and build the chatbot interface that grounds LLM responses in our structured databases and PDF corpus, using RAG and MCP-based tool calling to ensure answers are traceable to source data.

Integrate relevant open-source tools across the full stack: crawling (Scrapy, Playwright), document parsing (pdfplumber, Camelot, Tabula, Docling), ML/NLP (Hugging Face, LangChain, LlamaIndex), vector stores (Qdrant, pgvector), and LLM serving (Ollama, vLLM) — selecting self-hosted vs. API-based options based on data sensitivity requirements.

Implement evaluation frameworks (accuracy, latency, cost) and maintain benchmarks for extraction quality.

Ensure robust engineering practices: testing, version control, CI/CD pipelines, containerization, and cloud deployment.

Contribute to research and stay up to date with advances in document AI, new libraries and new techniques.

Qualifications

Education: BSc (or higher) in Computer Science, Software Engineering, or related field.

Experience: 3+ years of professional experience as a Machine Learning Engineer, AI Engineer, or NLP Engineer.

Technical Skills (Required):

Demonstrated experience building tools that leverage LLMs/SLMs for text and document understanding.

Experience building web crawlers or scrapers (e.g. Scrapy, Playwright, BeautifulSoup) including handling rate limiting, dynamic content, and document deduplication

Strong programming skills in Python

Experience with document parsing libraries (pdfplumber, Camelot, Tabula, or Docling) and an understanding of the challenges of table extraction, multi-column layouts, and scanned documents

Hands-on use of vector databases (e.g., Chroma, Pinecone, Weaviate) for retrieval-augmented generation.

Strong background in software engineering best practices (Git, CI/CD, testing)

Nice to Have:

Knowledge of financial or commodity reporting standards and typical document structures (annual reports, earnings releases, regulatory filings).

Experience deploying AI workloads in Microsoft Azure

Familiarity with MCP (Model Context Protocol) and building tool-calling integrations that connect LLMs to structured databases or document stores

Experience self-hosting LLMs locally using tools such as Ollama or vLLM, with an understanding of the trade-offs between local inference and cloud API usage

Familiarity with API design for ML deployment

Soft Skills

Ability to work collaboratively with business stakeholders.

Excellent communication skills to explain AI model behaviour and limitations to non-technical teams.

What We Offer

Opportunity to build a greenfield AI product in the mineral economics domain.

Work with cutting-edge LLM and AI tools.

Modern, central office near to public transport and key amenities

Competitive salary",https://id.jobstreet.com/id/job/91724919,Rp 15.000.000 – Rp 20.000.000 per month,IT Support,indonesia,"['python', 'r', 'git', 'azure']",4,2026-04-28T11:03:43.126071
91725069,Technical Consultant Assc.,Mitra Integrasi Informatika,,"Career Opportunities: Technical Consultant Assc. (39430)


Requisition ID 39430 - Posted 04/24/2026 - Information Technology - DKI Jakarta - Staff (Mid - Senior) - Country (1) - Region (1)

Apply Save Job Email Job to Friend Return to List



 

Job Descriptions


DUKUNGAN PRA PENJUALAN

Ikut serta mengevaluasi, mengidentifikasi, serta memberikan rekomendasi, dalam hal memberikan solusi dan konsultasi yang sesuai dengan kebutuhan pelanggan.

RENCANA IMPLEMENTASI

Menyusun rencana implementasi solusi dan konsultasi yang diwakilinya, melaksanakan dan memonitor proses implementasi yang menjadi lingkup tanggung jawabnya.

DUKUNGAN PURNA JUAL

Mengadakan kontak langsung dengan pelanggan untuk memberikan pemecahan terhadap permasalahan yang muncul setelah implementasi berjalan, sekaligus meneliti & merekomendasikan kemungkinan pengembangan solusi baru.

INSTRUKTUR PELATIHAN

Menjadi instruktur / pembimbing bagi pelanggan dalam mempelajari dan memahami solusi yang diimplementasikan.

PENGEMBANGAN PROFESI

Memelihara dan mengembangkan pengetahuan dan ketrampilan dalam area spesialisasi yang menjadi area tanggung jawabnya

Job Requirements


Sarjana S-1, jurusan terkait Teknologi Informasi
Minimal 2 th pengalaman di bidang solusi sejenis
Memiliki pengetahuan pada area solusi dan konsultasi IT
Memiliki pengetahuan kebutuhan pelanggan berdasarkan trend pasar / industri.

Competencies


TEAM ORIENTATION

IMPACT & INFLUENCE

RESPONSIVE TO CUSTOMERS/ OTHER PARTIES

DRIVE

ANALYTICAL THINKING

SELF CONTROL & CONFIDENCE

 



Apply Save Job Email Job to Friend Return to List

 



 
 

 The job has been sent to

 

Job title:",https://id.jobstreet.com/id/job/91725069,,IT Support,indonesia,['r'],1,2026-04-28T11:03:48.114774
91724635,Backend (Golang) Developer,Steradian Data Optima,,"Requirements

Bachelor’s degree (S1) in Computer Science, Information Technology, or a related field

Minimum 1 year of experience in backend development or a related role

Proficient in Golang (Go) programming language

Strong understanding of SQL and NoSQL databases

Experienced in using Git for version control (Bitbucket preferred)

Nice to Have

Experience working with gRPC and Protocol Buffers (Protobuf)

Familiarity with containerization technologies, especially Docker

Experience working in collaborative development environments and agile teams

Responsibilities

Develop, maintain, and optimize backend services using Golang

Design and implement efficient, scalable, and secure APIs

Manage and integrate databases (SQL & NoSQL) to support application needs

Collaborate with frontend developers, DevOps, and other stakeholders

Maintain clean, well-documented, and testable code using version control best practices",https://id.jobstreet.com/id/job/91724635,Rp 8.000.000 – Rp 9.000.000 per month,IT Support,indonesia,"['r', 'scala', 'docker', 'agile', 'golang', 'git', 'sql']",7,2026-04-28T11:03:53.210523
91724431,GM Supply Chain,PT Lotte Shopping Indonesia,,"As the GM Supply Chain at PT Lotte Shopping Indonesia, lead and drive the end-to-end business and supply chain strategy to deliver sustainable growth, profitability, and operational excellence. Act as a key strategic leader in aligning business objectives with technology, information security, and supply chain capabilities to support the company’s vision and long-term success.




Responsibilities:

Lead and drive end-to-end supply chain strategy covering planning, procurement, warehousing, distribution, across all retail format.

Develop and execute supply chain initiatives to achieve business growth, cost efficiency, and service excellence and oversee demand planning, inventory management, and replenishment to ensure optimal stock availability inventory level, order allocation, to support sales growth and minimize stock imbalance (overstock & OOS) and minimize shrinkage.

Collaborate with Commercial, Merchandising, and Store Operations teams to ensure alignment between supply chain and business needs and ensure strong governance in supplier management, procurement strategy, and vendor performance.

Drive digital transformation and system enhancement (ERP, WMS, TMS, automation) to improve operational efficiency.

Oversee planogram standardization (POG) and monitor planogram implementation across all product categories, including database completeness, planogram design, implementation, and evaluation of planogram improvements in accordance with the company’s standards and policies.

Implement risk management and supply chain resilience strategies (disruption mitigation, safety stock strategy) and ensure compliance with company policies, regulatory requirements, and information security standards.

Monitor and analyze key supply chain KPIs (OTIF, inventory turnover, service level) and drive continuous improvement and lead, develop, and build high-performing teams across supply chain functions.


Requirements:

Bachelor’s degree in Supply Chain, Logistics, Industrial Engineering, Business, or related field (Master’s degree is a plus).

Minimum 8 years of experience in Supply Chain Management, with at least 5 years in a senior leadership role (GM/Head level) and experience in managing large teams and complex operations.

Strong experience in Retail (hypermarket / supermarket), FMCG, and e-commerce supply chain operations (multi-format retail preferred).

Proven track record in leading large-scale, end-to-end supply chain operations (DC, store, inventory, and planning), supported by strong expertise in supply chain systems (ERP, WMS, TMS) and digital transformation initiatives. Demonstrates advanced data analytics capability, including SQL proficiency, to drive insights, optimize performance, and support strategic decision-making.

Excellent analytical and strategic thinking skills with the ability to translate strategy into execution, strong leadership, stakeholder management, and cross-functional collaboration skills.

Strong understanding of cost optimization, process improvement, and performance management (KPIs) and high integrity, resilience, and ability to thrive in a fast-paced retail environment.

Fluent in English (both written and verbal).",https://id.jobstreet.com/id/job/91724431,,IT Support,indonesia,"['r', 'git', 'sql']",3,2026-04-28T11:03:58.212737
91724072,System Engineer,PT Multipolar Technology Tbk,,"Responsibilities:

Implement and manage backup and infrastructure solutions (Veeam, HPE, Dell, VMWare, etc)

Design scalable system and server architectures

Deliver High Availability and Disaster Recovery solutions

Troubleshoot issues and optimize system performance

Requirement:

Bachelor’s degree in Electrical Engineering, Informatics Engineering, Computer Science, or a related field

Proven experience in supporting Veeam Backup and infrastructure from HPE, Dell, Lenovo, Nutanix, Cisco, and VMware

Solid knowledge of hardware, RAID technology, virtualization, and HCI (Hyper-Converged Infrastructure)

Hands-on experience with servers, storage, virtualization platforms, and operating systems

Veeam certification is a plus

Willing to be placed in South Jakarta or Tangerang",https://id.jobstreet.com/id/job/91724072,,IT Support,indonesia,"['r', 'scala']",2,2026-04-28T11:04:03.141960
91723818,project officer,PT. LUMINA IMAGING SOLUSINDO,,"PT. Lumina Imaging Solusindo membuka kesempatan bagi kandidat yang siap mengelola proyek LED videotron dari sisi teknis, sistem, dan koordinasi lapangan.

Kualifikasi:

pendidikan minimal SMA/SMK/D3 Teknik Electro, Sistem Informasi/IT.

memiliki kemampuan komunikasi dan koordinasi yang baik.

siap bekerja di lapangan dan memiliki mobilitas tinggi.

teliti, bertanggung jawab, dan mampu bekerja dalam tim.

Memahami dasar instalasi listrik & sistem LED display lebih di utamakan.

Terbiasa bekerja dengan target dan deadline.

Siap kerja lapangan & perjalanan dinas.


Tanggung Jawab:

mengelola dan memastikan kelancaran operasional lapangan

melakukan survei lokasi sebagai persiapan kegiatan/project

melakukan dokumentasi

memastikan ketersediaan serta kesiapan kebutuhan barang operasional

melakukan pengecekan kondisi lokasi untuk memastikan pekerjaan berjalan sesuai standar

melaksanakan tugas lain yang diberikan oleh atasan sesuai kebutuhan project

Koordinasi dengan tim teknisi, vendor, dan klien

Membuat timeline kerja dan memastikan proyek berjalan sesuai target

Support setting sistem videotron (basic controller/software)",https://id.jobstreet.com/id/job/91723818,,IT Support,indonesia,['r'],1,2026-04-28T11:04:08.181660
91723698,Project Manager,PT Nusantara Duta Solusindo (NDS),,"PT. Nusantara Duta Solusindo is seeking Project Manager to join and strengthen our team. We are looking for a candidate who is passionate about technology, has a strong analytical mindset, excels in problem-solving, and has a proven track record in developing effective software solutions for complex systems.




Requirements:
Bachelor’s degree in Project Management, Business Administration, Information Technology, or a related field.

Minimum 2-3 years of experience in managing projects.

Proven track record of successfully delivering projects on time and within budget.

Preferably someone who experience in managing team using agile principles and has knowledge of insurance and IT Infrastructure.

Strong understanding of project management methodologies (Agile, Waterfall, or hybrid).

Proficient in project management tools like Microsoft Project, Jira, or Trello.

Excellent leadership, organizational, and time management skills.

Effective communication and interpersonal abilities.

Strong problem-solving and decision-making capabilities.

Excellent communication and teamwork abilities.

Experience as Programmer is Plus.",https://id.jobstreet.com/id/job/91723698,,IT Support,indonesia,"['r', 'agile']",2,2026-04-28T11:04:13.023165
91723664,Asset Management Intern,PT BANK KB INDONESIA Tbk,,"We are seeking an IT professional to oversee asset registration at our HQ and across all branch locations via data capture systems. Key responsibilities include the configuration and preparation of new IT equipment, ensuring all PCs and laptops undergo proper system hardening before being delivered to branches.

Requirements for this position include a major in IT or a related field, advanced Windows capabilities, and technical expertise in hardware installation.",https://id.jobstreet.com/id/job/91723664,,IT Support,indonesia,['r'],1,2026-04-28T11:04:17.929901
91723593,IT System Admin Staff,Yayasan Regina Pacis FMM,,"Responsibilities

Configure, monitor, and maintain computer systems, servers, networks, and other IT infrastructure to ensure optimal availability and performance.

Provide effective technical support and troubleshooting for users, ensuring minimal downtime and sustained productivity.

Develop, implement, and maintain IT security procedures and protocols to protect the foundation's digital assets.

Collaborate with the IT team and other stakeholders to identify, plan, and implement innovative IT solutions that enhance efficiency and productivity.

Monitor, analyze, and report on system performance to identify opportunities for improvement.

Stay updated on latest technologies and industry trends, implementing new solutions that align with the organization’s needs.

Maintain comprehensive system documentation.

Requirements

Diploma or Bachelor’s degree in Information Systems, Information Technology, or a related field.

Minimum of 1 year of experience in a system/network administration role or similar organization is preferred.

Understanding of programming concepts and databases.

Familiar with cloud computing and microservices.

Proven experience in managing and troubleshooting servers, storage, and network infrastructure.

Ability to monitor, analyze, and resolve IT system issues quickly and effectively.

Strong understanding of IT security best practices and the ability to implementation

Excellent communication skills, ability to collaborate with cross-functional teams, and a strong customer-service orientation.",https://id.jobstreet.com/id/job/91723593,,IT Support,indonesia,"['r', 'git']",2,2026-04-28T11:04:23.082284
91723496,Business Process Analyst,PT. SIGMA GLOBAL TEKNOLOGI (SIGMATECH),,"Responsibilities

1. Analyze and document business requirement from Finance & Accounting, Treasury, and Tax

2. Identify pain points and propose solutions, be it through process change or system development

3. Prepare documentations as required by project management

4. Regularly report progress to supervisor and users and collaborate with peers for solution integration

5. Prepare standard or custom solution as necessary, assist developer in the build of the said solution, and

assist testers as necessary.",https://id.jobstreet.com/id/job/91723496,Rp 8.000.000 – Rp 8.500.000 per month,IT Support,indonesia,['r'],1,2026-04-28T11:04:28.072302
91723347,TEKNISI LAPTOP SPESIALIST MAINBOARD,PT Gian Teknokindo Solusi (Teknisigo),,"Teknisigo adalah salah satu penyedia layanan service gadget terpercaya di Indonesia.
Dengan pengalaman lebih dari 18 tahun dan telah menangani puluhan ribu unit laptop, kami terus berkembang dan membuka peluang bagi talenta terbaik untuk bergabung bersama tim profesional kami.

Ini kesempatan kamu untuk berkembang dan naik level di dunia teknisi!

KUALIFIKASI:
• Mahir perbaikan mainboard (Matot, No Display, Short, Reball, dll)
• Mampu membaca schematic & boardview
• Terbiasa menggunakan multimeter, oscilloscope, solder & hot air
• Paham flash BIOS & programmer (SVOD4/sejenis)
• Pengalaman min. 1–2 tahun (Laptop gaming/MacBook lebih disukai)
• Memahami dasar elektro
• Jujur, teliti, disiplin & memiliki kemauan belajar tinggi

TANGGUNG JAWAB:
• Melakukan diagnosa kerusakan secara akurat dan tepat
• Melakukan perbaikan sesuai SOP Perusahaan
• Melakukan quality control sebelum unit ke customer setelah perbaikan
• Menjaga kebersihan & kerapihan area kerja baik sebelum dan sesudah",https://id.jobstreet.com/id/job/91723347,Rp 4.500.000 – Rp 6.500.000 per month,IT Support,indonesia,"['r', 'ios']",2,2026-04-28T11:04:33.090369
91722791,IT Asset Management Staff (under Outsourcing),PT Bussan Auto Finance (BAF),,"Responsible: 

Monitoring and recording the entry and exit of IT assets (hardware, software, application systems) and documented them in the database/system.

Manage the asset life cycle process, from purchasing, installation, maintenance, and asset disposal/disposal.

Follow up the expiration date and ensure all software/hardware is not expired.

Perform memo approval processes and monitor the PKS (Work Agreement) for IT assets.

Communicate with internal and vendors regarding IT assets.

Prepare weekly and monthly reports related to the asset life cycle process.




Requirement:

Bachelor’s Degree in Information Technology, Information System, Computer Science, IT, or related field with a minimum of 1 year of relevant experience in system application and programming language

A detail oriented person with a background as an IT

Fluency in English is essential, Microsoft Office, and familiar with IT knowledge of hardware, software, and programming language

Passionate about IT asset administration (computer, hardware, server, and application) and data analysis

Willing to contract under Outsourcing",https://id.jobstreet.com/id/job/91722791,,IT Support,indonesia,['r'],1,2026-04-28T11:04:38.206576
91722683,Channel Account Manager (East Java),PT Acer Indonesia,,"Hi, Jobseeker!




Acer Indonesia is looking for Channel Account Manager (East Java - Surabaya base).


Responsibilities:

Planning (forecasting, mapping) & executing sales strategic to hit or exceed revenue target all consumer product line.

Maintaining mutual business with existing channel and exploring new channel for expansion distribution coverage in area.

Identifying market movement, market data from independent 3rd parties (e.g. GFK, Windows Activation etc) to grow market share in area.

Monitoring and coordinating field force (Account Executive & Promoter) related store visibility.

Handling East Java & Bali area.




Requirements:

Minimum Bachelor’s degree from any major

Minimum 5 years’ experience in sales for IT/Consumer Electronic/Smartphone Industry

Proficient in Ms. Office (Excel & PowerPoint)

Able to do presentation

Having the ability to build strong working relationships across all levels of the organization",https://id.jobstreet.com/id/job/91722683,,IT Support,indonesia,"['r', 'java']",2,2026-04-28T11:04:43.390024
91739383,Lowongan Kerja Part-Time Programming Teacher For Kids And Teens For Balikpapan,PT Timedoor Indonesia,,"Info Terbaru Lowongan Kerja Part Time Programming Teacher for Kids and Teens for Balikpapan Balikpapan Mei 2026 di Timedoor. Salam Sejahtera buat agan yang sedang membutuhkan pekerjaan. Semoga tidak putus asa untuk mencari pekerjaan yang sesuai dengan ijazah Anda. Memang kadang mencari pekerjaan yang sesuai sangatlah tidak gampang di tahun 2026 ini. Pada kesempatan ini admin akan memberikan info Lowongan Kerja Part Time Programming Teacher for Kids and Teens for Balikpapan Balikpapan Mei 2026 di Timedoor. Berikut ini informasi lebih rinci mengenai Lowongan Kerja Part Time Programming Teacher for Kids and Teens for Balikpapan Balikpapan Mei 2026 Timedoor.

Lowongan Kerja Part Time Programming Teacher for Kids and Teens for Balikpapan Balikpapan Mei 2026 Timedoor


Berikut ini adalah kualifikasi yang harus Anda penuhi untuk mengajukan lamaran Lowongan Kerja Part Time Programming Teacher for Kids and Teens for Balikpapan Balikpapan Mei 2026 Timedoor yang dibuka pada bulan Mei 2026 ini:

Timedoor Academy is looking for part-time programming teachers to teach students of age 8 to 18 years old in our Balikpapan branch

Komplek Ruko Balikpapan Baru, Sentra Eropa II Blok AB 6 No. 18, Damai, Balikpapan, Kota Balikpapan, Kalimantan Timur 76114

Timedoor Academy provides courses where children of all ages, as well as adults, can learn programming and design in a fun way for students in Indonesia.

Teachers for kids are not required to have professional programming skills since the materials will be more like logic and computers such as Code.org, Tynker and Scratch plus we will train our curriculum first.

For Teens and Adults Teachers are required to have learned basic coding especially JavaScript, CSS, HTML and/or Roblox. No teaching experience is needed for teens and adults teachers since there will be special training to understand our teaching style.

University students are welcome to apply for this position.

If you are the right person for this job, we will invite you to the next selection step online.

Responsibility:

- Teaching Programing to kids elementary or junior school students

- Report teaching result

- Cooperate in a team work to improve teaching quality

Competency:

- Basic Computer Literacy

- For teens teachers; coding experience especially JavaScript is preferred

- Fluent in English is preferrable

- Good communication skill to work in a team

- Discipline, Responsible and have a mindset to code the student’s future with IT education

Notes:

-Flexible Hours

-Training and Curriculum are provided

-University students are welcome to apply

Job Type: Part-time

Experience:

Teaching: 1 years (Preferred)
Programming: 1 years (Preferred)

Job Type: Part-time
Part-time hours: 18 per week

Experience:

Teaching: 2 years (Preferred)
Programming: 2 years (Preferred)

Work Location: In person

Hanya pelamar yang memenuhi ketentuan di atas yang akan dipanggil untuk melakukan wawancara. Untuk itu jika Anda berminat dan memenuhi kandidat Lowongan Kerja Part Time Programming Teacher for Kids and Teens for Balikpapan Balikpapan Mei 2026 Timedoor di atas, silahkan kirimkan lamaran Anda sebelum batas pendaftaran.

Demikian kabar Lowongan Kerja Part Time Programming Teacher for Kids and Teens for Balikpapan Balikpapan Mei 2026 Timedoor yang dapat kami sampaikan. Semoga info lowongan kerja hari ini membantu Anda sekalian yang sedang mencari pekerjaan. Jika Info lowongan kerja di atas tidak pas dengan kualifikasi Anda, tidak ada salahnya untuk membaca informasi lowongan kerja lainnya di bawah ini. Akhir kata kami ucapkan kam sia sudah mengunjungi website ini, jangan lupa untuk membagikan info bermanfaat ini melalui facebook dan twitter. Selamat mencari kerja dan berkarya!

Jika Anda tertarik melamar Lowongan Kerja Part Time Programming Teacher for Kids and Teens for Balikpapan Balikpapan Mei 2026 Timedoor, segera siapkan berkas dan dokumen yang dibutuhkan untuk mengisi Lowongan Kerja Part Time Programming Teacher for Kids and Teens for Balikpapan Balikpapan Mei 2026 Timedoor tersebut. Silakan klik tombol ""Kirim Lamaran"" di bawah ini.

  Kirim Lamaran",https://id.jobstreet.com/id/job/91739383,,IT Support,indonesia,"['r', 'java', 'javascript']",3,2026-04-28T11:04:48.342933
91722572,Account Manager,PT ELISTEC INFORMATIKA UTAMA,,"Responsibilities:
1. Mengelola dan menjaga hubungan baik dengan klien existing
2. Memahami kebutuhan klien dan memberikan solusi yang sesuai
3. Menjadi penghubung antara klien dan tim internal
4. Mengidentifikasi peluang upselling dan cross-selling
5. Memastikan kepuasan klien serta menangani issue yang muncul
6. Membuat report terkait performa account dan aktivitas klien

Qualifications:
1. Minimal S1 dari semua jurusan
2. Pengalaman sebagai Account Manager / Account Executive minimal 1 tahun
3. Memiliki kemampuan komunikasi dan negosiasi yang baik
4. Terbiasa handling client dan managing multiple accounts
5. Berorientasi pada target dan hasil
6. Memiliki kemampuan problem solving yang baik

Plus Point:
1. Berpengalaman di bidang IT / outsourcing / consulting
2. Memiliki network client yang luas",https://id.jobstreet.com/id/job/91722572,,IT Support,indonesia,['r'],1,2026-04-28T11:04:53.464921
91722566,Channel Account Manager (Central Java),PT Acer Indonesia,,"Hi, Jobseeker!




Acer Indonesia is looking for Channel Account Manager (Central Java - Yogyakarta base). 


Responsibilities:

Planning (forecasting, mapping) & executing sales strategic to hit or exceed revenue target all consumer product line.

Maintaining mutual business with existing channel and exploring new channel for expansion distribution coverage in area

Identifying market movement, market data from independent 3rd parties (e.g. GFK, Windows Activation etc) to grow market share in area

Monitoring and coordinating field force (Account Executive & Promoter) related store visibility




Requirements:

Minimum Bachelor’s degree from any major

Minimum 5 years’ experience in sales for IT/Consumer Electronic/Smartphone Industry

Proficient in Ms. Office (Excel & PowerPoint)

Able to do presentation

Having the ability to build strong working relationships across all levels of the organization",https://id.jobstreet.com/id/job/91722566,,IT Support,indonesia,"['r', 'java']",2,2026-04-28T11:04:58.487442
91722612,Lowongan Kerja Teknisi Jaringan Balikpapan Pt Duta Generasi Mandiri 1 Balikpapan,PT Duta Generasi Mandiri 1,,"Info Terbaru Lowongan Kerja Teknisi Jaringan Balikpapan Balikpapan Mei 2026 di PT Duta Generasi Mandiri 1. Salam Sukses untuk pengunjung setia yang sedang mencari pekerjaan. Semoga tidak putus asa untuk mencari pekerjaan yang sesuai dengan impian Anda. Memang seringkali mencari pekerjaan yang pas sangatlah tidak gampang di tahun 2026 ini. Pada kesempatan ini admin akan memberikan informasi Lowongan Kerja Teknisi Jaringan Balikpapan Balikpapan Mei 2026 di PT Duta Generasi Mandiri 1. Berikut ini info lebih lengkap mengenai Lowongan Kerja Teknisi Jaringan Balikpapan Balikpapan Mei 2026 PT Duta Generasi Mandiri 1.

Lowongan Kerja Teknisi Jaringan Balikpapan Balikpapan Mei 2026 PT Duta Generasi Mandiri 1


Berikut ini adalah ketentuan yang harus Anda penuhi untuk melamar Lowongan Kerja Teknisi Jaringan Balikpapan Balikpapan Mei 2026 PT Duta Generasi Mandiri 1 yang dibuka pada bulan Mei 2026 ini:

- Mengelola instalasi, aktivasi, dan pemeliharaan jaringan pelanggan secara end-to-end.
- Menyediakan solusi teknis dan penanganan kendala (troubleshooting) yang cepat dan tepat.
- Menjamin keberlanjutan layanan dan kepuasan pelanggan melalui edukasi serta komunikasi yang efektif.
- Menyelaraskan kualitas layanan lapangan dengan visi dan misi perusahaan.

Kualifikasi :
- Pendidikan min. SMK min. nilai 80 atau D3/S1 IPK min. 3.00 (TEKNIK INFORMATIKA/ILMU KOMPUTER/TEKNIK TELEKOMUNIKASI /TEKNIK ELEKTRO)
- Memiliki pengalaman min. 1 tahun di bidang yang sama
- Memiliki pengetahuan di bidang Fiber Optic, FTTH atau telekomunikasi/ISP
- Memiliki keterampilan menggunakan alat OPM, OTDR, & Splicer
- Memiliki komunikasi yang baik
- Usia Maksimal 30 Tahun

Benefit :
- Gaji Pokok UMK Penempatan
- Tunjangan Pendidikan (D3/S1)
- Tunjangan Lembur & THR
- BPJS Kesehatan & Ketenagakerjaan
- Jenjang Karir

Jenis Pekerjaan: Penuh Waktu

Lokasi Kerja: Bepergian

Hanya peserta yang memenuhi persyaratan di atas yang akan dipanggil untuk melakukan tes selanjutnya. Untuk itu jika Anda berminat dan memenuhi kandidat Lowongan Kerja Teknisi Jaringan Balikpapan Balikpapan Mei 2026 PT Duta Generasi Mandiri 1 di atas, silahkan kirimkan lamaran Anda sebelum closing date.

Demikian informasi Lowongan Kerja Teknisi Jaringan Balikpapan Balikpapan Mei 2026 PT Duta Generasi Mandiri 1 yang dapat kami sampaikan. Semoga informasi lowongan kerja hari ini membantu Anda sekalian yang sedang mencari pekerjaan. Jika Info lowongan kerja di atas tidak cocok dengan pendidikan Anda, tidak ada salahnya untuk membaca informasi lowongan kerja lainnya di bawah ini. Akhir kata kami ucapkan banyak terima kasih sudah mengunjungi website ini, jangan lupa untuk membagikan info bermanfaat ini melalui facebook dan twitter. Selamat mencari kerja dan berkarya!

Jika kamu tertarik melamar Lowongan Kerja Teknisi Jaringan Balikpapan Balikpapan Mei 2026 PT Duta Generasi Mandiri 1, segera siapkan berkas dan dokumen yang dipersyaratkan untuk mendaftar Lowongan Kerja Teknisi Jaringan Balikpapan Balikpapan Mei 2026 PT Duta Generasi Mandiri 1 tersebut. Silakan klik tombol ""Kirim Lamaran"" di bawah ini.

  Kirim Lamaran",https://id.jobstreet.com/id/job/91722612,,IT Support,indonesia,['r'],1,2026-04-28T11:05:03.770639
91721430,IT Project Management,PT Karisma Zona Kreatifku,,"IT Project Management (GCP & AI Specialist) | Hybrid Working ☁️🤖




🏢 Skema kerja Hybrid (WFO & Remote). WFO di Kantor Mega Kuningan

🤝 Kesempatan bekerja dengan tim lintas fungsi yang dinamis dan stakeholder overseas (dibutuhkan yang bahasa Inggrisnya lancar)




Apa yang Kami Cari?

Pendidikan S1 Teknologi Informasi, Ilmu Komputer, atau bidang terkait.

Pengalaman 3–5 tahun dalam Manajemen Proyek IT.

Pemahaman kuat tentang konsep Google Cloud Platform (GCP) (Compute, Storage, Networking, Security).

Pemahaman dasar tentang AI / Machine Learning / Generative AI.

Pemahaman tentang data pipeline dan alur kerja analitik

Pengalaman menangani proyek AI/Data (Chatbot, Otomasi, dll)

Memiliki sertifikasi Google Cloud Associate/Professional atau PMP is a plus.

Kemampuan komunikasi yang sangat baik dalam Bahasa Inggris (akan berkolaborasi dengan stakeholder internasional).

Berpengalaman dengan metodologi Agile / Scrum.


Tanggung Jawab Utama:

Memimpin pengiriman proyek GCP dan AI (seperti migrasi cloud dan solusi Gen AI).

Mengelola siklus hidup proyek menggunakan metodologi Agile / Scrum.

Memantau progres, mengidentifikasi risiko teknis, dan memberikan laporan rutin.

Mengoordinasikan keselarasan arsitektur proyek dengan tim engineer dan data.

Menjaga dokumentasi proyek (rencana, lingkup, dan linimasa).




Nilai Tambah (Preferred):

* Memiliki pengalaman sebagai System Analyst

* Terbiasa dengan layanan GCP seperti BigQuery, Vertex AI, atau GKE.

* Memiliki sertifikasi profesional (Google Cloud, PMP, atau Scrum Master).",https://id.jobstreet.com/id/job/91721430,Rp 10.000.000 – Rp 14.000.000 per month,IT Support,indonesia,"['gcp', 'r', 'agile', 'scrum']",4,2026-04-28T11:05:08.987182
91729768,Computer System Validation QA Supervisor,PT Erela,,"Kami adalah perusahaan farmasi yang terus berkembang dan berkomitmen menghadirkan produk berkualitas tinggi sesuai standar CPOB serta regulasi BPOM.

Jobdesc

Menyusun, melakukan review, dan memastikan pelaksanaan Computer System Validation (CSV) sesuai dengan ketentuan CPOB dan regulasi terkait industri farmasi.
Melakukan risk assessment terhadap sistem komputerisasi yang berdampak pada kualitas produk.
Memastikan dan mengarahkan tim dalam pelaksanaan aktivitas validasi agar berjalan tepat waktu, akurat, dan sesuai compliance.
Berkoordinasi dengan tim IT dan user terkait dalam implementasi, perubahan, dan pemeliharaan sistem komputerisasi.

Kualifikasi
Pendidikan minimal S1 Farmasi, Teknologi Informasi, Sistem Informasi, atau bidang terkait.
Memiliki pengalaman minimal 3–5 tahun di bidang QA / CSV / IT Compliance, diutamakan di industri farmasi.
Memahami regulasi CPOB, prinsip Data Integrity, serta penerapan validasi sistem komputer di industri farmasi dan konsep lifecycle validation dan risk-based approach dalam CSV.

Apply Now
Kirimkan CV dan lamaran terbaik Anda melalui email: recruitment@erela.id
WhatsApp (Reza – Recruitment): 08112784470
Untuk info lowongan terbaru follow Instagram Career kami: @erela.career",https://id.jobstreet.com/id/job/91729768,,IT Support,indonesia,['r'],1,2026-04-28T11:05:14.209397
91720858,"Business Development Specialist (IP Proxy Server, Web Scraping)",PT XIAOXI TECH INDONESIA,,"Business Development Specialist (IP Proxy Server)

Qualifications:

1. Bachelor Degree or above; IT related majors are preferred;

2. Possess more than 2 years of B2B business experience, MUST HAVE EXPERIENCE in IP Proxy Server/Data Collection/Web Scraping/Cloud Industry;

3. Have good communication skills and business negotiation skills, and be able to independently conduct and implement cooperation plans and implementation plans;

4. Have a deep understanding and knowledge about IP Proxy;

4. Strong learning ability, proactive, self-motivated, goal-oriented, and adaptable in a fast-paced start-up environment;

5. MUST BE FLUENT in English, English will be used as a working language;

6. Fully Work From Office (WFO) Mon-Fri, placement in Sudirman, South Jakarta.

Job Responsibilities:

1. Business Development

Responsible for expanding the enterprise (B2B) customer base, with a focus on industries such as big data, cybersecurity, digital marketing, and advertising.

Conduct market research, client visits, and engage in both online and offline channels to proactively acquire potential customers, establishing and maintaining a high-value customer database.

2. Client Relationship Management

Maintain regular communication with existing clients to understand their latest business developments and project requirements.

Identify and explore potential client needs, offering tailored products or solutions to enhance customer satisfaction.

Develop and execute client retention plans to encourage repeat business and foster long-term partnerships.

3. Market Research and Analysis

Continuously monitor the competitive landscape of cloud computing in the Indonesian and Malaysian markets.

Collect and analyze competitor information, including product features, application scenarios, pricing models, and market share.

Prepare comprehensive market analysis reports to provide data-driven insights and support strategic business decisions.

4. Local Supplier Development and Business Negotiations

Assist in the development of local supply chain resources, including but not limited to telecommunications operators, cloud infrastructure providers, and related technology partners.

Participate in the creation of cooperation proposals, lead business negotiations, and facilitate contract signing and execution.

Track project progress to ensure timely and successful implementation of cooperative initiatives.",https://id.jobstreet.com/id/job/91720858,Rp 25.000.000 – Rp 35.000.000 per month,IT Support,indonesia,"['r', 'git', 'ios']",3,2026-04-28T11:05:19.190634
91717280,IT inventory,PT. Jaya Rancang Cipta,,"Deskripsi Perusahaan
PT. Jaya Rancang Cipta adalah perusahaan manufaktur kendaraan listrik yang berfokus pada solusi mobilitas untuk sektor komersial dan industri yang berfokus pada bidang manufaktur ekspor. Kami menghadirkan produk EV berkinerja tinggi yang didukung oleh inovasi, efisiensi operasional, serta kepatuhan terhadap standar industri dan regulasi yang berlaku di negara tujuan ekspor.

Deskripsi Pekerjaan
Kami mencari IT Inventory Staff yang bertanggung jawab dalam pengelolaan sistem inventory berbasis IT untuk memastikan akurasi data, pemantauan stok secara real-time menggunakan aplikasi ""Accurate"", serta kepatuhan terhadap regulasi Kawasan Berikat (Bea Cukai / DJBC).

Tanggung Jawab

Mengelola sistem IT Inventory untuk pencatatan dan pemantauan stok (raw material, WIP, dan finished goods) secara real-time

Mencatat dan memonitor transaksi impor dan ekspor sesuai ketentuan Bea Cukai

Menyusun laporan persediaan, termasuk laporan mutasi sesuai standar DJBC

Memastikan integrasi sistem dan akurasi data untuk kebutuhan internal dan kepabeanan

Mendukung proses stock opname dan rekonsiliasi data inventory

Berkoordinasi dengan tim gudang, finance, dan pihak terkait

Kualifikasi

Pendidikan minimal S1 Sistem Informasi, IT, Akuntansi, atau bidang terkait

Pengalaman 1–3 tahun di bidang IT Inventory, warehouse system, atau Kawasan Berikat

Memahami sistem Kawasan Berikat / pelaporan DJBC menjadi nilai tambah

Familiar dengan sistem inventory, ERP, atau database

Teliti, analitis, dan mampu bekerja dengan data secara akurat

Memiliki kemampuan komunikasi dan koordinasi yang baik

Poin Plus:

Pengalaman menggunakan aplikasi ""Accurate""",https://id.jobstreet.com/id/job/91717280,Rp 7.000.000 – Rp 10.000.000 per month,IT Support,indonesia,['r'],1,2026-04-28T11:05:24.470917
91717280,IT inventory,PT. Jaya Rancang Cipta,,"Deskripsi Perusahaan
PT. Jaya Rancang Cipta adalah perusahaan manufaktur kendaraan listrik yang berfokus pada solusi mobilitas untuk sektor komersial dan industri yang berfokus pada bidang manufaktur ekspor. Kami menghadirkan produk EV berkinerja tinggi yang didukung oleh inovasi, efisiensi operasional, serta kepatuhan terhadap standar industri dan regulasi yang berlaku di negara tujuan ekspor.

Deskripsi Pekerjaan
Kami mencari IT Inventory Staff yang bertanggung jawab dalam pengelolaan sistem inventory berbasis IT untuk memastikan akurasi data, pemantauan stok secara real-time menggunakan aplikasi ""Accurate"", serta kepatuhan terhadap regulasi Kawasan Berikat (Bea Cukai / DJBC).

Tanggung Jawab

Mengelola sistem IT Inventory untuk pencatatan dan pemantauan stok (raw material, WIP, dan finished goods) secara real-time

Mencatat dan memonitor transaksi impor dan ekspor sesuai ketentuan Bea Cukai

Menyusun laporan persediaan, termasuk laporan mutasi sesuai standar DJBC

Memastikan integrasi sistem dan akurasi data untuk kebutuhan internal dan kepabeanan

Mendukung proses stock opname dan rekonsiliasi data inventory

Berkoordinasi dengan tim gudang, finance, dan pihak terkait

Kualifikasi

Pendidikan minimal S1 Sistem Informasi, IT, Akuntansi, atau bidang terkait

Pengalaman 1–3 tahun di bidang IT Inventory, warehouse system, atau Kawasan Berikat

Memahami sistem Kawasan Berikat / pelaporan DJBC menjadi nilai tambah

Familiar dengan sistem inventory, ERP, atau database

Teliti, analitis, dan mampu bekerja dengan data secara akurat

Memiliki kemampuan komunikasi dan koordinasi yang baik

Poin Plus:

Pengalaman menggunakan aplikasi ""Accurate""",https://id.jobstreet.com/id/job/91717280,Rp 7.000.000 – Rp 10.000.000 per month,IT Support,indonesia,['r'],1,2026-04-28T11:06:01.713849
91720448,Technical Consultant Assc.,"PT. Metrodata Electronics, Tbk",,"DUKUNGAN PRA PENJUALAN

Ikut serta mengevaluasi, mengidentifikasi, serta memberikan rekomendasi, dalam hal memberikan solusi dan konsultasi yang sesuai dengan kebutuhan pelanggan.

RENCANA IMPLEMENTASI

Menyusun rencana implementasi solusi dan konsultasi yang diwakilinya, melaksanakan dan memonitor proses implementasi yang menjadi lingkup tanggung jawabnya.

DUKUNGAN PURNA JUAL

Mengadakan kontak langsung dengan pelanggan untuk memberikan pemecahan terhadap permasalahan yang muncul setelah implementasi berjalan, sekaligus meneliti & merekomendasikan kemungkinan pengembangan solusi baru.

INSTRUKTUR PELATIHAN

Menjadi instruktur / pembimbing bagi pelanggan dalam mempelajari dan memahami solusi yang diimplementasikan.

PENGEMBANGAN PROFESI

Memelihara dan mengembangkan pengetahuan dan ketrampilan dalam area spesialisasi yang menjadi area tanggung jawabnya",https://id.jobstreet.com/id/job/91720448,,IT Support,indonesia,['r'],1,2026-04-28T11:06:06.809162
91719917,Teknisi Komputer/EDC,PT Visionet Data Internasional,,"Jobdesc :

- Melakukan instalasi dan konfigurasi komputer serta mesin EDC agar siap digunakan dan berjalan optimal di lokasi kerja atau merchant.

- Menangani perawatan serta troubleshooting perangkat komputer dan EDC, baik dari sisi hardware, software, maupun koneksi jaringan secara cepat dan tepat.

- Melakukan monitoring kondisi perangkat secara berkala (preventive maintenance) serta menyusun laporan hasil pekerjaan dengan rapi dan jelas.

- Melakukan penggantian unit, perbaikan, serta update software/firmware untuk menjaga performa perangkat tetap maksimal.

- Membantu user atau merchant dengan pelayanan yang responsif dan solutif.




Kualifikasi :

- Pendidikan minimal SMK/D3 jurusan IT seperti Teknik Komputer, Jaringan, atau Informatika.

- Memiliki pemahaman yang baik mengenai hardware, software, serta dasar jaringan komputer.

- Mampu melakukan analisis masalah dan troubleshooting secara mandiri maupun tim.

- Memiliki kemampuan komunikasi yang baik serta mampu memberikan pelayanan teknis dengan profesional.

- Siap bekerja secara mobile/lapangan dengan mobilitas tinggi dan memiliki inisiatif dalam menyelesaikan tugas.

- Memiliki kendaraan bermotor & SIM C menjadi nilai tambah.

- Penempatan : seluruh Indonesia",https://id.jobstreet.com/id/job/91719917,,IT Support,indonesia,['r'],1,2026-04-28T11:06:11.919817
91718272,Presales Engineer,PT. Nexto Global Teknologi,,"Nexto Global (operating as PT Nexto Global Teknologi in Indonesia) is a regional IT solutions company specializing in hardware maintenance and support services across the Asia Pacific. Founded in Singapore in 2012, the company has expanded to include offices and warehouses in multiple countries, including Hong Kong, Thailand, Malaysia, and Indonesia.




Job Summary:

We are seeking a skilled Presales Engineer to cultivate and strengthen relationships with suppliers, transforming them into strategic business partners. This role focuses on fostering collaborative alliances that benefit both DCSS Technology and our partners, enabling joint business opportunities, innovation, and shared growth. The ideal candidate will excel in negotiation, relationship-building, and strategic alignment to support our expanding IT services portfolio.

Responsibilities

Support the sales team by providing technical expertise during the sales process

Understand customer requirements and propose appropriate technical solutions

Prepare and deliver product presentations, demos, and technical proposals

Assist in creating solution designs, architectures, and cost estimates

Respond to technical questions, RFPs, and RFIs

Coordinate with internal teams (engineering, product, and support) to ensure solution feasibility

Participate in proof of concept (POC) activities when required

Stay updated on company products, technologies, and industry trends

Minimum Qualifications

Bachelor’s degree in Engineering, Computer Science, Information Technology, or a related field

1–3 years of experience in a technical, presales, or solution support role

Basic understanding of networking, Server, Storage, or Cloud Solutions

Ability to communicate technical concepts clearly to non-technical audiences

Good presentation, Communication and documentation skills

Proficient in English (written and verbal)

Preferred Qualifications

Experience in presales, solution engineering, or technical sales

Hands-on experience with product demos, proof of concepts (POCs), or solution design

Industry certifications relevant to the role (e.g., cloud, networking, Server, security, or software platforms)

Strong problem-solving and customer-facing skills

More pro-active to gather customer requirement

Experience working with sales teams and cross-functional teams




Don't miss out this opportunity! We are looking forward to talking with you.",https://id.jobstreet.com/id/job/91718272,Rp 13.000.000 – Rp 18.000.000 per month,IT Support,indonesia,['r'],1,2026-04-28T11:06:17.035053
91718169,IT Application Support Engineer,PT RHB Sekuritas Indonesia,,"Responsibilities

Support and maintain vendor‑supplied brokerage platforms covering trading, order management, market connectivity, and post‑trade systems. Act as the primary technical liaison with external vendors, handling production incidents, defects, patches, upgrades, and release coordination. Monitor application health, interfaces, and batch processes to ensure high availability and performance, while performing root cause analysis (RCA) and resolving issues in line with SLAs.

Provide hands-on technical troubleshooting across Java and Microsoft‑based applications, including configuration analysis, log review, and code‑level investigation. Deliver hands-on PHP development for fixes, enhancements, utilities, and automation tools supporting internal platforms, portals, and integration layers. Diagnose and resolve issues across the full technology stack, including application, database, middleware, and operating system layers.

Support application servers, middleware, enterprise integrations, APIs, messaging systems, and file‑based interfaces. Participate in change and release management with proper risk assessment and rollback planning. Maintain application documentation, runbooks, and SOPs, ensuring all changes comply with internal governance, security, and regulatory requirements.




Requirements

Bachelor's Degree in Computer Science / Information Technology or Equivalent.

Minimum 3-8 years of working experience in relevant field.

Proven experience supporting vendor‑supplied enterprise applications, preferably in financial services, with strong expertise in Java, Microsoft technologies (.NET, SQL Server), PHP, SQL, and system monitoring.

Solid background in production support, incident and problem management, RCA, and SDLC best practices, with strong communication and problem‑solving skills.

Good verbal and written communication in English will be advantage.

Willingness to work on a contract basis.",https://id.jobstreet.com/id/job/91718169,,IT Support,indonesia,"['php', 'r', 'java', 'sql']",4,2026-04-28T11:06:22.153652
91718075,IT Programmer,PT Stainless Steel Primavalve MajuBersama,,"IT Programmer




Kualifikasi Umum:

Pendidikan minimal D3 / S1 Teknik Informatika, Sistem Informasi, atau jurusan terkait

Pengalaman minimal 1–2 tahun sebagai Programmer (fresh graduate dipertimbangkan)

Mampu bekerja mandiri maupun dalam tim

Memiliki komunikasi yang baik, bertanggung jawab, dan proaktif

Bersedia membantu IT Support apabila dibutuhkan




Tanggung Jawab:

Mengembangkan dan memelihara aplikasi berbasis ASP.NET / VB.NET dan PHP

Membuat dan memodifikasi aplikasi maupun report

Melakukan integrasi aplikasi dengan database Sybase

Melakukan support sistem/aplikasi, bug fixing, dan enhancement

Sesekali membantu IT Support (troubleshooting ringan, support user, koordinasi dengan tim IT)

Berkoordinasi dengan tim user dalam analisa kebutuhan dan perbaikan sistem




Kualifikasi Keahlian:

Menguasai ASP.NET dan PHP

Terbiasa menggunakan VB.NET

Berpengalaman menggunakan DevExpress (ASP.NET / WinForms)

Menguasai Database SQL Server

Memahami atau berpengalaman menggunakan Database Sybase menjadi nilai tambah

Mampu membuat dan mengoptimalkan Query SQL, Stored Procedure, View, dan Trigger

Memahami konsep debugging, troubleshooting, dan maintenance aplikasi




📍 Penempatan: Cikupa, Kabupaten Tangerang",https://id.jobstreet.com/id/job/91718075,,IT Support,indonesia,"['php', 'r', 'express', 'sql']",4,2026-04-28T11:06:27.282069
91717669,IT Project Manager,PT BUMI INDO JAYA,,"Saat ini, PT. Bumi Inovasi Ganapatih sedang membuka lowongan pekerjaan posisi ""IT Project Manager” untuk penempatan di Tegalsari, Surabaya.




Kualifikasi yang dibutuhkan:

Pendidikan minimal S1 atau setara di bidang terkait.

Memiliki pengalaman kerja minimal 2 tahun di bidang yang relevan.

Memiliki kemampuan dalam komunikasi, problem solving, analytical, dan critical thinking.

Menguasai project management, goal setting, dan pengetahuan di bidang development cycle.




Tanggung Jawab:

Merencanakan dan mengelola project agar berjalan sesuai target dan timeline.

Memastikan seluruh proses project sesuai dengan SOP.

Mengelola komunikasi serta kinerja vendor dan developer.

Memantau dan mengevaluasi kinerja vendor/developer, termasuk pencegahan developer ghosting.

Melakukan tindak lanjut hasil evaluasi untuk menjaga kualitas delivery project.

Mencatat dan mengelola data workhour secara akurat dan tepat waktu.

Menganalisis data workhour untuk evaluasi kinerja tim dan individu.

Memastikan seluruh tiket customer service terselesaikan 100% sesuai SOP.

Menjaga dokumentasi project sebagai referensi operasional.

Mengembangkan dan menerapkan kemampuan project management.",https://id.jobstreet.com/id/job/91717669,,IT Support,indonesia,['r'],1,2026-04-28T11:06:32.650902
91717634,IT - Business Analyst,"PT Indomobil Sukses Internasional, Tbk",,"Tanggung Jawab Utama

Analisis proses dan kebutuhan bisnis perusahaan

Design aplikasi bisnis yang sesuai dengan proses dan kebutuhan bisnis perusahaan

Melakukan koordinasi dengan tim terkait untuk proses pengembangan aplikasi

Melakukan testing aplikasi dan menjalankan UAT

Melakukan monitoring dan support aplikasi

Keterampilan, Kualifikasi, dan Pengalaman yang Dibutuhkan

Gelar sarjana dalam Teknik Komputer dan Teknologi Informasi

Memiliki pengalaman Business Analyst atau System Analyst menjadi nilai tambah

Kemampuan analisa proses dan pengentahuan teknis programming.

Keterampilan komunikasi yang baik, baik lisan maupun tertulis, dan kemampuan untuk berkolaborasi dengan berbagai pemangku kepentingan.",https://id.jobstreet.com/id/job/91717634,,IT Support,indonesia,['r'],1,2026-04-28T11:06:37.891066
91717039,IT Support Programmer Staff (Cibitung),Fuji Recruitment (PT. Fuji Bijak Prestasi),,"Manage company's hardware and software

Trouble shooting hardware & software

Managing company's printer, phone, CCTV

Support programming for internal system

Monitor MTC AC, kaizen, public facilities




Requirements :

· Possess minimum Bachelor’s Degree (S1) in Computer Science, Information System or equivalent

· At least 2 year(s) of experience as IT IT Support/Infrastructure/Networking/Programming is required for this position

· Able to communicate in English, both (oral and written)

· Computer Skills: firewall, fortinet, linux, windows, CCTV, PABX, disaster, recovery plan, ubiquity WIFI, end point antivirus, software, hardware, network, server

· Able to self drive (car/motorcycle) and willing to work without pickup services

· Willing to work in Cibitung, Bekasi area

· ONLY CV IN ENGLISH WILL BE PROCESSED",https://id.jobstreet.com/id/job/91717039,Rp 5.900.000 – Rp 6.800.000 per month,IT Support,indonesia,"['linux', 'r']",2,2026-04-28T11:06:43.051566
91717214,IT Development Senior Executive,PT Panen Lestari Indonesia,,"Responsibilities: 

Develop and maintain RESTful APIs & microservices using Java Spring Boot

Apply OOP principles, design patterns, and clean code practices

Design and optimize MS SQL databases and queries

Implement asynchronous processing using message queues

Support system integration across Java, C#, and C++




Requirements:

Bachelor's degree in Information Technology, Information Systems, or a related field

Minimum 3 years of experience with Java Spring Boot (RESTful APIs)

Familiar with TomEE Java Server, Jakarta EE, C#, C++, JSF

Proficient in English, both written and verbal

Strong analytical thinking and problem-solving skills

Understanding of the Software Development Life Cycle (SDLC)",https://id.jobstreet.com/id/job/91717214,,IT Support,indonesia,"['c#', 'r', 'c++', 'java', 'spring boot', 'sql']",6,2026-04-28T11:06:48.256356
91716972,Technical Project Manager,TADA,,"AI-Driven Loyalty & Rewards Solutions!

Who are we?

Tada is a B2B2C loyalty and rewards platform that helps businesses improve channel partner, customer, and employee retention, build loyalty, and drive growth. Founded in 2012, Tada offers unified solutions that create engaging and rewarding experiences.

As an Indonesian SaaS company with a global footprint, Tada has assisted 400+ local and international brands across various industries. Our game-changing loyalty solutions have also garnered numerous awards, solidifying our reputation as a leader in the sector.




Job Opportunities

Job Title: Technical Project Manager

Department: Product

Working Arrangement: On-site




Information about the role:

We’re looking for a Technical Project Manager to lead the end-to-end onboarding process, from deal signed to go-live, ensuring a smooth experience and happy clients. You’ll handle technical inquiries, prepare proposals and process flows based on client needs, and collaborate across teams. The ideal candidate has strong stakeholder management skills, proven negotiation experience, and the ability to read API documentation and execute requests via Postman.




Key Responsibility

Help clients integrate with the system and ensure they fully understand the product's capabilities, including features and integration.

Ensure client satisfaction during the onboarding process.

Handle the end-to-end onboarding process from deal signing to go-live as quickly as possible.

Conduct product demonstrations for clients.

Deliver training and socialization sessions to clients regarding project implementation.

Manage complex projects (On-Premise, On-Cloud, SaaS), including creating project timelines and ensuring timely delivery.

Conduct testing and UAT during project implementation.

Identify client demands, resolve core issues, and provide solutions.

 Ensure proper documentation, such as BRDs and SOPs, is created and reviewed to meet business requirements.

Coordinate effectively with internal teams to prevent miscommunication and ensure accurate interpretation.

Collaborate with clients to discuss, create, and review testing programs related to projects.

Build analysis and presentations to assist BOD in decision-making.

Coordinate well with internal parties to avoid any miscommunication and misinterpretation.




Requirement

Bachelor's degree with a minimum GPA of 3.50

2–4 years related experience. Fresh graduates are welcome.

Fluency in English and Bahasa is a must

Having a PMP certification is a point-plus 

Have effective communication skills.

Team-oriented and good interpersonal skills.

Ability to learn quickly and willingness to explore possibilities.

Good interpersonal skills.

Able to understand, determine, and articulate requirements to achieve goals.

Passion for the role & energy to outserve.

Quantitative discipline with strong business sense and ability to articulate complex analyses to a wide range of audiences, and translate these into actionable business activity




Why You'll Love Working Here?

Growth Opportunities: We support your learning and development aspirations, both within and outside our organization, aiming to nurture an entrepreneurial spirit in our team.

Unique Work Environment: Experience the unique blend of a mission-driven digital company with the innovative mindset of a start-up, enriched by our presence since 2012.

Celebrate With Us: We love to celebrate work anniversaries and birthdays

Learning and lots of it. We promote vertical and lateral movement. It’s not uncommon for Tayo (that’s what we call our team) to move divisions two or three times throughout their career. We want people to learn new stuff that excites them.

Sincere teamwork. This word isn’t officially in our values, but when I asked new joiners about what value they really feel at Tada that’s not stated on our wall, many mentioned that Tayo is really helpful and they can feel the ‘teamwork’ atmosphere

Think and act like an owner is our value. But the truth is, we don't want you to act like an owner; we want you to be a real owner. So for our top performers, we'd love to lure you into our stock options program




What We Do Not Promise

We do not promise fixed working hours. Sometimes, projects and deadlines may require additional hours or flexibility.

We do not promise unlimited resources or budgets. We may have to operate with limited resources and manage priorities carefully.

We do not promise a pressure-free environment. There are often high demands and significant expectations for growth and success.

If you're ready for a challenge and eager to make a real impact and be the Leading Loyalty & Rewards Platform in the region, leap and help us shape the future of loyalty and rewards!",https://id.jobstreet.com/id/job/91716972,,IT Support,indonesia,"['r', 'git']",2,2026-04-28T11:06:53.348541
91739489,Network Operation Center,PT Eka Mas Republik,,"Requirements:Min. pendidikan SMA/SMKBerpengalaman dalam Networking, Mikrotik, & OLT/FTTxBerpengalaman menggunakan perangkat Fiberhome, ZTE, & Huawei (NMS & U2000)Memiliki sertifikasi CCNA/CCNP lebih diutamakanBerdomisili di Yogyakarta",https://id.jobstreet.com/id/job/91739489,,IT Support,indonesia,['r'],1,2026-04-28T11:06:58.549661
91716478,GA & IT Support,TADA,,"AI-Driven Loyalty & Rewards Solutions!




Who Are We?

Tada is a B2B2C loyalty and rewards platform that helps businesses improve channel partner, customer, and employee retention, build loyalty, and drive growth. Founded in 2012, Tada offers unified solutions that create engaging and rewarding experiences.

As an Indonesian SaaS company with a global footprint, Tada has assisted 400+ local and international brands across various industries. Our game-changing loyalty solutions have also garnered numerous awards, solidifying our reputation as a leader in the sector.




Job Opportunities

Job Title: GA & IT Support

Department: People

Working Arrangement: On-site - Can join immediately


Information about the role

This role is responsible for ensuring smooth day-to-day office operations, both from General Affairs and IT Support perspectives. You will maintain office facilities, manage assets, and ensure all IT equipment, systems, and networks are functioning properly to support a productive work environment.




Key Responsibility

General Affairs (GA):

Maintain office facilities and assets (liaise with building management, ensure cleanliness and readiness of workspace)

Handle procurement of office supplies and equipment

Manage routine payments and purchases related to office operations

Oversee maintenance of all office assets

Supervise office support staff (e.g., Office Boys)

Prepare GA reports (asset tracking, purchases, etc.)

Assist in permits and maintain relationships with external vendors/partners

Safeguard company documents

IT Support:

Manage and maintain company IT assets (laptops, devices, peripherals)

Ensure all devices are properly set up, updated, and functioning (software installation, upgrades, troubleshooting)

Maintain office network infrastructure (Wi-Fi, internet connectivity, basic network security)

Support and troubleshoot hardware/software issues for employees

Manage and maintain office equipment such as printers and meeting room devices

Ensure basic IT security practices are implemented (access control, antivirus, device compliance, etc.)


Requirement

Open for fresh graduates or candidates with 1–2 years of experience, preferably from Engineering / IT or related fields

Strong negotiation and communication skills with external parties

Willingness to work overtime when needed

Proficient in Microsoft Excel

Ability to maintain and manage office assets (devices like computers, printers, etc.)

General administrative skills (filing, record-keeping, office supplies)

Basic IT knowledge for troubleshooting office devices

Vendor management experience

Ability to multitask and prioritize effectively

Strong problem-solving skills for office-related issues




Why You'll Love Working Here?

Growth Opportunities: We support your learning and development aspirations, both within and beyond your current role, nurturing an entrepreneurial mindset across our team.

Unique Work Environment: Experience the distinctive blend of a mission-driven digital company with the innovative mindset, built on a strong foundation since 2012.

Celebrate With Us: We recognize and celebrate work anniversaries and birthdays

Continuous Learning: We promote vertical and lateral movement across the organization. It’s common for Tayo (that’s what we call our team) to explore several positions  throughout their career as they discover what excites them

Genuine teamwork: While not officially listed in our values, new joiners consistently highlight the collaborative spirit and supportive atmosphere that defines our culture.

Think and act like an owner is our value: But the truth is, we don't want you to act like an owner; we want you to be a real owner. Top performers are invited to join our stock options program.




What We Do Not Promise

We do not promise fixed working hours. Projects and deadlines may require additional hours or flexibility.

We do not promise unlimited resources or budgets. We operate strategically, managing priorities with the resources available.

We do not promise a pressure-free environment. We maintain high standards with significant expectations for growth and performance excellence.

If you're ready for a challenge and eager to make a real impact and be the Leading Loyalty & Rewards Platform in the region Take the leap and help us shape the future of loyalty and rewards!",https://id.jobstreet.com/id/job/91716478,,IT Support,indonesia,"['r', 'git']",2,2026-04-28T11:07:03.672621
91716143,Paid Internship Head Office X DISNAKER,PT. LUNA BOGA NARAYAN (Kopi Janji Jiwa),,"Jiwa Group saat ini membuka kesempatan Program Internship/Magang (bekerja sama dengan Dinas Ketenagakerjaan DKI Jakarta) untuk penempatan di Head Office Jiwa Group, dengan detail sebagai berikut

Posisi Magang yang Dibuka :

• General Affairs

• Employer Branding

• Learning & Development

• Content Creator

• Graphic Design

• Marketing Communication

• Procurement

• Site Development

• IT Support

• Legal Support

• Accounting

__________________________________________________________________________________________________

Persyaratan :

• Mahasiswa tingkat akhir atau lulusan baru (fresh graduate) dari semua jurusan

• Memiliki KTP DKI Jakarta

• Bersedia mengikuti program magang selama 6 bulan (Mei – November 2026)

• Dapat mulai bekerja pada 4 Mei 2026

__________________________________________________________________________________________________

Benefit :

• Uang saku selama masa magang

• BPJS Ketenagakerjaan (JKK & JKM)

• Sertifikat pemagangan",https://id.jobstreet.com/id/job/91716143,,IT Support,indonesia,['r'],1,2026-04-28T11:07:08.824553
91716204,Service Supervisor - Industry South penempatan Jakarta Timur,PT Rentokil Initial Indonesia,,"Rentokil Initial is an international business services company employing over 35,000 colleagues across 70 countries. We strive to protect people and enhance lives,for example by controlling pests,improving hygiene and improving interior spaces with plants and scenting. We are experts in the field we operate in, investing in training, science, innovation, and technology. Listening and acting on feedback is part of our culture to support colleagues and our customers. Rentokil Initial regards equality and fairness as a fundamental right of all of its colleagues. We live our values of service, Relationships and Teamwork which were identified by our colleagues across the world.

Our family of businesses

Rentokil Pest Control is the world's leading commercial pest control company, operating in 70 countries and ranked in the top 3 in 65 of those countries. Rangking in the top 3 in 38 of the 44 countries we operate in, Initial Hygiene is the market leader who provides quality, diligent and friendly services to all customers. In France, Initial Workwear specialists in the supply and laundering of workwear, garments and protective uniforms and equipment: focusing on top quality products and services. Our plant business, Ambisius is seen as the expert in interior and exterior ""landscaping""; operating across the US, Europe, Asia & Pacisifc. Steritech Branch Protection by Rentokil Initial is an industry leader and pioneer, providing innovative solutions that help customers to mitigate risks and drive business growth. We also have specialist businesses such as Medical Services, Specialist Hygiene and Property Care, which lead their respective fields. Across all of our operations globally, we have a positive reputation among our customers for our knowledge and integrity. We have central support functions of Human Resource, IT, Finance, Legal and Marketing & Innovation in the Rentokil Initial Head Office locations and in Country. Working within our function departments, you would be supporting all of our businesses.

Job Description :

1. Supervise and manage our service technician

2. Maintainance area of customers

3. Support performance service technician

4. Make a report for customer about their service

Requirements:

Candidate must possess at least a Bachelor Degree of Agrotechnology, Biology, Environmental Health
At least 1 year(s) of working experience in the related field
Able to mobile and having a driving lisense
Good Communication and decision maker
Having leadership skill
Excellent command in spoken and written English
Willing to work at Jakarta, Bogor
Starting as soon as possible

Benefits:

Attractive monthly base salary
Performance Incentive
Training & Development
Career Path",https://id.jobstreet.com/id/job/91716204,,IT Support,indonesia,['r'],1,2026-04-28T11:07:14.133701
91715914,Technical Support,PT. MENARA INTEGRASI INDONESIA,,"Kami mencari Technical Support untuk mendukung operasional dengan menangani permasalahan teknis serta memastikan sistem dan layanan dapat berjalan secara optimal.

Kualifikasi :




Dapat bekerja sama dengan baik dalam group (team work)

Mampu menangani masalah - masalah Hardware dan Software

Mampu menangani masalah jaringan internet : Microtik, Access Point, Firewall, Switch

Mengerti dan dapat memantain : Cloud Server : Azure, Software License : Microsoft

Disiplin dan rapi dalam bekerja",https://id.jobstreet.com/id/job/91715914,,IT Support,indonesia,"['r', 'azure']",2,2026-04-28T11:07:19.331344
91739565,IT Support,GeekPlanner,,"Responsibility :

Provide day-to-day IT support for internal users (laptop, camera, devices, and software issues).

Troubleshoot hardware and software problems, including slow performance, system errors, and connectivity issues.

Handle installation, configuration, and maintenance of laptops, software, and office devices.

Support setup and maintenance of office equipment such as cameras, meeting tools, and other IT-related devices.

Ensure all IT equipment is functioning properly and perform regular checks/updates when needed.

Assist in managing IT assets and maintain proper documentation.

Respond to user issues in a timely and effective manner.

Qualifications :

Minimum Diploma or Bachelor’s Degree in Information Technology or related field.

Basic understanding of computer hardware, software, and network

troubleshooting.

Experience in IT Support / Helpdesk / End-User Support is a plus.

Familiar with common operating systems (Windows/Mac) and basic software installation.

Able to handle technical issues such as slow devices, system errors, and hardware troubleshooting.

Detail-oriented, responsive, and able to provide quick solutions to user issues.

Good communication skills and service-oriented mindset.

Willing to work in a fast-paced environment and support daily operational needs.

Placement, Grogol West Jakarta

-

Tanpa Pengalaman Bekerja

SMA/SMK

Terima kandidat tanpa foto diri

Terima kandidat dari mana saja",https://id.jobstreet.com/id/job/91739565,,IT Support,indonesia,['r'],1,2026-04-28T11:07:24.626404
91715458,Electromedical Technician Coor,Altius Hospital,,"Job Description:

Conduct inventory and monitoring of medical devices.

Reporting and repairing damage to medical devices and laboratories.

Perform routine maintenance of medical devices.

Requirements:

Min. D3 in Electromedicine

Have an active STR

Have experience in the same position at least 2 year

Have experience in Hospital industry

Mastering medical devices and laboratories

Honest, responsive and responsible",https://id.jobstreet.com/id/job/91715458,,IT Support,indonesia,['r'],1,2026-04-28T11:07:30.192728
91715066,IB Diploma Programme Coordinator,Pendidikan Amman Academy,,"Key Responsibilities

Curriculum Leadership & Implementation

Lead the strategic implementation, monitoring, and evaluation of the IB Diploma Programme (DP), ensuring alignment with the IB philosophy, Programme Standards and Practices, and relevant SPK regulations.

Support subject teachers and core component supervisors (TOK, CAS, EE) in curriculum planning, ensuring vertical and horizontal alignment, academic rigor, and interdisciplinary connections.

Guide the integration of international-mindedness, ATL (Approaches to Learning), and IB Learner Profile attributes across all subjects.

Ensure accurate and timely submission of IB documentation, programme evaluation reports, subject outlines, and internal assessments.

Collaborate with MYP and PYP coordinators to ensure a cohesive IB continuum.

Instructional Supervision & Professional Development

Provide ongoing pedagogical leadership and mentorship to DP faculty through lesson observations, reflective dialogue, and targeted feedback.

Identify faculty professional development needs and coordinate or deliver training sessions aligned with IB best practices and programme developments.

Foster a collaborative professional learning culture focused on inquiry, innovation, assessment literacy, and student agency.

Student Development & Well-being

Monitor and support the academic progress and emotional well-being of all DP students through collaboration with homeroom teachers, counselors, and parents.

Oversee the implementation and quality of the core components—Theory of Knowledge (TOK), Creativity, Activity, Service (CAS), and the Extended Essay (EE).

Support students in managing workload, deadlines, and the development of time management, research, and self-management skills necessary for success in the DP.

Parent & Community Engagement

Advise students and parents on DP course selections, university applications, and academic pathways.

Communicate effectively with parents and guardians regarding DP curriculum, expectations, and student progress through meetings, workshops, and newsletters.

Build partnerships with universities, alumni, and external organizations to enrich the student experience and facilitate career and university readiness

Coordinate the promotion and understanding of the DP within the broader school community to ensure shared ownership and support.

Operational & Administrative Leadership

Oversee all administrative aspects of the DP, including exam registration, IBIS data management, internal assessments, predicted grades, and the organization of mock and final examinations.

Ensure full compliance with IB policies, deadlines, and procedures, and serve as the liaison with the IB organization.

Participate as an active member of the school leadership team, contributing to school-wide planning, evaluation, and strategic development.




Background Experiences

Minimum 5 years of experience teaching in upper secondary education (Grades 11–12), with at least 2 years in a leadership, coordination, or IB Diploma Programme role.

Demonstrated success in implementing the IB Diploma Programme, including experience guiding students through the core components: TOK, CAS, and Extended Essay.

Prior experience in SPK, international, or bilingual schools is highly preferred.

Experience supporting diverse learners, including multilingual students, within a rigorous academic framework.

Proven track record of curriculum leadership, instructional coaching, and program evaluation within the DP context.

Familiarity with national education standards in Indonesia and how they integrate with international curricula, particularly IB DP.




Professional & Educational Qualifications

Master’s degree in Education, Curriculum & Instruction, Educational Leadership, or a related field.

IB DP-specific training (e.g., Category 1, 2, or 3 workshops, or DP Coordinator training) is required.

Strong understanding of the IB DP Standards and Practices, and experience in curriculum planning, assessment, and reporting within the Diploma Programme.

High proficiency in English (spoken and written) is essential; working knowledge of Bahasa Indonesia is advantageous for communication with stakeholders.




Expertise & Competencies

1.     Curriculum & Instructional Leadership

In-depth knowledge of the IB DP framework, subject group requirements, and the nature of the core components (TOK, CAS, EE).

Skilled in leading curriculum articulation, interdisciplinary planning, and ensuring alignment with IB expectations and school goals.

2.     Academic Excellence & Student Agency

Strong commitment to fostering student-oriented learning environments, inquiry, and international-mindedness.

Ability to support high academic standards while nurturing students' well-being, autonomy, and critical thinking.

3.     Instructional Coaching & Faculty Development

Demonstrated ability to mentor and develop teaching staff through feedback, coaching cycles, and collaborative reflection.

Skilled in organizing and facilitating high-impact professional development tailored to the needs of DP educators.

4.     Assessment & Data-Driven Practices

Proficient in managing DP assessment systems, including internal assessments, predicted grades, and exam readiness.

Uses assessment data to support instructional decisions, student learning, and programme review.

Proficiency in educational technology and data management systems.




5.     University Guidance & Stakeholder Communication

Experience in supporting university application processes, including writing references and aligning with global higher education expectations.

Effective communicator with students, parents, faculty, and IB personnel.

6.     Programme Innovation & Compliance

Ability to lead and sustain programme development aligned with IB updates and accreditation processes.

Experience managing IBIS platform, IB deadlines, and programme self-study or evaluation requirements.




Work Environment & Expectations

Lead and coordinate all aspects of the IB Diploma Programme (Grades 11–12), ensuring quality teaching, learning, and assessment practices.

Collaborate with the Senior Principal, Head of School, and leadership team to align the DP with whole-school strategic goals.

Monitor and support the implementation of TOK, CAS, and the Extended Essay, ensuring consistency and depth in student experiences.

Stay updated with IB DP developments and act as the school’s primary liaison with the IB organization.

Full-time role with occasional evening or weekend commitments for parent meetings, student exhibitions, university events, or IB deadlines.

Ensure the smooth operation of the DP through effective planning, exam coordination, and ongoing compliance with IB and national education regulations.

Collaborative, multicultural environment in an SPK school, requiring adaptability to Indonesian cultural norms and SPK regulations.

Expected to lead professional development, attend IB workshops, and contribute to school-wide initiatives.




Reporting Line & Organizational Structure

Reports to: Senior School Principal and Head of School (P–12)

Collaborates with: Subject Teachers, Core Component Coordinators (TOK, CAS, EE), Student Support Team, and School Leadership Team

Oversees: DP teaching staff and subject leads within the Diploma Programme",https://id.jobstreet.com/id/job/91715066,,IT Support,indonesia,['r'],1,2026-04-28T11:07:35.481275
91715054,Account Manager,PT Clarus Innovace Teknologi,,"About the role

Join the dynamic team at PT Clarus Innovace Teknologi as an Account Manager. This full-time role in Jakarta will see you responsible for managing key customer accounts and building lasting relationships to drive business growth.

Project Overview (Brief overview of project, client, scope & objectives)

Responsible for sales activity for IT solutions, particularly within system integrator projects

The positions requires close with customer for the purpose accessing customer needs , find new market opportunities , presenting offers, negotiating and closing contract, and monitoring contract implementation and customer satisfaction  

Informal contacts/lobbying , approach the customer to get advance information before tender , maintain relationship or build with new customer  

Finding, creating opportunity and develop prospective leads to be qualified opportunities and close the deals  

Offer solution to customers by study and evaluate customers problem  

Maintain project funnel in project portfolio system  

Managing internal coordination among technical, project management, product specialist and the account  

What we're looking for

At least 3-5 years experience as account manager or sales role, preferably in the technology industry

Experience in working with senior management to align sales strategies and solutions  

Proactive, self-driven and result oriented  

Excellent negotiation skills, proven track record of successfully pitching for new business  

Bachelor's degree in Business, Marketing or equivalent experience  

Ability to manage multiple Accounts in parallel

Well-groomed appearance

Salary range

6 - 15 Mio (Based on Experience)",https://id.jobstreet.com/id/job/91715054,Rp 6.700.000 – Rp 10.000.000 per month,IT Support,indonesia,['r'],1,2026-04-28T11:07:40.917634
91715025,IT Coding Teacher (Primary to High School) - Yogyakarta,Koding Next,,"Join our team at Koding Next!


As a IT Coding Teacher with us, you will:

- Plan and deliver engaging lessons following the Koding Next curriculum.

- Review and enhance teaching materials in collaboration with the Curriculum Team.

- Collaborate with the team to develop effective educational tools and programs.

- Monitor student progress and provide guidance and support to students and parents.

- Share your professional experience to motivate students.

- Participate in webinars and seminars when necessary.

- Contribute to planning course programs and maintaining high-quality educational materials.

- Go above and beyond to deliver exceptional teaching and continually develop professionally.


Requirements:

- Bachelor Degree in Computer Science / Computer Engineering / Information Technology related field.

- Fluent in English (both written and spoken).

- Experience in teaching kids.

- Team player, fast learner.

- Trustworthy person with good ethical judgment.




Our offer:

- Teacher Grading & Bonuses.

- Fun and creative environment.

- Friendly international team.

- Opportunities for development and career progression.

- On-the-job training.

- Comfortable well-located office.


Available Placement Locations:

Yogyakarta


If you're passionate about teaching and would like to join our friendly team, please send your application with your salary expectations. 📧 #Education #TeachingOpportunity #KodingNextCareers",https://id.jobstreet.com/id/job/91715025,Rp 2.800.000 – Rp 3.000.000 per month,IT Support,indonesia,"['r', 'rust']",2,2026-04-28T11:07:46.331003
91739461,Staff Teknisi Komputer IT,PT. Gading Murni Malang,,"Tanggung Jawab Pekerjaan :Melayani Customer dalam Hal:- Melakukan troubleshooting jaringan internet, komputer, dan printer (hardware & software).- Melakukan instalasi, konfigurasi, dan pemeliharaan perangkat komputer dan perangkat pendukung IT.- Memastikan seluruh Hardware dan Sistem komputer Customer berfungsi dengan baik dan stabil.- Melakukan perawatan berkala terhadap software dan hardware Customer.- Menyediakan data dan informasi teknis yang dibutuhkan untuk laporan rutin Perusahaan.- Membantu Menangani kebutuhan operasional IT sesuai standar kerja perusahaan - - Berpengalaman- S1- Tidak ada batasan usia- Terima kandidat tanpa foto diri- Radius 20 km dari penempatan kerja",https://id.jobstreet.com/id/job/91739461,,IT Support,indonesia,['r'],1,2026-04-28T11:07:51.649047
91714421,IT STAFF,PT Megadepo Indonesia,,"Pendidikan minimal D3 / S1 (Teknik Informatika / Sistem Infromasi)

Memiliki pengetahuan dan pemahaman yang baik tentang infrastruktur jaringan, sistem operasi, databse dan aplikasi bisnis.

Pengalaman minimal 2 tahun sebagai IT Support 

Mampu menangani masalah teknis pada perangkat keras dan perangkat lunak

Memiliki kemampuan dalam membuat dan mengelola database untuk menghasilkan laporan bisnis

Memiliki kemampuan analisis dan problem solving yang baik untuk mengatasi masalah teknis pada komputer




Lokasi Penempatan: Samarinda

Bersedia mengikuti training selama 3 bulan di Sidoarjo/Malang/Denpasar",https://id.jobstreet.com/id/job/91714421,,IT Support,indonesia,"['keras', 'r']",2,2026-04-28T11:07:56.945085
91714406,AI Engineer,,,"Key Responsibilities:

Prepare, clean, and structure datasets for model development

Develop and train computer vision models

Perform model evaluation and optimization

Support model deployment and testing workflows

Integrate model to device (mobile etc)

Requirements:

Hands-on experience using Google Colab for model development

Proficiency in Python for data processing and machine learning tasks

Experience of computer vision atleast 1 year

Ability to work independently and meet project timelines",https://id.jobstreet.com/id/job/91714406,,IT Support,indonesia,"['python', 'r']",2,2026-04-28T11:08:02.188456
91714171,IT Support Leader,ANGIN DINGIN UTARA,,"Supervision IT infrastructure: Ensure that the team enjoys always of the right IT infrastructure (both hardware and software), being proactive detecting potential issues before happening, and fixing the problems found with minimum downtime.

o   Supervision of office IT infrastructure

30+ Windows computers

CCTV

Printers

Firewall software set-up and maintenance

Set up of management devices (Android / iOS)

Fingerprint devices

Backups

o   Supervision of shops IT infrastructure

35 shops

Windows computers

CCTV

POS (receipt printer, barcode scanner, etc)

UPS

o   Remote control of IT infrastructure


VPS hosting maintenance

o   Maintenance of VPS

o   Maintenance of CDN

o   Maintenance of corporate email

o   Maintenance of webERP, OpenCart, TikiWiki, NextCloud installations

o   Manage backup and restoration as needed

o   Resource optimization

o   MariaDB fine tunning




Requirements•

Minimum 5 years experience in IT support / system administration
Including at least 2 years supervising an IT support team and having strong experience in:

·        Windows Maintenance and Configuration

·        LAN Maintenance

·        End user support (remote and on-site)

Candidates must  have experience (installation, maintenance or coding) in at least 5 of the areas below (more areas of experise will be considered an important extra):

·        Linux Virtual Private Server maintenance

·        Plesk control panel

·        webERP (or another open source ERP)

·        OpenCart(or another open source CMS online shop)

·        NextCloud(or another open source cloud file system)

·        TikiWiki (or another open source wiki)

·        PHP 8

·        MySQL / MariaDB

·        Firewall maintenance

·        CCTV systems maintenance",https://id.jobstreet.com/id/job/91714171,,IT Support,indonesia,"['android', 'linux', 'php', 'r', 'mysql', 'sql', 'ios']",7,2026-04-28T11:08:07.424909
91713192,IT Solution Supervisor (Finance Accounting),Orang Tua Group,,"Kualifikasi:

Pendidikan min. S1 Teknik Informatika/Sistem Informasi dengan IPK min. 3.00.

Menguasai sistem Finance Accounting.

Diutamakan memiliki pengalaman di bidang IT Solution min. 3 tahun.

Bersedia ditempatkan di Jakarta Barat.




Deskripsi Pekerjaan:

Mendukung kelancaran proses operasional aplikasi Finance Accounting.

Merancang dan mengembangkan sistem aplikasi sesuai kebutuhan perusahaan.

Melaksanakan implementasi Roll Out Aplikasi Finance & Accounting.

Mencari, menggali, dan mengusulkan teknologi sistem aplikasi yang terupdate.

Pembinaan dan pengembangan SDM di dalam divisi IT.",https://id.jobstreet.com/id/job/91713192,,IT Support,indonesia,['r'],1,2026-04-28T11:08:12.763212
91713103,Staff Network Engineer & Helpdesk Support - Bali,PT Varnion Technology Semesta,,"Job Description :

Technical Support, Standby Shifting, Handling Troubleshoot/Problem

Solving Network Client Issue by Remote, Monitoring and Helpdesk,

Reporting and Ticketing.




Requirements :

Minimum S1 Bachelor Degree in Information Technology, Computer Science, Information Systems, or related field

Fresh Graduate or Minimum 1 Years Experience, Having Excellent Knowledge in Computer Networking, Familiar with Mikrotik Devices MTCNA or CCNA Certified

Having Excellent Communication Skill (verbal and written), Possess strong analytical, conceptual, and problem-solving abilities.",https://id.jobstreet.com/id/job/91713103,,IT Support,indonesia,['r'],1,2026-04-28T11:08:18.275729
91712879,Daily Worker Fiber Optic (FTTH) - Bali,PT Varnion Technology Semesta,,"Job Descriptions:

Instalasi dan konfigurasi jaringan (Wireless, Fiber Optic, LAN, Router, Switch)

Pemasangan dan setup perangkat STB serta aplikasi klien.

Pemeliharaan dan monitoring jaringan infrastruktur.

Troubleshooting dan analisis gangguan pada layanan Broadband & Dedicated.




Requirements:

Pendidikan SMK Teknik Komputer & Jaringan (TKJ), relavan lainnya.

Minimal pengalaman 1 tahun di bidang Teknologi Informasi (Network Administrator, Technical Support) menjadi nilai lebih.

Memiliki pengetahuan dasar dalam konsep OSI Model & TCP/IP.

Memiliki pengetahuan dasar di Wireless Access Point dan Local Area Network (LAN)

Penempatan di Bali.",https://id.jobstreet.com/id/job/91712879,,IT Support,indonesia,['r'],1,2026-04-28T11:08:23.471254
91711810,Talent Acquisition Specialist,PT Jaggara Global Workforce,,"We are looking for a Talent Acquisition Specialist who can manage end-to-end recruitment, with a strong focus on hiring for IT, SaaS, and POS/ERP roles.

This role is best suited for someone who moves quickly, evaluates candidates beyond resumes, and maintains a high standard of hiring quality in a fast-paced environment.

What You Will Do

Candidate Sourcing
Identify and attract candidates across multiple channels, with a focus on IT, SaaS, and POS/ERP roles
Build and maintain a strong and consistent talent pipeline

Screening & Evaluation
Conduct initial interviews and assess candidate quality
Evaluate both technical fit and communication ability

Interview Coordination
Coordinate interviews with hiring managers and stakeholders
Manage scheduling and ensure smooth candidate communication

Hiring Process Management
Maintain a fast, structured, and professional hiring process
Track candidates accurately and ensure a strong overall candidate experience

Requirements

Proven experience in Talent Acquisition or Recruitment

Experience hiring for IT / SaaS / POS / ERP roles is mandatory

Fluent in spoken English is mandatory (used daily in communication)

Strong candidate assessment and interviewing skills

Highly organized, responsive, and detail-oriented

Important

This role is best suited for someone who:

Moves fast while maintaining quality

Can assess candidates beyond resumes

Is highly responsive and dependable

Candidates without fluent spoken English or without experience hiring for IT/SaaS environments will not be considered.",https://id.jobstreet.com/id/job/91711810,Rp 6.000.000 – Rp 9.000.000 per month,IT Support,indonesia,['r'],1,2026-04-28T11:08:28.669387
91711582,Software Engineer (C++),PT Formulatrix Indonesia,,"About the role

We are looking for an experienced Software Engineer to join our team at Formulatrix Indonesia, a leading technology company based in Salatiga, Central Java. In this full-time role, you will play a crucial part in the development and implementation of cutting-edge software solutions that power our innovative products

What you'll be doing

Design, develop, and maintain high-quality, scalable software applications and systems.

Collaborate with cross-functional teams to understand business requirements and translate them into technical solutions.

Write clean, efficient, and well-documented code following the latest software engineering best practices.

Identify and resolve complex technical issues, bugs, and bottlenecks.

Contribute to the continuous improvement of our software development processes and tools.

What we're looking for

Bachelor’s degree in Computer Science, Information Technology, Electronics Engineering, or equivalent practical experience.

At least 1 year of experience as a Software Engineer or Developer, preferably in a similar role.

Strong proficiency in at least one object-oriented programming language (C#, C++, Python, Java, or similar).

Solid understanding of object-oriented programming, software architecture, and design patterns.

Experience with the full software development lifecycle.

Familiarity with unit testing, debugging, and version control systems.

Good understanding of software performance, scalability, and maintainability.

Willing to work in Salatiga / Semarang (depending on placement).

Soft skills:

Strong analytical and problem-solving skills.

Curious, proactive, and eager to learn new technologies.

Highly motivated and a strong team player.

Clear and effective communication skills in English.

Detail-oriented with the ability to adapt and prioritize in a fast-paced R&D environment.

Nice to have:

Hands-on experience with robotics hardware, troubleshooting, and system debugging.

Hands-on experience developing robotics systems, including kinematics, control, and path planning.

Experience building and deploying neural networks for computer vision.

Strong knowledge of computer vision algorithms, optics, imaging systems, and familiarity with ML/CV frameworks (TensorFlow, PyTorch, OpenCV).

Proficient in Linux on SBCs (NVIDIA Jetson, Raspberry Pi) with a strong interest in research and emerging technologies.

Preferrable Electronics Engineering background",https://id.jobstreet.com/id/job/91711582,,IT Support,indonesia,"['python', 'linux', 'tensorflow', 'c#', 'r', 'c++', 'scala', 'java', 'pytorch']",9,2026-04-28T11:08:33.876063
91711577,Factory IT Business Analyst (BA),深圳市基克纳科技有限公司,,"Job Description for Factory IT Business Analyst (BA)




II. Core Job Responsibilities




1. Business Research and Pain Point Identification: Go deep into the factory's production workshops and warehouse frontlines, fully familiarize yourself with the entire warehouse process of ""receiving, storing, issuing, counting, and managing"" (including purchase warehousing, production material picking, production material returning, sales outbound, inventory counting, etc.) and the entire production process (production order maintenance, bill of materials management, production reporting, production warehousing, etc.). Sort out the existing business processes, job responsibilities and collaboration models, accurately identify business pain points, bottlenecks and optimization spaces, and form a business research and analysis report.




2. Requirements Analysis and Document Conversion: Combine the results of business research, collaborate efficiently with business departments such as production, warehousing and purchasing, collect, sort out and analyze business requirements. Convert complex business scenarios and operation processes into clear, standardized and implementable IT requirement documents, including but not limited to Business Requirements Document (BRD), Functional Requirements Document (FRD), flow charts, use case diagrams, etc. Ensure that the requirement description is accurate, the logic is clear, it is consistent with the actual business scenario of the factory, and bridge the cognitive gap between the IT development team and the business departments.




3. Project Implementation and Requirement Control: Participate in the entire process of requirement review, solution design, test verification and launch promotion of factory IT systems (such as MES, WMS, ERP production/warehousing modules, etc.), follow up the progress of requirement implementation throughout the process, coordinate and solve the connection problems between business and IT during the project implementation, ensure that the system functions meet the business requirements, and improve business operation efficiency.




4. Process Optimization and System Iteration: Continuously track the operation effect of production and warehousing business processes and IT systems, put forward requirement optimization suggestions based on business changes (such as capacity improvement, process adjustment) and system usage feedback, and promote the iterative upgrading of IT systems; assist business departments in sorting out standardized business processes, realize ""process reengineering"" based on ""online processes"", and help improve business efficiency.




III. Job Qualifications




(I) Hard Requirements




1. Education and Major: Bachelor's degree or above, major in computer-related fields (Computer Science and Technology, Information Management and Information System, etc.), Industrial Engineering, Supply Chain Management and other related majors are preferred.




2. Work Experience: More than 3 years of relevant work experience as a factory IT Business Analyst (BA), must have business analysis experience related to factory warehouse management and production processes, be familiar with the entire process of factory production execution and warehouse management, and be able to independently complete business research, requirement analysis and requirement document writing.




3. Core Competencies: Possess strong requirement conversion ability, able to convert complex factory business scenarios (such as warehouse batch management, production material kitting analysis, inventory traceability, etc.) into standardized and implementable IT requirement documents; have clear logical thinking and problem analysis ability, able to quickly locate business pain points and put forward reasonable optimization solutions.




4. Successful Cases: At least 1 successful factory IT project case must be provided (which must include warehouse or production-related scenarios), clearly explaining the business analysis responsibilities undertaken in the project, the requirement conversion process and the project implementation results (such as quantifiable indicators such as process optimization efficiency, inventory accuracy improvement, energy consumption reduction, etc.), and the case must be true and traceable.",https://id.jobstreet.com/id/job/91711577,"Rp 120,000,000 – Rp 180,000,000 per month",IT Support,indonesia,"['r', 'ios']",2,2026-04-28T11:08:39.245921
91710981,Account Manager Enterprise,PT Netciti Persada,,"Requirements :

Pendidikan Minimal D3/S1 (Teknik Informatika, Sistem Informasi, Manajemen, atau bidang terkait).

Pengalaman minimal 1-2 tahun sebagai Account Manager/Sales dibidang ISP atau IT Solution (lebih diutamakan).

Memiliki pemahaman dasar tentang jaringan, internet, dan solusi IT.

Kemampuan komunikasi, negosiasi, dan presentasi yang baik.

Berorientasi pada target dan kepuasan pelanggan.

Mampu bekerja mandiri maupun dalam tim.

Terbiasa menggunakan CRM, Microsoft Office, dan tools penjualan.

Bersedia melakukan kunjungan ke pelanggan.

Pengalaman menangani pelanggan corporate/enterprise.

Pemahaman product: Dedicated Internet, MPLS, VPN, Cloud, Data Center, Cyber Security.

Memiliki jaringan relasi di industri IT/Telco.

Mampu bekerja di bawah tekanan dan deadline.




Job Description :

Membangun dan mengembangkan serta mengelola akun (corporate maupun enterprise).

Menjaga hubungan baik dengan pelanggan eksisting.

Menjadi penghubung utama antara pelanggan dan tim internal (NOC, Technical Support, Project).

Mengidentifikasi kebutuhan pelanggan dan menawarkan solusi ISP & IT yang sesuai (Internet Dedicated, Manage Service, Cloud, Network, Security, dll).

Melakukan upselling dan cross-selling product dan layannan perusahaan.

Menangani keluhan pelanggan serta memastika penyelesaian masalah berjalan efektif.

Memantau performa layanan dan memastikan SLA terpenuhi.

Menyusun laporan account, penjualan, dan aktivitas pelanggan secara berkala.

Mendukung proses perpanjangan kontrak dan negosiasi kerja sama.

Mengikuti perkembangan teknologi dan tren industri IT & Telekomunikasi.",https://id.jobstreet.com/id/job/91710981,,IT Support,indonesia,['r'],1,2026-04-28T11:08:44.475862
91709934,Supervisor IT Service Operation,Indofood Group,,"Persyaratan Pekerjaan

Lulusan S1 jurusan Teknologi Informasi / Komputer Akuntansi 
Pengalaman minimal 2 tahun di bidang yang sama
Memiliki pemahaman yang baik dalam Programming Language & SQL Database
Memiliki kemampuan yang baik dalam melakukan analisa data
Advance in Excel
Memiliki kemampuan komunikasi yang baik
Deskripsi Pekerjaan

Menerapkan dan mengendalikan sistem pengelolaan layanan yang berdasarkan Configuration Managemen System (CMS) yang memenuhi standar business pengelolaan layanan
Menganalisa setiap tiket yang masuk untuk dibuatkan pelaporan terkait manpower, knowledge dan SLA
Berkoordinasi dengan IT SAS unit, melakukan transfer knowledge, soft training serta diskusi terkait  perihal IT issue
Merancang dan mengembangkan permintaan kebutuhan reporting",https://id.jobstreet.com/id/job/91709934,,IT Support,indonesia,"['r', 'sql']",2,2026-04-28T11:08:49.810158
91708083,Natural Gas Scheduler,Macquarie Group,,"Additional office locations

Calgary

Job ID

21902

Date

22-Apr-2026

Permanent - Full time, Mid-senior, Senior

Job category

Operations

One a day-to-day basis, you will assist traders and other schedulers in managing physical gas positions by coordinating and submitting accurate, timely nominations with internal and third-party schedulers. This involves maintaining the internal scheduling system with planned and final activity, monitoring pipeline websites for outage and maintenance updates, and developing strong working relationships with pipeline and facility representatives. You will also work closely with settlements to help resolve invoicing issues as they arise. Regular and reliable attendance is expected, along with professional and respectful conduct. After-hours and weekend responsibilities are required, though these can be completed remotely.

One a day-to-day basis, you will assist traders and other schedulers in managing physical gas positions by coordinating and submitting accurate, timely nominations with internal and third-party schedulers. This involves maintaining the internal scheduling system with planned and final activity, monitoring pipeline websites for outage and maintenance updates, and developing strong working relationships with pipeline and facility representatives. You will also work closely with settlements to help resolve invoicing issues as they arise. Regular and reliable attendance is expected, along with professional and respectful conduct. After-hours and weekend responsibilities are required, though these can be completed remotely.",https://id.jobstreet.com/id/job/91708083,,IT Support,indonesia,['r'],1,2026-04-28T11:08:55.163592
91731168,Technical Support,JO : Headhunter - Business Process Outsourcing - Training,,"Description


 Dapat melakukan instalasi dan configurasi komputer desktop MS Windows, MS Office, dan antivirus.

 Menguasai IP Network

 Paham konfigurasi Mikrotik (Setting IP LAN/WAN, DNS, DHCP, NAT, Firewall, Queue, dll)

 Bisa melakukan instalasi cable FO dan UTP di gedung apartment/hotel/mall

Job Requirement


 Maksimal usia 35 tahun

 Pendidikan minimal SMK (Teknisi Komputer dan Jaringan)

 Pengalaman minimal 1 tahun",https://id.jobstreet.com/id/job/91731168,,IT Support,indonesia,['r'],1,2026-04-28T11:09:00.484818
91707124,Staff - Key Account Helpdesk,3,,"About The Role 

Manage the team to do troubleshooting and escalate the problem by trouble ticketing system (problem identification)
To make sure the services provided to the customers meet the SLA committed in the contract (monitoring MTTR and Long outage Reduction

Area of Responsibilities

Complain Handling 

Monitor and manage complaint problems from customers until problem resolved 

Maintain MTTR Silver Operations 

Escalation to higher level in internal to speed up problem resolution 
 Manage coordination with customers and regular update for complain handling 

People and Time Management 

Able to manage workload properly among core team members to deliver on time
Manage communication between core team members and external resources (3rd party) to get optimized synergy to reach goal within organization 

Strategic and Analytical Thinking 

Explore and discover the data (structure and unstructured data) to be insight and convert into tangible business value by providing actionable recommendation

Reporting & Presentation

Perform ad-hoc and regular data query, processing, and analytics for all B2B detail root cause problems
Deliver regular report (daily, weekly and monthly/ quarterly) or ad-hoc report as requested by the Division Head
Able to translate on and communicate the idea, insight and analysis into user friendly reporting and writing format. 

Minimum Requirements

Qualification:

Minimum bachelor’s degree from reputable university in Telecommunication/Information
Technology/ Computer Science/ Mathematics
Has solid analytical and problem-solving skill
Has a deep understanding of Indosat product knowledge
Medium expertise in using Indosat’s internal application
Helpdesk/Contact center certified much preferred
Professional level will be an advantage

Experience:

Supervision level (minimum of 2 years)
Intermediate understanding of problem Handling Management system, particularly in Fixed Phone
Advance knowledge in MIDI product and fixed-line telephony product
Good understanding of Mobile services, MIDI services, Fixed Phone Services and M2M services
Familiar with CRM system

Skills

Good Attitude for Teamwork target
Highly committed to quality and timely result of the work
Enjoying working in a fast-changing, having natural curiosity and enjoying solving complex problems.
Know conceptual, analytical, communication, skill, supervisory and target orientedGood written and oral communication skills
Public speaking/presentation capability 
Good negotiation skills
Ability to work under pressure
Proficiency in Microsoft Office application
Proficient in Englishh",https://id.jobstreet.com/id/job/91707124,,IT Support,indonesia,"['r', 'scala', 'ios']",3,2026-04-28T11:09:05.664275
91706623,IT PROGRAMER STAFF,PT Agres Info Teknologi,,"Software Engineer (Python & Golang)

Kualifikasi Utama

Memiliki high logical thinking dan problem solving yang sangat kuat

Mampu melakukan analisis cepat dan tepat terhadap permasalahan teknis maupun bisnis

Terbiasa bekerja dengan deadline dan sistem yang kompleks

Memiliki mindset engineer, bukan sekadar coder

Technical Requirements

Wajib:

Sangat familiar dengan Python & Golang

Pengalaman membangun API, service, atau backend system berskala besar

Memahami konsep:

Clean Code

Data Structure & Algorithm

Concurrency / asynchronous processing

Performance & optimization

Nilai Tambah (Plus):

Pengalaman menggunakan React.js atau React Native

Pengalaman fullstack atau mobile development

Familiar dengan REST / JSON API, caching, dan database

Soft Skills

Cepat belajar, adaptif, dan inisiatif tinggi

Mampu mengeksplor solusi secara mandiri

Komunikasi teknis yang jelas

Bertanggung jawab terhadap solusi yang dibuat

Salary & Benefits

Bonus berdasarkan performa

Kesempatan menangani real production system

Fast career & skill growth

Lingkungan kerja fokus pada engineering & logic

Fleksibel dan terbuka terhadap ide & improvement

Target Kandidat

Backend Engineer / Software Engineer

Fullstack Engineer

Problem Solver dengan logical thinking kuat",https://id.jobstreet.com/id/job/91706623,,IT Support,indonesia,"['python', 'r', 'react', 'golang']",4,2026-04-28T11:09:10.956677
91720454,Functional Consultant Sr.,"PT. Metrodata Electronics, Tbk",,"Responsible in providing solutions to customers in all phases of implementation regarding to implementation methodology, including detailed design, training, and implemetation. Demonstrate deep understanding of the customer's business process and provide simple or incomplex solution according to assigned industry and software application.

Work closely with sales team and principals in order to support the achievement of sales target for software application, implementation service, and training service. Responsible in providing guidance to junior colleagues regarding to daily tasks.

Detail job desc:

Evaluate, identify, and give recommendation regarding customer's application in order to provide the appropriate business solution; and compose it into business proposal,  conduct the presentation and/or demo system to customer 
Act as project manager and lead project team in planning, designing, and monitoring during software implementation process 
Direct contact with customer to provide solutions to the problems that arise after implementation, as well as to seek the possibility to implement another development
Act as a training instructor/coach for customers in learning, understanding, and operation of the implemented software application in basic and advance trainings
Maintain and develop knowledge of specific application system technology
Act as technical advisor for team project and as a solution reference of problem faced by customer
Responsible in controlling the quality of project activities
Master change management principles to ensure the successful implementation of IT solutions and/or IT blueprint",https://id.jobstreet.com/id/job/91720454,,IT Support,indonesia,['r'],1,2026-04-28T11:09:16.374871
91725074,Functional Consultant Sr.,Mitra Integrasi Informatika,,"Responsible in providing solutions to customers in all phases of implementation regarding to implementation methodology, including detailed design, training, and implemetation. Demonstrate deep understanding of the customer's business process and provide simple or incomplex solution according to assigned industry and software application.

Work closely with sales team and principals in order to support the achievement of sales target for software application, implementation service, and training service. Responsible in providing guidance to junior colleagues regarding to daily tasks.

Detail job desc:

Evaluate, identify, and give recommendation regarding customer's application in order to provide the appropriate business solution; and compose it into business proposal,  conduct the presentation and/or demo system to customer 
Act as project manager and lead project team in planning, designing, and monitoring during software implementation process 
Direct contact with customer to provide solutions to the problems that arise after implementation, as well as to seek the possibility to implement another development
Act as a training instructor/coach for customers in learning, understanding, and operation of the implemented software application in basic and advance trainings
Maintain and develop knowledge of specific application system technology
Act as technical advisor for team project and as a solution reference of problem faced by customer
Responsible in controlling the quality of project activities
Master change management principles to ensure the successful implementation of IT solutions and/or IT blueprint",https://id.jobstreet.com/id/job/91725074,,IT Support,indonesia,['r'],1,2026-04-28T11:09:21.965644
91706263,Solution Architect,PT DIGITAL SOLUSI PRIMA,,"PT Digital Solusi Prima is an IT services and system integrator company focused on cybersecurity, AI, and cyber intelligence technologies. We deliver solutions that support real-world operational and security needs across various industries.

Responsibilities:

Design end-to-end solution architecture (application, data, infrastructure, and integration) aligned with operational and security requirements;

Translate client and business needs into practical, scalable, and secure solutions;

Develop solution approaches by combining internal capabilities with relevant third-party technologies;

Lead or support client discussions, technical presentations, and solution proposals

Work closely with sales, engineering, and delivery teams to ensure alignment from pre-sales through implementation;

Provide input on solution design, feasibility, and effort estimation;

Step in hands-on when needed to support implementation and ensure alignment between design and execution;

Ensure solutions adhere to best practices in performance, scalability, reliability, and cybersecurity.


Job Requirements:

Bachelor’s degree in Computer Science, Information Technology, or related field;

5–8 years of experience in IT, system integration, cybersecurity, or related technical roles, with prior experience in the banking or financial services industry being highly preferred;

Strong understanding of system architecture, networking, and infrastructure or cloud environments;

Familiarity with cybersecurity solutions such as firewalls, SIEM, vulnerability management, or security monitoring;

Understanding of system integration concepts, including APIs and data flow;

Experience in client-facing engagements (solution discussions, technical presentations, or proposals);

Ability to translate operational and business needs into effective, practical technical solutions;

Strong analytical thinking and problem-solving skills;

Good communication skills, able to engage both technical and non-technical stakeholders;

Comfortable working in a dynamic, fast-paced, solution-driven environment;

Proactive mindset with strong ownership and willingness to continuously learn new technologies.",https://id.jobstreet.com/id/job/91706263,,IT Support,indonesia,"['r', 'scala', 'git']",3,2026-04-28T11:09:27.632234
91705587,Business Analyst & IT Project (Head Office),PT Lippo Malls Indonesia,,"Job Description:

Berperan sebagai bagian dari pengembangan AI Center of Excellence (CoE), termasuk menyusun, mengimplementasikan, dan melakukan improvement terhadap SOP, governance, serta guardrails penggunaan AI di perusahaan.

Melakukan monitoring dan evaluasi terhadap implementasi AI di berbagai fungsi bisnis untuk memastikan kesesuaian dengan kebijakan, efektivitas, dan value yang dihasilkan.

Mengawasi dan menganalisis progress project di Divisi IT (termasuk project AI & digital), mencakup timeline, budget utilization, dan pencapaian deliverables.

Mengelola dan melakukan monitoring budgeting project IT, termasuk perencanaan, tracking realisasi vs alokasi tahunan, serta memberikan insight untuk efisiensi biaya.

Menyusun laporan analisa project dan budget secara berkala (monthly/quarterly), serta memberikan rekomendasi berbasis data untuk mendukung pengambilan keputusan manajemen.

Berkolaborasi dengan PMO dan tim terkait dalam memastikan project berjalan sesuai scope, timeline, dan governance yang ditetapkan (end-to-end project monitoring).

Mendukung fungsi Project Management dalam perencanaan, tracking, dan evaluasi kinerja project (termasuk koordinasi dengan stakeholder terkait).




Job Requirements:

Pendidikan minimal S1 di bidang Manajemen Bisnis, Sistem Informasi, Teknologi Informasi, Digital Marketing, atau bidang terkait.

Memiliki pengalaman minimal 5 tahun di bidang Business Analysis, Project Monitoring, Project Management, atau peran terkait lainnya.

Memiliki pemahaman dan ketertarikan yang kuat terhadap implementasi AI, AI governance, serta inisiatif transformasi digital.

Mampu menyusun dan mengembangkan SOP, khususnya terkait implementasi teknologi atau AI menjadi nilai tambah.

Memiliki kemampuan analisa data yang baik, termasuk dalam budgeting, monitoring, dan pembuatan laporan berbasis data.

Memiliki pemahaman dasar terkait pengelolaan project (timeline, scope, budget) dan terbiasa bekerja sama dengan tim PMO.",https://id.jobstreet.com/id/job/91705587,,IT Support,indonesia,"['r', 'git']",2,2026-04-28T11:09:33.029131
91705556,IT System Operational Support Mandarin Speaker,PT. Zhisheng Pacific Trading (Mixue),,"Job Description:

1、负责公司各项系统的推广与运维，确保客户能够正常使用

Bertanggung jawab atas sosialisasi, implementasi, dan pemeliharaan berbagai sistem perusahaan, serta memastikan pengguna dapat menggunakannya dengan baik.

2、协助集团信息化相关同事解决各系统问题，协助集团信息化各模块推进本国信息化系统建设工作；

2. Membantu tim pusat dalam menyelesaikan berbagai permasalahan sistem, serta mendukung percepatan pembangunan sistem.

3、在本国寻找与对接本国公司与集团信息化所需的系统资源，为各模块系统提供相关资源；

3. Mencari dan mengoordinasikan sumber daya sistem yang dibutuhkan oleh perusahaan lokal dan tim pusat, guna mendukung kebutuhan setiap modul sistem.

4、负责推动业务项目的落地执行，跟进实施进度，确保各项工作按计划高效推进并取得预期效果

4. Bertanggung jawab dalam mendorong pelaksanaan proyek, memantau progres implementasi, serta memastikan seluruh pekerjaan berjalan sesuai rencana secara efektif dan mencapai hasil yang diharapkan.

5、需与集团信息化保持高频沟通与协作，能够使用中文进行日常工作交流，确保信息传达准确、高效

5. Menjalin komunikasi dan kolaborasi yang intensif dengan tim pusat, serta mampu menggunakan bahasa Mandarin dalam komunikasi kerja sehari-hari untuk memastikan penyampaian informasi yang akurat dan efisien.

Job Qualification:

具备双语能力，中文水平至少达到HSK5水平
Memiliki kemampuan bilingual, dengan kemampuan bahasa Mandarin minimal setara HSK 5.

具备优秀的沟通能力和人际交往能力
Memiliki kemampuan komunikasi dan interpersonal yang sangat baik.

具备良好的逻辑思维能力
Memiliki kemampuan berpikir logis yang baik.

工作细致认真，有责任心，并具备良好的团队合作能力
Teliti, bertanggung jawab, serta memiliki kemampuan kerja sama tim yang baik.

最好具备一年以上相关工作经验
Diutamakan memiliki pengalaman kerja terkait minimal 1 tahun.",https://id.jobstreet.com/id/job/91705556,Rp 12.000.000 – Rp 17.000.000 per month,IT Support,indonesia,['r'],1,2026-04-28T11:09:38.505634
91705518,Customer Service - Admin (Remote - Full Time Job),BL Bali,,"Requirements:

Fluent in English, both oral and written

Minimal 1 years experience

Minimal S1

Have your own laptop or PC computer.

Full time job (WITA time zone)




Responsibilities:

Ability to handle customer orders via email, WhatsApp, and online calls

Feel comfortable using Google Excel sheets and customer service software.

Strong communication skills to effectively convey information to customers




Benefits:

Work remotely from home

BPJSTK and BPJS Kesehatan cover by company after pass probation 

Additional bonus depends on the performance",https://id.jobstreet.com/id/job/91705518,Rp 3.500.000 – Rp 4.500.000 per month,IT Support,indonesia,['r'],1,2026-04-28T11:09:43.876913
91705516,AI Engineer,PT Cemerlang Multimedia,,"Requirements:

Min. S1 Ilmu Komputer, Sistem Informasi & setara

Min. 2 tahun pengalaman di bidang data, analitik, pengembangan perangkat lunak 

Pengalaman menggunakan LLM (Claude, GPT, Gemini, dll)

Pengalaman menulis & mengoptimalkan prompt untuk large language model 

Paham arsitektur RAG (Retrieval-Augmented Generation) 

Berpengalaman dgn SQL, pengelolaan database

Memahami konsep KPI, metrik bisnis, & laporan keuangan dasar 

Komunikasi baik, bekerja sama lintas tim (teknis & non-teknis) 

Job Desc:

Mengelola, mengembangkan system prompt yg mengatur perilaku LLM sesuai kebutuhan bisnis 

Memperbarui, mengorganisasi knowledge base perusahaan (dokumen konteks, kamus data, glosarium bisnis) 

Memonitor kualitas output AI & melakukan review akurasi secara berkala 

Mengelola pipeline RAG untuk meningkatkan pengindeksan dan pencarian dokumen 

Mendefinisikan dan memelihara definisi KPI, formula metrik, dan logika bisnis dalam knowledge base 

Memvalidasi bahwa respons AI akurat & konsisten 

Menjadi PIC bagi tim yang menggunakan platform AI & mengumpulkan feedback 

Berkolaborasi dengan developer saat dibutuhkan perubahan integrasi atau infrastruktur 

Mendokumentasikan setiap perubahan pada prompt, knowledge base, & perilaku sistem




Skills:

Prompt Engineering 

SQL (MySQL / PostgreSQL) 

RAG Pipeline Management 

LLM API Integration 

Knowledge Base & Data Dictionary Management 

Git / Version Control 

REST API (dasar)",https://id.jobstreet.com/id/job/91705516,Rp 6.000.000 – Rp 8.000.000 per month,IT Support,indonesia,"['r', 'mysql', 'git', 'sql', 'postgresql']",5,2026-04-28T11:09:49.241976
91705507,Supply Chain Management,,,"Kualifikasi – Supply Chain Management

Persyaratan Umum:

Pendidikan minimal S1 di bidang Manajemen, Teknik Industri, Logistik, atau bidang terkait

Memiliki pengalaman minimal 2–5 tahun di bidang Supply Chain / Logistik / Procurement (lebih disukai di perusahaan IT solutions, Outsourcing dll)

Memahami proses end-to-end supply chain (perencanaan, pengadaan, produksi, distribusi)

Kemampuan Teknis:

Mampu melakukan demand planning, inventory control, dan forecasting

Memahami sistem ERP (SAP, Oracle, atau sejenisnya)

Terbiasa mengelola vendor/supplier dan negosiasi kontrak

Memiliki kemampuan analisis data yang baik (Excel tingkat lanjut atau tools analitik lainnya)

Memahami proses impor-ekspor dan regulasi logistik internasional menjadi nilai tambah

Kemampuan Bahasa:

Wajib mampu berbahasa Mandarin untuk komunikasi dengan supplier atau principal dari Luar Negeri

Mampu berbahasa Inggris menjadi nilai tambah

Soft Skills:

Memiliki kemampuan komunikasi dan negosiasi yang baik

Teliti, terorganisir, dan mampu bekerja di bawah tekanan

Memiliki kemampuan problem solving yang kuat

Mampu bekerja secara tim maupun individu

Adaptif terhadap perubahan dan memiliki inisiatif tinggi

Tanggung Jawab Utama:

Mengelola alur rantai pasok dari pengadaan hingga distribusi

Berkoordinasi dengan supplier (terutama dari China) menggunakan Bahasa Mandarin

Mengontrol persediaan agar optimal dan efisien

Memastikan ketepatan waktu pengiriman dan ketersediaan barang

Melakukan evaluasi kinerja supplier dan proses logistik

Membuat laporan dan analisis terkait performa supply chain",https://id.jobstreet.com/id/job/91705507,,IT Support,indonesia,['r'],1,2026-04-28T11:09:54.555600
91705489,IT Business Analyst,PT Indolampung Perkasa,,"Responsibilities may include:

Making analyses and building analytic modelling

Performing due diligence and research

Developing plan and budget

Managing documentation and knowledge management

Monitoring and overseeing ongoing projects

Helping project implementation
 

Requirements:

Bachelor degree or equivalent with min GPA 3.2

All majors are welcome: sciences, engineering, business, IT

Demonstrated analytical and problem-solving skills

Strong communications skills with solid command of English

Solid skills in Data Science, MS Office; experience in analytical software is a plus

Able to work independently and as a team

Based in Jakarta, with willingness to travel at notice",https://id.jobstreet.com/id/job/91705489,,IT Support,indonesia,['r'],1,2026-04-28T11:09:59.982916
91705334,Site Reliability Engineer,PT Akulaku Silvrr Indonesia,,"Job Description

Plan and set up server infrastructure, from specifications to implementation and documentation

Build and manage infrastructure using Infrastructure as Code (Terraform, Ansible, etc.)

Stay updated on new DevOps and server technologies

Support the full software development lifecycle and bridge collaboration between Development and IT Operations

Design and maintain CI/CD pipelines to enable faster and smoother deployments

Define and implement system monitoring, alerts, and performance thresholds

Troubleshoot system and application issues together with the development team

Help implement non-functional requirements (NFRs) related to performance, reliability, and security across servers, services, and networks

Perform operational testing such as failover and replication tests




Requirements

Min. 2 years experience working as SRE/DevOps

Experience with Linux & Windows systems and basic Bash scripting

Hands-on with CI/CD tools (e.g., Jenkins)

Experience using Terraform and/or Ansible for Infrastructure as Code

Familiar with Docker and container orchestration (Kubernetes or Docker Swarm)

Experience working with cloud platforms (AWS, GCP, or Alibaba Cloud) and their core services (compute, Kubernetes, storage, messaging)

Solid understanding of networking fundamentals (IP/subnetting, firewall, VPN, VPC)

Familiar with financial enterprise operation and maintenance process specifications and security compliance will be a plus",https://id.jobstreet.com/id/job/91705334,,IT Support,indonesia,"['linux', 'gcp', 'r', 'docker', 'kubernetes', 'bash', 'aws']",7,2026-04-28T11:10:05.340236
91705264,IT Finance Reporting Solution Partner (NSPB and Power BI),PT Bahari Eka Nusantara (Ben Line Agencies),,"Responsibilities:

·       Support NSPB architecture design, development and enhancements

·       Provide functional input on reporting and planning models

·       Create Management Report, Control report and Dashboard in NSPB

·       Create and maintain export template for users to retrieve NSPB reports

·       Diagnose reporting and consolidation issues

·       Resolve mapping and data discrepancies

·       Configure planning templates and driver-based models in NSPB

·       Support budget and forecast cycles in NSPB

·       Reconcile NSPB vs NetSuite and Excel

·       Ensure data integrity across systems

·       Develop NSPB reports and support Power BI integration

·       Support SIT/UAT and user training

·       Provide ongoing support during closing and planning cycles

Qualifications:

•      Bachelor's Degree in Finance, Data Analytics, Data Science, or a related field.

•      8+ years of experience in FP&A, financial reporting, or finance systems, specifically within large-scale transformation environments.

•     Fluent in English

•     Extensive hands-on experience in the implementation and configuration of NSPB, Oracle Hyperion, or FCCS.

•      Strong proficiency in NetSuite ERP; experience with operational systems like Cargowise is a significant advantage.

•      Mastery of financial consolidation, budgeting cycles, and complex reporting structures.

•      Detail-oriented mindset with a strict focus on data accuracy, reconciliation, and system controls.

•      Proven ability to bridge the gap between Finance and Technology through strong communication and problem-solving skills.

•      Strong communication and problem-solving

•      Detail-oriented and control-focused

•      High attention to data accuracy",https://id.jobstreet.com/id/job/91705264,,IT Support,indonesia,"['r', 'power bi']",2,2026-04-28T11:10:10.790277
91705241,Business Development Executive - IT Solutions,PT Accelist Lentera Indonesia,,"Responsibilities:

Identify and acquire new clients and business opportunities (hunter focus)

Build and develop strategic partnerships with third-party partners

Manage end-to-end sales cycle from prospecting to closing

Prepare and deliver proposals, presentations, and quotations

Achieve sales targets and maintain a strong sales pipeline

Explore upselling and cross-selling opportunities from existing clients

Coordinate with internal teams to ensure solution alignment and project delivery

Monitor project progress, scope, and maintain project cost alignment

Maintain relationships with clients to support long-term business growth

Prepare regular sales and pipeline reports

Requirements:

Minimum 1 year experience in IT solution / software development company

Bachelor’s degree in Computer Science, Information Systems, Business, or related field

Experience in B2B sales with a target-driven environment

Strong communication, presentation, and negotiation skills

Good understanding of IT solutions (software development, system integration)

Proven ability or strong interest in hunting and closing deals

Proactive, results-oriented, and comfortable working with targets

Able to manage multiple prospects and clients simultaneously

Willing to WFO in Sunter, Jakarta Utara",https://id.jobstreet.com/id/job/91705241,,IT Support,indonesia,['r'],1,2026-04-28T11:10:16.194806
91705230,Accounting Support (Contract),PT Jotun Indonesia,,"Jotun Indonesia now is seeking a professional to support our Finance & IT team as Accounting staff to support accounting function by preparing or conducting accounting verification of expense reimbursements and payments, back-up documentation and assisting in other financial related work to meet customer satisfaction, dead-lines and internal standards.

Responsibilities:

Conducting accounting verification of expense reimbursements and payments, back-up documentation and assisting in other financial related work to meet customer satisfaction, dead-lines and internal standards.

Preparing and executing tasks, timely processing of book entries, preparing required information and reports in line with internal and external requirements to ensure correct financial data is available at the right time.

Assist and comply with all VAT regulations as per local requirements

Monitor accounting transactions and see if it is adhered strictly to procedures and guidelines to ensure that accounting books and records are properly maintained and conform to Jotun Group policy and local regulations.

Conduct monitoring activities by consulting, checking, and filing to ensure that they are in line with internal control guidelines and local requirements.

Assist accounting supervisor in preparing data for auditors. 

Job Requirements:

Fresh graduates or have minimum 2 years experiences in handling account payables and book entries.

Candidate must possess at least Bachelor's Degree in Accounting

Good command in English 

Have sufficient knowledge of PSAK, IFRS and ERP system

Have good communication skills, bookkeeping skills, high level of integrity, and maturity

Meticulous, has ability to prioritize, provide clear direction, and multi-tasking skill",https://id.jobstreet.com/id/job/91705230,,IT Support,indonesia,['r'],1,2026-04-28T11:10:21.481637
91685643,Online Math Tutor,PT Inspirasi Edukasi Indonesia,,"Online Math Tutor (Full time)

Tentang Kami

Algorithmics adalah sekolah internasional programming & matematika untuk anak-anak, dengan jumlah siswa lebih dari 500.000 di seluruh dunia. Kelas kami memiliki tujuan membantu anak-anak mengambil langkah pertama mereka dalam dunia IT dan mengembangkan kemampuan serta pemahaman mereka tentang matematika melalui metode pembelajaran yang menyenangkan. Kami mengajar sambil bermain dan menyesuaikan pendekatan individu untuk setiap anak menggunakan metodologi unik dan platform yang dikembangkan secara khusus.




Apa yang Akan Anda Lakukan

Mengajar anak tentang Matematika di kelas online dengan jadwal tertentu.

Menggunakan metode belajar yang interaktif dan menyenangkan.

Memberikan perhatian individual sesuai kebutuhan siswa.




Hari & Jam Kerja

Fleksibel/dapat disesuaikan (Senin–Minggu).

Wajib bisa mengajar di akhir pekan (Sabtu/Minggu).




Rekomendasi waktu:

Hari biasa: 15.00 – 21.00 WIB

Akhir pekan: 09.00 – 21.00 WIB




Kualifikasi

Menguasai Bahasa Indonesia dan mampu berkomunikasi dengan Bahasa Inggris.

Senang berinteraksi dengan anak-anak dan mencintai dunia pendidikan.

Lulusan baru dari jurusan relevan dipersilakan.

Memiliki pengalaman mengajar/melatih/mentoring anak-anak secara langsung.

Pengetahuan dan kemampuan mengajar Matematika tingkat SD, SMP, dan SMA.

Memiliki laptop/PC untuk mendukung pengajaran (meskipun pengajaran dilakukan onsite, materi dan administrasi tetap melalui platform digital).",https://id.jobstreet.com/id/job/91685643,,IT Support,indonesia,"['r', 'git']",2,2026-04-28T11:10:58.560936
91705050,IT Finance Data & Analytics Partner,PT Bahari Eka Nusantara (Ben Line Agencies),,"Responsibilities:

·       Work with Group Tech to design end-to-end Power BI architecture integrating NSPB, operational systems, and Excel

·       Align financial and non-financial data with finance reporting structures

·       Develop dashboards for Group management, Finance, Commercial, and Operations

·       Translate business needs into intuitive visual insights

·       Reconcile outputs against source systems

·       Investigate discrepancies and ensure data integrity

·       Engage stakeholders to define reporting requirements

·       Prioritize and manage reporting demand vs capacity

·       Define workspace structure, dataset governance, and access control

·       Ensure compliance with data governance standards

·       Enhance dashboards based on feedback

·       Provide training and user support



Qualifications

•      Bachelor's Degree in Finance, Data Analytics, Data Sciences or related field

•      8+ years in data analytics / BI / finance analytics

•      Fluent in English

•      Strong Power BI (DAX, Power Query, data modelling)

•      Experience with finance systems (NSPB, NetSuite) and operational system (e.g., Cargowise) is a plus

•      Experience in Financial reporting structures and KPIs

•      Experience inMulti-source data environments

•      Alignment with Ben Line culture, mission and values.

•      Strong stakeholder management

•      Analytical and problem-solving mindset

•      High attention to data accuracy",https://id.jobstreet.com/id/job/91705050,,IT Support,indonesia,"['r', 'power bi']",2,2026-04-28T11:11:04.102963
91704966,GDS Support (Fluent in English),ATI Business Group,,"We are seeking a Travel Consultant to support our clients with their travel needs. If you are passionate about the travel industry, experienced with GDS systems, and fluent in English, we would love to meet you.

To excel in this role, you should be a detail-oriented and organized individual with strong communication, research, and problem-solving skills. Your ability to provide a smooth and satisfying experience for our clients will be key to your success.

Key Responsibilities:

Book flights, hotels, and other travel-related arrangements for clients

Provide accurate and up-to-date information about travel destinations, accommodation, and regulations

Coordinate with travel vendors to secure the best rates and offers

Recommend itineraries based on travel routes, budget, availability, and client preferences

Maintain detailed records of bookings and client interactions

Deliver exceptional customer service through various channels (calls, chat, email, etc.)

Qualifications:

Excellent English communication skills (both written and spoken)

Prior experience in the airline or travel industry, particularly in ticketing roles, is preferred

Familiarity with GDS platforms (e.g., Amadeus, Galileo, Sabre)

Strong analytical and numerical skills

Experience in customer service roles (handling calls, chat, or face-to-face communication) is an advantage

Willingness to work on shifts, including nights and public holidays

Open to working or relocating to Harmoni, Jakarta or North Point, BSD City, Tangerang

Be Part of ATI Journey:

Our aim at ATI Business Group in working with our Clients is to support their continued growth by providing cost-effective technology and talented & scalable people resources on demand. ATI’s singular focus on providing services to the travel and hospitality business communities across the globe has been a remarkably successful one. Since commencing in 2002 we now have over 1300 employees providing services to our clients across the globe.

Join us and be part of a dynamic, growing team that’s reshaping the travel industry.",https://id.jobstreet.com/id/job/91704966,,IT Support,indonesia,"['r', 'scala']",2,2026-04-28T11:11:09.180592
91725396,IT Consultant Surakarta,PT Inisiatif Semua Bisa,,"Jobdesk (Tanggung Jawab)Mencari dan mengidentifikasi peluang bisnis baru (market expansion, produk, atau layanan)Melakukan riset pasar dan analisis kompetitorMenyusun strategi pengembangan bisnis untuk meningkatkan revenueMembangun dan menjaga hubungan dengan klien, partner, dan stakeholderMelakukan pendekatan, presentasi, dan pitching kepada calon klienNegosiasi dan closing kerja sama bisnisMenyusun proposal, penawaran, dan kontrak kerja samaBerkolaborasi dengan tim internal (marketing, sales, product, dan operasional)Memantau performa bisnis dan membuat laporan berkalaMengembangkan strategi partnership dan kolaborasiMengelola pipeline dan aktivitas penjualan menggunakan CRMMengidentifikasi kebutuhan klien dan memberikan solusi yang sesuaiMengikuti tren industri untuk menemukan peluang baru - - Tanpa Pengalaman Bekerja- Tidak ada minimal pendidikan- Tidak ada batasan usia- Terima kandidat tanpa foto diri- Provinsi sesuai penempatan kerja (Jawa Tengah)",https://id.jobstreet.com/id/job/91725396,,IT Support,indonesia,['r'],1,2026-04-28T11:11:14.703568
91707946,Account Executive,TLab,,"Job Responsibilities : 

Make sales based on company targets.
Implement the company's business development strategy and work plan according to the direction of the Head of Business Development Section.
Identify, seek and develop new business opportunities in the field of information technology (IT) as well as in the field of procurement of goods and services.
Carry out initial approaches and communications with prospective clients, partners and vendors.
Prepare and deliver presentation material, company profile, solution overview, and pitching to clients.
Follow up leads, prospects, opportunities and potential for cooperation up to the initial negotiation stage.
Support the preparation of technical and commercial proposals, including coordination with the IT team and Finance team
Coordinate with internal teams to ensure suitability of solutions, timelines and client needs.
Support the Head of Business Development Section in holding internal and external meetings, including scheduling and preparing materials.
Prepare Minutes of Meeting (MOM) accurately, systematically and on time, and distribute them to relevant internal and/or external parties.
Follow up on meeting results according to MOM and monitor the progress of action items.
Coordinate business development administration, both internal and external, including correspondence, email correspondence, offer documents, tenders and project document archives with the team.
Manage and update the database of clients, partners, business opportunities and supporting documents in the company's system/CRM.
Prepare regular business development activity and progress reports to the Head of Business Development Section.
Establish and maintain good relationships and professional communication with clients, partners and internal stakeholders as company representatives.
Ensure that all business development and administration activities run according to company policies, procedures and standards.

Requirements : 

Minimum Bachelor's degree majoring in Industrial Engineering/Management/Business
Minimum work experience of 1 year
Preferably have high motivation
Proficient in using Ms. Office, Google Workspace and CRM
Intermediate level English language skills
Professional, agile, adaptable and with integrity
Appear neat and attractive (Preferably)
Communicative, active, friendly and able to relate well
Usually work based on revenue targets
Flexibility of working hours
Have a basic understanding or have worked in the IT industry and Goods/Services Procurement (Preferably)
Placement : Jakarta Selatan",https://id.jobstreet.com/id/job/91707946,,IT Support,indonesia,"['r', 'agile']",2,2026-04-28T11:11:19.966467
91704682,IT Finance Systems Architect (NSPB),PT Bahari Eka Nusantara (Ben Line Agencies),,"Responsibilities:

Solution Architecture & Design

• Design and develop the NSPB architecture for management reporting, budgeting, and forecasting

• Define metadata, data flow, and system structure

• Configure dimensions, hierarchies, and reporting structures

• Support management views and incorporate feedback into the design

• Design integration from NetSuite and Excel upload

• Define mapping and validation controls

• Configure reporting logic, planning models, and adjustments

• Ensure support for actual vs budget vs forecast analysis

• Set up user roles, workflows, and reporting outputs

• Lead SIT/UAT, reconciliation, and go-live

• Establish governance and ongoing system control




Qualifications:
• Bachelor's Degree in Finance, Data Analytics, Data Sciences or related field

• 8+ years in NSPB / Oracle EPM / Hyperion system implementation

• Fluent in English

• Strong finance + system architecture expertise

• Experience with finance systems (NetSuite) is a plus

• Experience in Financial consolidation, budgeting and reporting logic

• Experience in Data models and integration frameworks

• Strong leadership and stakeholder management

• Ability to bridge finance and technology",https://id.jobstreet.com/id/job/91704682,,IT Support,indonesia,['r'],1,2026-04-28T11:11:25.248551
91704781,IT Staff,PT AMPM Healthcare Indonesia,,"Kualifikasi:

Pendidikan Diploma/Sarjana Informatika atau jurusan terkait

Menguasai PHP, Java, dan MySQL (minimal tingkat intermediate)

Menguasai salah satu framework PHP (Laravel/Codelgniter atau setara)

Terbiasa dengan server berbasis cPanel

Pengalaman kerja minimal 2 tahun atau pernah mengerjakan project IT Development

Memahami hardware, software, dan troubleshooting IT

Mampu bekerja secara mandiri maupun dalam tim

Memiliki sikap kerja yang disiplin, sopan, dan bertanggung jawab

Penempatan: Pluit, Jakarta Utara




Tanggung Jawab:

Mengembangkan dan memelihara aplikasi internal perusahaan

Melakukan monitoring, perbaikan, dan troubleshooting perangkat keras dan perangkat lunak

Mengelola database dan memastikan keamanan data

Menangani kebutuhan setup jaringan dan server

Mendukung kebutuhan IT untuk seluruh departemen",https://id.jobstreet.com/id/job/91704781,,IT Support,indonesia,"['keras', 'php', 'r', 'java', 'mysql', 'sql']",6,2026-04-28T11:11:30.577428
91704749,IT Project Coordinator,PT. Berca Hardayaperkasa,,"Deskripsi pekerjaan

Mengelola dan mengontrol pelaksanaan project IT agar berjalan sesuai scope dan timeline.

Menjadi representatif perusahaan dalam memimpin proyek IT Infrastructure, Networking, Cloud, Data Center, dan Managed Services.

Berkoordinasi dengan client, internal management, vendor, dan tim teknis selama project berlangsung.

Menangani delivery dan implementasi project IT, contohnya: back-office system, front-office system, security system, monitoring & CCTV.

Memantau progres project, risiko, serta memastikan kualitas dan target project tercapai.

Menyusun laporan progres project secara berkala.


Kualifikasi:

Mampu dan baik dalam menyediakan serta menyiapkan laporan pekerjaan (progress report).

Dapat melakukan perencanaan pekerjaan (project planning) dan analisa situasi.

Pengalaman sebagai Project Manager untuk implementasi pada area networking, Cloud, Data center, infrastruktur dan/atau pengalaman dalam project development dan implementasi system (back-office system/front-office system/security system/monitoring & cctv system/data warehouse & business intelligent).

Pengalaman 2 tahun sebagai PM atau asisten PM (advantage/preferably implementasi project di project IT infrastruktur)

Mahir menggunakan Microsoft project.

Memiliki kemampuan komunikasi yang baik.

Pernah training PMP/PRINCE2/ITIL menjadi nilai plus.",https://id.jobstreet.com/id/job/91704749,,IT Support,indonesia,['r'],1,2026-04-28T11:11:35.877864
91702981,IT Development,PT Cellindo Sigmaperkasa,,"About the role

We are seeking an experienced Head IT Development to join our thriving team at PT Cellindo Sigmaperkasa in Mojokerto, East Java. In this full-time role, you will be responsible for leading and overseeing the IT operations of our organization, ensuring efficient and effective technology support for our business.

What you'll be doing

Manage and direct the IT team, providing guidance and support to ensure optimal performance

Oversee the implementation, maintenance, and troubleshooting of various IT systems and infrastructure

Develop and implement IT policies, procedures, and best practices to enhance productivity and security

Managing technology infrastructure and assets at across locations and coordinate with team to maintain and support company's technology hardware and software.

Liaise with external vendors and service providers to ensure seamless IT service delivery

Provides technical support and guidance to all internal and external application users 

What we're looking for

Bachelor's degree in Information Technology, Computer Science, or a related field

Minimum 5 years of experience in an IT supervisory or management role, preferably in the industrial or manufacturing sector

Strong technical expertise in managing IT infrastructure, including servers, networks, and enterprise applications

Strong leadership, decision making, and team management skills. 

Excellent problem-solving and analytical skills.

Strong communication and interpersonal skills.

Having strong analytical skills.

Strong budgeting and financial management skills.

Up-to-date with the trends of technology.

Having Knowledge of data security and privacy regulations, especially at manufacture industry regulation.",https://id.jobstreet.com/id/job/91702981,,IT Support,indonesia,"['r', 'java']",2,2026-04-28T11:11:41.441970
91704223,IT-SAP 4HANA Specialist (Functional & Abab Programmer),PT Eka Bogainti,,"What you'll be doing

Able to apply the fuctions in each Module SAP 4HANA RISE

Able to apply existing business processes in SAP 4HANA RISE

Able to create business and technical process development plans SAP 4HANA RISE

What we're looking for

Minimum 3 years of experience as an SAP 4HANA Specialist or similar role

Familiar with Functional & ABAP Programming

Experienced in SD, MM, PP, FM, PS, QM and EWM modules

Proven expertise in SAP 4HANA configuration, customisation, and integration

Strong analytical and problem-solving skills to identify and resolve complex technical issues

Experience in project management and leading cross-functional teams

Excellent communication and interpersonal skills to effectively collaborate with stakeholders",https://id.jobstreet.com/id/job/91704223,,IT Support,indonesia,['r'],1,2026-04-28T11:11:47.095334
91704125,Junior SAP FICO Consultant,PT Mitra Solusi Telematika,,"About the role

PT Mitra Solusi Telematika is seeking a talented Junior SAP FICO Consultant to join our dynamic team. In this full-time role, you will be based in Jakarta, and play a key part in supporting our clients' SAP implementation and optimization initiatives.

What you'll be doing

Providing expert-level support and guidance in the configuration, implementation and maintenance of SAP Finance & Controlling module

Analysing business requirements and translating them into robust SAP solutions

Conducting fit-gap analysis, solution design, and system testing

Delivering end-user training and providing ongoing support

Staying up-to-date with the latest SAP developments and best practices

Collaborating with cross-functional teams to ensure seamless project delivery

What we're looking for

3 years of experience as an SAP Consultant in the FICO module

Comprehensive understanding of SAP FICO functionality, including inventory management, purchasing, and materials planning

Proven track record of successfully implementing SAP solutions for clients across various industries

Excellent problem-solving and analytical skills, with the ability to think strategically

Strong communication and stakeholder management skills

Passion for staying ahead of the curve in SAP technology and industry trends

Available for 1-year contract terms, with a possibility to be a permanent employee

What we offer

At PT Mitra Solusi Telematika, we are committed to fostering a collaborative and supportive work environment. You will have access to comprehensive training and development opportunities, and competitive remuneration. Our culture encourages continuous learning, innovation, and a focus on delivering exceptional value to our clients.

About us

PT Mitra Solusi Telematika is a leading provider of IT consulting and implementation services in Indonesia. We partner with organizations to help them leverage the power of technology to drive business transformation and achieve their strategic objectives. With a team of highly skilled professionals and a track record of successful project delivery, we are dedicated to helping our clients succeed.

If you're ready to take the next step in your career and be part of a dynamic, forward-thinking team, we encourage you to apply now!",https://id.jobstreet.com/id/job/91704125,,IT Support,indonesia,['r'],1,2026-04-28T11:11:52.620161
91703970,Sales and Technical Support,PT. DIAN NATURA AGRIFARMA,,"Deskripsi Pekerjaan

Melakukan aktivitas penjualan produk/jasa perusahaan kepada klien baru maupun existing

Memberikan penjelasan teknis terkait produk kepada customer

Menyusun penawaran (quotation) dan melakukan follow-up hingga closing

Melakukan presentasi produk dan demo teknis

Menjalin serta menjaga hubungan baik dengan klien

Berkoordinasi dengan tim internal terkait kebutuhan teknis dan operasional

Memberikan solusi teknis atas kebutuhan atau kendala klien




Kualifikasi

Pendidikan minimal S1 Teknik (Engineering)

Memiliki pengalaman di bidang sales engineering / technical support menjadi nilai tambah

Memiliki kemampuan komunikasi dan negosiasi yang baik

Mampu memahami spesifikasi teknis produk

Bersedia melakukan perjalanan dinas (jika diperlukan)

Mampu bekerja secara individu maupun tim",https://id.jobstreet.com/id/job/91703970,,IT Support,indonesia,['r'],1,2026-04-28T11:11:58.131630
91703415,SEO & Digital Marketing,PT Elektrika Multikatama,,"Tanggung jawab pekerjaan:

Mengelola dan maintenance website perusahaan (update konten, performa, dan keamanan)

Mengoptimasi SEO/SEM untuk meningkatkan traffic dan visibilitas online

Mengelola campaign digital (Google Ads, Meta Ads, dll)

Menganalisis performa campaign

Mengelola media sosial dan konten digital

Berkoordinasi dengan tim internal terkait kebutuhan sistem & pemasaran

Menangani troubleshooting dasar IT (website, domain, hosting, email)

Mengembangkan strategi digital marketing berbasis data




Kualifikasi

Pendidikan minimal S1 di bidang IT, Sistem Informasi, atau Marketing

Menguasai tools digital marketing 

Memiliki kemampuan analisis data dan reporting

Terbiasa mengelola media sosial dan campaign digital

Memahami dasar jaringan, domain, dan hosting

Komunikatif dan mampu bekerja secara tim maupun individu

Cekatan, aktif dan mampu bekerja dengan target & deadline",https://id.jobstreet.com/id/job/91703415,,IT Support,indonesia,"['r', 'git']",2,2026-04-28T11:12:03.527578
91703463,VP of Technology,,,"The VP of Technology is responsible for developing and executing the company’s technology strategy to support business scalability, operational efficiency, and product innovation.

Key Responsibilities

Develop and execute a technology roadmap aligned with overall business strategy (growth, profitability, operational excellence).

Lead the development, stability, and enhancement of logistics and fulfillment systems such as WMS, TMS, and OMS.

Ensure system scalability, reliability, and performance, especially during peak campaign periods.

Oversee engineering, data, and infrastructure teams (backend, frontend, QA, DevOps).

Drive the adoption of data-driven decision-making (forecasting, optimization, cost efficiency).

Ensure security, compliance, and data protection, particularly for enterprise clients.

Collaborate cross-functionally with Product, Operations, and Commercial teams to deliver impactful features.

Optimize the technology cost structure (cloud cost, infrastructure efficiency, build vs. buy decisions).

Foster an engineering culture focused on excellence (agile practices, CI/CD, code quality).

Requirements

Bachelor’s/Master’s degree in Computer Science, Engineering, or related field.

10–15 years of experience in technology, with at least 5 years in a senior leadership role (Head/VP/CTO level).

Experience in e-commerce, supply chain, or marketplace industries is strongly preferred.

Deep understanding of distributed systems and microservices architecture, cloud infrastructure (AWS, GCP, or Azure), and data engineering and analytics

Proven experience handling: high-volume transaction systems and system scaling and performance optimization

Strong leadership capability in: building engineering teams and managing cross-functional stakeholders

Strong ability to translate business needs into practical, scalable tech solutions.",https://id.jobstreet.com/id/job/91703463,Rp 55.000.000 – Rp 80.000.000 per month,IT Support,indonesia,"['gcp', 'r', 'scala', 'agile', 'aws', 'azure']",6,2026-04-28T11:12:08.735411
91703454,IT Staff,PT Auraluxe Indonesia,,"Requirements :

Sound knowledge in hardware & network

Software Maintenance and troubleshooting

Preferrable POS maintenance like (iseller)

SAP Business Application knowledge is Mandatory.

Knowledge Retail Business & business analyst preferrable.

Excellent communication with IT Support Experience preferrable

Bachelor's Degree (S1) information technology/teknik informatika/sistem informasi

Experience :

Minimum 2 years in retail industry and related role

Preferrable if able to Join Immediately",https://id.jobstreet.com/id/job/91703454,Rp5.700.000 – Rp7.000.000 per month,IT Support,indonesia,['r'],1,2026-04-28T11:12:14.173834
91703355,Operator Command Center Staff,Paramount Enterprise,,"Berperan sebagai pusat komunikasi dan koordinasi antara tim dan departemen yang terlibat.

Menganalisa dan membuat laporan berdasarkan data dan informasi yang dikumpulkan.

Melacak dan melaporkan semua insiden dan aktivitas di pusat komando dengan tujuan untuk memastikan dokumentasi yang tepat dan akurat.

Memantau operasi bisnis secara keseluruhan dengan tujuan untuk mendeteksi perubahan atau permasalahan yang dapat mempengaruhi kinerja bisnis melalui pemantauan real-time berbagai parameter seperti performa sistem, keamanan, jaringan, dan lalu lintas.

Memelihara log dan catatan kejadian dengan tujuan untuk memastikan dokumentasi yang tepat.

Menerima dan menindaklanjuti laporan atau keluhan dari warga/pelanggan agar segera ditangani oleh unit terkait.




Kualifikasi:

Pendidikan minimal S1 Sistem Informatika atau sejenis.

Memiliki pengalaman minimal 2 tahun di bidang sistem keamanan/IT.

Memiliki pengalaman minimal 2 tahun sebagai Operator Command Center.

Memahami perangkat pemantauan CCTV, sistem alarm, dan perangkat keamanan.

Menguasi penggunaan MS. Office.

Penempatan di Gading Serpong, Tangerang.",https://id.jobstreet.com/id/job/91703355,,IT Support,indonesia,['r'],1,2026-04-28T11:12:19.792320
91703103,Solutions Engineer,PT. Solusi Visindo Teknologi,,"Pre-Sales Engineer – AI Security Solutions & System Integration

Location: Tangerang Selatan (Hybrid)
Employment Type: Full-Time

We’re looking for a Pre-Sales Engineer who thrives at the intersection of engineering and sales—someone who can translate complex technical concepts into compelling business solutions.

In this role, you’ll play a key part in driving revenue growth by supporting the sales process with strong technical expertise, building customer confidence, and designing solutions that truly meet client needs.

Key Responsibilities:

Collaborate with the sales team to understand customer requirements and propose suitable technical solutions

Conduct site surveys and assess integration requirements for new and existing security systems

Deliver engaging product demonstrations and technical presentations tailored to client needs

Prepare technical proposals, system designs, configurations, and cost estimates

Support RFQ/RFI/RFP processes and contribute to competitive positioning strategies

Participate in client meetings, project discussions, and tender presentations

Act as a bridge between customers and internal engineering/product teams

Contribute to sales strategy development and revenue growth initiatives

Stay up to date with industry trends, technologies, and competitive landscape

What We’re Looking For:

Strong technical background in security systems, IT, or related engineering fields

Proven ability to communicate technical concepts clearly to non-technical stakeholders

Experience in pre-sales, system design, or solution consulting is highly preferred

Hands-on experience with CCTV, access control, intrusion systems, or integrated security solutions is a plus

Good understanding of project-based sales and tender processes

Strong problem-solving skills and a customer-oriented mindset

Willingness to travel for site visits and client meetings when required

Why Join Us:

Opportunity to work on diverse and impactful projects

Collaborative environment between technical and commercial teams

Exposure to the latest security technologies and solutions

Hybrid working arrangement with office base in South Tangerang

If you enjoy combining technical expertise with business impact, we’d love to hear from you.

 Visit us at www.solusivisindo.co.id for more information.",https://id.jobstreet.com/id/job/91703103,Rp 6.000.000 – Rp 8.000.000 per month,IT Support,indonesia,['r'],1,2026-04-28T11:12:25.322729
91703072,AI Engineer,PT CARSURIN Tbk,,"Key Responsibilities :

Cross-Division Collaboration & Stakeholder Engagement

Communicate clearly and humbly to understand real pain points on the ground.

Conduct interviews, shadow workflows, and gather structured input.

Process Discovery & AI-Assisted Documentation

Break down existing workflows step-by-step (current state).

Standardize documentation across divisions.

Process Redesign (Future State)

Redesign workflows for clarity, traceability, accountability, and measurable performance.

Validate redesigned processes with relevant divisions before rollout.

Automation Implementation

Develop or deploy automation solutions (scripts, integrations, internal tools).

Integrate AI into workflows for data extraction, validation, document processing, and decision support.

Continuous AI Exploration & Optimization

Stay updated with emerging AI and automation tools.

Proactively identify new use cases to improve efficiency.




Requirements

1.5–3 years experience in software engineering, automation, AI implementation, or process improvement.

Strong structured thinking and analytical ability.

Hands-on programming ability (Python preferred) & experience 1.5 years.

Strong familiarity with AI tools (Claude, ChatGPT, Gemini, etc.).

Ability to communicate clearly and work humbly with diverse teams.

Comfortable operating with ambiguity and minimal instruction.

High ownership mindset and self-driven learner.

Proficient English written and verbal a MUST",https://id.jobstreet.com/id/job/91703072,Rp 8.000.000 – Rp 12.000.000 per month,IT Support,indonesia,"['python', 'r']",2,2026-04-28T11:12:30.559864
91703023,Performance Marketing Optimizer Intern,Halodoc,,"Details of Job Responsibilities :

Act as performance marketing channel optimizer to assist performance marketing specialist

day to day operation

Putting performance marketing best practice first in order to achieve top notch execution

excellency

Quickly identify opportunities for optimization and able to execute data driven decision

making

Running and repeating process of daily optimization on various channels/aspects, maintain

high consistency and detail

Providing team with historical optimization activity, keep on track on tracking and

documentation

Stakeholder management i.e Business Development, eCommerce and Content team

Seamlessly doing cross team collaboration to make sure it gets all necessary support for

performance marketing continuous improvement




Job qualification / Requirements:

Minimum 6 months experience of handling hands-on inhouse performance marketing

channels; Google, Meta, TikTok, etc.

Excellence or willing to learn spreadsheet based tools to process marketing attribution data

i.e. Google Sheet and its its function/formula

Experience handling administration/paperworks taks for performance marketing inhouse

and external channels

Highly attention to detail oriented person with track record of managing data related

marketing process

Person with good and subtle in communication skills along with a customer-oriented

attitude, able to speak working environment level English, native Indonesian and a Halodoc

app user

Demonstrate project management skills and stakeholder management

Bachelor's degree in marketing, communications, or a related field, or graduate from digital

marketing bootcamp/courses in comprehensive level with great portfolios",https://id.jobstreet.com/id/job/91703023,,IT Support,indonesia,"['r', 'git', 'ios']",3,2026-04-28T11:12:36.042620
91702933,Sales Product IT,PT Gwen Tekno Pratama,,"Kualifikasi :

Berdomisili di Bandung

Pendidikan min. D3/S1, jurusan IT menjadi nilai tambah

Memiliki pengalaman minimal 1 tahun di bidang Sales IT, khususnya infrastruktur IT

Siap bekerja dengan target

Memiliki kemampuan Bahasa Inggris (diutamakan)

Mengetahui detail Produk Bidang IT (hardware)

Mampu bekerja sama dengan tim maupun individual

Siap bekerja lapangan diluar kota bandung

Mempunyai kemampuan komunikasi yang baik

Memiliki Kemampuan Presentasi Produk IT

Kemampuan Memahami Kebutuhan Pelanggan untuk Solusi Kebutuhan IT

Sudah memiliki base customer (diutamakan)




Tugas dan Tanggungjawab :

Bertanggung jawab terhadap pencapaian target penjualan.

Mencari dan mendapatkan pelanggan baru melalui berbagai portal, channel dan kunjungan rutin.

Mampu memahami permasalahan pelanggan sehingga dapat menawarkan produk serta layanan IT perusahaan.

Membina hubungan yang baik dengan klien.

Membuat report mingguan dan melaporkan kepada atasan.",https://id.jobstreet.com/id/job/91702933,,IT Support,indonesia,['r'],1,2026-04-28T11:12:41.469454
91702927,Senior System Administrator,Mandiri Inhealth,,"Senior IT Infrastructure professional is responsible for designing, managing, monitoring, and improving the company’s IT infrastructure to ensure high availability, security, and scalability

Requierment :

Bachelor’s degree in Information Technology, Computer Science, Information Systems, or related field

Minimum 5-6 years of experience in IT Infrastructure.

Relevant certifications are an advantage: Cisco CCNA / CCNP/Microsoft Certified/VMware / Hyper-V/ITIL/AWS / Azure / Google Cloud/Fortinet / Mikrotik / Palo Alto

Strong knowledge of LAN, WAN, VPN, VLAN, Routing, and Switching.

Hands-on experience and monitoring with Windows Server and Linux /Unix Server (RHEL,Alma,Rocky,Solaris,AIX)

Experience with virtualization platforms (VMware, Hyper-V, Proxmox)

System Monitoring & Performance (ELK Stack. Prometheus, Grafana)

Virtualisasi & Container Platform (VMWare,OpenShift,Kubernetes,Docker)




Responsibility :

Manage all servers, network devices, storage, and IT systems

Ensure system and network uptime.

Perform infrastructure monitoring and health checks.

Handle advanced troubleshooting and incident resolution

Implement IT security policies and best practices.

Manage firewall, antivirus, and access control systems.

Conduct vulnerability assessment and regular patching.

Support infrastructure security audits",https://id.jobstreet.com/id/job/91702927,,IT Support,indonesia,"['linux', 'r', 'scala', 'docker', 'kubernetes', 'aws', 'azure']",7,2026-04-28T11:12:48.369432
91702762,IT Technical Oracle,Kalbe Consumer Health (PT Saka Farma Laboratories),,"About The Role

We are looking for an IT Technical Oracle to handle development, customization, and maintenance of the Oracle E-Business Suite (EBS) system based on business needs. This role includes designing and optimizing PL/SQL programs, managing system integrations, and supporting data processing and reporting. You will be responsible for troubleshooting issues, supporting deployment and system enhancements, and ensuring system performance and stability. In addition, you will collaborate with functional teams to translate requirements into technical solutions and provide ongoing support for incidents and system improvements.




What Will You Do?

Perform development, customization, and maintenance of the Oracle E-Business Suite (EBS) system based on business requirements.

Design, develop, and optimize PL/SQL objects (packages, procedures, functions, triggers, and queries) including performance tuning.

Develop and maintain reports, as well as handle data processing (ETL) to support business and reporting needs.

Integrate Oracle EBS with external systems through APIs/Web Services, including XML/JSON data processing.

Conduct technical analysis, debugging, troubleshooting, and issue resolution within the Oracle EBS system.

Develop and maintain Oracle Personalization and system enhancements based on user/business needs.

Support deployment, migration, and maintenance activities across environments (development, testing, production).

Collaborate with functional teams to translate requirements into technical solutions and ensure proper documentation.

Provide ongoing support for incidents, enhancements, and change requests related to Oracle EBS.




What You Will Need

Bachelor's degree in Computer Science, Information Technology, Information Systems, or related field.

Minimum 2 years of experience as an Oracle E-Business Suites (EBS) Technical.

Strong PL/SQL skills (packages, procedures, functions) with query optimization and performance tuning.

Experience in Oracle EBS integrations via APIs/Web Services (XML/JSON); Oracle REST Data SERVICES (ORDS) is a plus.

Experience in developing reports using Oracle Reports Builder and handling Oracle Personalization.

Strong troubleshooting, debugging, and issue analysis skills in Oracle EBS.

Ability to collaborate with functional teams to translate business requirements into technical solutions.

Willing to be placed in Pulomas, East Jakarta under 3rd party.",https://id.jobstreet.com/id/job/91702762,,IT Support,indonesia,"['r', 'sql']",2,2026-04-28T11:12:54.051013
91702843,Freelance Technical Content Writer,PT Deneva (DomaiNesia),,"Yogyakarta, Indonesia

Marketing, Freelance

Peran

Sebagai Technical Content Writer di DomaiNesia, Anda bertanggung jawab untuk menulis artikel panduan berbagai produk DomaiNesia yang ramah SEO.

Tanggung Jawab Utama
Create excellent technical documentation (drafts, edits, and revisions) that complies with relevant regulations and is suitable for the target readership.
Write developer guides and assistance material in an understandable technical manner.
Collaborate with internal teams to gain a thorough understanding of the product and the documentation needs.
To maximize reader comprehension, choose the information to be presented in the most logical and straightforward manner possible.
Use SEO guidelines to increase web traffic.
Creating content topics related to our market and industry.
Writing a wide variety of topics for multiple platforms.
Producing high-quality technical content and social media needs
Hands on step by step technical issues before writing into the content
Collaborate with technical team to create technical content
Persyaratan
Get things done; self-driven; willing to learn; team player; love challenges; strive for excellence.
Have a good knowledge and insight especially in website, wordress webhosting, cloud hosting, cloud vps, etc.
Hands-on experience with Content Management Systems (e.g. WordPress)
Proficiency HTML and markdown.
Willing to learn and do experiment in technical
Ability to interpret complex technical aspect and make them easy to understand for customer in content
Attention to detail and logical & critical thinking
Knowledge of how operating systems and server works
Have basic skill of IT (Networking and Programming)",https://id.jobstreet.com/id/job/91702843,,IT Support,indonesia,['r'],1,2026-04-28T11:12:59.243583
91702654,Desk Collection Staff (Juanda),PT Anugerah Digital Indonesia,,"Tanggung Jawab:

Mengingatkan nasabah untuk melakukan pembayaran sebelum tenggat waktu.

Setelah tanggal jatuh tempo, menghubungi nasabah yang tertinggal dalam pembayaran.

Menghubungi nasabah secara langsung untuk meningkatkan efisiensi penagihan kredit.

Membantu nasabah dengan layanan pembayaran dan memberikan edukasi kepada pelanggan tentang layanan pembayaran.

Membangun hubungan positif dengan nasabah.

Melaksanakan tugas lainnya sesuai dengan arahan.




Kualifikasi:

Minimal lulusan SMA/SMK, Diploma atau Sarjana lulusan apapun

Memiliki pengalaman kerja minimal 6 bulan sebagai Desk Collection

Memiliki kemampuan mengoperasikan komputer (Internet Ms. Office) yang baik

Memiliki Kemampuan komunikasi dan negosiasi yang baik

Bersedia untuk bekerja shift sesuai kebutuhan perusahaan.

Mampu bekerja di bawah tekanan dan mencapai target perusahaan.

Mampu bekerja secara individu maupun dalam tim.

Memiliki Sertifikat Desk Collection oleh AFPI atau setara lebih diutamakan (P2P Lending).

Mematuhi aturan dan perintah perusahaan.

Bersedia ditempatkan di Juanda, Jakarta Pusat




Atau bisa datang langsung :

Walk In Interview :

Senin - Sabtu (09:00-14:00)

Alamat : Jl. Ir H Juanda 3 No. 6 RT 014/RW 004 Kb. Klp Kec. Gambir Kota Jakarta Pusat (Depan Kantor Bank DKI Pusat)",https://id.jobstreet.com/id/job/91702654,,IT Support,indonesia,['r'],1,2026-04-28T11:13:06.077826
91124926,Collection Agent / Desk Collection (WFH / Remote),,,"📌 Job Description

•Melakukan panggilan keluar (outbound call) kepada nasabah yang mengalami keterlambatan pembayaran

•Mengingatkan dan mengedukasi nasabah untuk segera melakukan pelunasan

•Menjalankan strategi komunikasi untuk mencapai target penagihan bulanan

•Melaporkan hasil kerja secara rutin kepada atasan




✅ Kualifikasi

•Pendidikan minimal SMP / SMA

•Memiliki kemampuan komunikasi yang baik

•Pengalaman di bidang collection menjadi nilai tambah

•Mampu mengoperasikan komputer dasar

•Disiplin, bertanggung jawab, dan mampu bekerja dengan target




💰 Salary & Benefit

•Gaji pokok: Rp 3.850.000 / bulan

•Insentif & bonus kinerja (tanpa batas)

•Rata-rata penghasilan: Rp 6.000.000 / bulan

•Dengan performa bagus, penghasilan bisa tembus Rp 10.000.000 / bulan

•Tunjangan kehadiran (full attendance bonus)

•Bonus hari raya + double pay hari libur

•Bonus tahunan




🌟 Keuntungan Bergabung

•💻 Kerja dari rumah (WFH), fleksibel tanpa commuting

•📈 Pelatihan profesional (pemula bisa belajar)

•💰 Penghasilan tinggi (berbasis performa)

•🚀 Kesempatan karir & promosi




⚠️ Catatan

•Wajib memiliki laptop/komputer + koneksi internet stabil

•Siap bekerja dengan sistem target (KPI)",https://id.jobstreet.com/id/job/91124926,Rp 6.000.000 – Rp 9.000.000 per month,IT Support,indonesia,['r'],1,2026-04-28T11:13:11.406521
91725263,IT Support,My Bali Friendz,,- Memeriksa dan memastikan semua komputer yang dipakai user dapat digunakan- Memeriksa dan memastikan semua komputer terhubung ke jaringan- Memeriksa dan memastikan bahwa aplikasi yang digunakan user dapat berjalan sebagaimana mestinya- Memastikan data user di komputer tidak bisa dibaca atau diambil oleh orang tanpa izin- Memperbaiki komputer user yang rusak- Melakukan update sistem operasi atau aplikasi secara berkala- Melakukan backup data- Memastikan sistem pendukung seperti printer dan scanner dapat beroperasi- Membuat atau merangkai jaringan dan kabel data- Menginstal dan konfigurasi antivirus demi keamanan komputer - - Tanpa Pengalaman Bekerja- Tidak ada minimal pendidikan- Tidak ada batasan usia- Terima kandidat tanpa foto diri - Provinsi sesuai penempatan kerja (Bali),https://id.jobstreet.com/id/job/91725263,,IT Support,indonesia,['r'],1,2026-04-28T11:13:16.715061
91702169,OT Cybersecurity Consultant,PT Yokogawa Indonesia,,"Role Purpose

Lead consultative engagement with client IT and OT stakeholders to identify cybersecurity risks, shape strategic solutions, and drive business opportunities through structured discovery workshops and advisory-led selling.

This role bridges technical expertise, consulting mindset, and business development, acting as a trusted advisor to clients while enabling internal sales teams to position high-value OT cybersecurity solutions.

Key Responsibilities

Consultative Client Engagement

Sales Enablement and Opportunity Shaping

Solution Design and Proposal Leadership

OT Cybersecurity Advisory and Risk Assessment

Thought Leadership and Capability Development




Job Requirement:

Bachelor degree major Engineering Physic, Electrical Engineering, Automation Engineering, System Engineering, Computer Science or any other related field

Minimum 8-10 years of experience in: Industrial automation / OT environments, OT cybersecurity, ICS security, or related domains, Client-facing consulting, advisory, or pre-sales roles

Proven experience in engaging senior stakeholders (IT, OT, Operations)

Experience in leading OT cybersecurity project implementation including: SOC / SIEM / XDR / Vulnerability assessment / Penetration testing.

Exposure to business development, solution selling, or opportunity shaping

Experience in industries such as Oil & Gas, Energy, Utilities, Manufacturing is highly preferred


""By responding to Yokogawa's Advertisement, consent is considered given to Yokogawa to collect the required personal data for the purpose of recruitment with expectation that Yokogawa will protect personal data with security safeguards that are reasonable and appropriate to the sensitivity of the personal data, to protect it from unauthorized access, use or disclosure and complies with applicable regulatory requirements with respect to the retention of personal data, and as part of the  commitment we will keep the application data for 1 year  a head""",https://id.jobstreet.com/id/job/91702169,,IT Support,indonesia,"['r', 'rust']",2,2026-04-28T11:13:22.273503
91702146,IT Technician,PT BONJOUR BALI STORE,,"IT Technician
Job Summary

We are looking for a hands-on IT Technician to set up, maintain, and troubleshoot all our office and operational tech equipment. You will ensure that computers, printers, networks, and systems run smoothly so the team can operate efficiently every day. This role is perfect for someone practical, reactive, and solution-oriented who enjoys fixing problems and building reliable systems.

Key Responsibilities
1. Hardware Setup & Maintenance

Install and configure computers (Mac & Windows) for new employees

Set up and maintain printers, scanners, and POS systems

Manage office equipment (routers, screens, devices, accessories)

Ensure all devices are properly updated and secured

2. Network & Connectivity

Set up and manage WiFi networks and internet connections

Troubleshoot connectivity issues quickly (office, warehouse, retail)

Ensure stable and secure network performance

3. Troubleshooting & Support

Provide daily technical support to team members

Diagnose and fix hardware and software issues

Handle urgent issues with a fast response mindset

4. Software & Accounts Setup

Set up employee accounts (Google Workspace, Slack, Shopify, etc.)

Install and configure required software and tools

Manage access rights and permissions

5. IT Inventory & Organization

Track all IT equipment (laptops, accessories, printers)

Maintain an organized inventory system

Prepare devices for onboarding/offboarding employees

6. Security & Backup

Ensure devices are protected (antivirus, updates, access control)

Manage backups and basic data security practices

Assist in implementing IT policies and best practices

Requirements

1–3+ years experience in IT support or technician role

Strong knowledge of MacOS & Windows

Basic networking knowledge (WiFi, routers, LAN)

Problem-solving mindset and hands-on attitude

Ability to work independently and respond quickly

Good communication skills (English required)

Nice to Have

Experience with Google Workspace & cloud tools

Experience in startup or fast-paced environments

Knowledge of POS systems or warehouse tech setup

Why Join Us

Work in a dynamic and fast-growing company

Be the backbone of daily operations

Opportunity to build and structure the entire IT setup

Energetic, and entrepreneurial team",https://id.jobstreet.com/id/job/91702146,Rp 4.000.000 – Rp 5.000.000 per month,IT Support,indonesia,"['r', 'react']",2,2026-04-28T11:13:27.894252
91702026,Hiring for IT Business System Analyst & IT Project Manager (BA),PT ABISHAR TECHNOLOGIES INDONESIA,,"📌 IT System / Requirement Analyst

Location: Jakarta
Employment Type: Full-time

Job Description:

Gather, analyze, and document business & system requirements (BRD, FSD, user stories)

Translate business needs into clear functional & technical specifications

Collaborate with stakeholders (business users, developers, QA) to ensure requirements alignment

Support end-to-end SDLC process (from requirement to deployment)

Assist in system testing (SIT/UAT) and ensure delivered solutions meet business expectations

Identify process improvements and propose effective system solutions

Requirements:

around 2 years of experience as System Analyst / Business Analyst / Requirement Analyst

Strong analytical thinking and problem-solving skills

Experience in writing structured documentation (BRD, FSD, user stories, use case)

Familiar with SDLC methodologies (Agile/Scrum/Waterfall)

Basic understanding of API, database, and system integration

Good communication skills and ability to work with cross-functional teams

Good command in English (spoken & written)

📌 IT PMBA (Project Manager / Business Analyst)

Location: Jakarta
Employment Type: Full-time

Job Description:

Assist in managing IT projects from initiation to delivery

Coordinate with cross-functional teams to ensure project milestones are met

Gather and analyze business requirements while ensuring alignment with project goals

Monitor project progress, timelines, and deliverables

Support Agile ceremonies (daily stand-up, sprint planning, retrospective)

Act as a bridge between business stakeholders and technical teams

Identify risks/issues and propose mitigation strategies

Requirements:

2–3 years of experience as IT Business Analyst / Associate Project Manager / similar role

Strong communication and stakeholder management skills

Basic project management knowledge (timeline, scope, coordination)

Experience working in Agile/Scrum environment

Ability to handle multiple tasks and prioritize effectively

Good Command in English (spoken & written)",https://id.jobstreet.com/id/job/91702026,Rp 7.000.000 – Rp 9.000.000 per month,IT Support,indonesia,"['r', 'agile', 'scrum']",3,2026-04-28T11:13:33.225888
91701895,Infosec Analyst,OLX Indonesia,,"Pemantauan Ancaman: Secara aktif memantau keamanan sistem dan infrastruktur untuk mendeteksi ancaman siber dan aktivitas mencurigakan.

Respons Insiden: Segera menyelidiki dan menangani pelanggaran keamanan serta menerapkan langkah-langkah untuk mencegah kejadian serupa terulang.

Manajemen Kerentanan: Melakukan audit keamanan dan pembaruan secara berkala untuk menjaga integritas sistem dari ancaman yang terus berkembang.

Kolaborasi Risiko: Bekerja sama dengan para pemangku kepentingan untuk menilai risiko dan menetapkan kebijakan keamanan informasi yang kuat.




Persyaratan:

Memiliki pengalaman minimal 3 tahun di bidang keamanan siber, lebih disukai pada level senior.

Memiliki keahlian yang kuat dalam area berikut:

Analisis Keamanan Website, termasuk memahami framework dan tools seperti OWASP dan Burp Suite

Sistem Autentikasi & Otorisasi, termasuk LDAP, Active Directory, SSO, dan Multi-Factor Authentication (MFA)

Teknik Eksploitasi Kerentanan, seperti SQL Injection dan Cross-Site Scripting (XSS)

Tools Keamanan Endpoint dan Jaringan, termasuk EDR dan Email Security Gateway

Memiliki pengalaman hands-on dalam aktivitas Red Teaming, termasuk penetration testing dan simulasi eksploitasi ancaman menggunakan tools seperti Metasploit, Nmap, dan Wireshark.

Berpengalaman dalam Vulnerability Assessment and Penetration Testing (VAPT), serta familiar dengan solusi keamanan seperti WAF dan SIEM

Mampu melakukan scripting dan automation, menggunakan Python, Bash, atau PowerShell

Memiliki pemahaman yang baik mengenai dasar-dasar keamanan jaringan, termasuk konfigurasi dan pengelolaan firewall

Nilai tambah: Memiliki sertifikasi terkait seperti CEH, CompTIA Security+, CISM, atau CISSP",https://id.jobstreet.com/id/job/91701895,,IT Support,indonesia,"['python', 'r', 'bash', 'sql']",4,2026-04-28T11:13:38.744896
91701844,IT Programmer,PT Gelora Aksara Pratama (Erlangga Group),,"Tanggung Jawab Utama

Merancang, mengembangkan, dan menguji aplikasi sesuai dengan kebutuhan bisnis.

Mengidentifikasi, memperbaiki, dan memelihara bug serta isu dalam sistem yang ada.

Berkolaborasi dengan tim lain, seperti tim desain dan manajemen proyek, untuk memastikan pengiriman produk yang lancar.

Menganalisis dan mengoptimalkan kinerja sistem untuk meningkatkan efisiensi.

Keterampilan, Kualifikasi, dan Pengalaman yang Dibutuhkan

Pendidikan Min. D3 jurusan Informatika, Teknik Komputer, atau bidang terkait.

Mahir dalam bahasa pemrograman seperti PHP, Python, atau Java.

Pengalaman menggunakan framework dan library populer seperti Laravel, React, atau Angular.

Pengetahuan tentang basis data, seperti MySQL atau PostgreSQL.

Kemampuan mengembangkan aplikasi mobile yang responsif dan user-friendly.",https://id.jobstreet.com/id/job/91701844,Rp 5.730.000 per month,IT Support,indonesia,"['python', 'angular', 'php', 'r', 'java', 'mysql', 'react', 'sql', 'postgresql']",9,2026-04-28T11:13:44.274074
91701800,中文IT支持与管理 - Mandarin IT Management,PT Aicha Food Indonesia,,"岗位职责

将协助公司各区域、各国家IT系统的日常运维与支持（总部：雅加达办公室）

负责公司网站及域名的基础管理与维护

负责内部服务器（本地及云服务器）的日常监控与维护

协助外卖App的上线、测试及日常问题处理

协助ERP系统的日常维护、数据录入及问题跟进

负责报料系统、收银系统的日常使用支持及异常处理

负责电商相关后台系统的基础操作与维护

负责企业公众号后台的日常管理与简单内容更新

负责官网页面的基础维护（配合行政、人事更新内容）

协助人事管理系统/App的日常使用与问题处理

负责ERP系统物料提报、数据整理及基础审核支持

负责企业邮箱账号开通、权限设置及简单维护

协助机房网络设备的基础维护及问题排查

协助网络、防火墙及云服务器的基础配置与对接

任职要求

大专及以上学历，计算机相关专业优先（可接受应届毕业生）

具备基础IT知识（网络、操作系统、软件安装等）优先

熟悉Windows系统，了解Linux基础操作者优先

具备基础的服务器、网络或系统维护意识

具备良好的中文沟通能力（能与各部门顺畅沟通）

具备基础英文读写能力（能看懂简单技术文档即可）

工作认真细致，有责任心，学习能力强

具备良好的服务意识，能够及时响应和解决问题",https://id.jobstreet.com/id/job/91701800,,IT Support,indonesia,"['linux', 'r']",2,2026-04-28T11:13:49.684355
91701733,Senior Network Security Engineer,PT Dinamika Sistem Integrasi Solusi,,"Job Description:

We are looking for a capable senior network security engineer, who enjoys IT infrastructure and security work, possesses both deep and wide expertise in the security space. You will make things more secure by protecting system boundaries, keeping information systems and network devices hardened against attacks and securing highly sensitive data.




Education:

Bachelor’s degree in Computer Science, Information Security, or a related field. Equivalent work experience may be considered.




Key Responsibilities:

Strong troubleshooting skills and responsible for Problem Solving.

Manage project deployment lifecycle, define requirements, design systems, support testing and oversee live implementation.

Oversee the testing and monitoring of hardware and systems performance.

Provide assistance with systems planning, business information analysis and process improvement initiatives.

Support staff and end user with resolution of systems issues, malfunctions or hardware problems.

Worked closely with customers on the technical requirements to provide technical solutions – Identified requirements, including technical details sufficient for product definition.




Job Description:

Plan, implement, install, operate and maintain hardware systems, cyber/network security systems, software applications and Information Technology infrastructure at customer site.

Strong troubleshooting skills and responsible for Problem Solving.

Manage project deployment lifecycle, define requirements, design systems, support testing and oversee live implementation.

Oversee the testing and monitoring of hardware and systems performance.

Execute maintenance & troubleshooting at the customer network.

Provide assistance with systems planning, business information analysis and process improvement initiatives.

Support staff and end user with resolution of systems issues, malfunctions or hardware problems.

Worked closely with customers on the technical requirements to provide technical solutions – Identified requirements, including technical details sufficient for product definition.




Requirements:

Passionate in the field of cyber security.

3+ experience in the same industry and position.

Possessed active professional level certification from the same industry (Palo Alto, Cisco, Fortinet, Check Point, etc.).

Candidate must be quick learner, hard worker, multitasker, Good English, have good communication skill and presentation skill.

Candidate must possess at least bachelor’s degree in computer science/information technology/electrical or equivalent.

Excellent knowledge of TCP/IP-based services, including DNS, DHCP, TFTP, SSH, SMTP, etc.

Excellent knowledge of internet routing protocols (RIP, OSPF, BGP, EIGRP, IGRP, etc.).

Excellent knowledge of Firewall/IDS/IPS/WAF and monitoring tools.

Excellent knowledge of reading and analyze Wireshark PCAP.

Familiar scripting languange (Bash, Python, YAML, etc.).

Familiar with linux and unix.

Experienced in building technical relationships with customers and 3rd parties.

Exposure with network or security equipment (Palo Alto Networks, Fortinet, Check Point, Cisco, HPE Aruba, Juniper Networks, Bluecoat, F5, Riverbed, etc) will be added advantage.

Having relevant industry certification (PCNSC / PCNSE / PCNSA / NGFW) is a must.




Soft Skills:

Language proficiency in both Bahasa Indonesia and English.

Strong written and verbal communication abilities.

Ability to speak and present reports.

Ability to work effectively under pressure and manage multiple priorities.

Strong teamwork and collaboration skills.",https://id.jobstreet.com/id/job/91701733,,IT Support,indonesia,"['python', 'linux', 'r', 'bash']",4,2026-04-28T11:13:55.296249
91701754,Area Bancassurance Manager - Samarinda,PT AIA FINANCIAL,,"At AIA we’ve started an exciting movement to create a healthier, more sustainable future for everyone.




As the largest listed company on the HKSE, we’ve been proudly making a difference across Asia for over a century. We believe in empowering every one of our people to find their 'better' - in the work they do, the career they build, the life they live and the difference they make. So that together we can support even more people - including our own - to live Healthier, Longer, Better Lives, build healthier societies and cultivate healthier environments that better everybody. If you believe in better, we’d love to hear from you.




Currently we are looking for Area Business Manager with details below:




Key Responsibilities:




ABM is required to recruit for a branch that is the responsibility of relatives.

Obliged to establish and build productive relationships and effective synergy with the bank partner.

Bank partner is obliged to assist parties, in increasing the number of Customer Base via Natural Market.

Achieve FYP/month and ANP from the targets given.

To ensure conditions in a state conductive and responsible about anything that happens in the team.

Control and monitoring team.

Control and monitoring report of the Bancassurance Consultant (subordinates), support to RBH (Regional Branch Head) and the Board of Directors (BoD).

If there is anything else that is not listed above, it remains the responsibility of the ABM who must run and well execute.




Qualifications:

Candidate must possess at least a Bachelor’s Degree in any field.

At least 2 years of working experience as a Leader or 4 years of working experience in Life Insurance or Financial Industry.

Preferably Manager specializing in Life Insurance, Financial Industry or equivalent.

Excellent verbal and written communication skills.

Ability to write reports and business correspondence.

Must be comfortable managing communication and relationship with executive level contacts.

Willing to be placed in Samarinda.",https://id.jobstreet.com/id/job/91701754,Rp 10.000.000 – Rp 12.000.000 per month,IT Support,indonesia,['r'],1,2026-04-28T11:14:00.709199
91701722,AI/ML Engineer - Jakarta - WFO,PT. PERSOLKELLY Recruitment Indonesia,,"Role Purpose

As an AI/ML Engineer, you will bridge the gap between cutting-edge research and production-grade software. You will be responsible for architecting and deploying ""Agentic"" systems and Generative AI solutions that solve complex business challenges, moving beyond simple automation to create intelligent, self-optimizing workflows.




Requirements:

Education: Bachelor’s degree in CS, AI, Data Science, or Computational Linguistics (Master’s in AI/ML preferred).

2–3 years in professional software development with a focus on AI integration.

Strong grasp of LLMs, RAG, Autonomous Agents, and Prompt Engineering. Familiarity with MCP (Model Context Protocol) is highly valued.




The Stack:

Hands-on experience with LangChain, LangGraph, and FastAPI.

Proficiency in AWS (Bedrock, Q, SageMaker) or equivalent (Vertex AI, Azure AI Foundry).

Experience with LLM monitoring and evaluation tools like LangSmith or similar.

Proficiency in Vector DBs (OpenSearch, pgvector) and NoSQL/Relational systems (DynamoDB).

GCP Professional ML Engineer or DeepLearning.AI specializations are a plus.




Non-Technical Requirements

Willingness to visit customer sites to understand pain points and present technical solutions.

Willingness to work from the office to foster high-bandwidth collaboration with the engineering team.

Ability to articulate complex AI concepts to both technical peers and non-technical stakeholders or clients.




Responsibilities:

Design and deploy scalable AI-driven solutions (RAG, Agentic workflows) to optimize internal workflows and elevate customer experiences.

Build and maintain the next generation of AI tools, including multi-turn conversational agents, autonomous automation scripts, and intelligent middleware.

Monitor, evaluate, and fine-tune LLMs and traditional ML models to ensure sustained accuracy, low latency, and relevance in production.

Leverage AI for deep-dive data analytics, including anomaly detection, predictive forecasting, and automated insight generation across structured and unstructured datasets.

Partner with Sales, Pre-Sales, and Product teams to translate business requirements into technical AI roadmaps and ensure seamless infrastructure integration.

Develop robust integrations between AI systems and diverse data sources, ensuring high-performance retrieval from relational and vector databases.",https://id.jobstreet.com/id/job/91701722,Rp 20.000.000 – Rp 30.000.000 per month,IT Support,indonesia,"['gcp', 'r', 'scala', 'fastapi', 'sql', 'aws', 'azure']",7,2026-04-28T11:14:06.040606
91701648,Staff System Engineer,PT Toso Industry Indonesia,,"Melakukan kegiatan perbaikan software dan hardware

Melakukan Perawatan Server antivirus/web internal setiap hari

Melakukan perawatan CCTV beserta perangkat pendukungnya

Melakukan instalasi software dan hardware baru

Membuat dan memelihara program/aplikasi internal web sesuai permintaan user

Melakukan perawatan WIFI beserta perangkat pendukungnya

Melakukan kegiatan perawatan perangkat internet

Melaksanakan program workplan tahunan di bagian SE

Membuat kaizen sesuai target yang ditentukan",https://id.jobstreet.com/id/job/91701648,,IT Support,indonesia,['r'],1,2026-04-28T11:14:11.391541
91699200,IT System Analyst,PT Itasof Pelagus Global,,"Itasoft is a fast-growing tech company helping businesses transform through custom software, automation, and enterprise solutions. As Indonesia’s official sole distribution partner for Joget, we deliver low-code/no-code platforms that make innovation faster, simpler, and more impactful.




Joget is a powerful low-code/no-code platform used globally to build applications, automate workflows, and accelerate digital transformation without heavy coding. It’s fast, flexible, and designed for innovation, making it an exciting technology for creating solutions that drive real business results.




At Itasoft, you’ll work with a collaborative, forward-thinking team where your ideas matter, your growth is encouraged, and your work helps businesses achieve real impact.




Job description for IT System Analyst:




Job Responsibilities:

Identify, understand and plan for organizational and human impacts of planned systems, and ensure that new technical requirements are properly integrated with existing processes and skill sets.

Understand software limitations and determines feasibility by evaluating analysis, problem definition, requirements, solution development, and proposed solutions.

Documents and demonstrates solutions by developing documentation (Eg. FSD), flowcharts, layouts, diagrams, charts.

Dig up information on system requirements from the User/Client and develop a design proposal/application system based on those needs.

Collaborate with Project Manager and Development Team in producing systems/applications according to User/Client needs.




Job Qualifications:

At least 2 years experience as IT Business Analyst or IT System Analyst or any position relevant

Excellent analytical skills

Working knowledge of business process

Ability to explain technical details to non-technical users

Ability to retrieve all required information of the system requirement from End Users

Candidate must possess at least a Bachelor’s Degree, Master’s Degree / Post Graduate Degree in computer science or information technology or any major that relevant

Good command in English, both spoken and written

Willing to be placed in JAKARTA",https://id.jobstreet.com/id/job/91699200,,IT Support,indonesia,"['r', 'git']",2,2026-04-28T11:14:16.819345
91701299,IT Manager,,,"WE’RE HIRING: IT & AI ENGINEER (Profit-Driven Innovation)

We are looking for a highly driven IT professional who doesn’t just build systems — but can turn AI into real business value and measurable profit. If you’ve worked on AI projects or know how to develop AI solutions that impact revenue, we want you on our team.

🔹 Key Responsibilities

Design, develop, and maintain scalable software systems.

Build and integrate AI-driven solutions aligned with business goals.

Develop AI models or systems that improve efficiency, automation, and profitability.

Collaborate with cross-functional teams to gather requirements and translate them into functional applications.

Perform testing, debugging, and code optimization.

Stay up-to-date with the latest trends in software development and AI.

🔹 Qualifications

Bachelor’s Degree in Computer Science, Software Engineering, or related field.

Proven experience (3+ years) in programming (Python, PHP, frameworks, etc).

Hands-on experience in building or contributing to AI projects (portfolio required).

Strong understanding of AI/ML frameworks (e.g., TensorFlow, PyTorch).

Solid knowledge of databases, APIs, and cloud technologies.

Strong problem-solving skills with attention to detail.

Excellent communication and teamwork skills.

Ability to troubleshoot software & hardware issues.",https://id.jobstreet.com/id/job/91701299,Rp 12.000.000 – Rp 17.000.000 per month,IT Support,indonesia,"['python', 'tensorflow', 'php', 'r', 'scala', 'pytorch']",6,2026-04-28T11:14:22.319730
91700969,IT Core Network Officer,PT Rapid Teknologi Indonesia,,"IT Core Network Officer - Placement at Finance Industry

Job Description:
- Manage day-to-day network operations to ensure reliable performance, connectivity, and security across the organization
Install, configure, upgrade, and maintain network infrastructure including routers, switches, firewalls, and cabling
- Monitor network performance and optimize systems to maximize efficiency and uptime
- Implement and maintain network security measures such as firewalls, VPNs, and proxy configurations
- Troubleshoot and resolve network connectivity issues, hardware/software failures, and infrastructure incidents
- Provide technical support to internal users related to network and connectivity issues
- Maintain accurate technical documentation for network configurations, procedures, and troubleshooting guides

Requirements:
- Minimum Bachelor’s degree in Information Technology, Computer Science, or related field
- Minimum 3–5 years of experience in network operations, network administration, or similar role
- Proven experience in network operations, network administration, or similar role
- Strong understanding of LAN/WAN protocols, network security, and Windows/Linux server environments
- Hands-on experience with networking hardware such as Cisco, Juniper, routers, switches, and firewalls
- Strong troubleshooting and analytical skills in diagnosing network/infrastructure issues
- Good communication skills and ability to explain technical issues to non-technical stakeholders
- CCNA certification is a plus",https://id.jobstreet.com/id/job/91700969,Rp 6.000.000 – Rp 8.500.000 per month,IT Support,indonesia,"['linux', 'r']",2,2026-04-28T11:14:27.586922
91700965,DATA CENTER ENGINEER,PT Advanced Power Tech,,"WE ARE HIRING – DATA CENTER PROFESSIONAL

Kami membuka kesempatan bagi profesional terbaik untuk bergabung dan berkarir bersama kami sebagai bagian dari Tim Data Center, yang akan menangani operasional, maintenance, dan support infrastruktur data center.

Posisi yang dibuka:

1. Facility Engineer

2. NOC

3. Electrical Engineer

4. Mechanical Engineer

5. BMS Engineer

6. Remote Hand

7. Fire Engineer

8. HSE Engineer

9. Chargeman

10. DLP / Maintenance Engineer

11. HSE Manager

⸻

Kualifikasi Umum:

1. Pendidikan minimal S1 sesuai bidang (Elektro, Mesin, Sipil, IT)

2. Pengalaman minimal 2 tahun di bidang terkait (diutamakan Data Center / MEP / Infrastruktur)

3. Khusus posisi Manager minimal pengalaman 5 tahun

4. Fresh graduate dipersilakan melamar untuk beberapa posisi tertentu

5. Memiliki kemampuan teknis sesuai bidang: MEP, HVAC, kelistrikan, jaringan, BMS, atau HSE

6. Mampu melakukan troubleshooting, maintenance, dan monitoring sistem

7. Memiliki sertifikasi pendukung (K3, kelistrikan, data center, networking, dll) menjadi nilai tambah / wajib untuk posisi tertentu

8. Menguasai tools seperti AutoCAD, Microsoft Office, monitoring tools, atau sistem terkait

9. Memiliki soft skill: teliti, komunikatif, problem solving, dan teamwork

10.Bersedia bekerja shift, standby, dan kerja lapangan (data center environment)

⸻

Benefit:

Gaji kompetitif

BPJS Kesehatan & Ketenagakerjaan

Tunjangan & insentif

Kesempatan pengembangan karir

⸻

📍 Lokasi kerja: Data Center (Jakarta & sekitarnya)",https://id.jobstreet.com/id/job/91700965,Rp8.000.000 – Rp12.000.000 per month,IT Support,indonesia,['r'],1,2026-04-28T11:14:33.063243
91700921,Network & Security Engineer,Dirga Bahari Perkasa,,"Company Description

Dirga Bahari Perkasa (DBP) operates as a multi-faceted High-Tech Solutions Provider with a primary focus on two major sectors: Integrated Security/Infrastructure and Healthcare Technology.  As a system integrator for industrial and commercial technology, DBP covers security and surveillance, network infrastructure and specialized equipment. We are currently seeking driven professionals to join our expansion in the Indonesian market.

 

About the Role

We are seeking a detail-oriented and proactive Network & Security Engineer to join our technical team. In this role, you will be responsible for the end-to-end lifecycle of our high-tech infrastructure—from initial system design and sizing to the hands-on configuration and maintenance of complex network and security ecosystems.

You will work with a diverse portfolio of global vendors, ensuring that our integrated solutions—spanning surveillance and enterprise networking—operate at peak performance and security.


Job Description

Manage, configure, and troubleshoot network infrastructure (LAN/WAN/WLAN).

Implement and maintain network security systems (firewall, VPN, IDS/IPS).

Operate, configure, and maintain multi-brand CCTV systems (IP Camera, NVR/DVR, VMS).

Perform system design and sizing for network & CCTV (bandwidth, storage, device capacity).

Integrate hardware and software (servers, storage, network devices, monitoring tools).

Configure and troubleshoot multi-vendor devices such as Mikrotik, Palo Alto, Fortinet, Huawei, Cisco, etc.

Prepare technical documentation and system reports.

Requirements

Diploma or Bachelor’s degree in IT, Network Engineering, Cyber Security, or related field.

Fresh graduates are welcome to apply, 1–3 years of experience is a plus.

Basic understanding of TCP/IP, routing, switching, and network security.

Familiar with or willing to learn multi-vendor devices (Mikrotik, Palo Alto, Fortinet, Huawei, Cisco).

Basic knowledge of IP-based CCTV systems and VMS.

Strong troubleshooting and analytical skills.

Plus Point

Certifications such as CCNA, MTCNA, NSE, HCIA, etc.

Experience in network, CCTV, or command center projects.",https://id.jobstreet.com/id/job/91700921,Rp 7.000.000 – Rp 10.000.000 per month,IT Support,indonesia,['r'],1,2026-04-28T11:14:38.568574
91700727,Teknisi Junior Instalasi CCTV,Distributor CCTV,,"PENEMPATAN : Denpasar, Bali


Kualifikasi :

Diutamakan berdomisili di Bali dan sekitarnya

Pendidikan minimal SMA/sederajat

Berpengalaman instalasi CCTV & memahami kelistrikan

Memiliki kendaraan roda dua & SIM C

Jujur dan bertanggung jawab

Mampu bekerja baik individu maupun tim

Deskripsi Pekerjaan :

Melakukan instalasi, perawatan dan perbaikan sistem CCTV dan jaringan.

Melakukan penarikan, penataan dan terminasi kabel (UTP/CCTV).

Melakukan pemasangan dan konfigurasi perangkat (kamera, DVR/NVR, jaringan).

Melakukan pembaharuan software/firmware serta pengujian sistem.

Melakukan analisis kerusakan dan menyusun estimasi biaya perbaikan.

Membuat laporan hasil pekerjaan dan dokumentasi instalasi.

Benefit :

Gaji

BPJS

Komisi Pemasangan (sesuai titik proyek)

Bonus KPI

Jenjang Karir

PENEMPATAN : DENPASAR UTARA, BALI",https://id.jobstreet.com/id/job/91700727,,IT Support,indonesia,['r'],1,2026-04-28T11:14:44.084173
91700610,IT Support,,,"Job Responsibilities

We are looking for a highly motivated IT Support professional with a deep passion for technology and a natural drive for problem-solving. Based in our Badung, Bali office, you will be the key person ensuring our systems and infrastructure remain secure, reliable, and efficient. We are seeking a candidate who not only possesses technical expertise but also brings excellent communication skills to provide seamless support to our team in a fast-paced environment. With job responsibilities as listed :

1. Infrastructure & Network Management

Manage, maintain, and troubleshoot company hardware, IT systems, and network infrastructure.

Set up and maintain local area networks (LAN), Wi-Fi connectivity, and internet infrastructure.

Diagnose and resolve connectivity issues across office systems and devices.

Monitor system performance to ensure optimal functionality and reliability.

2. Technical Support & Troubleshooting

Provide first-level technical support to employees for hardware, software, and network-related issues.

Provide technical assistance related to the company’s CRM and website systems as needed.

Set up workstations and devices for new employees.

Install, configure, and maintain computers, printers, and other IT equipment.

3. Asset Management & Procurement

Be responsible for all office devices and equipment, ensuring they are properly functioning and maintained.

Manage and maintain an up-to-date inventory of all IT assets and office devices.

Ensure proper documentation and tracking of company IT assets and equipment.

Manage IT inventory, including hardware procurement, tracking, and maintenance.

4. Security & Compliance

Ensure hardware and IT systems comply with company policies and security standards.

Implement and maintain basic cybersecurity measures and protocols.

Ensure the security, reliability, and proper functioning of company systems.

Assist with data backup procedures and disaster recovery processes.

5. Vendor & External Coordination

Coordinate with external vendors or service providers for advanced repairs, maintenance, or upgrades when necessary.

Job Requirements

A highly motivated individual with 1–2 years of experience in the same field who demonstrates a genuine passion for IT and a strong engagement with their work. The ideal candidate must be highly responsible, showing a deep commitment to both their professional duties and strict adherence to company regulations.

As we operate in an international environment, fluency in English is a must, as you will need to communicate technical solutions clearly and effectively. Additionally, candidates must be currently residing in Bali and able to work on-site at our office.",https://id.jobstreet.com/id/job/91700610,Rp 3.900.000 – Rp 5.500.000 per month,IT Support,indonesia,['r'],1,2026-04-28T11:14:49.566449
91700508,Network Engineer On Site (Sulawesi Selatan),PT Provis Garuda Services,,"Kualifikasi:

Minimal D3 jurusan Teknik/IT atau terkait

Memiliki pengalaman minimal 1 tahun sebagai Network Engineer / IT Support / bidang terkait

Memahami dasar networking (routing, switching, troubleshooting)

Bersedia bekerja shift




Deskripsi Pekerjaan:

Melakukan instalasi dan konfigurasi perangkat jaringan (router, switch, access point, firewall).

Melakukan troubleshooting dan pemeliharaan jaringan (LAN, WAN, WLAN).

Memantau performa jaringan menggunakan tools seperti PRTG atau SolarWinds.

Menyusun laporan teknis hasil instalasi, pemeliharaan, dan troubleshooting.

Menjelaskan isu teknis kepada pelanggan non-teknis secara profesional.

Memastikan konfigurasi jaringan sesuai standar keamanan (VPN, firewall, enkripsi).

Berkoordinasi dengan tim internal dan eksternal untuk mendukung operasional di lokasi pelanggan.

Mematuhi prosedur K3 saat bekerja di lapangan, termasuk area berisiko tinggi.",https://id.jobstreet.com/id/job/91700508,Rp3.500.000 – Rp4.000.000 per month,IT Support,indonesia,['r'],1,2026-04-28T11:14:54.934049
91725273,Lead Generation / Business Development Representative (SaaS Company),Logiframe,,"Jobdesk:- Melakukan riset calon klien sesuai target market (ICP).- Menjalankan aktivitas lead generation baik inbound (campaign/marketing) maupun outbound (email, telepon, LinkedIn, WA bisnis).- Mengelola database prospek dan menjaga kebersihan data di CRM.- Melakukan outreach multi-channel dan follow-up untuk memastikan engagement prospek.- Melakukan kualifikasi prospek menjadi Sales Qualified Lead (SQL) menggunakan kerangka Need, Budget, Authority, Timeline.- Menjadwalkan meeting/demonstrasi dengan tim Account Executive (AE) dan memastikan handover berjalan lancar.- Menyusun laporan mingguan terkait aktivitas, leads, SQL, dan meeting yang dihasilkan.- Berkolaborasi erat dengan tim Marketing & Sales untuk meningkatkan kualitas leads dan efektivitas campaign.Kualifikasi:- Pengalaman 1–3 tahun di posisi Business Development Representative / Sales Development- Representative / Lead Generation / Inside Sales (diutamakan di SaaS / IT / B2B company).- Memahami proses lead generation hingga kualifikasi menjadi SQL.- Terbiasa menggunakan CRM dan tools prospekting (LinkedIn, email outreach, dll).- Komunikasi lisan & tulisan yang baik, disiplin, gigih, dan berorientasi target.- Growth mindset dan terbiasa bekerja dengan KPI. - - Berpengalaman- Diploma- 24 - 35 Tahun- Terima kandidat tanpa foto diri- Terima kandidat dari mana saja",https://id.jobstreet.com/id/job/91725273,,IT Support,indonesia,"['r', 'sql']",2,2026-04-28T11:15:00.414310
91700341,Jr Business Analyst (Teknologi Informasi & Komunikasi),GRIMAX,,"Kami mencari Junior Business Analyst yang memiliki minat di bidang Teknologi Informatika dan Komunikasi untuk membantu menjembatani kebutuhan bisnis dengan solusi teknologi. Posisi ini cocok untuk kandidat yang analitis, komunikatif, dan ingin berkembang dalam lingkungan berbasis teknologi.

Tanggung Jawab:

Mengumpulkan, menganalisis, dan mendokumentasikan kebutuhan bisnis dari stakeholder

Menerjemahkan kebutuhan bisnis menjadi spesifikasi fungsional untuk tim IT/developer

Membantu dalam proses perencanaan dan pengembangan sistem/aplikasi berbasis TIK

Melakukan analisis data sederhana untuk mendukung pengambilan keputusan

Berkoordinasi dengan tim internal (IT, produk, operasional) untuk memastikan solusi berjalan sesuai kebutuhan

Membuat laporan, dokumentasi, dan presentasi terkait hasil analisis

Mendukung proses testing (UAT) dan memastikan sistem sesuai dengan requirement

Mengidentifikasi peluang peningkatan proses bisnis melalui pemanfaatan teknologi

Kualifikasi:

Pendidikan minimal S1 di bidang Sistem Informasi, Teknik Informatika, Manajemen, atau bidang terkait

Fresh graduate dipersilakan melamar (pengalaman magang sebagai nilai tambah)

Memiliki pemahaman dasar tentang proses bisnis dan sistem informasi

Mampu menggunakan tools seperti Microsoft Excel, PowerPoint, dan tools analisis lainnya

Memiliki kemampuan komunikasi dan analisis yang baik

Mampu bekerja secara individu maupun dalam tim

Memiliki kemampuan problem solving dan critical thinking

Nilai Tambah:

Familiar dengan SQL, data visualization tools (misalnya Power BI/Tableau), atau basic programming

Bisa menggunakan Excel, Figma dan Trello

Memahami metodologi Agile/Scrum

Pengalaman dalam proyek IT atau digitalisasi bisnis",https://id.jobstreet.com/id/job/91700341,Rp2.000.000 – Rp3.000.000 per month,IT Support,indonesia,"['tableau', 'r', 'agile', 'git', 'sql', 'power bi', 'scrum']",7,2026-04-28T11:15:05.787052
91700317,Network Engineer On Site (Yogyakarta),PT Provis Garuda Services,,"Kualifikasi:

Minimal D3 jurusan Teknik/IT atau terkait

Memiliki pengalaman minimal 1 tahun sebagai Network Engineer / IT Support / bidang terkait

Memahami dasar networking (routing, switching, troubleshooting)

Bersedia bekerja shift




Deskripsi Pekerjaan:

Melakukan instalasi dan konfigurasi perangkat jaringan (router, switch, access point, firewall).

Melakukan troubleshooting dan pemeliharaan jaringan (LAN, WAN, WLAN).

Memantau performa jaringan menggunakan tools seperti PRTG atau SolarWinds.

Menyusun laporan teknis hasil instalasi, pemeliharaan, dan troubleshooting.

Menjelaskan isu teknis kepada pelanggan non-teknis secara profesional.

Memastikan konfigurasi jaringan sesuai standar keamanan (VPN, firewall, enkripsi).

Berkoordinasi dengan tim internal dan eksternal untuk mendukung operasional di lokasi pelanggan.

Mematuhi prosedur K3 saat bekerja di lapangan, termasuk area berisiko tinggi.",https://id.jobstreet.com/id/job/91700317,Rp2.500.000 – Rp3.000.000 per month,IT Support,indonesia,['r'],1,2026-04-28T11:15:11.204530
91700222,Network Engineer On Site (Tanjung Pinang),PT Provis Garuda Services,,"Kualifikasi:

Minimal D3 jurusan Teknik/IT atau terkait

Memiliki pengalaman minimal 1 tahun sebagai Network Engineer / IT Support / bidang terkait

Memahami dasar networking (routing, switching, troubleshooting)

Bersedia bekerja shift




Deskripsi Pekerjaan:

Melakukan instalasi dan konfigurasi perangkat jaringan (router, switch, access point, firewall).

Melakukan troubleshooting dan pemeliharaan jaringan (LAN, WAN, WLAN).

Memantau performa jaringan menggunakan tools seperti PRTG atau SolarWinds.

Menyusun laporan teknis hasil instalasi, pemeliharaan, dan troubleshooting.

Menjelaskan isu teknis kepada pelanggan non-teknis secara profesional.

Memastikan konfigurasi jaringan sesuai standar keamanan (VPN, firewall, enkripsi).

Berkoordinasi dengan tim internal dan eksternal untuk mendukung operasional di lokasi pelanggan.

Mematuhi prosedur K3 saat bekerja di lapangan, termasuk area berisiko tinggi.",https://id.jobstreet.com/id/job/91700222,Rp3.500.000 – Rp4.000.000 per month,IT Support,indonesia,['r'],1,2026-04-28T11:15:16.756880
91700161,Full Stack Developer,PT SOILENS,,"NOTE: SELEKSI TES KOMPETENSI DAN WAWANCARA DILAKUKAN OFFLINE DI BANDUNG

Kualifikasi

S1 Jurusan Manjemen Informasi / Teknik Informatika / Sistem Informasi atau sejenis

Maksimal di 40 tahun

Memahami konsep pemrograman MVC (Model View Controller)

Menguasai bahasa pemrograman PHP/ASP/.NET/Java/Java Script

Menguasai framework (Codeigniter/Laravel/CakePHP/VueJS/NodeJS/ReactJS/Bootstrap)

Menguasai Database MYSQL/SQL lite/PostgreSQL/MSSQL

Menguasai Ms.Office tingkat Advance

Memiliki Logika Algoritma pemrograman yang kuat

Bersedia melakukan seleksi wawancara offline di Bandung",https://id.jobstreet.com/id/job/91700161,,IT Support,indonesia,"['vue', 'php', 'r', 'java', 'mysql', 'react', 'sql', 'postgresql']",8,2026-04-28T11:15:22.284842
91700121,Network Engineer On Site (Surabaya),PT Provis Garuda Services,,"Kualifikasi:

Minimal D3 jurusan Teknik/IT atau terkait

Memiliki pengalaman minimal 1 tahun sebagai Network Engineer / IT Support / bidang terkait

Memahami dasar networking (routing, switching, troubleshooting)

Bersedia bekerja shift




Deskripsi Pekerjaan:

Melakukan instalasi dan konfigurasi perangkat jaringan (router, switch, access point, firewall).

Melakukan troubleshooting dan pemeliharaan jaringan (LAN, WAN, WLAN).

Memantau performa jaringan menggunakan tools seperti PRTG atau SolarWinds.

Menyusun laporan teknis hasil instalasi, pemeliharaan, dan troubleshooting.

Menjelaskan isu teknis kepada pelanggan non-teknis secara profesional.

Memastikan konfigurasi jaringan sesuai standar keamanan (VPN, firewall, enkripsi).

Berkoordinasi dengan tim internal dan eksternal untuk mendukung operasional di lokasi pelanggan.

Mematuhi prosedur K3 saat bekerja di lapangan, termasuk area berisiko tinggi.",https://id.jobstreet.com/id/job/91700121,Rp5.000.000 – Rp5.500.000 per month,IT Support,indonesia,['r'],1,2026-04-28T11:15:27.809407
91700121,Network Engineer On Site (Surabaya),PT Provis Garuda Services,,"Kualifikasi:

Minimal D3 jurusan Teknik/IT atau terkait

Memiliki pengalaman minimal 1 tahun sebagai Network Engineer / IT Support / bidang terkait

Memahami dasar networking (routing, switching, troubleshooting)

Bersedia bekerja shift




Deskripsi Pekerjaan:

Melakukan instalasi dan konfigurasi perangkat jaringan (router, switch, access point, firewall).

Melakukan troubleshooting dan pemeliharaan jaringan (LAN, WAN, WLAN).

Memantau performa jaringan menggunakan tools seperti PRTG atau SolarWinds.

Menyusun laporan teknis hasil instalasi, pemeliharaan, dan troubleshooting.

Menjelaskan isu teknis kepada pelanggan non-teknis secara profesional.

Memastikan konfigurasi jaringan sesuai standar keamanan (VPN, firewall, enkripsi).

Berkoordinasi dengan tim internal dan eksternal untuk mendukung operasional di lokasi pelanggan.

Mematuhi prosedur K3 saat bekerja di lapangan, termasuk area berisiko tinggi.",https://id.jobstreet.com/id/job/91700121,Rp5.000.000 – Rp5.500.000 per month,IT Support,indonesia,['r'],1,2026-04-28T11:16:07.362027
91700048,Network Engineer On Site (Pontianak),PT Provis Garuda Services,,"Kualifikasi:

Minimal D3 jurusan Teknik/IT atau terkait

Memiliki pengalaman minimal 1 tahun sebagai Network Engineer / IT Support / bidang terkait

Memahami dasar networking (routing, switching, troubleshooting)

Bersedia bekerja shift




Deskripsi Pekerjaan:

Melakukan instalasi dan konfigurasi perangkat jaringan (router, switch, access point, firewall).

Melakukan troubleshooting dan pemeliharaan jaringan (LAN, WAN, WLAN).

Memantau performa jaringan menggunakan tools seperti PRTG atau SolarWinds.

Menyusun laporan teknis hasil instalasi, pemeliharaan, dan troubleshooting.

Menjelaskan isu teknis kepada pelanggan non-teknis secara profesional.

Memastikan konfigurasi jaringan sesuai standar keamanan (VPN, firewall, enkripsi).

Berkoordinasi dengan tim internal dan eksternal untuk mendukung operasional di lokasi pelanggan.

Mematuhi prosedur K3 saat bekerja di lapangan, termasuk area berisiko tinggi.",https://id.jobstreet.com/id/job/91700048,Rp3.000.000 – Rp3.500.000 per month,IT Support,indonesia,['r'],1,2026-04-28T11:16:12.888237
91699906,IT Programmer Backend,Bintang Pelajar (Bimbingan Belajar),,"IT Programmer Backend
Penempatan : Kantor Pusat Bintang Pelajar (Bogor)

Tanggung Jawab Utama :

Merancang perangkat lunak dari sisi server yang berhubungan dengan database, scripting, dan arsitektur dari sebuah aplikasi website atau mobile apps

Kualifikasi :

Pendidikan minimal S1 Ilmu Komputer / Teknologi Informasi

Menguasai dan memahami framework JavaScript (JS), seperti: Node.js, Express.js, React.js, dan Vue.js

Memiliki pengalaman minimal 1 tahun di posisi yang relevan

Memiliki pengalaman dalam implementasi SSO (Single Sign-On), integrasi dengan third-party services, dan penggunaan Golang menjadi nilai tambah

Mampu bekerja secara tim maupun individu

Bersedia bekerja full-time dengan sistem 6 hari kerja",https://id.jobstreet.com/id/job/91699906,Rp 5.000.000 – Rp 7.000.000 per month,IT Support,indonesia,"['vue', 'r', 'java', 'react', 'golang', 'express', 'javascript']",7,2026-04-28T11:16:18.453867
91699838,Network Engineer On Site (Denpasar),PT Provis Garuda Services,,"Kualifikasi:

Minimal D3 jurusan Teknik/IT atau terkait

Memiliki pengalaman minimal 1 tahun sebagai Network Engineer / IT Support / bidang terkait

Memahami dasar networking (routing, switching, troubleshooting)

Bersedia bekerja shift




Deskripsi Pekerjaan:

Melakukan instalasi dan konfigurasi perangkat jaringan (router, switch, access point, firewall).

Melakukan troubleshooting dan pemeliharaan jaringan (LAN, WAN, WLAN).

Memantau performa jaringan menggunakan tools seperti PRTG atau SolarWinds.

Menyusun laporan teknis hasil instalasi, pemeliharaan, dan troubleshooting.

Menjelaskan isu teknis kepada pelanggan non-teknis secara profesional.

Memastikan konfigurasi jaringan sesuai standar keamanan (VPN, firewall, enkripsi).

Berkoordinasi dengan tim internal dan eksternal untuk mendukung operasional di lokasi pelanggan.

Mematuhi prosedur K3 saat bekerja di lapangan, termasuk area berisiko tinggi.",https://id.jobstreet.com/id/job/91699838,Rp3.000.000 – Rp3.500.000 per month,IT Support,indonesia,['r'],1,2026-04-28T11:16:24.027869
91699698,Product Development Engineer,PT STARCOM SOLUSINDO,,"JOB DESCRIPTION

* Mengidentifikasi peluang produk/solusi IT & telekomunikasi (networking, CCTV, radio, jaringan, dan integrasi sistem).

* Menyusun konsep produk, fitur, dan value proposition sesuai kebutuhan market.

* Mengembangkan dan mengelola dokumentasi produk (BoQ, SoW, SLA, spesifikasi teknis).

* Berkoordinasi dengan tim teknis (Engineer/Presales) dalam desain dan pengujian solusi.

* Melakukan POC (Proof of Concept) dan evaluasi performa sebelum implementasi.

* Mendukung tim sales dalam penyusunan proposal teknis dan penawaran ke klien.

* Berkoordinasi dengan vendor/principal terkait spesifikasi, harga, dan teknologi terbaru.

* Mengelola database produk, harga, dan referensi vendor.

* Melakukan evaluasi dan improvement produk berdasarkan feedback customer dan hasil proyek.

* Menyusun roadmap pengembangan produk dan laporan progres secara berkala.




JOB REQUIREMENTS

* Pend. min. D3/S1 Teknik Informatika, Telekomunikasi, Elektro, atau sejenis.

* Pengalaman 1–3 tahun di prodev atau tech. Support IT/telekomunikasi.

* Pengalaman POC/testing perangkat (CCTV, radio, networking).

* Familiar dengan Cisco, Mikrotik, Cambium, Hikvision, dll.

* Pernah terlibat dalam tender proyek IT/telekomunikasi.

* Memiliki kemampuan analisis kebutuhan dan problem solving.

* Menguasai Microsoft Excel & PowerPoint untuk analisis dan presentasi.

* Komunikatif, proaktif, dan mampu bekerja dengan target/deadline.",https://id.jobstreet.com/id/job/91699698,Rp 3.500.000 – Rp 4.000.000 per month,IT Support,indonesia,['r'],1,2026-04-28T11:16:29.580597
91699655,Teknisi (Tasikmalaya),PT Matahari Graha Fantasi (Timezone Indonesia),,"Tanggung Jawab :

Memastikan bahwa semua mesin-mesin permainan yang ada di venue berfungsi dengan baik, dan

Melakukan pemeliharaan dan perbaikan mesin permainan yang ada di venue.




Persyaratan :

Lulusan SMK / D3 jurusan Elektronika / Audio Video / Elektronika Industri / Mekantronika,

Berusia maksimal 30 tahun,

Mengerti prinsip dasar cara kerja komputer baik hardware, software, dan jaringan komputer,

Mampu menggunakan alat ukur baik digital maupun analog,

Familiar dengan program Microsoft Office,

Mampu bekerja sendiri maupun dengan tim, dan

Memiliki kemauan untuk belajar dan attitude yang baik.

Bersedia untuk di tempatkan pada Area Tasikmalaya.",https://id.jobstreet.com/id/job/91699655,,IT Support,indonesia,"['r', 'git']",2,2026-04-28T11:16:35.093627
91699622,Network Engineer On Site (Balikpapan),PT Provis Garuda Services,,"Kualifikasi:

Minimal D3 jurusan Teknik/IT atau terkait

Memiliki pengalaman minimal 1 tahun sebagai Network Engineer / IT Support / bidang terkait

Memahami dasar networking (routing, switching, troubleshooting)

Bersedia bekerja shift




Deskripsi Pekerjaan:

Melakukan instalasi dan konfigurasi perangkat jaringan (router, switch, access point, firewall).

Melakukan troubleshooting dan pemeliharaan jaringan (LAN, WAN, WLAN).

Memantau performa jaringan menggunakan tools seperti PRTG atau SolarWinds.

Menyusun laporan teknis hasil instalasi, pemeliharaan, dan troubleshooting.

Menjelaskan isu teknis kepada pelanggan non-teknis secara profesional.

Memastikan konfigurasi jaringan sesuai standar keamanan (VPN, firewall, enkripsi).

Berkoordinasi dengan tim internal dan eksternal untuk mendukung operasional di lokasi pelanggan.

Mematuhi prosedur K3 saat bekerja di lapangan, termasuk area berisiko tinggi.",https://id.jobstreet.com/id/job/91699622,Rp3.500.000 – Rp4.000.000 per month,IT Support,indonesia,['r'],1,2026-04-28T11:16:40.912228
91699451,DATA ANALAYST,PT Karya Solusi Prima Sejahtera,,"1. Pendidikan minimal S1 Teknik Informatika / Teknik Elektro / Sistem Informasi atau bidang terkait.

2. Fresh graduate atau memiliki pengalaman kerja maksimal 1 tahun, pengalaman di bidang fraud monitoring menjadi nilai tambah.

3. Menguasai database Oracle dan query statement (SQL).

4. Menguasai operating system berbasis Unix/Linux.

5. Memiliki kemampuan analisa yang baik dan detail oriented.

6. Memiliki kemampuan problem solving dan berpikir logis.

7. Memiliki kemampuan komunikasi yang baik dan mampu bekerja dalam tim.

8. Memiliki integritas tinggi dan mampu menjaga kerahasiaan informasi.

9. Bersedia bekerja dalam sistem shift.

10. Memiliki kondisi kesehatan yang baik.

11. Memiliki pengetahuan dasar mengenai sistem pembayaran elektronik menjadi nilai tambah.",https://id.jobstreet.com/id/job/91699451,,IT Support,indonesia,"['linux', 'r', 'sql']",3,2026-04-28T11:16:46.524579
91699225,SAP PP Functional,PT Gistex,,"Bachelor's Degree in Computer Science/Information Systems/Industrial Engineering or equivalent

3 to 6 years of implementation and support experience of SAP (ECC or S/4Hana)

Excellent communication skills to interact with both technical and non-technical stakeholders.

Strong analytical and problem-solving skills to analyze business processes and recommend SAP solutions.

Available opening modules: PP/QM

Placement at Bandung",https://id.jobstreet.com/id/job/91699225,Rp 8.000.000 – Rp 12.000.000 per month,IT Support,indonesia,['r'],1,2026-04-28T11:16:52.043228
91699220,IT Infrastructure - Yogyakarta,PT Aino Indonesia,,"Grow Together

Are you passionately seeking new knowledge to tackle big challenges? if you are an energetic person, full of creativity and uphold detail and accuracy, we invite you to join a team that is passionate about growth and development, solving various problems of life with smart technology solutions, smart processes and smart integrated systems.

Are you up for the challenge? Join us and let’s grow together!




Job Description:

Standard system administration duties including server install, system/application install, patch management, log analysis, and customer account setup.

Ability to identify, diagnose, and resolve full application stack problems, end-to-end, including network connectivity, traffic utilization, authentication, ssl, and application debugging

Standard system administration duties including server install, system/application install, patch management, log analysis

Create and maintain comprehensive documentation as it relates to server and network topology, equipment, and configuration

Participate in the creation, maintenance, testing, and execution of the Disaster Recovery plan

Continue to evolve the use of automation and configuration management

Participate in after-hours upgrades, maintenance troubleshooting, and on-call availability as needed.


Job Requirement:

Excellent problem solving and effective research skills

Experience using the Linux operating system, especially Centos

Experience using Web Server (nginx, apache)

Experience using RDBMS (PostgresSQL, MySQL)

Understanding about CI/CD and also using tools like Jenkin, Travis CI

Familiar using container

Knowledge of VMware virtual systems and cloud infrastructure, in a managed service environment

Willing to work on-site at the Yogyakarta Office.",https://id.jobstreet.com/id/job/91699220,Rp 5.500.000 – Rp 8.000.000 per month,IT Support,indonesia,"['linux', 'r', 'mysql', 'sql']",4,2026-04-28T11:16:57.624717
91697951,HRGA & IT MANAGER,,,"Requirements :

Minimum of 5 years of experience in the same position 

Fluent in English, both spoken and written.

Preferably have experience in working at Marine Company or Oil & Gas

Proven experience in developing and implementing HR strategies aligned with company goals.

Strong knowledge of HR principles, labor laws, and best practices.

Experience in managing payroll, tax, and employee benefits.

Excellent communication and leadership skills.

Strong organizational and multitasking abilities.

People oriented and results driven.

Ability to develop work systems, procedures and mechanisms within the HRGA Department







Responsibilities

Recruitment & Staffing: Manage the recruitment process, including sourcing, interviewing, and hiring candidates for various roles within the company.

Labor Relations: Manage and maintain a good working relationship between the company and its employees, particularly with labor unions and employee representatives.

Training & Development: Organize and oversee training programs for employee skill development and career progression.

Performance Management: Develop and implement performance appraisal systems and provide guidance to managers on employee evaluations and feedback.

Compensation & Benefits: Administer payroll, benefits programs, and ensure that compensation is competitive and in line with industry standards.

HR Policies & Compliance: Ensure HR policies align with legal requirements and company standards and provide advice on compliance with labor laws and regulations.

Employee Engagement: Develop programs to improve employee satisfaction, retention, and morale.

Labor Relations: Manage and maintain a good working relationship between the company and its employees, particularly with labor unions and employee representatives.

Collective Bargaining: Lead negotiations for collective bargaining agreements and ensure the company’s interests are represented while maintaining positive relations with workers.

Dispute Resolution: Handle and resolve workplace disputes, grievances, and conflicts between employees and management, including addressing complaints.

Compliance & Legal Affairs: Ensure that the company complies with all relevant labor laws, industrial relations regulations, and collective agreements.

Policy Development: Develop and implement policies and procedures that govern industrial relations practices in the company.

Employee Engagement: Promote a positive work environment and foster open communication between employees and management to avoid conflicts.

Training & Awareness: Educate employees and management on industrial relations policies, labor rights, and legal compliance.

Prepare reports for the CEO using HR metrics

Collaborate with General Affairs (GA) to ensure effective support for facilities, logistics, and employee welfare.

Work closely with IT to ensure the integration of HRIS, enhance data security, and support digital transformation initiatives.",https://id.jobstreet.com/id/job/91697951,,IT Support,indonesia,"['r', 'git', 'aws']",3,2026-04-28T11:17:03.367386
91697464,Server Administrator,PERUMDAM TIRTA KERTA RAHARJA,,"Persyaratan Umum :

Minimal Pendidikan S1 Sesuai Yang Dilamar

Melampirkan CV dan Surat Lamaran Kerja (Diketik Komputer)

Sertifikat Keahlian (jika memiliki)

Server Administrator

Usia maksimal 35 tahun

Pendidikan Minimal S1 (Teknik Komputer / Teknik Informatika)

Pengalaman Min. 5 Tahun Bidang Network Administrator / Server Administratorbar

Menguasai Sistem Operasi Windows Server dan Linux (Ubuntu, Red hat, CentOs)

Mampu dalam penggunaan server baik on-premise maupun cloud

Menguasai Virtualisasi Server (VMWare, Hypervisor, Proxmox)

Mampu Troubleshooting/ Software dengan GUI dan CLI

Memiliki sertifikat Server Administrator

Memahami Firewall Appliance

Memahami Networking (Routing, Bridging, Vlan)",https://id.jobstreet.com/id/job/91697464,Rp 8.000.000 – Rp 11.000.000 per month,IT Support,indonesia,"['linux', 'r']",2,2026-04-28T11:17:09.096350
91706308,Penjaga Photobox - Teknisi Photobox (Freelance) - Content Creator (WFH),Selfieku Photobox,,"Penjaga Photobox

Menyambut dan membantu pelanggan dalam menggunakan mesin photobox
Memberikan arahan terkait cara penggunaan, pilihan frame, dan fitur yang tersedia
Memastikan peralatan photobox berfungsi dengan baik sebelum dan selama operasional
Menangani kendala teknis ringan dan melaporkannya jika diperlukan
Menjaga kebersihan area photobox
Mengelola transaksi pembayaran dan membuat laporan harian
Memastikan hasil cetakan foto sesuai standar kualitas

Penempatan :

 Gacoan Cipadung, Jl. Cilengkrang II Palasari, kec Cibiru Kota Bandung
 Gacoan Cimahi, Jl. Jend. H Amir Machmud no.312, Cibabat, Cimahi Utara, Kota cimahi
Gacoan Buah Batu, jl. Buah Batu no.144, turangga, Kec Lengkong, Kota Bandung
Teknisi Photobox (Freelance)

Melakukan kunjungan ke lokasi photobox di Bandung dan sekitarnya jika terjadi kerusakan atau error
Siap standby dan merespons kebutuhan perbaikan dengan cepat
Menangani perbaikan minor pada perangkat photobox
Berkoordinasi dengan teknisi utama untuk arahan perbaikan
Mengatasi kendala teknis terkait kamera, komputer, dan printer
Memastikan unit photobox kembali berfungsi dengan baik setelah perbaikan
Content Creator (WFH)

Merencanakan ide konten kreatif untuk Instagram dan TikTok
Membuat dan mengedit konten (foto & video) secara mandiri maupun tim
Mengikuti tren terbaru dan mengadaptasikannya ke dalam konten brand
Mengelola jadwal posting konten secara konsisten
Berkolaborasi dengan tim operasional untuk kebutuhan konten
Menganalisis performa konten (views, engagement, dll) dan melakukan evaluasi
Penjaga Photobox

Pendidikan minimal SMA/SMK atau sederajat
Ramah, komunikatif, dan memiliki pelayanan yang baik
Mampu mengoperasikan perangkat digital dasar (Komputer dan Kamera)
Teliti dan bertanggung jawab
Bersedia bekerja 6 hari seminggu dan tidak mengambil libur saat akhir pekan/ hari libur

Nilai Tambah :

Pengalaman di bidang pelayanan pelanggan atau retail
Memiliki minat di bidang fotografi atau desain
Teknisi Photobox (Freelance)

Diutamakan memiliki pemahaman dasar komputer
Memiliki pengalaman atau kemampuan dalam service komputer menjadi nilai tambah
Memiliki kendaraan pribadi untuk mobilitas
Bersedia bekerja secara fleksibel (freelance & on-call)
Mampu berkomunikasi dengan baik dan responsif

Nilai Tambah:

Mernahami dasar penggunaan dan troubleshooting kamera
Pengalaman di bidang teknisi atau IT support
Content Creator (WFH)

Memiliki kreativitas tinggi dan peka terhadap tren media sosial
Terbiasa menggunakan aplikasi editing seperti CapCut, Adobe Lightroom, atau sejenisnya Mampu mengambil foto dan video dengan baik (menggunakan HP/kamera)
Percaya diri tampil di depan kamera menjadi nilai tambah
Memahami dasar-dasar algoritma Instagram & Tik Tok
Disiplin, komunikatif, dan mampu bekerja dengan deadline

Nilai Tambah:

Pengalaman sebagai content creator / social media specialist
Memiliki portofolio konten (IG/Tik Tok)
Memahami basic copywriting & storytelling

Kirimkan CV lamaran ke Email dengan subjek : Posisi – Lokasi Penempatan – Nama.",https://id.jobstreet.com/id/job/91706308,,IT Support,indonesia,"['r', 'git']",2,2026-04-28T11:17:14.641408
91695881,GDS Delivery Specialist,Operations Core,,"Your Main Objective We are looking for a Delivery Specialist Associate to support one of our client’s operations by managing service requests, delivering accurate outputs, and ensuring all tasks are completed according to established guidelines. You will work on tasks of moderate complexity where analysis of data or situations requires attention to detail and sound judgment within defined procedures. To succeed in this role, you should be organized, detail-oriented, proactive, and able to communicate effectively with both internal teams and clients.
Your Main Responsibilities

You will manage and process client service requests according to implementation guidelines.
You will carefully follow instructions and pre-established workflows to perform assigned tasks.
You will ensure all work meets the team’s minimum accuracy and quality standards.
You will validate and cross-check information before submission to ensure data correctness.
You will identify errors, discrepancies, or system issues and take corrective actions as required.
You will escalate recurring issues or system limitations to your direct supervisor.
Qualifications

Excellent analytical and numerical skills (logic score above 85)
Have of experience in Travel Agency and have 1 - 2 years of GDS experience
Knowledge in reservation and ticketing on different providers such as airlines, hotels, and cars
Excellent communication skills in English (English score B1–B2, good speaking and listening skills)
Be Part of the ATI Journey


At ATI Business Group, our mission is to support our clients’ growth by providing cost-effective technology and talented, scalable resources on demand. Since our founding in 2002, ATI has focused exclusively on serving the travel and hospitality industries worldwide. With over 900 employees, we are proud to deliver exceptional services that drive success for our global clients.",https://id.jobstreet.com/id/job/91695881,,IT Support,indonesia,"['r', 'scala']",2,2026-04-28T11:17:20.573533
91695428,Account Manager - Telco & ISP Industry,PT Intikom Berlian Mustika,,"Responsibilities

Consistently achieve annual revenue targets.

Identify, research, and pursue new business opportunities.

Analyze potential sales opportunities.

Build and maintain strong relationships with existing clients and prospects.

Monitor industry trends and competitors to recommend product improvements or new solutions.

Collect and analyze sales data and performance reports.

Develop and maintain a professional network to support business growth.

Engage with potential clients to assess their needs and provide best solutions.

Qualifications

Bachelors degree in Business, Marketing, IT, or related field.

Minimum 3 years of experience as an Account Manager in the IT industry.

Strong written and verbal communication skills in both Indonesian and English.

Proven ability to negotiate, influence, and build long-term client relationships.

Experience in preparing and delivering impactful presentations.

Demonstrated track record of meeting or exceeding sales targets with positive customer feedback.

Ability to multitask, prioritize, and manage time effectively.

Fast learner, proactive, and passionate about sales.",https://id.jobstreet.com/id/job/91695428,monthly salary,IT Support,indonesia,['r'],1,2026-04-28T11:17:26.164321
91694948,Cyber Security Operation Advance - Layer 3,PT XYNEXIS INTERNATIONAL,,"PT Xynexis International Group, is looking for high-caliber cybersecurity experts to join our team as a Cyber Security Operation Advanced - Layer 3. In this role, you will be responsible for ensuring the robust protection of security systems against advanced threats and suspicious activities.

Qualification:

Education: Minimum an Associate Degree (D3) or equivalent are welcome to apply provided they hold ECIH or CHFI certifications.

Certifications: Must possess certifications in Security Operations, Penetration Testing, and/or Vulnerability Assessment (e.g., CEH, CIHE, or similar credentials).

Experiece: A minimum of 2 years of professional experience in Incident Response, SOC operations, or the broader Cybersecurity field.




If you meet the qualifications above and are interested in joining our team, please do not hestitate to send your CV, degree certificate, training certificates, and police clearance certificate (SKCK).",https://id.jobstreet.com/id/job/91694948,,IT Support,indonesia,['r'],1,2026-04-28T11:17:31.965908
91694319,CUSTOMER SERVICE - SENIOR PRODUCT SAFETY AND CERTIFICATION,PT Epson Indonesia,,"Responsibilities:

The responsibilities of this position (Product Safety and Certification of Epson Product) are:

1.      Ensure all the regulation and policy changes from government and regional are up to date, shared within company’s stakeholder and take necessary action to mitigate the risk.

2.      Ensure all new/renewed product certificates are implemented on time, in accordance with regulations, and without risk.

3.      Lead to ensure compliance, conformance and audit preparedness with regional operations and locations, provide pre-audit capability to assist in the self-identification of Product Safety gaps

4.      Work together with Japan head office to ensure that all necessary documents are available to apply for relevant certificates

5.      Define and establish clear Safety Application/registration processes & procedures for handling all regional products, spares, modules, etc.

 

Requirements: 

·       S1/Bachelor degree from any major, Senior Level Staff with minimum 5 years experiences of relevant working experience (IT/ Electronic Industry is preferred), Excellent problem-solving skills and attention to detail, ability  to lead a team and manage multiple task simultaneously.

 

General Requirements:

·       Minimum GPA 3.00. Excellent communication skills both verbal and written (English and Bahasa). Strong interpersonal skills, team players player with the ability to work independently, able to work under pressure to achieve goal. Proficient in both MS. Office applications (power point, excel, word).",https://id.jobstreet.com/id/job/91694319,,IT Support,indonesia,['r'],1,2026-04-28T11:17:37.761954
91694805,Assistant Manager Online Technology Improvement,PT Lotte Shopping Indonesia,,"Responsibility

- Ensure stable performance of online systems and microsites

- Lead development and enhancement of mobile apps & website (end-to-end lifecycle)

- Manage data reconciliation, pricing updates, and promotional programs

- Maintain system security, reliability, and server availability

- Troubleshoot issues and support system & mobile app operations

- Collaborate with IT teams for system development, integration, and improvements

- Monitor performance and drive continuous enhancements


Requirement :

- Bachelor’s degree in IT, Computer Science, or related field

- 3+ years of experience in a similar role

- Hands-on experience in developing and launching mobile applications

- Strong skills in programming, system analysis, and troubleshooting

- Familiar with mobile architecture, API integration, and frameworks

- Experience in system development and project coordination",https://id.jobstreet.com/id/job/91694805,,IT Support,indonesia,['r'],1,2026-04-28T11:17:43.404458
91694708,desk collection,PT. SWZ TECH INDONESIA,,"Memiliki pengalaman kerja sebagai Collection, Debt Collector, atau posisi terkait minimal 1 tahun (lebih disukai).

Memiliki kemampuan komunikasi dan negosiasi yang baik dalam menangani pelanggan.

Mampu bekerja dengan target penagihan yang telah ditentukan perusahaan.

Teliti, disiplin, dan bertanggung jawab dalam mengelola data pembayaran pelanggan.

Mampu mengoperasikan komputer (Microsoft Excel, Word, atau sistem perusahaan).

Memiliki kemampuan problem solving dalam menangani keterlambatan pembayaran pelanggan.

Mampu bekerja secara individu maupun dalam tim.

Memiliki sikap profesional dan sopan saat berkomunikasi dengan pelanggan.

Bersedia melakukan follow up melalui telepon, pesan, atau kunjungan jika diperlukan.",https://id.jobstreet.com/id/job/91694708,Rp 4.200.000 – Rp 4.400.000 per month,IT Support,indonesia,['r'],1,2026-04-28T11:17:49.485711
91694657,Information Technology Business Analyst,PT Lentera Bangsa Benderang,,"Responsibilities

Create innovations and contribute significantly to independent progress.

Analyze potential risks and issues within a project.

Develop a Functional Specification Document (FSD) as the foundation for program development.

Organize data and define requirements by translating business requirements into functional requirements.

Analyze user and business needs.

Collaborate with developers to provide the best solutions for users.

Prepare documentation of business processes, system functionalities, and test scenarios.

Coordinate effectively between users and developers.

Requirements

Minimum Qualifications

Bachelor’s degree in IT, Information Systems, or other relevant fields.

Excellent communication and interpersonal skills.

Minimum of 3 years of experience as an IT Business Analyst or in an equivalent role.

Proactive, disciplined, responsible, detail-oriented, and well-organized.

Ability to work both independently and as part of a team, and coordinate with cross-functional teams.

Strong analytical skills with the ability to provide input and ideas for team improvements.

Required Skills

Strong capability in business process analysis and documentation using diagrams such as Flowchart, Entity Relationship Diagram (ERD), Use Case, Activity Diagram, Sequence Diagram, etc.

Proficiency in SQL Server (Structured Query Language) and Microsoft Visio.

Solid understanding of Agile methodology, including working with EPICs, User Stories, and backlog refinement.

Knowledge of system integration concepts and technical needs, including APIs, file transfer methods, and related data exchange mechanisms.

Eagerness to learn new things and explore new tools.

Additional Skills

Strong technical abilities.

Ability to lead or manage a team.

Work Arrangement

Employment type: Contract

Contract duration: 12 months (extendable)

Location: West Jakarta

Work type: On-site/Work from Office (WFO)

Expected onboard: ASAP, immediate joiners are preferred",https://id.jobstreet.com/id/job/91694657,Rp 12.000.000 – Rp 14.500.000 per month,IT Support,indonesia,"['r', 'agile', 'sql', 'ios']",4,2026-04-28T11:17:55.072062
91694052,IT Developer,PT GCM Hero Indonesia,,"Position: IT Staff (Developer)
Working Days: Monday - Saturday
Working Hours: 09.00 - 18.00

We are looking for a detail-oriented and reliable IT Staff to support daily technical operations, maintain IT systems, and ensure smooth and secure technology performance across the organization.

Responsibilities:

Design, Develop, and Maintain Software Applications

Analyze and Troubleshoot Software Bugs and Logic Issues

Maintain and Improve Existing Software Systems

Design and Manage Database Schemas

Integrate Software Components with Third-Party Programs

Collaborate with Cross-Functional Teams

Maintain Version Control and Deployment

Develop and Manage Databases

Technical Documentation




Requirements:

Minimum education: Diploma (D3) or Bachelor’s degree (S1) in IT or related field

Basic knowledge of networking, hardware, and software

Strong troubleshooting and problem-solving skills

Able to work independently and collaboratively

Good analytical thinking

Basic English communication skills required",https://id.jobstreet.com/id/job/91694052,Rp 5.000.000 – Rp 6.000.000 per month,IT Support,indonesia,['r'],1,2026-04-28T11:18:00.702992
91693974,IT Support Specialist,PT Accesstech Super Jaya,,"About the role

PT Accesstech Super Jaya is seeking an experienced IT Support Specialist to join our dynamic team in Central Jakarta. As an IT Support Specialist, you will be responsible for providing technical assistance and resolving IT-related issues for our team. This is a full-time, on-site role, where you will play a crucial role in ensuring the smooth operation of our clients' technology infrastructure.

What you'll be doing

Provide comprehensive IT support covering both hardware and software across the organization

Manage end-to-end onboarding and offboarding processes, including laptop provisioning, account setup, access configuration, and equipment retrieval

Troubleshoot and resolve day-to-day IT issues, ensuring minimal disruption to business operations

Install, configure, and maintain operating systems, applications, and standard business software

Monitor, maintain, and ensure the proper functioning of IT equipment, including laptops, peripherals, and other technical tools

Act as the first point of contact for all IT-related inquiries, providing timely and effective technical assistance to users

Maintain accurate records of IT assets, ensuring proper tracking, allocation, and condition of all equipment

Support basic network connectivity, system access, and user account management

Coordinate with vendors or external support when necessary for issue resolution or equipment procurement

Ensure compliance with company IT policies, security standards, and best practices

Continuously identify opportunities to improve IT processes and user experience




What we're looking for

At least 2 years of experience in a similar IT support or helpdesk role

Strong technical knowledge and troubleshooting skills, with experience in supporting a variety of hardware, software, and operating systems

Excellent communication and customer service skills, with the ability to explain technical concepts to non-technical users

Ability to work independently and as part of a team to prioritise and resolve multiple tasks and issues simultaneously

Familiarity with common IT support tools

Relevant technical certifications or qualifications would be an advantage

What we offer

At PT Accesstech Super Jaya, we are committed to providing our employees with a supportive and nurturing work environment. We offer a competitive salary, comprehensive benefits package, and opportunities for professional development and career advancement. Our focus on work-life balance means you'll have the flexibility to manage your time and responsibilities effectively.

About us

PT Accesstech Super Jaya is a leading provider of IT solutions and services in Indonesia. We pride ourselves on our commitment to innovation, customer satisfaction, and the development of our talented team. As a rapidly growing company, we offer exciting opportunities for individuals who are passionate about technology and driven to succeed.

Apply now for this IT Support Specialist role and join our dynamic team at PT Accesstech Super Jaya!",https://id.jobstreet.com/id/job/91693974,,IT Support,indonesia,['r'],1,2026-04-28T11:18:06.350808
91693790,IT - Support,PT FTS Automotive Indonesia,,"Kesempatan IT Support
PT FTS Automotive Indonesia, perusahaan manufaktur otomotif terkemuka, mencari profesional IT Support yang berdedikasi untuk bergabung dengan tim kami di South Cikarang, Jawa Barat. Dalam peran ini, Anda akan memainkan peran penting dalam menjaga infrastruktur IT perusahaan kami berfungsi dengan lancar, serta memberikan dukungan teknis kepada karyawan kami.

Responsible:

Memberikan dukungan teknis (hardware & software) kepada user internal

Melakukan instalasi, konfigurasi, dan maintenance perangkat IT (PC, laptop, printer, dll)

Menangani troubleshooting jaringan (LAN/WiFi) dan sistem operasional

Monitoring dan maintenance sistem IT secara berkala

Membantu pengelolaan user account (email, akses sistem, dll)

Dokumentasi permasalahan dan solusi (ticketing system/manual)

Koordinasi dengan vendor IT jika diperlukan

Requirement :

Pendidikan minimal SMK/D3/S1 Teknik Informatika, Sistem Informasi, atau bidang terkait

Memiliki pengalaman minimal 1–2 tahun sebagai IT Support (fresh graduate dipertimbangkan)

Memahami dasar jaringan komputer (TCP/IP, LAN, WAN)

Menguasai instalasi & troubleshooting OS (Windows, basic Linux lebih disukai)

Memahami Microsoft Office dan aplikasi pendukung kerja lainnya

Memiliki kemampuan analisa dan problem solving yang baik

Komunikatif dan mampu bekerja dalam tim

Customer service mindset

Bennefit :

Gaji yang kompetitif dan tunjangan menarik.

Program pengembangan karir yang kuat dan peluang untuk pertumbuhan profesional.

Lingkungan kerja yang dinamis dan kolaboratif dengan budaya yang berorientasi pada tim.

Fasilitas kantor modern dan tunjangan kesejahteraan yang lengkap.

Kesempatan untuk berkontribusi pada transformasi digital perusahaan yang sedang berlangsung.

Tentang PT FTS Automotive Indonesia
PT FTS Automotive Indonesia adalah salah satu industri manufaktur otomotif di Indonesia. Kami berkomitmen untuk menciptakan produk berkualitas tinggi dan memastikan pengalaman pelanggan yang luar biasa. Dengan lebih dari 20 tahun pengalaman, kami telah membangun reputasi sebagai mitra terpercaya bagi merek-merek otomotif terkemuka di dunia. Tim kami yang beragam dan terampil merupakan kekuatan kami, dan kami selalu mencari profesional berbakat untuk bergabung dengan kami dalam perjalanan transformasi digital kami.


Jika Anda antusias untuk memulai karier yang menantang dan memuaskan di PT FTS Automotive Indonesia, lamar sekarang!",https://id.jobstreet.com/id/job/91693790,Rp 6.400.000 – Rp 7.600.000 per month,IT Support,indonesia,"['linux', 'r', 'git']",3,2026-04-28T11:18:11.925857
91693591,IT Engineer (Network) - Kalimantan Barat,PT Duta Generasi Mandiri,,"- Melakukan aktivitas instalasi dan aktivasi kepada pelanggan.

- Memberikan dukungan teknis kepada pelanggan melalui pemecahan masalah jarak jauh atau di tempat.

- Memberikan solusi teknis untuk mendukung peralatan jaringan akses pelanggan.

- Memberikan informasi dan memastikan layanan pelanggan bisa di gunakan dan tidak terkendala.

- Memastikan pelanggan mengerti apabila terjadi kendala baik secara teknis atau non teknis

- Memastikan layanan yang disediakan oleh perusahaan dapat diterima dengan baik oleh pelanggan sesuai dengan visi dan misi perusahaan.",https://id.jobstreet.com/id/job/91693591,Rp 3.200.000 – Rp 3.600.000 per month,IT Support,indonesia,['r'],1,2026-04-28T11:18:17.594813
91693398,Database Operation Officer,PT Indosopha Sakti,,"Main Responsibilities:

Participate to database development

Organize data collection and data entry

Prepare a number of reports related to customers and marketing performance




Experience & Skills:

Have a good professional appearance.

Minimum Associate Degree (D3) in Information Technology, Computer Science, or a related field.

Able to work in detail and be well organized

Proficient with computers, preferably MS Office (Word, Excel, PowerPoint), fast and accurate typing is a must.

English would be a plus; familiarity with business correspondence and good filing skills




Benefits:

In-house and international training opportunities

Employment and health coverage through BPJS

Medical reimbursement for outpatient care

Private health insurance for inpatient care

Meal and transportation allowance

Clear career path

""Fitness Friday"": fun weekly team activities (Jakarta only)",https://id.jobstreet.com/id/job/91693398,,IT Support,indonesia,['r'],1,2026-04-28T11:18:23.238440
91693036,IT Maintenance,,,"Gambaran Umum Pekerjaan
Kami mencari kandidat yang handal dan berdedikasi untuk berperan sebagai IT Maintenance, perusahaan Retail dan Distributor di Jayapura, Papua. Dalam posisi ini, Anda akan bertanggung jawab untuk memastikan sistem dan infrastruktur IT perusahaan berfungsi dengan baik, menjaga keamanan dan stabilitas jaringan, serta mendukung produktivitas karyawan.

Tanggung Jawab Utama

Melakukan pemantauan dan pemeliharaan rutin pada sistem komputer, jaringan, dan perangkat keras lainnya untuk memastikan kinerja optimal.

Mengidentifikasi dan menyelesaikan masalah TI secara cepat dan efisien, termasuk gangguan, kegagalan sistem, dan pemulihan data.

Menyediakan dukungan teknis dan bantuan pemecahan masalah bagi pengguna internal.

Melakukan backup data dan mengelola sistem penyimpanan untuk mencegah kehilangan data yang berharga.

Memperbarui dan mengonfigurasi perangkat lunak, aplikasi, dan sistem keamanan sesuai dengan kebutuhan bisnis.

Membantu dalam implementasi dan pengembangan solusi TI baru untuk meningkatkan efisiensi operasional.

Memberikan pelatihan dan panduan bagi pengguna untuk meningkatkan literasi TI di seluruh organisasi.

Keterampilan, Kualifikasi, dan Pengalaman yang Dibutuhkan

Diploma atau gelar sarjana dalam Teknik Komputer, Sistem Informasi, atau bidang terkait.

Minimal 3 tahun pengalaman dalam peran serupa di industri Networks & Systems Administration.

Pemahaman mendalam tentang sistem operasi, jaringan, keamanan, dan pemecahan masalah IT.

Kemampuan untuk mengonfigurasi, memantau, dan memelihara infrastruktur IT, termasuk server, perangkat keras, dan perangkat lunak.

Pengetahuan tentang best practice dalam manajemen layanan IT dan proses ITIL.

Kemampuan analitis dan pemecahan masalah yang kuat untuk mengidentifikasi dan menyelesaikan masalah IT dengan cepat dan efektif.

Keterampilan komunikasi yang baik untuk memberikan dukungan teknis yang jelas dan dapat dipahami oleh pengguna.

Kemampuan untuk bekerja dalam tim dan berkolaborasi dengan berbagai pemangku kepentingan.

Manfaat Utama

Paket kompensasi kompetitif yang mencakup gaji menarik dan tunjangan yang komprehensif.

Kesempatan untuk mengembangkan karier dalam lingkungan kerja yang dinamis dan inovatif.

Lingkungan kerja yang kooperatif dan budaya perusahaan yang mendukung keseimbangan kehidupan kerja.

Pelatihan dan pengembangan profesional yang berkelanjutan untuk meningkatkan keterampilan Anda.

Asuransi kesehatan dan tunjangan lainnya yang dirancang untuk menjaga kesejahteraan karyawan.
Tertarik bergabung dengan tim kami? Lamar sekarang!",https://id.jobstreet.com/id/job/91693036,Rp 4.000.000 – Rp 5.000.000 per month,IT Support,indonesia,"['keras', 'r']",2,2026-04-28T11:18:29.024597
91692634,Technical Engineer,PT Elektrika Multikatama,,"Tanggung jawab pekerjaan:

Melakukan instalasi, konfigurasi, dan maintenance perangkat atau sistem teknis

Melakukan troubleshooting dan perbaikan terhadap kendala teknis di lapangan maupun internal

Memberikan dukungan teknis kepada tim maupun klien

Melakukan pengecekan rutin untuk memastikan sistem berjalan dengan optimal

Membuat laporan pekerjaan dan dokumentasi teknis secara berkala

Berkoordinasi dengan tim terkait untuk implementasi proyek

Memastikan pekerjaan sesuai dengan standar operasional yang berlaku




Kualifikasi:

Usia maksimal 35 tahun

Pendidikan minimal S1 Teknik (Elektro, Informatika, Mesin, atau bidang terkait)

Memiliki pengalaman di bidang teknis/engineering minimal 1 tahun

Memahami dasar-dasar troubleshooting dan maintenance sistem/perangkat

Memiliki kemampuan analisa dan problem solving yang baik

Mampu bekerja secara individu maupun dalam tim

Bersedia bekerja di lapangan jika diperlukan",https://id.jobstreet.com/id/job/91692634,,IT Support,indonesia,['r'],1,2026-04-28T11:18:34.776308
91692422,IT Field Service Technician,PT ADM Indonesia Trading And Logistics,,"IT Field Service Technician is responsible for providing hands-on support to all end-users in order to ensure business operations is run excellence as expected by configurating and supporting all IT Hardware, programs, and applications, resolving support request from internal team as well as meeting customer satisfaction and continuous service delivery demands, and all other tasks as directed or as required for the successful completion of the role.

Responsibilities:

Experience in troubleshooting of all EUC devices (PC, monitor, phones, printers, etc.), some cabling work will also be required

Resolve incidents and action requests for end user computers, computer peripherals and phones.

Provides guidance and coordinates highly complex incidents with root cause analysis along with the collaboration from other teams as required

Working with end users in person or remotely over the phone or with collaboration tools such as Teams.

Collecting site accurate information & data for global teams and assisting with them for project design, plan and action

Actively participates in global projects & provides hyper care support if needed

Create, maintain and publish relevant support documentation in order to assist all users in the quick resolution of their incidents and service requests to enable users to become more self-sufficient

Escalating tickets to required level

Asset management and regular inventory checking

Interfacing with vendors for the procurement of hardware or requesting support

Providing IT advice and training to end users in line with company guidelines, policy and standards

Working with global security team to make sure EUC devices patched and updated.




Requirements:

Have minimum 5 years in-job related working experience

Willing to be hired under Third Party Employment Company

Willing to travel to production site to provide on-site if necessary

Experience in effective communication with technical (IT) and non-technical (business) people

Good attention to business relationship management/partnering with higher level business users ensuring best levels of services are met

Have Information Technology Infrastructure Library certification is preferred

Have good experience and knowledge on IT service management tool – Service Now & IT Project

Have extensive knowledge of desktop operating system (Windows 10 & 11) as well as mobility devices (iOS & Android)

Have good experience and knowledge handling MS O365 experience, O365 One drive, Azure cloud, Intune, MFA, MCP Windows Client OS

Have good experience and knowledge on managing users, groups and computers in Active directory console

Able to plan and prioritize work load and perform under pressure

Have good communication skill both in English & Bahasa",https://id.jobstreet.com/id/job/91692422,,IT Support,indonesia,"['android', 'r', 'scala', 'azure', 'ios']",5,2026-04-28T11:18:40.733293
91692327,Subject Teacher (ICT & IT) - BINUS SCHOOL Simprug,Yayasan Bina Nusantara,,"Job Responsibility:

Delivers related subjects to students according to the school’s vision and mission

Utilize various teaching methods, techniques, and resources to engage students and facilitate active learning experiences in the classroom

Assess student understanding and progress through formative and summative assessments, such as tests, quizzes, projects, presentations, and practical demonstrations

Builds strong and effective cooperation which support the overall objectives of the department

Collaborate with colleagues, administrators, and industry professionals to align curriculum goals, share best practices, and participate in professional development activities




Requirements:

Bachelor's Degree in Computer Science / Information System / Computer Education or in related field

Experienced in Cambridge/IB Curriculum of an international school setting

Self-motivated and a team player at the same time

Good analytical and conceptual thinking skills, creative, and innovative

Computer and internet proficient

Excellent communication skills in written and spoken English

For Academic Year 2026/2027

Willing to be placed in Simprug, South Jakarta",https://id.jobstreet.com/id/job/91692327,,IT Support,indonesia,['r'],1,2026-04-28T11:18:46.440458
91692169,Application Specialist Intern,PT Aino Indonesia,,"Job Summary:

The Application Specialist Intern will support spesific project applications and systems. The role primarily involves configuring and managing software systems according to predefined parameters. The Application Specialist Intern will collaborate with teams to ensure that applications meet performance expectations.

The key responsibility are :

supporting the system works well by doing quality assurance checking

create manual guideline to user

Qualifications:

Students / Fresh graduates majoring in Information Technology, Computer Science, or a related field.

Knowledge of system, application configuration, and troubleshooting.

Good communication skills, both verbal and written

Willing to work on site at Yogyakarta Office

Willing to carry out an Unpaid Internship",https://id.jobstreet.com/id/job/91692169,,IT Support,indonesia,['r'],1,2026-04-28T11:18:52.040069
91692105,Daily Worker Public Area,Bali International Golf,,"In carrying out their duties and responsibilities in public areas, it is crucial for staff to ensure the cleanliness, safety, and comfort of those areas. By maintaining and cleaning facilities, managing waste, ensuring compliance with regulations, maintaining security, and providing excellent customer service, public areas can be more professional and comfortable for all users.",https://id.jobstreet.com/id/job/91692105,,IT Support,indonesia,['r'],1,2026-04-28T11:18:57.777634
91692030,IT Application Intern (Magang),PT Pakuan Tbk.,,"Deskripsi Pekerjaan:

Membantu pengembangan, testing, dan maintenance aplikasi internal perusahaan

Melakukan troubleshooting dasar pada aplikasi yang digunakan oleh user

Mendukung tim IT dalam implementasi sistem atau fitur baru

Membantu dokumentasi teknis (flow, user guide, dll)

Melakukan monitoring performa aplikasi dan melaporkan bug/error

Berkoordinasi dengan tim terkait (IT, user, vendor) untuk kebutuhan aplikasi

Membantu input dan pengolahan data jika dibutuhkan

Kualifikasi:

Mahasiswa aktif (semester akhir lebih diutamakan) jurusan Teknik Informatika / Sistem Informasi / Ilmu Komputer atau bidang terkait

Memahami dasar pemrograman (misalnya: Java, Python, PHP, atau JavaScript)

Familiar dengan database dasar (MySQL, PostgreSQL, dll)

Memiliki pemahaman dasar tentang software development lifecycle (SDLC) menjadi nilai tambah

Mampu melakukan analisa sederhana terhadap masalah teknis

Teliti, detail, dan memiliki kemauan belajar yang tinggi

Mampu bekerja secara tim maupun individu

Bersedia menjalani masa magang minimal 3 bulan

Bersedia untuk bekerja full WFO (Senin-Jumat) di Alam Sutera, Tangerang",https://id.jobstreet.com/id/job/91692030,,IT Support,indonesia,"['python', 'php', 'r', 'java', 'mysql', 'sql', 'postgresql', 'javascript']",8,2026-04-28T11:19:04.276835
91704012,IT Business Consultant (IT Sales),PT Bosnet Distribution Indonesia,,"Job Description

Sells product/platform application BOSNET to clients.
Develop network and customer base.
Find a new clients.
Identify and ensure customer retention needs.
Enquiry customers feedback for product improvement.
Review and benchmarking internal products and pricing to stay competitive in the same business peers.
Maintain strong relationships with key decision makers and users within an organization.
Arrange prospective clients for presentation and demo sessions.
Make product and price proposal for prospective client.
Minimum Qualifications

Minimum Bachelor Degree in any major.
Minimum 2 years experience in IT Sales, especially as software sales.
Good in negotiation skill and presentation skill.
Have vast network and database clients.
Commitment with integrity, problem solving, analytical, good communication and result oriented.
Able to work independently as well as in a team and self motivated.",https://id.jobstreet.com/id/job/91704012,,IT Support,indonesia,['r'],1,2026-04-28T11:19:09.947763
91691652,Marine Service Engineer (Engines & Gensets),PT KORINDO ENERGY INDONESIA,,"Position Summary:

Korindo Energy is a trusted energy infrastructure and solutions company for the maritime and energy industry. It has four business divisions which are Marine & Offshore, Defence, Power Infrastructure and Renewables.

We are headquartered in Singapore with a subsidiary in Indonesia and partner office in Malaysia, Vietnam and Australia. Our areas of business are mainly focused on South-East Asia and Australasia.

Over the years, the company has transformed from a standard industry solutions provider to now an innovative technology and solutions provider that champions solutions towards decarbonization and a renewable future. Korindo Energy is committed to a sustainable future by investing resources in key technologies and continuous development of a corporate culture that embraces and supports this vision. With that said, the future is ours to make.

We are looking for an electrically or mechanically savvy marine service technician/engineer to inspect, service, and repair marine engines, including outboard motors and waterjets, for our customers.

Key Responsibilities:

Perform installation and commissioning of marine engines, generators, propulsion systems and related mechanical or electrical systems onboard vessels.

Carry out routine and corrective maintenance, including troubleshooting and overhaul of marine engines and auxiliary systems.

Diagnose equipment malfunctions and recommend effective repair solutions.

Provide both onsite and remote technical support to customer, resolving issues related to performance or operation of marine equipment.

Interpret technical manuals, drawings, and schematics for fault-finding and servicing.

Conduct sea trials and equipment performance testing to ensure operational readiness and compliance with standards.

Act as the primary technical point-of-contact with customers during service assignments and projects execution.

Prepare clear and detailed service reports, maintenance logs, and recommendations for future upkeep or upgrades.

Ensure all service and commissioning work is completed to the customer’s satisfaction and in accordance with quality and safety standards.

Required Qualifications, Skills & Experience:

Diploma in Marine Engineering / Mechanical Engineering or related field.

Minimum of 3-5 years of working experiences in the related field.

MUST have experience in marine engines and generators, experience in propulsion systems is a plus.

MUST be able to travel frequently to ports, shipyards, or onboard vessels for on-site service jobs.

Able to read, interpret technical and electrical drawings and write service reports.

Possess excellent technical knowledge and problem-solving skills.

Good verbal and written communication skills and customer service skills.

Ability to work independently.

Evidence of ‘Right to Work in Jakarta, Indonesia.",https://id.jobstreet.com/id/job/91691652,Rp 7.000.000 – Rp 10.500.000 per month,IT Support,indonesia,"['r', 'rust']",2,2026-04-28T11:19:15.479661
91699015,"Ecommerce/Shopify Operations at U.S. Housewares DTC Brand (Remote, US Based)",Paired Recruiting,,"Paired is a global recruiting agency that pairs remote work with top-tier talent. We help individuals from around the world connect with great companies that are looking for their specific skill set. Our mission is to provide great jobs to talented people, no matter where they are located.

About Our Clients


Our client is a fast-growing, health-focused direct-to-consumer lifestyle brand specializing in high-quality, plastic-free replacement straws for leading water bottle brand. Founded to solve hygiene and sustainability issues in everyday hydration products, the company focuses on eliminating plastic use, improving health safety through stainless steel materials, and delivering precision-fit solutions for consumers.

They are looking for a Shopify Operator to take ownership of day-to-day business operations and support the company’s scaling efforts.

Responsibilities

Manage daily Shopify store operations, including product listings, catalog updates, and backend maintenance
Oversee customer service workflows and ensure timely resolution of issues
Handle inventory tracking, forecasting, and coordination with suppliers
Manage purchase orders (POs), supplier communications, and shipment tracking
Coordinate with vendors to ensure stock availability and timely fulfillment
Build and maintain dashboards to track performance (sales, inventory, CAC, etc.)
Analyze business data and translate insights into actionable improvements
Maintain records of invoices, expenses, and basic bookkeeping tasks
Support financial tracking and reporting accuracy
Assist in onboarding new tools, software, and marketplaces
Support wholesale lead generation and management
Collaborate across marketing, SEO, and media buying initiatives
Identify operational inefficiencies and implement scalable systems
Own internal organization, documentation, and workflow optimization

Requirements

Ideally, 5–10 years of total work experience in a fast-paced, unstructured environment
DTC e-commerce operations with physical products is required
2–3 years of experience in e-commerce operations or business operations
Strong hands-on experience with Shopify
Solid understanding of end-to-end DTC operations
Experience with data analysis and dashboard creation
Familiarity with inventory management and logistics workflows
Basic knowledge of accounting principles (POs, invoices, tracking)
Understanding of marketing, SEO, copywriting, and media buying fundamentals
Ability to connect operational insights with business performance
Highly organized with strong multitasking ability
Self-starter with strong ownership mindset
Comfortable working remotely and managing multiple priorities
Willing to work 40–50 hours per week, with 2–3 hours expected over weekends as needed
Able to align with PST (Pacific Time) working hours for the first 2 months during onboarding

Benefits

Full remote flexibility
Competitive salary: $1,000 – $1,500/month based on experience
Fast salary growth tied to performance and business scaling
High ownership role with direct exposure to business growth",https://id.jobstreet.com/id/job/91699015,,IT Support,indonesia,"['r', 'scala', 'aws']",3,2026-04-28T11:19:21.215433
91691222,IT Programmer,PT Nusantara Pelabuhan Handal Tbk,,"Requirements:

Bachelor's in Computer Science / Information Systems / Computer Science

Having experience as an IT Programmer

Understanding and comprehending the PHP programming language as well as the Laravel and CodeIgniter frameworks.

Understanding and comprehending FullStack Developer and/or understanding the workflow of FrontEnd Developer as well as BackEnd Developer

Able to create and use APIs (Application Programming Interfaces)

Able to use MySQL Database and Oracle Database and able to use SQL database language




Company Profile

PT Nusantara Pelabuhan Handal Tbk engaged in providing port services. The Services available are stevedoring services, storage yard services, terminal operations and maintenance services. NPH provide skillful operator and technician team to make sure equipments are realiable.
https://www.nusantaraport.id/",https://id.jobstreet.com/id/job/91691222,,IT Support,indonesia,"['php', 'r', 'mysql', 'sql']",4,2026-04-28T11:19:26.890943
91691219,Electronic Data Processing,Orang Tua Group,,"Kualifikasi :

Minimal S1 jurusan Teknik Informatika/Sistem Informasi (IPK > 3.00)

Menguasai konfigurasi jaringan & software

Memahamani program dasar MySql jaringan dan hardware

Memiliki pengalaman minimal 2 tahun lebih disukai

Bersedia melakukan perjalanan dinas di wilayah kerja Sulawesi, Maluku, dan Papua",https://id.jobstreet.com/id/job/91691219,,IT Support,indonesia,"['r', 'mysql', 'sql']",3,2026-04-28T11:19:32.735306
91691090,Network Monitoring Center,PT Pasifik Satelit Nusantara,,"Job Description:

First Layer on Escalation / Troubleshoot

Monitoring service dan Perangkat RF ditiap gateway Active, Responsif terhadap layanan yang di handling

Membuat Reporting setiap gangguan yang terjadi

Support teknisi dilapangan

Melakukan verifikasi data terhadap report pekerjaan Teknisi (TMO)

Handling Crosspole

Berkoordinasi dengan ektsternal maupun lintas Div / Dept internal

Bersedia dalam ketentuan sebagai NMC (SPJ, backup field operasional dll

Monitoring 24/7 (Shifting)

Requirements:

Min. D3 dari jurusan Teknik Elektro/Telekomunikasi/Teknik Informatika

Memiliki pengalaman sebagai NOC min. 1 tahun (Fresh Graduate dipersilahkan)

Memiliki pengetahuan tentang VSAT IP dan Jaringan IP

Memahami basic TCP/IP, Switching, dan Routing

Memahami Sistem Operasi Windows dan Linux

Memiliki pengetahuan tentang aplikasi monitoring Grafana, PRTG, Zabbix, MRTG

Bersedia shifting




Notes:

Kami ingin menegaskan bahwa perusahaan kami tidak akan meminta biaya atau pembayaran dalam bentuk apapun kepada pelamar selama proses rekrutmen. Semua tahapan seleksi dilakukan secara gratis tanpa biaya administrasi atau lainnya. Apabila anda diminta untuk membayar biaya dalam bentuk apapun, harap berhati-hati dan segera laporkan kepada pihak berwenang.",https://id.jobstreet.com/id/job/91691090,,IT Support,indonesia,"['linux', 'r', 'scala']",3,2026-04-28T11:19:38.295088
91690433,Technical Planning Staff - JV,Sinar Mas Land,,"Job Descriptions:

Analyze development trends in the market.

Monitor and analyze project development progress and costs incurred for the development project.

Collect data and estimate costs related to additional work so that it can be used for contract agreement purposes.

 Participate in creating and reviewing project RAB.

Make progress reports regarding project development accompanied by documents.

Make a contract agreement with the Contractor/Vendor.


Job Qualifications:

Minimum Bachelor's Degree in Any Major.

Minimum 2 years of working experience as Technical Planning.

Have a good ability to operate any kind applications that support (Auto CAD, ETABS, SAP2000, etc.).

Have knowledge about property market, development concept.

Have knowledge about Feasibility Study.

Able to work well in a team environment and tight schedule.

Willing to be placed in BSD.",https://id.jobstreet.com/id/job/91690433,,IT Support,indonesia,['r'],1,2026-04-28T11:19:43.965022
91689960,Application Support,PT WINDU PERSADA CARGO GROUP,,"Tanggungjawab :

Memberikan dukungan operasional terhadap aplikasi perusahaan (application support) kepada user.

Menangani laporan kendala/bug dari user dan melakukan koordinasi dengan tim developer untuk penyelesaiannya.

Melakukan training dan sosialisasi penggunaan aplikasi kepada user.

Melakukan monitoring serta memastikan aplikasi berjalan dengan baik sesuai kebutuhan bisnis.

Membantu analisa permasalahan sistem dan memberikan solusi atau eskalasi yang tepat.

Mengelola dan memastikan data pada sistem berjalan dengan baik sesuai prosedur.

Kualifikasi :

Pendidikan minimal D3/S1 di bidang IT, Sistem Informasi, atau sejenisnya.

Memiliki pemahaman dasar mengenai sistem ERP, diutamakan yang mengenal Odoo.

Memiliki pemahaman dasar terkait logika pemrograman (basic coding) untuk kebutuhan analisa dan komunikasi dengan tim developer.

Mampu melakukan training atau komunikasi yang baik kepada user.

Memiliki kemampuan analisa yang baik dalam menangani permasalahan aplikasi.

Memahami dasar penggunaan database, khususnya SQL Server.

Mampu bekerja sama dengan tim (user maupun developer) serta memiliki komunikasi yang baik.

Teliti, responsif, dan memiliki inisiatif dalam menyelesaikan masalah.

Dapat bergabung segera

Penempatan Head Office, Gambir, Jakarta Pusat",https://id.jobstreet.com/id/job/91689960,,IT Support,indonesia,"['r', 'sql']",2,2026-04-28T11:19:49.673431
91689908,Chief Technology Officer,,,"About the CTO Role

We are seeking a highly strategic and hands-on Chief Technology Officer (CTO) to lead our technology vision and execution within a growing retail business. This role will be instrumental in driving digital transformation, including the development of AI initiatives and the ongoing improvement of our in-house ERP system.

The CTO will oversee all technology functions across the organization, ensuring alignment with business objectives and scalability for future growth.

Key Responsibilities

Define and execute the company’s overall technology strategy aligned with business goalsLead and manage end-to-end development of in-house ERP systems (enhancement, integration, and optimization)

Drive AI-related projects, from concept to implementation, to support business innovation and efficiency

Oversee all IT systems across departments (operations, finance, supply chain, retail, HR, etc.)

Ensure system scalability, security, and reliability across all platforms

Collaborate with stakeholders to identify technology needs and translate them into solutions

Build, mentor, and lead a high-performing tech team (developers, IT, data, etc.)

Manage vendor relationships and evaluate third-party solutions when necessary

Establish best practices in system architecture, data governance, and cybersecurity




What we're looking for

Proven experience in a similar role, with a minimum of 5 years of relevant experience

Strong technical expertise in managing and maintaining IT infrastructure, including hardware, software, network systems, backend, frontend, ERP systems, and AI implementation

Proven experience in handling AI projects such as machine learning integration, automation systems, chatbot development, predictive analytics, or other AI-based business solutions

Excellent problem-solving and troubleshooting skills, with the ability to identify and resolve complex IT issues

Proficient in project management, with the ability to plan, coordinate, and execute IT and AI projects effectively

Strong communication and interpersonal skills, with the ability to liaise with both technical and non-technical stakeholders

Familiarity with IT best practices, policies, and regulations in the Information & Communication Technology industry

Bachelor's degree in Information Technology, Computer Science, or a related field",https://id.jobstreet.com/id/job/91689908,,IT Support,indonesia,"['r', 'scala', 'git']",3,2026-04-28T11:19:55.326570
91689754,General Affair,PT Picanol Indonesia,,"Scope:

Administrative support role in textile machinery trading business with office in Bandung, Jawa Barat, Indonesia

 

Reporting: to Director

 

Responsibilities:

·        Office HR, Legal & Administration Support: General call handling, absence/leave registration & tracking, holiday planning, medical claims processing, staff travel management (ticket and hotel booking), Business Permit & License, VISA arrangement, office & employee insurance, company regulations.

 

·        Office Infrastructure Management: office facilities care & maintenance, IT equipment support and purchasing, stationery inventory and purchases, maintain a good communication with office building owner, ensure office cleanliness and need are fulfilled.

 

·        Accounting Support: handling petty cash, staff expense claims, purchase order for office supplies & services.

 

·        Systems & Projects:

a)  Establish, maintain and improve HR/Administration SOPs & best practices

b)  Work on specific projects related to HR & Administration for improving efficiency effectiveness and morale (procedures, systems, events, social gatherings…)

c)   Internal cooperation: work with different groups and departments to achieve objectives

d)  Assist Sales Manager for event arrangement such as exhibitions, open house, customers training.

e)  Assist General Manager in marketing campaigns such as machine posters, company calendar, wine & parcel distribution, company video branding.

 

·       Reporting: preparing various weekly and monthly operational reports for staff & management

 

(Responsibilities & tasks are not exhaustive and can be subject to change/addition)

Requirements & Expectations:

·        Bachelor’s or higher level Degree from a reputable University

·        At least 5 years of work experience in relevant job, preferably multinational companies experience.

·        Excellent communication and inter-personal skills

·        Very good command of English and Bahasa Indonesia

·        Proactive attitude, dynamic approach, resourceful

·        High level of integrity and dedication 

·        Adhere to company policies and ethical code of conduct

Based in Bandung, and willing to travel outside Bandung as assigned by Director to perform his/her duty as mentioned on JD.",https://id.jobstreet.com/id/job/91689754,Rp 5.000.000 – Rp 6.000.000 per month,IT Support,indonesia,['r'],1,2026-04-28T11:20:00.940579
91689528,System Analyst Specialist,PT Repex Wahana,,"Key Responsibilities:

Gather and analyze business requirements in depth, including understanding business objectives and user pain points

Translate business needs into clear and structured documentation (BRD, SRS, User Stories)

Design end-to-end system solutions (process flow, logic, data structure, and API integration)

Act as the main liaison between business users and technical teams

Manage requirement changes and ensure project scope remains controlled

Ensure delivered solutions effectively address business needs (not just documentation compliance)

Develop test scenarios and support SIT and UAT processes

Analyze and troubleshoot system issues/bugs in operational-critical environments

Provide recommendations for system improvements to enhance efficiency and reliability

Actively contribute to improving existing processes

Qualification:

Bachelor’s degree in Information Systems, Computer Science, or related field

Minimum 2 years of experience as a System Analyst or similar role

Strong analytical thinking and problem-solving skills

Good communication skills with both business users and technical teams

Understanding of Software Development Life Cycle (Agile and/or Waterfall)

Experience working with multiple stakeholders",https://id.jobstreet.com/id/job/91689528,,IT Support,indonesia,"['r', 'agile', 'ios']",3,2026-04-28T11:20:06.743673
91689047,Cybersecurity (Microsoft),Siloam Hospitals Group (Tbk),,"About the role

We are seeking an experienced Cybersecurity (Microsoft) professional to join our team at Siloam Hospitals Group (Tbk). This full-time position will be based in our Karawaci Banten office and will play a crucial role in protecting our organisation's critical assets and ensuring the security of our Microsoft-based infrastructure.

What you'll be doing

Implementing and maintaining security solutions for Microsoft products and services, including Office 365, Azure, and Windows systems

Monitoring and analysing security events to detect and respond to potential threats

Performing vulnerability assessments and implementing remediation measures

Developing and enforcing security policies and procedures

Providing security guidance and training to our IT team and end-users

Collaborating with cross-functional teams to ensure a holistic approach to cybersecurity

Staying up-to-date with the latest security trends and best practices in the Information & Communication Technology industry

What we're looking for

Minimum 3 years of experience in cybersecurity, with a focus on Microsoft technologies

Strong understanding of Microsoft security products and services, including Office 365, Azure, and Windows

Proficiency in security monitoring, incident response, and threat management

Familiarity with security frameworks and standards, such as NIST, ISO, and OWASP

Excellent problem-solving and analytical skills

Ability to work collaboratively with cross-functional teams

Strong communication and presentation skills

Relevant certifications, such as CISSP, CISM, or GIAC, would be an advantage

What we offer

At Siloam Hospitals Group (Tbk), we are committed to providing our employees with a rewarding and fulfilling work environment. Some of the key benefits you can expect include:

Competitive salary and performance-based bonuses

Comprehensive health and life insurance coverage

Opportunities for professional development and career advancement

Flexible work arrangements and a healthy work-life balance

Discounts on medical services and products across the Siloam Hospitals Group

About us

Siloam Hospitals Group (Tbk) is a leading healthcare provider in Indonesia, with a network of hospitals, clinics, and diagnostic centres across the country. Our mission is to deliver the highest quality of healthcare services to our communities, leveraging the latest medical technologies and innovations. We are committed to fostering a diverse and inclusive work environment where our employees can thrive and contribute to our ongoing success.

If you are passionate about cybersecurity and eager to join a dynamic and growth-oriented organisation, we encourage you to apply for this exciting opportunity. Click the ""Apply now"" button below to submit your application.",https://id.jobstreet.com/id/job/91689047,,IT Support,indonesia,"['r', 'azure']",2,2026-04-28T11:20:12.410839
91689042,IT Infrastructure (Staff),PT Porto Indonesia Sejahtera,,"Kualifikasi

Troubleshooting hardware, software, dan jaringan

Instalasi & maintenance perangkat IT (PC, laptop, printer)

Monitoring & maintenance jaringan (LAN/WAN, internet)

Mengelola server & infrastruktur IT dasar

Setup user account, email, dan akses sistem

Backup data & menjaga keamanan sistem

Koordinasi dengan vendor IT

Dokumentasi & reporting aktivitas IT

Support implementasi sistem/aplikasi baru

Preventive maintenance untuk meminimalisir downtime

Kualifikasi

Minimal D3/S1 IT atau jurusan terkait

Memiliki pengalaman min 1 th dibidang yang sama

Menguasai basic networking (TCP/IP, LAN/WAN)

Familiar Windows & basic Linux

Paham troubleshooting hardware & software

Memahami dasar server/infrastruktur (nilai tambah)

Komunikatif, problem solving, dan responsif

Bersedia bekerja 6 hari dan ditempatkan di Karanganyar, Jawa Tengah",https://id.jobstreet.com/id/job/91689042,,IT Support,indonesia,"['linux', 'r']",2,2026-04-28T11:20:18.160958
91689036,Product Manager (Huawei),PT Nusantara Compnet Integrator,,"Requirements :

S1 graduate from IT, Information System, Telecommunication Engineering, or Computer Engineering

Strong knowledge and specialization in Huawei solutions.

Have minimum 3 years of experience as Product Manager or similar

Have excellent communication, presentation, reporting, and negotiation skills

Have good communication in English

Fast learner and have attention to detail

Able to maintain optimal performance under challenging conditions.

Job Description :

Collaborate with the sales team to provide tailored technical and product solutions for client needs.

Analyze customer requirements and translate them into Huawei-based solutions.

Ensure alignment on strategies, product updates, and technical enablement.

Manage and maintain strong relationships with principals or distributors to drive mutual success.

Develop pricing strategies that balance client expectations and profitability.

Create and deliver impactful presentations and reports for internal and external stakeholders.

Regularly update stakeholders on product performance, market trends, and strategic initiatives.

Engage with clients, principals, distributor and internal teams to negotiate terms and agreements effectively.

Provide insights and recommendations for product improvements based on market trends and customer feedback.",https://id.jobstreet.com/id/job/91689036,,IT Support,indonesia,['r'],1,2026-04-28T11:20:23.676813
91688773,SOLUTION ARCHITECT,"PT Jasnita Telekomindo, Tbk",,"Kualifikasi:

Pendidikan minimal D3

Pengalaman kerja 3 tahun terakhir di bidang solution architecture/system design/pre-sales

Memahami arsitektur aplikasi, data dan integritasi sistem secara menyeluruh

Terbiasa dalam desain solusi ICT dan digital platform dengan standar framework industri

Familiar dengan API, middleware, database dan integrasi sistem

Memahami layanan cloud (IaaS, PaaS, SaaS) dan infrastruktur on-premise

Mampu melakukan estimasi effort dan kompleksitas solusi secara akurat

Komunikatif dan mampu menjelaskan solusi ke stakeholder non-teknis

Memiliki kemampuan problem-solving yang kuat dan terstruktur

Terbiasa menjadi counterpart teknis untuk customer, partner, principal

Tanggung Jawab:

Menganalisa kebutuhan bisnis dan teknis untuk merancang solusi end-to-end yang tepat

Mendesain arsitektur solusi scalable berbasis standar dan best practise industri

Menyusun dokumen desain, diagram arsitektur, dan integrasi sistem yang terstruktur

Mengestimasi effort, biaya, dan resiko teknis secara akurat dan dapat dipertanggungjawabkan

Mendukung proses bid melalui materi teknis, serta memastikan solusi tidak over-commit",https://id.jobstreet.com/id/job/91688773,,IT Support,indonesia,"['r', 'scala', 'git']",3,2026-04-28T11:20:29.433617
91688180,Technical Support (Server/Infra),PT BEJO BERKAT MAKMUR,,"Tentang Kami
PT BEJO BERKAT MAKMUR sedang mencari Technical Support Staff (Server/Infra) untuk bergabung dengan tim kami di Kelapa Gading, Jakarta Utara. Dalam peran ini, Anda akan bertanggung jawab untuk memastikan kinerja optimal server dan infrastruktur terkait kami, serta mengembangkan solusi inovatif untuk meningkatkan kemampuan produk kami.

Keterampilan, Kualifikasi, dan Pengalaman yang Dibutuhkan

Pendidikan minimal D3 atau S1 Teknik Informatika, Ilmu Komputer, Sistem Informasi, Teknik Elektro, atau bidang terkait. Pengetahuan mengenai manajemen server dan infrastruktur akan diutamakan.

Memiliki pemahaman tentang server hardware (rack, blade, tower), storage, virtualisasi, dan operating system (Windows/Linux), serta teknologi terkaitnya.

Familiar & memiliki pengetahuan yang updated mengenai brand server enterprise (misalnya: HPE, Dell, Lenovo, Cisco, Huawei, IBM, NetApp).

Pengetahuan tentang cloud & hybrid infrastructure menjadi nilai tambah.

Mampu memberikan analisis mengenai tata cara sizing, design, dan proposal solusi server untuk kebutuhan enterprise.

Memiliki kemampuan presentasi produk dan komunikasi yang baik, terutama dengan pelanggan, vendor, tim teknis, serta bisnis.

Mampu bekerja sama dengan tim sales/marketing dalam memberikan pre-sales support (demo, technical proposal).

Tanggung Jawab Utama

Supporting untuk sales enterprise.

Berkolaborasi dengan tim teknis lainnya untuk mengembangkan solusi yang inovatif dan efektif untuk kebutuhan bisnis.

Memastikan dokumentasi teknis dan prosedur terpelihara dengan baik untuk mendukung operasi yang lancar.

Apabila diperlukan, memberikan dukungan dan pelatihan kepada tim operasional untuk memastikan penggunaan sistem yang efektif.",https://id.jobstreet.com/id/job/91688180,Rp 5.800.000 per month,IT Support,indonesia,"['linux', 'r']",2,2026-04-28T11:20:35.227761
91687974,Staff Network Engineer & Technical Solution (Layer 4) - Jakarta,PT Varnion Technology Semesta,,"Tugas dan Tanggung Jawab:

Support onsite jaringan & IT (LAN, WiFi, end user).

Melakukan troubleshooting gangguan jaringan dan perangkat.

Melakukan maintenance, monitoring, dan dokumentasi jaringan.

Melakukan konfigurasi ringan (IP address, VLAN dasar, SSID WiFi, reset/reconfig AP).

Berkoordinasi dengan tim NOC / IT internal.




Kualifikasi:

Pendidikan minimal S1 Teknik Informatika, Sistem Informasi, Teknik Komputer, atau jurusan relevan.

Pengalaman 2 tahun sebagai Network Support atau posisi serupa.

Memahami konsep jaringan: TCP/IP, DHCP, DNS, subnetting.

Mampu troubleshooting LAN/WiFi dan melakukan crimping kabel.

Bersedia lembur atau on-call jika diperlukan.




Nilai Tambah

Pengalaman menggunakan Cisco / Mikrotik / Ubiquiti.

Familiar dengan basic firewall dan network monitoring.

Memiliki sertifikasi CCNA / MTCNA.",https://id.jobstreet.com/id/job/91687974,,IT Support,indonesia,['r'],1,2026-04-28T11:20:41.414416
91687771,Staff Network Data Center - Jakarta,PT Varnion Technology Semesta,,"Job Descriptions:

Monitoring & troubleshooting jaringan, server, dan layanan (DNS, web, email).

Mengelola IP address & inventory perangkat.

Instalasi, konfigurasi, dan operasional server & datacenter.

Maintenance keamanan, backup, dan performa server.

Support automation serta implementasi SDN/SD-WAN.




Requirements:

Menguasai Linux/Unix/Windows Server.

Pengalaman hosting, web server, dan DNS.

Paham networking (TCP/IP, routing, switching).

Familiar dengan virtualization & container (VMware/Proxmox, Docker/K8s).

Mengerti security system & automation tools.

Nilai tambah: SDN/SD-WAN & network programmability.",https://id.jobstreet.com/id/job/91687771,,IT Support,indonesia,"['linux', 'r', 'docker']",3,2026-04-28T11:20:47.163789
91687771,Staff Network Data Center - Jakarta,PT Varnion Technology Semesta,,"Job Descriptions:

Monitoring & troubleshooting jaringan, server, dan layanan (DNS, web, email).

Mengelola IP address & inventory perangkat.

Instalasi, konfigurasi, dan operasional server & datacenter.

Maintenance keamanan, backup, dan performa server.

Support automation serta implementasi SDN/SD-WAN.




Requirements:

Menguasai Linux/Unix/Windows Server.

Pengalaman hosting, web server, dan DNS.

Paham networking (TCP/IP, routing, switching).

Familiar dengan virtualization & container (VMware/Proxmox, Docker/K8s).

Mengerti security system & automation tools.

Nilai tambah: SDN/SD-WAN & network programmability.",https://id.jobstreet.com/id/job/91687771,,IT Support,indonesia,"['linux', 'r', 'docker']",3,2026-04-28T11:21:29.098411
91687684,Product Owner,PT Digdaya Duta Digital,,"We are looking for an experienced Product Owner to manage the roadmap of core features and act as a bridge between business and technology teams, ensuring that AI solutions deliver real value to users.

Responsibilities :

Manage and prioritize the roadmap of core AI features used across multiple use cases

Act as a bridge between business and technology teams, translating business needs into actionable development plans

Define product requirements and ensure alignment with strategic business goals

Collaborate closely with engineering and design teams to deliver high-quality solutions

Requirements :

Minimum 5 years of experience in AI system development with strong business acumen

Bachelor’s degree (S1) in Computer Science, Engineering, AI, Business, or a related field

Strong understanding of AI product lifecycle and ability to make strategic product decisions

Excellent communication and leadership skills",https://id.jobstreet.com/id/job/91687684,,IT Support,indonesia,['r'],1,2026-04-28T11:21:34.822903
91685993,Network Engineer Intern,PT Sisindokom Lintasbuana,,"Job Qualifications:

Familiar with Cisco technology, especially in routing, switching, and service provider

Familiar with Civil Mechanical Electrical

Able to communicate in English both oral and written




Job Description :

Able to perform physical tasks

Willing to learn

Available to work night shifts

Flexible to travel out of town when needed

Strong coordination and close collaboration with the team",https://id.jobstreet.com/id/job/91685993,Rp 2.000.000 – Rp 3.000.000 per month,IT Support,indonesia,['r'],1,2026-04-28T11:21:40.795036
91684822,Platform Engineer,Macquarie Group,,"Additional office locations

Houston

Job ID

21214

Date

22-Apr-2026

Permanent - Full time, Mid-level

Job category

Technology - Engineering

Your expertise will be crucial in designing and implementing scalable Kubernetes infrastructure, including cluster lifecycle management, resource optimization, and security hardening across environments. You will maintain the organization's GitHub Actions runner fleet and develop reusable workflows that accelerate delivery for engineering teams. Collaborating closely with development teams, you will identify pain points, advocate for platform improvements, and deliver self-service solutions that streamline the path from code to production.

Your expertise will be crucial in designing and implementing scalable Kubernetes infrastructure, including cluster lifecycle management, resource optimization, and security hardening across environments. You will maintain the organization's GitHub Actions runner fleet and develop reusable workflows that accelerate delivery for engineering teams. Collaborating closely with development teams, you will identify pain points, advocate for platform improvements, and deliver self-service solutions that streamline the path from code to production.",https://id.jobstreet.com/id/job/91684822,,IT Support,indonesia,"['r', 'scala', 'kubernetes', 'git']",4,2026-04-28T11:21:46.530620
91683538,Junior Quality Assurance Engineer,PT Luxehouze Group Indonesia,,"About Luxehouze

Luxehouze is a fast-growing omnichannel luxury marketplace operating across Indonesia and Singapore, serving high-value customers in watches, fashion, and beauty. We operate in an environment where trust, speed and excellence matter, and where outcomes matter more than activity.
We are looking for a Junior Quality Assurance Engineer who takes responsibility naturally, thinks in outcomes and wants to build, improve, and scale - not just “execute tasks.”

What Will Be Challenging

Please read this carefully - it’s here to help you self-select.

Expectations are high and visible
Problems may be ambiguous and fast-moving
Priorities can change as the business scales
Feedback is direct and frequent
Performance is measured by results, not intentions
If you require rigid structure, narrow scope, or close supervision to perform well, this environment may not be a good fit.
Role SummaryJunior Quality Assurance Engineer is responsible for supporting the QA team in ensuring software quality through manual and automated testing. This role will execute test cases, identify and document defects, perform regression testing, and collaborate with developers and product teams to ensure stable and high-quality releases. The position also supports test automation initiatives to improve testing efficiency and coverage.

Responsibilities:

Execute manual test cases for web applications.
Create, review, and maintain test cases and test scenarios based on business requirements.
Perform functional, regression, and smoke testing before each release.
Identify, document, and track bugs using a defect management tool.
Collaborate closely with Product, Design, and Business stakeholders to clarify requirements and reproduce issues.
Support test automation activities to improve test coverage and efficiency.
Validate API responses and system integrations when required.
Ensure application quality meets acceptance criteria before production release.
Assist in UAT preparation and support deployment validation.
Contribute to continuous improvement of QA processes and documentation.

Requirement & Qualifications:

Bachelor’s degree in Computer Science, Information Technology, Software Engineering, or related field.
0–2 years of experience in software testing (fresh graduates are welcome to apply).
Basic understanding of Software Development Life Cycle (SDLC) and Software Testing Life Cycle (STLC).
Familiar with manual testing concepts (functional, regression, smoke testing).
Ability to create and document test cases and test scenarios clearly.
Experience working in Agile/Scrum environments.
Knowledge of performance or load testing tools is a plus.
Familiarity with cross-browser and responsive testing (desktop & mobile).
Basic knowledge of bug tracking tools (e.g., Jira, Trello, Azure DevOps, etc.).
Understanding of web application structure (frontend, backend, API).
Understanding of database basics and ability to perform simple queries (SQL).
Basic knowledge of API testing (e.g., Postman) is a plus.
Exposure to automation tools (e.g., Playwright, Selenium, Cypress) is an advantage.
Strong analytical thinking and attention to detail.
Good communication and teamwork skills.
Willingness to learn new tools and testing methodologies.",https://id.jobstreet.com/id/job/91683538,,IT Support,indonesia,"['r', 'agile', 'sql', 'scrum', 'azure', 'rust', 'ios']",7,2026-04-28T11:21:52.246710
91682728,Customer Technical Support (Full English Speaking),Eterna Indonesia,,"📍 Location: Remote
💼 Employment Type: Full-time

About the Role

We’re looking for a sharp, solutions-driven Customer Support Specialist who thrives on solving complex problems and delivering exceptional user experiences. This role goes beyond basic support—you’ll act as the bridge between users and our engineering team.

What You’ll Do

Resolve complex user issues that go beyond basic “how-to” support

Investigate and reproduce bugs, documenting clear steps for engineering fixes

Use tools like Zendesk and HubSpot to manage tickets and customer history

Translate technical concepts into simple, user-friendly explanations

Identify recurring issues and create clear documentation to improve self-service support

Act as the voice of the customer by surfacing product feedback and pain points

What We’re Looking For

Strong problem-solving and analytical skills

Experience in customer support, technical support, or similar roles

Familiarity with tools like Zendesk, HubSpot, or similar platforms

Ability to communicate technical information in a simple, clear way

Detail-oriented with strong documentation skills

Proactive mindset — you don’t just fix problems, you prevent them",https://id.jobstreet.com/id/job/91682728,Rp 7.000.000 – Rp 9.000.000 per month,IT Support,indonesia,['r'],1,2026-04-28T11:21:57.977694
91682360,IT Helpdesk,PT Haryaka Data Indonesia,,"Kesempatan
PT Haryaka Data Indonesia, perusahaan Teknologi Informasi & Komunikasi yang berbasis di Tangerang, Banten, sedang mencari kandidat terbaik untuk bergabung dengan tim kami sebagai IT Helpdesk. Sebagai IT Helpdesk, Anda akan menjadi penghubung utama antara pengguna dan tim Teknologi Informasi kami, memastikan operasional teknologi berjalan lancar dan masalah dapat diselesaikan dengan cepat dan efisien.

Tanggung Jawab

Memberikan bantuan dan dukungan teknis kepada pengguna internal terkait masalah Cloud dan DevOps.

Mendiagnosis dan memecahkan masalah teknis secara langsung atau melalui eskalasi ke tim yang tepat.

Mencatat dan melacak tiket dukungan, memastikan penyelesaian masalah yang tepat dan efisien.

Menyediakan panduan dan pelatihan kepada pengguna untuk meningkatkan pengetahuan dan produktivitas mereka.

Berkoordinasi dengan tim Teknologi Informasi lainnya untuk mengidentifikasi dan menerapkan solusi jangka panjang.

Memantau dan melaporkan tren, masalah, dan metrik kinerja untuk terus meningkatkan layanan dukungan.

Bekerja Shift 24/7

Persyaratan

Diploma atau gelar sarjana dalam Teknologi Informasi, Komputer, atau bidang terkait.

Minimal 2 tahun pengalaman kerja di bidang Help Desk atau dukungan teknis.

Pemahaman yang baik tentang sistem operasi, aplikasi umum, dan perangkat keras komputer.

Kemampuan troubleshooting dan resolusi masalah yang baik.

Keterampilan komunikasi yang baik, baik lisan maupun tertulis, untuk berinteraksi dengan pengguna dari berbagai tingkat teknis.

Kemampuan untuk bekerja dalam tim dan memberikan layanan pelanggan yang unggul.

Sertifikasi dukungan teknis atau IT yang relevan akan menjadi nilai tambah.

Manfaat

Gaji kompetitif m

Program BPJS asuransi kesehatan dan jiwa

Cuti tahunan, cuti sakit, dan cuti melahirkan yang memadai

Program pelatihan dan pengembangan karier yang terstruktur

Lingkungan kerja yang kolaboratif dan mendukung pertumbuhan

Fasilitas kantor modern dan nyaman

Tentang Kami
PT Haryaka Data Indonesia adalah perusahaan Teknologi Informasi & Komunikasi yang berfokus pada memberikan solusi IT terpadu untuk memenuhi kebutuhan bisnis pelanggan kami. Dengan tim profesional yang berdedikasi, kami berkomitmen untuk terus berinovasi dan menyediakan layanan berkualitas tinggi. Sebagai perusahaan yang terus berkembang, kami menawarkan peluang karier yang menarik bagi individu yang ambisius dan berdedikasi untuk bergabung dengan kami.


Jika Anda tertarik dan memenuhi persyaratan di atas, lamar sekarang untuk menjadi bagian dari tim kami di PT Haryaka Data Indonesia!",https://id.jobstreet.com/id/job/91682360,Rp3.000.000 – Rp4.500.000 per month,IT Support,indonesia,"['keras', 'r']",2,2026-04-28T11:22:04.203571
91682191,IT Support,,,"Gambaran Umum Pekerjaan
Kami adalah sebuah Group perusahaan yang sudah beroperasi lebih dari 15 tahun di Indonesia, sedang mencari kandidat berbakat untuk bergabung dengan tim kami sebagai IT Support. Dalam peran ini, Anda akan memainkan peran penting dalam memastikan kelancaran operasional teknologi di seluruh organisasi kami yang berbasis di Jakarta dan mengelola media sosial perusahaan.

Tanggung Jawab Utama

Memberikan dukungan teknis dan pemecahan masalah kepada pengguna akhir terkait dengan masalah perangkat keras, perangkat lunak, dan konektivitas

Mengidentifikasi, mendiagnosis, dan menyelesaikan masalah TI dengan cepat dan efisien

Menginstal, mengonfigurasi, dan memelihara perangkat keras dan perangkat lunak komputer

Memantau sistem dan infrastruktur TI untuk mengidentifikasi masalah potensial dan mengambil tindakan pencegahan.

Mengelola media sosial perusahaan dengan membuat feeds , story , advertising atau yang lainnya agar image perusahaan bisa lebih baik.

Keterampilan, Kualifikasi, dan Pengalaman yang Dibutuhkan

Gelar diploma atau sarjana di bidang Teknologi Informasi, Sistem Informasi, atau bidang terkait

Minimal 5 tahun pengalaman kerja di bidang dukungan teknis atau helpdesk TI

Pengetahuan yang kuat tentang sistem operasi Windows, jaringan, dan aplikasi perkantoran

Menguasai media sosial mainstream (instagram, facebook, tiktok dan youtube).


Manfaat Utama Perusahaan

Gaji kompetitif dan paket tunjangan yang menarik

Program pengembangan karier yang terstruktur untuk mendukung pertumbuhan profesional Anda

Lingkungan kerja yang kolaboratif dan inovatif, dengan akses ke pelatihan dan sumber daya pengembangan keterampilan.

Fasilitas kantor yang nyaman dan lokasi yang strategis di Jakarta Pusat

Kesempatan untuk belajar dan tumbuh bersama perusahaan yang sedang berkembang pesat.

Tentang PT Berlian Busana Cemerlang
Perusahaan kami adalah afiliasi dari sebuah group perusahaan yang sudah beroperasi lebih dari 20 tahun dan saat ini sedang berkembang.

Anda akan dibimbing oleh atasan anda dalam mengembangkan karier dan pelaksanaan tugas yang berdasarkan penilaian performance.


Tertarik untuk bergabung dengan kami? Lamar sekarang untuk peluang karier yang menantang ini!",https://id.jobstreet.com/id/job/91682191,,IT Support,indonesia,"['keras', 'r']",2,2026-04-28T11:22:09.981860
91683246,Admin Support - Staff,MitraComm,,"Requirement Needs :

Overtime
Team Working
Sociable
Supple
Berpenampilan Rapi
Requirement Skills :

Communication
Computer (MS. Office)
Programming
Web Development


Responsibilities :


1. Diutamakan yang sudah memiliki pengalaman handle Project IT atau tester
2. Menguasai Microsoft Ofiice (min. Excel, Word)
3. Memiliki pengetahuan dibidang Perbankan (service)
4. Memiliki kemampuan komunikasi yang baik, lisan, dan tulisan
5. Cepat belajar dan mandiri
6. Product development
7. Process Improvement",https://id.jobstreet.com/id/job/91683246,,IT Support,indonesia,['r'],1,2026-04-28T11:22:15.682024
91698514,Functional Consultant Assc.,Mitra Integrasi Informatika,,"With minimum guidance from direct report and/or senior level, responsible in providing solutions to customers in all phases of implementation regarding to implementation methodology. Demonstrate deep understanding of the customer's business process and provide simple or incomplex solution according to assigned industry and software application. Work closely with sales team and principals in order to support the achievement of sales target for software application, implementation service, and training service. 

Detail job desc:

Evaluate, identify, and give recommendation regarding customer's application in order to provide the appropriate business solution; and compose it into business proposal, including conduct the presentation and/or demo system to customer 
Perform the application implementation and ensure its process is in accordance with customer's needs and proposed timeline
Direct contact with customer to provide solutions to the problems that arise after implementation, as well as to seek the possibility to implement another development
Become a training instructor for customers in learning, understanding, and operation of the implemented software application in basic and advance trainings
Maintain and develop knowledge of specific application system technology",https://id.jobstreet.com/id/job/91698514,,IT Support,indonesia,['r'],1,2026-04-28T11:22:21.533832
91683302,Technical Consultant Analyst,"PT. Metrodata Electronics, Tbk",,"Sarjana S-1, jurusan terkait Teknologi Informasi
Lulusan baru - 2 tahun pengalaman kerja
Memiliki pengetahuan dasar pada area solusi dan konsultasi IT 
Pengetahuan kebutuhan pelanggan berdasarkan trend pasar / industri.",https://id.jobstreet.com/id/job/91683302,,IT Support,indonesia,['r'],1,2026-04-28T11:22:27.339423
91695116,Technical Consultant,"PT. Metrodata Electronics, Tbk",,"Mengevaluasi, mengidentifikasi, serta memberikan rekomendasi, dalam hal memberikan solusi dan konsultasi yang sesuai dengan kebutuhan pelanggan.
Menyusun dan mengkaji rencana implementasi solusi dan konsultasi yang diwakilinya, melaksanakan dan memonitor proses implementasi secara keseluruhan.
Mengadakan kontak langsung dengan pelanggan untuk memberikan pemecahan terhadap permasalahan yang muncul setelah implementasi berjalan, sekaligus meneliti & merekomendasikan kemungkinan pengembangan solusi baru.
Menjadi instruktur / pembimbing bagi pelanggan dalam mempelajari dan memahami solusi yang diimplementasikan.
Berperan sebagai pimpinan teknis dan menjadi tempat untuk berkonsultasi, baik internal tim maupun pelanggan dalam beberapa aspek teknis yang sesuai dengan kompetensinya
Memelihara dan mengembangkan pengetahuan dan ketrampilan dalam area spesialisasi yang menjadi area tanggung jawabnya.",https://id.jobstreet.com/id/job/91695116,,IT Support,indonesia,['r'],1,2026-04-28T11:22:33.131199
91683663,Technical Consultant Analyst,Mitra Integrasi Informatika,,"Career Opportunities: Technical Consultant Analyst (39420)


Requisition ID 39420 - Posted 04/22/2026 - Administration - DKI Jakarta - Staff (Mid - Senior) - Country (1) - Region (1)

Apply Save Job Email Job to Friend Return to List



 

Job Requirements


Sarjana S-1, jurusan terkait Teknologi Informasi
Lulusan baru - 2 tahun pengalaman kerja
Memiliki pengetahuan dasar pada area solusi dan konsultasi IT 
Pengetahuan kebutuhan pelanggan berdasarkan trend pasar / industri.
 



Apply Save Job Email Job to Friend Return to List

 



 
 

 The job has been sent to

 

Job title:",https://id.jobstreet.com/id/job/91683663,,IT Support,indonesia,['r'],1,2026-04-28T11:22:38.986333
91695124,Functional Consultant Assc.,"PT. Metrodata Electronics, Tbk",,"With minimum guidance from direct report and/or senior level, responsible in providing solutions to customers in all phases of implementation regarding to implementation methodology. Demonstrate deep understanding of the customer's business process and provide simple or incomplex solution according to assigned industry and software application. Work closely with sales team and principals in order to support the achievement of sales target for software application, implementation service, and training service. 

Detail job desc:

Evaluate, identify, and give recommendation regarding customer's application in order to provide the appropriate business solution; and compose it into business proposal, including conduct the presentation and/or demo system to customer 
Perform the application implementation and ensure its process is in accordance with customer's needs and proposed timeline
Direct contact with customer to provide solutions to the problems that arise after implementation, as well as to seek the possibility to implement another development
Become a training instructor for customers in learning, understanding, and operation of the implemented software application in basic and advance trainings
Maintain and develop knowledge of specific application system technology",https://id.jobstreet.com/id/job/91695124,,IT Support,indonesia,['r'],1,2026-04-28T11:22:44.876573
91681772,Database & Support System Officer,"PT SMART,Tbk",,"Job Description Summary :

Design spatial, non spatial database and centralize databases, maintenance of servers (GeoSMART and DAR), Maintenance of storage devices (NAS), co-ordinate with IT to provide support and upkeep hardware, software and network in the PMNP division.




Job Description :

Responsible for managing servers and NAS, and maintaining data security by managing data access authorization on both servers and NAS.

Implementing the creation and development of GDSS systems and spatial and non-spatial applications in accordance with the work processes implemented in the PMNP division to ensure effectiveness and efficiency.

Responsible for designing database formats, establishing data structures, and defining database storage structures.

Building a centralized database using predetermined data structures and managing data access for users.


Job Requirement :

Min Bachelor Degree in System Information or Information Technology or equivalent

Having min 3 years of working experience in Database & Support System

Having Experience in Web & Mobile Apps Development with Tech Stack PHP – CodeIgniter  3 & 4, Node.js,  Android Java dan Flutter.

Good in Analytical Thinking

Fluent in English

Willing to be located in Head Office Jakarta




""Our company has never levied any fees for the recruitment process nor has it required to order tickets and accommodation through a certain travel agent or certain person",https://id.jobstreet.com/id/job/91681772,,IT Support,indonesia,"['android', 'flutter', 'php', 'r', 'java']",5,2026-04-28T11:22:50.824601
91681392,IT Sales Executive,PT Haryaka Data Indonesia,,"Gambaran Umum

PT Haryaka Data Indonesia membuka kesempatan bagi profesional IT Sales Executive yang berpengalaman dan berorientasi target untuk bergabung bersama tim kami di Tangerang, Banten.

Dalam peran ini, Anda akan berfokus pada penjualan solusi Cloud, Infrastruktur IT, Networking, dan Managed Services, serta menjadi trusted advisor bagi klien korporasi dalam transformasi digital mereka.

Tanggung Jawab Utama

Mengidentifikasi, mengembangkan, dan closing peluang bisnis baru di segmen B2B (enterprise & mid-market)

Menjual solusi seperti:

Cloud (Azure, AWS, Private Cloud)

Infrastruktur & Server

Network & Security (Firewall, SD-WAN, dll)

Managed Services & IT Services

Mengelola dan mengembangkan akun existing untuk meningkatkan revenue (upselling & cross-selling)

Memahami kebutuhan bisnis klien dan memberikan solusi IT yang tepat

Menyusun proposal, presentasi, dan penawaran komersial

Mencapai target penjualan (revenue & margin)

Berkolaborasi dengan tim engineer dan presales dalam merancang solusi

Membangun hubungan jangka panjang dengan klien sebagai partner strategis

Kualifikasi

Minimal 2–3 tahun pengalaman di B2B IT Sales / Account Manager

Pengalaman menjual salah satu atau beberapa:

Cloud (Azure / AWS / GCP)

Networking (Cisco, Fortinet, dll)

Infrastruktur (Server, Storage, Virtualization)

Memiliki database / relasi klien menjadi nilai tambah

Skill komunikasi, negosiasi, dan presentasi yang kuat

Terbiasa dengan target dan pipeline management

Memahami konsep solusi IT, bukan sekadar jual produk

Proaktif, self-driven, dan mampu bekerja secara mandiri maupun tim

Nilai Tambah (Preferred)

Pengalaman handle klien enterprise

Pernah kerja di system integrator / IT vendor

Familiar dengan proses tender / e-procurement

Mengerti konsep solusi seperti:

Hybrid Cloud

Cybersecurity

Backup & DR (Disaster Recovery)

Benefit

Gaji pokok kompetitif

Komisi menarik (uncapped)

Tunjangan & insentif performa

Kesempatan training & sertifikasi (cloud / networking)

Jenjang karier jelas

Lingkungan kerja agile & growth-oriented

Tentang Kami

PT Haryaka Data Indonesia adalah perusahaan IT yang berfokus pada solusi Cloud, Infrastruktur, dan Managed Services untuk klien korporasi di Indonesia. Kami membantu perusahaan meningkatkan efisiensi, keamanan, dan skalabilitas melalui teknologi.

Call to Action

Tertarik berkembang di industri IT yang terus tumbuh?
Apply sekarang dan jadi bagian dari tim kami.",https://id.jobstreet.com/id/job/91681392,Rp 4.500.000 – Rp 6.000.000 per month,IT Support,indonesia,"['gcp', 'r', 'agile', 'git', 'aws', 'azure', 'rust']",7,2026-04-28T11:22:57.082019
91681155,Sales Development Specialist - Cloud/IT/Security/Telco,PT Adecco Personnel Indonesia,,"We are currently assisting a cloud computing company in Jakarta . This role plays a key part in penetrating new market and expand the business of the company as Sales Development Specialist.


Job Descriptions:

Identify high potential clients

Understand our position and value proposition in each vertical

Conduct LinkedIn and market research based on instruction provided by BDM

Create a list of high potential clients and 2-3 compelling reasons to reach out

Nurture the high potential clients and build the trust & relationship

Lead generation

Outbound telemarketing into target verticals for Alibaba Cloud solutions

Qualify and setup meetings (BANT qualified)

Client and partner event registration in the country

Event acquisitionE

Reminder calls

Follow up post event for qualification

Database cleansing for local lists of clients and partners




Qualifications:

Previous 1-3 years sales experience

Education in a technology or computer subject is an advantage but not essential

Personal traits:

Interest in the technology industry and knowledge of the local and global IT market

Self-starter and resourceful

Ability to forge relationships quickly

Comfortable on the phone with senior executives from multinational companies

Quick thinker and ability to react to changing conversation and different personalities",https://id.jobstreet.com/id/job/91681155,,IT Support,indonesia,"['r', 'react', 'rust']",3,2026-04-28T11:23:02.864133
91681138,IT Quality Assurance,PT 360 TEKNOLOGI INDONESIA,,"Pengalaman IT Quality Assurance minimal 1 tahun bekerja

Pendidikan minimal sarjana/S1

Pengalaman Katalon/mysql/Postman",https://id.jobstreet.com/id/job/91681138,Rp 5.000.000 – Rp 6.000.000 per month,IT Support,indonesia,"['r', 'mysql', 'sql']",3,2026-04-28T11:23:08.836446
91681105,Site Application& OT Development,PT Masmindo Dwi Area,,"Position Overview

Site Application& OT Development– In-House & OT Data Acquisition is responsible for managing, supporting, and enhancing internally developed applications and Operational Technology (OT) data acquisition systems. This role ensures reliable data collection from industrial systems, seamless integration with enterprise applications, and effective use of operational data to support business decision-making, automation, and digital transformation initiatives.

The position works closely with IT, Engineering, Maintenance, and Operations teams to ensure OT systems are secure, stable, and aligned with business requirements.

Key Responsibilities

Manage and support in-house applications related to HSE, HC, operations, maintenance, and production systems.

Maintain OT data acquisition systems (e.g., PLC, SCADA, historians, sensors, and industrial gateways).

Ensure reliable data collection, validation, and transmission from OT systems to IT platforms (ERP, BI, CMMS, data lakes, etc.).

Integrate OT data with enterprise systems using APIs, middleware, or industrial protocols.

Monitor system performance, troubleshoot application and data issues, and perform root cause analysis.

Collaborate with operations and engineering teams to understand data requirements and translate them into technical solutions.

Support system upgrades, enhancements, and lifecycle management of OT applications.

Ensure compliance with cybersecurity, safety, and OT/IT governance standards.

Prepare technical documentation, system diagrams, and user guides.

Provide user support, training, and knowledge transfer for operational teams.

Participate in digitalization, automation, and continuous improvement initiatives.




Qualifications

Bachelor’s degree in Information Technology, Computer Engineering, Electrical Engineering, Automation, or a related field.

Minimum 3–5 years of experience in application support, OT systems, or industrial data acquisition.

Experience with OT environments, including PLCs, SCADA, DCS, and industrial networks.

Experience with industrial communication protocols (e.g., Modbus, OPC UA, MQTT, Profibus, Ethernet/IP).

Familiarity with data integration, databases (SQL/NoSQL), and reporting or BI tools.

Experience supporting or developing in-house applications is an advantage.

Knowledge of OT cybersecurity principles and IT–OT integration best practices.

Strong analytical, troubleshooting, and problem-solving skills.

Good communication skills and ability to work with cross-functional teams.

Willingness to work in industrial or site-based environments.",https://id.jobstreet.com/id/job/91681105,,IT Support,indonesia,"['r', 'git', 'sql']",3,2026-04-28T11:23:14.697956
91681071,IT Data Analyst,PT 360 TEKNOLOGI INDONESIA,,"Pengalaman IT Data Analyst minimal 2 Tahun bekerja

Pendidikan minimal sarjana/S1 dengan minimal IPK 3,0

Pengalaman menggunakan Power BI",https://id.jobstreet.com/id/job/91681071,Rp 6.000.000 – Rp 8.000.000 per month,IT Support,indonesia,"['r', 'power bi']",2,2026-04-28T11:23:20.663969
91681054,Developer,PT Masmindo Dwi Area,,"Application Support is responsible for designing, developing, maintaining, and supporting enterprise-grade applications that enable safe, efficient, and compliant mining operations.

This role ensures the delivery of reliable, secure, and scalable applications, seamless integration with enterprise systems, and effective utilization of operational data to support business decision-making, automation, and digital transformation initiatives.

The position works closely with IT Operations, Infrastructure, Cybersecurity, Engineering, and business users to ensure applications are stable, secure, and aligned with operational and regulatory requirements.

Key Responsibilities

Design, develop, test, deploy, and maintain web-based applications using Laravel in accordance with secure coding standards and business requirements.

Translate operational and business needs into technical solutions, including production reporting, asset management, safety systems, and workflow automation.

Develop and manage RESTful APIs and integrate applications with enterprise systems (.NET, Java, ERP, etc.) using APIs, middleware, and standard protocols.

Design and manage relational databases, including writing and optimizing SQL queries, ensuring data integrity, security, and performance.

Follow SDLC methodologies and support ITSM processes (incident, problem, and change management) in line with ITIL standards.

Provide Level 2/3 support, troubleshoot application and database issues, monitor system performance, and ensure high system availability.

Collaborate with cross-functional teams (IT, infrastructure, cybersecurity, and operations) to ensure system reliability, compliance, and continuous improvement.

Prepare technical documentation and support system enhancements, upgrades, and digital transformation initiatives.

Qualifications

Bachelor’s degree in Computer Science, Information Technology, Software Engineering, or a related discipline.

Minimum 3–7 years of experience in enterprise application development, preferably within industrial, mining, manufacturing, or energy sectors.

Strong experience supporting production systems with high availability and operational criticality.

Strong technical expertise in Laravel (PHP), relational databases (MySQL, PostgreSQL, or SQL Server), and web application architecture.

Working knowledge of .NET (C#, ASP.NET) and Java (Spring or Java EE) platforms is an advantage.

Strong analytical, troubleshooting, and problem-solving skills.

Good communication skills and ability to work with cross-functional teams.

Ability to work effectively in industrial or site-based environments.",https://id.jobstreet.com/id/job/91681054,,IT Support,indonesia,"['c#', 'php', 'r', 'scala', 'java', 'mysql', 'git', 'sql', 'postgresql']",9,2026-04-28T11:23:26.641100
91680708,IT Network Engineer - Pontianak,PT Duta Generasi Mandiri,,"- Melakukan aktivitas instalasi dan aktivasi kepada pelanggan.

- Memberikan dukungan teknis kepada pelanggan melalui pemecahan masalah jarak jauh atau di tempat.

- Memberikan solusi teknis untuk mendukung peralatan jaringan akses pelanggan.

- Memberikan informasi dan memastikan layanan pelanggan bisa di gunakan dan tidak terkendala.

- Memastikan pelanggan mengerti apabila terjadi kendala baik secara teknis atau non teknis

- Memastikan layanan yang disediakan oleh perusahaan dapat diterima dengan baik oleh pelanggan sesuai dengan visi dan misi perusahaan.",https://id.jobstreet.com/id/job/91680708,Rp 3.400.000 – Rp 4.000.000 per month,IT Support,indonesia,['r'],1,2026-04-28T11:23:32.859184
91680589,IT System Analyst,PT Lawencon Internasional,,"Job Description

Analyze business processes and IT system flows, particularly in banking environments

Gather, define, and document business requirements into clear technical specifications

Design and propose IT solutions that meet organizational needs

Collaborate with stakeholders, developers, and QA teams throughout the Software Development Life Cycle (SDLC)

Perform Business Requirement Analysis and support Business Process Design & Improvement initiatives

Translate business problems into effective technical solutions and system designs

Participate in Agile development processes and ensure smooth project delivery

Contribute to solution architecture and system improvement discussions

Ensure systems meet functional, operational, and performance requirements

Requirements

Minimum Bachelor (S1) or Diploma (D3) in Computer Science, Information Technology, or related fields

Experienced as Programmer

Minimum 3 years experience as System Analyst

Strong understanding of banking system workflows and IT processes will be preferred

Proficient in Microsoft Office, SQL, system administration, programming concepts, and application systems

Knowledge of Software Development Life Cycle (SDLC)

Familiar with Business Requirement Analysis and Software Design

Understanding of system architecture and solution design principles

Strong analytical and critical thinking skills

Good communication skills (verbal and written)

Creative and structured in problem solving and solution design

Strong collaboration and teamwork skills

Ability to work in Agile environments",https://id.jobstreet.com/id/job/91680589,,IT Support,indonesia,"['r', 'agile', 'sql']",3,2026-04-28T11:23:38.718084
91680422,Passive Network Operation & Maintenance Officer,PT Binajasa Sumber Sarana (BSS Recruitment),,"📍 Penempatan: Bandung

💰 Gaji: UMP Jakarta 2026

📄 Status: Contract / PKWT




💼 Job Description

Mengelola dan mengawasi operasional serta maintenance jaringan bersama vendor

Menjadi penghubung antara vendor dan tim NOC dalam penanganan incident

Memonitor gangguan jaringan (FO cut, FAT issue, dll) dan memastikan penyelesaian sesuai SLA

Melakukan koordinasi, tracking, dan follow-up ticket hingga selesai

Menyusun laporan operasional dan performa vendor secara berkala

Melakukan analisa penyebab gangguan (root cause) dan memberikan rekomendasi perbaikan




Kualifikasi

Pendidikan minimal S1 di bidang Information System, Telecommunication, atau bidang terkait

Memiliki pengalaman minimal 1 tahun di posisi yang sama

Menguasai monitoring, maintenance, dan troubleshooting jaringan FTTH

Familiar dengan perangkat OLT (Nokia, ZTE, Huawei, Tejas)

Familiar dengan perangkat seperti ONU, ONT, CPE, dan perangkat jaringan lainnya

Memiliki kemampuan analisis, problem solving, dan teamwork yang baik

Mampu bekerja secara koordinatif dengan berbagai stakeholder",https://id.jobstreet.com/id/job/91680422,Rp 4.500.000 – Rp 4.700.000 per month,IT Support,indonesia,['r'],1,2026-04-28T11:23:44.444356
91438553,Product Owner,Stanford Teknologi Indonesia,,"The Company

Stanford stands as a dynamic, cutting-edge multinational company licensed by OJK in the field of P2P lending, leading the fintech revolution in Indonesia. Situated in the vibrant heart of Central Jakarta, our dedicated team of over 400 talented individuals is passionately driving innovation and excellence within the financial technology industry.

Position: Product Owner

Department: Commercial and External Relations

Responsibilities and Duties

Conduct in-depth research on competitors' products to identify market trends, features, and potential areas for differentiation.

Analyse other competitor strategies and market positioning to provide insights - data to supports product decisions.

Conduct user research to understand customer problems, identify and iterate on product ideas and improvements

Create the detailed Product Requirement Documents - Blueprint for features and enhancements, outlining; Goals, Requirement, Specifications, User Stories and Testing Scenario.

Ability to present complex value propositions to the IT Team.

Ability to break down massive product backlog items into smaller and releasable items.

Collaborate with cross-functional teams to create detailed flow charts or work flow, highlighting user interactions and system processes.

Iteration product testing to ensure a seamless and user-friendly experience.

Work with engineers, designers, ops, marketing, legal and even external partners to make things happen

Able to work independently as individual contributor




Required skills and qualifications

Bachelor's degree in Business, Computer Science, or a related field.

Minimum 3-5 Years of experience as Product Owner or equivalent, preferably from start-up companies.

Preferable Experience as Product Owner from Multifinance, banking, and fintech company.

Fluent in English is a must for this role

Familiar with Jira, Figma software.

Outstanding communication, presentation, and leadership skills, with the ability to collaborate with technical and non-technical stakeholders to achieve product goals.

Strong analytical and problem-solving skills.

Able to collaborate smoothly with Tech Team

Excellent organizational and time management abilities.

Demonstrable experience of the agile methodology",https://id.jobstreet.com/id/job/91438553,,IT Support,indonesia,"['r', 'agile']",2,2026-04-28T11:23:50.370584
91680111,Internal Audit Staff,,,"Job Description

Perform end-to-end audit processes (planning, fieldwork, documentation, and reporting) for IT and operational areas

Evaluate internal controls, identify risks, and provide actionable recommendations

Conduct audit testing and ensure compliance with company policies, procedures, and applicable regulations

Prepare clear and structured audit reports, including findings and improvement plans

Monitor and follow up on audit findings to ensure timely resolution

Collaborate with cross-functional teams to improve business processes and controls




Requirements

Bachelor’s degree in Accounting, Information Systems, IT, or related field

2–3 years of experience in IT Audit and/or Operational Audit

Strong understanding of internal control frameworks and risk assessment

Analytical, detail-oriented, and able to think critically

Fast learner with a proactive mindset

Able to manage multiple tasks and work independently

Willing to be placed in Tangerang and South Jakarta",https://id.jobstreet.com/id/job/91680111,,IT Support,indonesia,['r'],1,2026-04-28T11:23:56.330159
91679982,Interlink Integration Officer,PT Bank Nationalnobu Tbk,,"What you'll be doing

Coordinate the integration of internal systems and applications with external platforms and partners

Monitor and maintain the bank's network infrastructure to ensure optimal performance and reliability

Troubleshoot and resolve any network-related issues, minimising downtime and maintaining high levels of system availability

Implement security measures and protocols to protect the bank's data and systems from cyber threats

Collaborate with cross-functional teams to identify and address technological requirements and challenges

Provide technical support and guidance to end-users, ensuring they can effectively utilise the bank's systems and applications

Stay up-to-date with industry trends and technologies, and recommend improvements to our network architecture




What we're looking for

Minimum 3 years of experience in network administration or system integration roles, preferably in the banking or financial services industry

Strong technical skills in network configuration, troubleshooting, and security management

Proficiency in integrating various systems and applications, including databases, middleware, and cloud-based solutions

Excellent problem-solving and analytical skills to identify and resolve complex technical issues

Strong communication and interpersonal skills to collaborate effectively with cross-functional teams and support end-users

Certification in network administration or related IT disciplines is a plus",https://id.jobstreet.com/id/job/91679982,,IT Support,indonesia,['r'],1,2026-04-28T11:24:02.307443
91684033,Odoo Functional,PT Bali Ocean Magic (Waterbom Bali),,"Job Description


Business Process Analysis & Design

Map current and target processes for ticketing, FO, retail, F&B, finance, and marketing in Odoo.
Translate business needs into clear functional requirements and user stories.
Maintain a living process/system blueprint (based on the existing BA and PRD).

Odoo Configuration & Functional Ownership

Configure core Odoo modules (POS, Sales, Purchase, Inventory, Accounting, CRM, Marketing) within agreed guardrails.

Manage master data structures (products, price lists, partners, COA, analytic dimensions) in coordination with Finance and Operations.

Work with the Odoo developer and vendor on gaps that require customization or integration.

Issue Triage & Continuous Improvement

Act as the first point of contact for business issues: reproduce, document, classify (user error, config, data, bug, or new request).
Maintain an issue log with clear steps to reproduce, screenshots, and priority.
Propose pragmatic, low‑risk improvements to simplify operations and reduce manual.

Project & Change Management

Plan and coordinate changes: scope, impact, testing, release notes, and communication.
Own and run UAT cycles: design test cases, coordinate key users, and sign off on results.
Ensure changes are traceable from requirement → spec → development → testing → production.

Training, Documentation & User Support

Prepare simple SOPs, quick reference guides, and short training decks for each department.
Deliver training and refreshers for FO, Finance, Retail, F&B, Sales & Marketing users.
Provide level‑1 functional support and escalate to in‑house dev/vendor where needed.

Data Quality & Reporting Support

Work with Finance and a reporting analyst to validate key reports (revenue, visitors, AR/AP, inventory).
Help define reporting requirements and ensure Odoo data structures support them.
Minimum Qualifications

3+ years experience as Odoo Functional Consultant / Business Analyst / ERP Implementor in Indonesia.
Hands‑on experience configuring and supporting several Odoo modules (at least: POS/Sales, Inventory, Accounting; plus advantage for CRM/Marketing / F&B / Hospitality).
Strong understanding of end‑to‑end business processes (Order‑to‑Cash, Procure‑to‑Pay, Inventory, basic Accounting).
Proven experience running UAT, preparing functional documents (BRD/FSD/blueprint), and working with developers on customizations.
Comfortable working on‑site with operational teams (FO, kitchen, retail, finance), not only in a back‑office role.
Solid communication skills in Bahasa Indonesia and working English; able to explain system behaviour in simple language to non‑technical users.
Structured, detail‑oriented, and disciplined in documentation.",https://id.jobstreet.com/id/job/91684033,,IT Support,indonesia,"['r', 'scala']",2,2026-04-28T11:24:08.203418
91684038,Odoo Developer,PT Bali Ocean Magic (Waterbom Bali),,"Job Description


Custom Development & Module Ownership

Develop and customize Odoo modules (Python, XML, JS/QWeb) based on agreed functional specs (POS, Ticketing, RFID, Finance, Inventory, F&B, Marketing).

Maintain and refactor existing custom code delivered by the vendor to improve stability, readability, and performance.

Implement small to medium change requests (new fields, workflows, wizards, reports, dashboards) without over‑ customizing core Odoo.

Bug Fixing & Production Support

Investigate and fix urgent bugs in WB’s custom Odoo code (including POS, ticket validation, refund logic, settlement flows).

Work with the Functional/Business Analyst to reproduce issues, isolate root causes (config vs data vs code), and provide clear technical explanations.

Implement hotfixes safely (using staging and rollback plans) and document all changes.

Integrations & Technical Troubleshooting

Build and maintain integrations between Odoo and external systems (OTAs, payment gateways/EDC, RFID/gate systems, e-commerce, marketing tools).
Troubleshoot API failures, timeouts, and data sync issues, and add monitoring and logging where needed.
Work with the technical lead on performance tuning (workers, caching, SQL queries) and environment-level issues.

Technical Design, Code Quality, & Documentation

Design solutions that respect Odoo architecture and keep a clean separation between custom modules and standard code.
Follow best practices for version control (Git), branching, code reviews, and deployment pipelines.

Produce and maintain technical documentation for custom modules, data models, and integrations.

Testing & Release Management

Write and maintain unit tests / basic automated tests where feasible; at a minimum, ensure robust manual test scripts for critical flows.

Support UAT: prepare test data, fix defects, and iterate quickly based on feedback from key users.

Participate in planning and executing releases (staging, smoke tests, rollback procedures).

Collaboration & Continuous Improvement

Work closely with the Odoo Functional/Business Analyst to understand business requirements and constraints.
Coordinate with the external vendor on bigger changes, upgrades, and complex incidents, using your technical analysis to push for precise fixes.
Proactively suggest technical improvements that reduce downtime, simplify maintenance, and improve data quality.
Minimum Qualifications

3+ years of hands‑ on experience as an Odoo Developer (or strong Python developer with at least 2 years focused on Odoo)

Solid experience building and customizing Odoo modules in Python (models, business logic) and XML/QWeb (views, reports).

Strong understanding of Odoo framework: ORM, security (record rules/access rights), workflows, scheduled actions, and multi-company/multi-currency concepts.

Experience integrating Odoo with external systems via REST APIs (JSON/XML), webhooks, or middleware.

Comfortable working with PostgreSQL (basic querying, indexing awareness, understanding of Odoo schema).

Familiarity with Git and standard SDLC practices (branching, merge requests, code review, tagging).

Proven track record of troubleshooting production issues in Odoo (performance, deadlocks, broken flows) and delivering stable fixes.

Able to communicate clearly in Bahasa Indonesia and working English; able to explain technical topics in simple terms to non‑ technical colleagues.",https://id.jobstreet.com/id/job/91684038,,IT Support,indonesia,"['python', 'r', 'git', 'sql', 'postgresql']",5,2026-04-28T11:24:14.345817
91679678,[295] Business Analyst,PT Bank Mandiri (PERSERO) Tbk,,"Responsibilities

Create innovations and contribute significantly to independent progress.
Analyze potential risks and issues within a project.
Develop a Functional Specification Document (FSD) as the foundation for program development.
Organize data and define requirements by translating business requirements into functional requirements.
Analyze user and business needs.
Collaborate with developers to provide the best solutions for users.
Prepare documentation of business processes, system functionalities, and test scenarios.
Coordinate effectively between users and developers.
Requirements


Minimum Qualifications

Bachelor’s degree in IT, Information Systems, or other relevant fields.
Excellent communication and interpersonal skills.
Minimum of 3 years of experience as an IT Business Analyst or in an equivalent role.
Proactive, disciplined, responsible, detail-oriented, and well-organized.
Ability to work both independently and as part of a team, and coordinate with cross-functional teams.
Strong analytical skills with the ability to provide input and ideas for team improvements.

Required Skills

Strong capability in business process analysis and documentation using diagrams such as Flowchart, Entity Relationship Diagram (ERD), Use Case, Activity Diagram, Sequence Diagram, etc.
Proficiency in SQL Server (Structured Query Language) and Microsoft Visio.
Solid understanding of Agile methodology, including working with EPICs, User Stories, and backlog refinement.
Knowledge of system integration concepts and technical needs, including APIs, file transfer methods, and related data exchange mechanisms.
Eagerness to learn new things and explore new tools.

Additional Skills

Strong technical abilities.
Ability to lead or manage a team.
Work Arrangement

Employment type: Contract
Contract duration: 12 months (extendable)
Location: West Jakarta
Work type: On-site/Work from Office (WFO)
Expected onborad: ASAP, immediate joiners are preferred

BINAR Academy aims to unlock and channel human potential so we can help the world turn into a better place. One of the ways we strive to do that is to channel potential talents to impactful opportunities using our very own job connector, BINAR Job Connect.

BINAR Job Connect has connected up to 250 talents & candidates; whether it be young & aspirational fresh graduate to tech-savvy team leaders, individuals who decided to start from scratch, and junior engineers to skilled product managers to our experienced hiring partners. BINAR Job Connect provides various options of employment, as we intend that everyone processed by us can choose the best career track for them.",https://id.jobstreet.com/id/job/91679678,,IT Support,indonesia,"['r', 'agile', 'sql', 'ios']",4,2026-04-28T11:24:20.193524
91679498,Deployment Engineer / Application Support,PT Sinar Jernih Suksesindo,,"PT. Sinar Jernih Suksesindo benerjasama dengan Bank Terkemuka di Indonesia mencari :


Eployment Engineer / Application Support
Penempatan : Jakarta




Kualifikasi

Memiliki gelar Sarjana dari universitas terkemuka dengan latar belakang pendidikan di bidang Ilmu Komputer/Teknologi Informasi, Sains & Teknologi, atau bidang lain yang setara.

Memiliki pengalaman lebih dari 4 tahun sebagai Programmer Java atau Python, atau sebagai deployment engineer/application support di industri perbankan.

Memiliki pengalaman dalam implementasi aplikasi/sistem yang terkait dengan AI.

Memiliki keterampilan dalam penggunaan database Ms. SQL Server dan MySQL.

Memiliki pengetahuan atau keterampilan di bidang containerization, CI/CD, scripting, dan Linux akan menjadi nilai tambah.

Memiliki kemampuan troubleshooting dan optimasi performa yang kuat.

Memiliki pengalaman dalam pelaksanaan proyek dengan metode agile.

Mahir menggunakan Jira.

Memiliki kemampuan komunikasi dan interpersonal yang sangat baik.

Menguasai Bahasa Inggris lisan dan tulisan.

Bersedia bekerja dalam kontrak selama enam (6) hingga dua belas (12) bulan, dengan opsi perpanjangan apabila diperlukan.

Cepat belajar, mampu bekerja dalam tim, serta memiliki minat pada teknologi AI.
Berdomisili di Jabodetabek, Indonesia.




Job Desc

Berkoordinasi dengan Project Manager, Business Analyst, Scrum Master, Delivery Manager, Development

Manager, System Analyst, Developer, dan pengguna untuk menghasilkan desain perangkat lunak.

Menyusun rencana implementasi dan deployment.

Melakukan deployment aplikasi ke environment Test, Production, dan DRC.

Melakukan troubleshooting terhadap permasalahan sistem.

Melakukan tuning atau optimasi aplikasi.

Menyusun laporan implementasi dan deployment.




Pantau proses rekrutmen melalui krja+",https://id.jobstreet.com/id/job/91679498,,IT Support,indonesia,"['python', 'linux', 'r', 'java', 'mysql', 'agile', 'sql', 'scrum']",8,2026-04-28T11:24:26.339703
91678732,IT Support,ESQ Group,,"Kualifikasi

Minimal S1 Sistem Informasi / Teknik Informatika

Memiliki sertifikasi dasar (CCNA / MCSA) menjadi nilai tambah

Menguasai troubleshooting hardware (PC, laptop, printer) dan OS (Windows/Linux)

Memahami dasar jaringan (TCP/IP, LAN, WAN, konfigurasi Wi-Fi)

Berpengalaman dalam pengembangan atau maintenance aplikasi berbasis Laravel

Menguasai manajemen database MySQL (struktur tabel, query, dan optimasi)

Mampu mengelola inventaris aset IT dan perawatan perangkat secara berkala

Memiliki soft skills: teliti, jujur, komunikatif, dan mampu bekerja sesuai SLA

Pengalaman minimal 1 tahun atau fresh graduate dengan portofolio relevan

Memahami dasar keamanan siber dan bersedia ditempatkan di Menara 165

Job Description

Menangani technical support terkait hardware, software, dan aplikasi internal

Mengembangkan dan memelihara aplikasi internal berbasis Laravel

Mengelola database MySQL (integritas data, struktur, dan backup)

Melakukan preventive maintenance perangkat komputer dan jaringan

Melakukan instalasi OS, aplikasi, dan konfigurasi perangkat jaringan

Mengelola inventory aset IT dan dokumentasi keluar-masuk perangkat

Memantau stabilitas jaringan dan koneksi internet kantor

Menyusun laporan berkala terkait kendala teknis dan status perbaikan

Berkoordinasi dengan vendor untuk perbaikan lanjutan atau klaim garansi

Menjaga kerapihan, kebersihan, dan standarisasi ruang lab IT",https://id.jobstreet.com/id/job/91678732,Rp 5.700.000 – Rp 6.500.000 per month,IT Support,indonesia,"['linux', 'r', 'mysql', 'sql']",4,2026-04-28T11:24:32.203417
91678553,IT Quality Assurance,PT Anabatic Technologies,,"Job Description:

Design and execute test cases (both manual and automated), identify and document defects, and work with the development team to resolve issues before conducting SIT with users/clients.

Requirements:

Minimum Bachelor Degree of Information Technology or other related field

Having minimum 1-2 years working experience as IT Quality Assurance or other related field

Have knowledge and experience in IT QA tools or software (both manual and automated)

Willing to be placed at PT Karyaputra Suryagemilang (member of Anabatic Holding), which is located in Graha Anabatic, Tangerang",https://id.jobstreet.com/id/job/91678553,,IT Support,indonesia,['r'],1,2026-04-28T11:24:38.327000
91344546,IT Supervisor,GoFleet by Astra & Gojek,,"Job Description

1. IT Operations & System Development

Oversee the management, monitoring, and development of IT systems to ensure operational efficiency.

Assess and define KPIs for IT department.

Ensure IT policies and SOPs are comply with company policy.

Develop and manage annual IT budget to align with organizational goals.

Formulate IT strategic plans and generate monthly & yearly reports related to IT operations & system development.

2. Project Management

Lead IT projects from planning to execution, ensuring timely delivery and alignment with business goals.

Strong experience in Agile Project Management.

Good at documenting requirement, analysis, and report that relate with project(s).

3. Stakeholder Management

Act as the liaison between IT, internal and external teams, ensuring seamless collaboration.

Work closely with management to address IT-related challenges and business requirements.

4. Leadership

Supervise and support the IT team.

Conduct routine stand-up meetings to track progress, address roadblocks, and align team goals.

Foster a culture of continuous learning and cross-functional collaboration.

5. Infrastructure

Manage working license for every employees.

Manage IT related infrastructure, physical (laptop, router, switch, etc) and digital (cloud server).

6. Data Related

Supervise data pipeline architecture and ensure alignment with business and reporting requirements.

Oversee data collection, storage, quality, and accessibility to support business insights and decision-making.

Review and guide data visualization and dashboard initiatives managed by the Data Engineer team.




Requirements

Bachelors degree or higher in Computer Science, Information System, or related field.

3+ years of experience IT operations and/or system development.

Excellent problem-solving, strong critical thinking, and decision-making skills.

Understanding of data warehousing concepts, data flow, and reporting architecture.

Excellent stakeholder communication.

Have experience in leading team (leadership skills).

Ability to work in a fast-paced and dynamic environment.


Bonus Point

Ex Software Engineer is preferred.

Proficiency in ERP management, especially Odoo.

Knowledgeable in Cloud Computing and Automation Tools.

Knowledgeable in IT Infrastructure.

Knowledgeable in Data-related fields (Querying, Analyzing, & Business Intelligence).",https://id.jobstreet.com/id/job/91344546,Rp 10.000.000 – Rp 13.000.000 per month,IT Support,indonesia,"['r', 'agile', 'git']",3,2026-04-28T11:24:44.190983
91678263,IT Support (Mandarin Speaker),PT CCEPC ENVIRONMENT PROTECTION AND ENERGY COMPREHENSIVE UTILIZATION INDONESIA,,"Company Description

CCEPC Environment Protection and Energy Comprehensive Utilization Indonesia (PT CCEPC Indonesia) is an international engineering company established in Jakarta in 2020. Specializing in environmentally friendly power technology, industrial park systems, infrastructure, and civil construction, CCEPC Indonesia combines technical expertise, project execution, and resource integration.

With over 20 years of experience in technology research, consulting, EPC construction, and project management, the company has delivered significant projects, including power plants at Weda Bay Industrial Park. PT CCEPC is dedicated to delivering high-quality engineering services and collaborating closely with clients for mutual success.

About the Role
We are seeking a full-time IT / Information Systems Specialist with a minimum of 0-2 years of relevant experience to manage the company’s IT hardware, software, and information systems while providing daily technical support across departments. This role also supports system optimization and lightweight application development using Lark (Feishu) and actively leverages AI tools to improve operational efficiency.

What You Will Do:

Manage the full lifecycle of IT hardware & software (procurement, asset registration, distribution, maintenance, upgrades, and disposal)

Provide daily technical support for office equipment, systems, and software

Support internal departments by developing workflows, management reports, and simple applications using Lark/Feishu

Manage company networks, user access permissions, data security, and routine data backups

Explore and apply AI tools to improve productivity and work efficiency

What You Will Need:

Diploma or higher in Information Technology, Computer Science, Information Systems, or a related field

Fresh graduates are welcome to apply

Strong hands-on knowledge of hardware, software, networking, and office systems

Willingness and ability to quickly learn Lark/Feishu configuration and lightweight development

Practical experience in using AI tools (e.g., Copilot, ChatGPT, Doubao) to support daily tasks

Good communication skills; Indonesian candidates should have at least basic Mandarin proficiency

Fluent in Mandarin (minimum HSK Level 4)

What we offer:

Opportunity to work in a bilingual technical environment.

Competitive salary

Long-term career growth opportunities within a globally recognized EPC company.

Free teatime, snack and fruits in the office",https://id.jobstreet.com/id/job/91678263,Rp 8.000.000 – Rp 11.500.000 per month,IT Support,indonesia,['r'],1,2026-04-28T11:24:50.198042
91675771,IT Development,PT Clavisindo Berjaya,,"Gambaran Umum Pekerjaan
Kami dari PT Clavisindo Berjaya sedang mencari IT Developer atau IT Development yang berpengalaman dan berbakat untuk bergabung dengan tim kami di kantor kami di Gambir Jakarta Pusat. Sebagai IT Development, Anda akan memainkan peran penting dalam mengembangkan dan mengimplementasikan solusi sistem informasi yang selaras dengan tujuan bisnis perusahaan kami. Posisi ini membutuhkan pemikir strategis yang dapat mengidentifikasi peluang perbaikan proses dan mengembangkan solusi teknologi yang efektif.

Tanggung Jawab Utama :

Berkoordinasi dengan tim pengembangan untuk menentukan persyaratan aplikasi

Menulis kode yang dapat diskalakan menggunakan Odoo Framework

Menguji dan men-debug Aplikasi

Mengembangkan komponen back-end

Menganalisis, merancang, & mengoptimalkan struktur basis data

Mengintergrasikan solusi penyimpanan data

Melakukan pemograman ulang basis data yg ada untuk meningkatkan fungsionalitas

Memantau dan mengevaluasi kinerja sistem, dan memberikan rekomendasi perbaikan yang berkelanjutan.

Kualifikasi :

Pendidikan minimal S1 Sistem Komputer atau relevan

Minimal 1 tahun pengalaman sebagai IT Development, IT Developer, ERP Sofware Developer atau peran IT serupa. Freshgraduate dipersilahkan melamar

Berpengalaman dalam pengembangan kerangka kerja Odoo menjadi nilai tambah

Mampu mengintegrasikan beberapa sumber data & database menjadi satu sistem.

Memahami prinsip desain fundamental dibalik aplikasi yg dapat diskalakan

Memiliki minat besar dalam pengembangan aplikasi perusahaan

Pernah menangani projek aplikasi diperusahaan

Pemahaman dasar maupun kuat pada ERP, Odoo, Pyhton, Javascript, HTML, CSS, Query SQL, dll

Kemampuan analitis yang kuat dan pemecahan masalah yang baik.

Kemampuan komunikasi yang baik, baik lisan maupun tertulis.

Penempatan Head Office Gambir, Jakarta Pusat


Jika Anda tertarik untuk bergabung dengan tim kami yang dinamis, lamar sekarang!",https://id.jobstreet.com/id/job/91675771,,IT Support,indonesia,"['r', 'java', 'sql', 'javascript']",4,2026-04-28T11:24:55.992976
91677902,Admin IT - Banking,PT Mitracomm Ekasarana,,"Kualifikasi

1. Diutamakan yang sudah memiliki pengalaman handle Project IT atau tester
2. Menguasai Microsoft Ofiice (min. Excel, Word)
3. Memiliki pengetahuan dibidang Perbankan (service)
4. Memiliki kemampuan komunikasi yang baik, lisan, dan tulisan
5. Cepat belajar dan mandiri
6. Product development
7. Process Improvement",https://id.jobstreet.com/id/job/91677902,Rp 5.700.000 – Rp 5.731.000 per month,IT Support,indonesia,['r'],1,2026-04-28T11:25:01.919936
91677609,DESK COLLECTION,PT INDOSAKU DIGITAL TEKNOLOGI,,"Deskripsi Pekerjaan ( DESK COLLECTION):

Melakukan penagihan pembayaran kepada pelanggan/nasabah melalui alat telekomunikasi yang sesuai dengan SOP dan peraturan perusahaan

Tracking akun nasabah yang ditugaskan untuk mengidentifikasi tagihan yang belum dibayar

Negosiasikan jatuh tempo pembayaran atau PTP pembayaran

Follow up dan bernegosiasi dengan nasabah terkait pembayaran

Inisiatif dalam membuat strategi penagihan

Mampu mencapai KPI untuk kinerja pribadi dan tim

Membuat laporan kegiatan dan melaporkan kepada Team Leader

Membantu nasabah dalam melakukan pembayaran

Aktif menghubungi nasabah (calling, WA) dan penagihan janji bayar (PTP)




Persyaratan :

Kandidat berusia maksimal 28 tahun

Kandidat harus memiliki minimal pendidikan SMA/SMK di bidang apapun

Minimal 1 tahun pengalaman kerja sebagai Desk Collection dan pengalaman kerja di bidang terkait

Memiliki sertifikasi penagihan AFPI

Memiliki keterampilan komunikasi dan negosiasi

Memiliki etika kerja yang baik dan mengikuti peraturan dan SOP perusahaan

Memiliki ketekunan dan kerajinan untuk belajar agar mencapai target yang ditentukan dan memberikan kontribusi ke perusahaan

Mudah bersosialisai dan dapat bekerja sama baik individual ataupun dalam tim

Memiliki tanggung jawab, berkomitmen, integritas, dan kejujuran

Bisa bergabung secepatnya",https://id.jobstreet.com/id/job/91677609,,IT Support,indonesia,['r'],1,2026-04-28T11:25:07.959202
91677199,Cloud Security (Middle Level),PT. SIGMA GLOBAL TEKNOLOGI (SIGMATECH),,"About the role

We are seeking a talented and experienced Cloud Security professional to join our growing team (Client) at PT. SIGMA GLOBAL TEKNOLOGI (SIGMATECH) in South Jakarta, Jakarta. In this full-time position, you will play a crucial role in ensuring the security and integrity of our cloud-based infrastructure and applications.

What you'll be doing

Organization policy

Access management

Tencent Cloud Security best practice

Compliance governance

Threat detection & Risk Awareness

What we're looking for

4+ years of experience in cloud security, with a strong understanding of cloud infrastructure and security best practices

Proficient in cloud security tools and technologies, such as AWS, Azure, and GCP security services

Hands-on experience in implementing and managing cloud security controls, including identity and access management, encryption, network security, and incident response

Strong analytical and problem-solving skills, with the ability to identify and mitigate security risks

Excellent communication and collaboration skills, with the ability to work effectively with cross-functional teams

Familiarity with relevant security standards and compliance frameworks (e.g., ISO, NIST, GDPR)

A passion for staying up-to-date with the latest cloud security trends and innovations

About us

PT. SIGMA GLOBAL TEKNOLOGI (SIGMATECH) is a leading provider of innovative IT solutions and services in Indonesia. Our mission is to empower our clients with cutting-edge technologies and secure, reliable infrastructure. With a talented team of professionals and a commitment to excellence, we have a proven track record of delivering successful projects across a variety of industries.

If you are excited about the opportunity to join our team and contribute to the security of our cloud-based solutions, we invite you to apply now.",https://id.jobstreet.com/id/job/91677199,,IT Support,indonesia,"['gcp', 'r', 'aws', 'azure']",4,2026-04-28T11:25:13.876098
91677169,Internal Audit Specialist,PT Finture Tech Indonesia,,"Job Description:

Internal Audit Planning & Execution

Execute risk-based internal audits across business, finance, operations, and IT functions.

Evaluate the design and operating effectiveness of controls, ensuring alignment with company policies and regulatory requirements.

Prepare comprehensive audit reports, highlighting key findings and actionable recommendations.

Risk Assessment & Control Improvement

Participate in annual risk assessments and audit planning based on emerging business and technology risks.

Identify process inefficiencies and recommend control enhancements to improve operational resilience and data security.

Reporting & Stakeholder Engagement

Present audit results and progress updates to management and the Audit Committee.

Support external and regulatory audits, such as OJK and ISO certification audits, as needed.

ISO 27001:2022 Compliance & Information Security Audit

Support the implementation and periodic internal audits of the Information Security Management System (ISMS).

Assess compliance with ISO 27001:2022 controls, including risk assessment, access management, incident handling, and business continuity.




Job Requirements

Bachelor’s degree in Accounting, Information Systems, Finance, or a related field.

2–5 years of experience in internal audit, IT audit, risk, or compliance, preferably in fintech or banking.

Good understanding of risk-based audit methodology and ISO 27001:2022.

Familiarity with OJK or other regulatory audits is a plus.

Proficient in Excel; experience with Power BI or other analytics tools is preferred.

Strong analytical, communication, and audit report-writing skills.

Detail-oriented, collaborative, and able to manage multiple priorities.",https://id.jobstreet.com/id/job/91677169,,IT Support,indonesia,"['r', 'power bi']",2,2026-04-28T11:25:19.812740
91676209,Customer Support Specialist,PT Jaggara Global Workforce,,"We are looking for a Customer Support professional who can handle user inquiries efficiently while also analyzing issues and driving resolutions.

This is not a script-based support role. You will be expected to understand problems, think critically, and ensure issues are properly resolved, not just responded to.

You will work closely with Product, QA, and Engineering teams to investigate issues, improve workflows, and deliver a reliable support experience for our users.

What You Will Do
Customer Support & Communication

Handle customer inquiries via live chat, email, and phone
Provide fast, accurate, and professional responses while managing multiple conversations
Ensure a smooth and consistent support experience across all interactions
Communicate product updates, incidents, or maintenance clearly to users

Issue Analysis & Resolution

Understand customer issues and identify root causes
Apply a structured approach to troubleshoot and resolve problems
Ensure issues are fully resolved before closing tickets
Escalate complex or high-impact cases with clear context and findings

Ticket Management & Operations

Maintain accurate and well-documented tickets
Manage multiple tickets or chats efficiently in a fast-paced environment
Follow SOPs and adapt quickly to product or workflow changes

Collaboration & Continuous Improvement

Work closely with Product, QA, and Engineering teams to resolve issues
Share recurring problems, insights, and customer feedback
Contribute to improving support processes and overall customer experience

Requirements

Minimum 1 year of experience as Customer Support in a SaaS company
Strong analytical and problem-solving skills
Able to handle multiple conversations or tickets simultaneously
Good understanding of customer support workflows and best practices
Excellent English communication skills (written & verbal)
Customer-oriented, proactive, and able to stay composed under pressure
Strong time management and prioritization skills
Familiar with tools such as Intercom, Zendesk, or similar
Willing to work full Work From Office (WFO) in Bandung

Job Details

Location: Bandung, Indonesia
Work Setup: Full WFO
Employment: Full-time

What You Will Get

Hands-on experience supporting an international SaaS product
Daily exposure to English communication in a professional setting
Close collaboration with Product, QA, and Engineering teams
Clear growth opportunities within Customer Division
Fast-paced environment with real ownership and impact
Supportive and collaborative team culture

Important

This role is best suited for someone who:

Is comfortable working in a fast-paced, high-volume support environment
Can think beyond standard responses and focus on solving problems
Is able to balance speed and accuracy in daily work
Is proactive in identifying issues and improving how things are handled",https://id.jobstreet.com/id/job/91676209,Rp 5.500.000 – Rp 7.000.000 per month,IT Support,indonesia,"['r', 'scala']",2,2026-04-28T11:25:25.688764
91677068,Cloud Infrastructure (Junior),PT. SIGMA GLOBAL TEKNOLOGI (SIGMATECH),,"About the role

We are seeking a talented and motivated Cloud Infrastructure (Junior) to join our dynamic team at (Client) PT. SIGMA GLOBAL TEKNOLOGI (SIGMATECH). In this full-time position based in South Jakarta, you will play a crucial role in designing, implementing, and maintaining our cloud infrastructure solutions. As a key member of our Information & Communication Technology team, you will contribute to the growth and success of our business.

What you'll be doing

1. Tencent Cloud Infrastructure

2. Terraform

3. Kubernetes

4. CI/CD tools (jenkins, argoCD)

What we're looking for

Relevant experience in cloud infrastructure management, preferably in a professional or academic setting

Strong understanding of cloud computing platforms, such as AWS, Azure, or Google Cloud

Proficiency in scripting and automation tools (e.g., Terraform, Ansible, or PowerShell)

Familiarity with containerization technologies like Docker and Kubernetes

Excellent problem-solving and analytical skills

Ability to work collaboratively in a team environment

Proactive and eager to learn new technologies and techniques

About us

PT. SIGMA GLOBAL TEKNOLOGI (SIGMATECH) is a leading provider of innovative IT solutions in the Information & Communication Technology industry. Our mission is to empower our clients with cutting-edge technology and exceptional service. We pride ourselves on our commitment to excellence, our collaborative culture, and our dedication to driving positive change in the industry.

If you are excited about this opportunity and believe you have the skills and experience to succeed in this role, we encourage you to apply now.",https://id.jobstreet.com/id/job/91677068,,IT Support,indonesia,"['r', 'docker', 'kubernetes', 'aws', 'azure']",5,2026-04-28T11:25:32.133914
91676951,IT Support Executive,Siloam Hospitals Group (Tbk),,"About the role

This full-time IT Support Executive role at Siloam Hospitals Group (Tbk) in Karawaci Banten offers an exciting opportunity to provide critical IT support and troubleshooting services to our healthcare organisation. As an integral member of our IT team, you will play a key role in ensuring the smooth operation of our technology infrastructure and delivering exceptional service to our internal customers.

What you'll be doing

Providing first-line IT support and troubleshooting to users across the organisation

Diagnosing and resolving hardware, software, and network issues in a timely manner

Administering and maintaining our IT systems, including servers, workstations, printers, and other peripheral devices

Documenting support activities and maintaining detailed records of incidents and resolutions

Collaborating with the IT team to identify and implement process improvements

Providing training and guidance to users on the effective use of IT systems and applications

Escalating complex issues to the appropriate technical specialists or teams

What we're looking for

Minimum 2 years of experience in a similar IT support role, ideally within a healthcare or hospital environment

Strong knowledge of hardware, software, and network troubleshooting, as well as server and workstation administration

Excellent communication and customer service skills, with the ability to effectively explain technical concepts to non-technical users

Proactive and problem-solving mindset, with the ability to work independently and as part of a team

Familiarity with common IT tools and software, such as ticketing systems, remote support tools, and productivity applications

Relevant technical certifications, such as CompTIA A+ or Microsoft Certified Solutions Associate (MCSA), are preferred

What we offer

At Siloam Hospitals Group (Tbk), we are committed to providing our employees with a rewarding and fulfilling work experience. In addition to a competitive salary, we offer a range of benefits, including:


Comprehensive healthcare coverage for you and your family

Generous paid time off and holiday leave

Opportunities for professional development and career advancement

Participation in our employee wellness programs

Discounts on various products and services

About us

Siloam Hospitals Group (Tbk) is a leading healthcare provider in Indonesia, operating a network of hospitals and medical facilities across the country. Our mission is to deliver high-quality, patient-centric care and continuously improve the health and wellbeing of the communities we serve. Join us and be a part of our exciting journey as we redefine the healthcare landscape in Indonesia.

Apply now to become our next IT Support Executive!",https://id.jobstreet.com/id/job/91676951,,IT Support,indonesia,"['r', 'scala']",2,2026-04-28T11:25:38.400687
91676866,IT Network Support (sistem dan jaringan),PT Wave Wahana Wisesa,,"Network Engineer (Sistem dan Jaringan)

Requirements:

* Pendidikan S1, Teknik Informatika / Sistem Informasi / Teknik Komputer, IPK Minimal 2.85

* Freshgraduated are Welcome

* Pengalaman 1-2 tahun sebagai System Engineer/ Network Engineer dibidang Jaringan Telekomunikasi/ IT menjadi nilai tambah

* Memiliki pengetahuan mengenai Linux

* Memiliki pengetahuan mengenai Jaringan/ Network/ Internet Service Provider (ISP)

* Dapat bekerja secara Tim / Individu

* Dapat bekerja dibawah tekanan",https://id.jobstreet.com/id/job/91676866,Rp 3.000.000 – Rp 4.500.000 per month,IT Support,indonesia,"['linux', 'r']",2,2026-04-28T11:25:44.341793
91676568,NOC Officer (Hybrid),PT Higo Fitur Indonesia,,"About the role

Join our dynamic team as a NOC Officer (Hybrid) at PT Higo Fitur Indonesia. This full-time position is based in West Jakarta, Jakarta, with a hybrid setup involving work conducted in the field and at the office. In this strategic role, you will be responsible for monitoring and maintaining the performance and security of our critical IT infrastructure, ensuring seamless operations for our organisation.

What you'll be doing

Monitor and maintain network, application, and infrastructure performance to ensure optimal availability.

Identify, diagnose, and resolve issues related to network connectivity, application performance, hardware, and software.

Provide technical assistance to employees for hardware, software, networking, and internal system issues (onsite & remote).

Install, configure, and maintain all asset and IT equipment, including computers, printers, network devices, and necessary firmware updates.

Conduct system testing and troubleshooting through remote environments coordinated from HQ.

Maintain LAN, internet connectivity, IT security systems, and perform routine data backups.

Document IT activities, incidents, troubleshooting processes, and resolutions.

Collaborate with internal teams and external vendors to resolve technical issues effectively.

Support IT procurement processes and maintain an accurate inventory of IT assets.

Proactively seek and recommend improvements to optimize IT processes and system performance.

What we're looking for

Bachelor’s Degree in Information Technology, Computer Science, Information Systems, or related fields

With 2+ years experience in network management, system engineering, or IT support.

Proficient in Linux, Windows, and macOS.

Strong understanding of LAN/WAN, Wi-Fi, DNS, TCP/IP, and basic router/switch configuration.

Experience with network monitoring tools (SolarWinds, PRTG, Nagios, Zabbix, etc.).

Familiar with Mikrotik, Cisco, Juniper, Unifi, Cambium, and wireless networking basics.

Able to troubleshoot hardware, software, and office applications (MS Office, Google Workspace).

Good communication, problem-solving skills, and ability to work independently or in a team.

Integrity and commitment to data security.

Required to work ±4-hour shifts for stand by on weekdays and weekends

Additional Qualifications :

Network Certificate (MTCNA, CCNA)

Understanding of fiber optic, Vsat, Cellular Network

What we offer

At PT Higo Fitur Indonesia, we are committed to providing our employees with a rewarding and fulfilling work environment. In addition to a competitive salary, we offer a range of benefits, including comprehensive health insurance, generous leave entitlements, and opportunities for professional development and career growth.

If you are passionate about technology, thrive in a fast-paced environment, and are eager to contribute to the success of our organisation, we encourage you to apply for this exciting NOC Officer (Hybrid) role at PT Higo Fitur Indonesia.",https://id.jobstreet.com/id/job/91676568,Rp 5.700.000 – Rp 6.500.000 per month,IT Support,indonesia,"['linux', 'r', 'ios']",3,2026-04-28T11:25:50.279032
91676555,IT Manager,PT Berkah Bekasi Ops,,"About the role


This is an exciting opportunity to join PT Berkah Bekasi Ops' as an IT Manager. As the IT Manager, you will be responsible for overseeing the company's information technology infrastructure and ensuring the smooth running of all IT systems and services. This is a full-time position based in Tangerang Banten.

What you'll be doing

Developing and implementing IT strategies and policies to support the overall business objectives

Managing the IT team and overseeing the delivery of IT support services

Monitoring and maintaining the company's IT infrastructure, including hardware, software, and network systems

Identifying and addressing IT-related issues and implementing solutions to ensure optimal system performance

Collaborating with cross-functional teams to understand their technology needs and provide effective IT support

Researching and evaluating new technologies to recommend and implement improvements

Ensuring compliance with relevant IT-related laws, regulations, and industry best practices

Managing IT budgets and resources to optimise costs and maximise efficiency

What we're looking for

Minimum 3 years of experience in an IT management or senior IT support role

Excellent understanding of IT systems, infrastructure, and best practices

Strong problem-solving and analytical skills with the ability to identify and resolve complex IT issues

Proven track record of managing and leading an IT team effectively

Excellent communication and interpersonal skills to collaborate with cross-functional teams

Good project management skills and the ability to prioritise and manage multiple tasks

Bachelor's degree in Information Technology, Computer Science, or a related field

What we offer


At PT Berkah Bekasi Ops', we believe in creating an environment where our employees can thrive. We offer a range of benefits, including:

Competitive salary and performance-based bonuses

Comprehensive health and wellness coverage

Generous paid time off and work-life balance initiatives

Ongoing professional development and training opportunities

Collaborative and supportive team culture

About us


PT Berkah Bekasi Ops' is a leading provider of IT solutions and services in the region. With a strong focus on innovation and customer satisfaction, we strive to deliver the best possible experience for our clients. Our company values of integrity, excellence, and teamwork guide our every decision, and we are committed to empowering our employees to reach their full potential.

Apply now to become our next IT Manager and be a part of our dynamic and growing team!",https://id.jobstreet.com/id/job/91676555,,IT Support,indonesia,"['r', 'aws']",2,2026-04-28T11:25:56.175775
91676494,Facility Engineer,PT Megaspeed International Indonesia,,"PT. Megaspeed International Indonesia is specialized in providing AI computing resources and comprehensive solutions aimed at advancing network, computing, and intelligence technologies. Megaspeed International is a premier business partner of NVIDIA, strategically positioned in the Asia Pacific region. Our partnership with NVIDIA affords us privileged access to cutting-edge products, services, and cloud computing capabilities, enabling us to drive innovation and foster sustained growth for our clients. Our advanced computing platforms cater to a myriad of applications, including urban governance, autonomous driving, intelligent finance, gaming, and image recognition. We offer a wide range of technological solutions, empowering various industries with capabilities such as visual modelling, cloud-edge-end inference, distributed AI training, inference, distributed AI training, inference acceleration engines, model evaluation, and more. At Megaspeed, we are committed to delivering exceptional services tailored to meet the unique requirements of our clients. Our offerings include cloud services, customized solutions, and strategic partnerships with other industry suppliers. We are dedicated to fostering technological innovation, driving business transformation, and empowering our clients to thrive in an increasingly complex and dynamic marketplace. With our strategic partnerships, cutting-edge solutions, and unwavering commitment to excellence, we are poised to shape the future of AI computing in the Asia Pacific region and beyond.

Website 

https://megaspeed.ai/

Industry

IT Services and IT Consulting

Onsite workplace

Our workplace ethos: work hard, work smart. We value productivity, innovation, and growth. Join us where your efforts are recognized and make a real impact.




Job Title: Facility Engineer

Reporting to: Data Centre Manager

Location: Indonesia, Cikarang / Karawang





Responsibilities:

Oversee the technical operations, repair, and maintenance of Data Centre infrastructure, including but not limited to Power Distribution Room, Generator Set, Medium and Low Voltage Distribution Cabinet, Transformer, UPS, Battery, Head Cabinet, Water Chiller, Water Pump, Precision Air Conditioner, Power Distribution Cabinet, and MCDI.

Conduct annual inspections of the Data Centre’s power distribution and refrigeration systems.

Prepare daily maintenance reports.

Achieve and implement work standardization within the Data Centre.

Perform ad-hoc tasks assigned by management as needed.




Qualifications:

Bachelor’s degree or higher in Mechanical Engineering, Electrical Engineering, Automation, Air Conditioning, or Refrigeration.

Able to speak English.

Understanding of electrical, HVAC (Heating, Ventilation, and Air Conditioning), or refrigeration systems.

Data center experience is not required, but a background in electrical or HVAC disciplines is essential.

Strong problem-solving, communication, and teamwork abilities.

Willingness to learn and adapt to new technologies and techniques.

Good interpersonal skills and the ability to handle emergencies effectively.

Familiarity with electrical and refrigeration system construction management.

Fresh graduates are welcome; relevant internships or project experience are a plus.

Willing to be placed in Cikarang.",https://id.jobstreet.com/id/job/91676494,,IT Support,indonesia,['r'],1,2026-04-28T11:26:02.147083
91676171,Digital Transformation Specialist,,,"Kami mencari seorang Digital Transformation Specialist yang memiliki rasa penasaran tinggi terhadap teknologi dan AI. Peran ini BUKAN untuk posisi IT atau Programming. Tugas utama Anda adalah menjadi ""explorer"" yang meriset, mencoba, dan menemukan berbagai aplikasi atau tools digital (khususnya AI) yang dapat meningkatkan efisiensi operasional dan inovasi di bisnis FnB kami. Jika Anda adalah orang yang selalu update dengan tools digital terbaru dan hobi mencari cara kerja yang lebih cerdas, this role is for you.

Tanggung Jawab:

Tech Scouting: Secara aktif meriset tren teknologi, aplikasi, dan tools AI terbaru yang relevan untuk industri FnB (dari optimasi operasional hingga manajemen konten).

Trial & Error: Melakukan uji coba langsung terhadap berbagai software/tools baru untuk melihat kecocokannya dengan kebutuhan bisnis.

Problem Solving: Mencari solusi digital untuk kendala harian di operasional bisnis (misal: otomasi rekap data, sistem manajemen stok yang lebih simpel, dll).

Implementation & Training: Menyusun panduan sederhana dan membantu tim operasional dalam mengadaptasi teknologi baru yang terpilih.

Cost Analysis: Memberikan rekomendasi tools yang paling efektif secara biaya dan hasil.",https://id.jobstreet.com/id/job/91676171,Rp 3.000.000 – Rp 4.000.000 per month,IT Support,indonesia,"['r', 'git']",2,2026-04-28T11:26:08.156344
91676117,IT Support Engineer,PT KREASI TUNAS CERDAS,,"Job Description

About the Role: We are seeking a versatile and hands-on IT professional to join our team. The ideal candidate acts as an ""All-rounder"" for our IT operations, managing daily office IT infrastructure and providing critical on-site network support for our events across Indonesia. You will serve as the primary bridge between local operations and the headquarters, requiring fluent Mandarin communication skills.

Key Responsibilities

IT Asset & Device Management

Manage the lifecycle of IT assets, including the selection, inventory, maintenance, and disposal of PCs, printers, and peripherals.

Desktop & Software Support

Install, debug, and troubleshoot operating systems (Windows/macOS) and office software to ensure smooth daily operations for all employees.

Network Infrastructure & Event Support

Deploy and maintain office networks (LAN/WLAN). Configure and optimize routers, switches, and wireless APs.

Provide on-site network construction and technical support for local events, ensuring stable connectivity. Rapidly troubleshoot network outages or latency issues.

Audio-Visual & ELV Systems

Maintain meeting room AV equipment (projectors, microphones) and perform basic operations and maintenance for ELV systems (CCTV, Access Control), including troubleshooting and simple repairs.

IT Security & Administration

Execute basic IT security measures, including anti-virus deployment, user permission management (AD), and data backup assistance to mitigate basic IT risks.

Qualifications

Essential Requirements:

Education: Bachelor’s degree or above in Computer Science, Information Technology, or related fields.

Experience: Minimum of 3 years of relevant IT support or network engineering experience.

Language: Fluent in Mandarin Chinese is mandatory for HQ communication; Professional proficiency in English/Indonesian.




Technical Skills:

OS Expertise: Proficient in installing and troubleshooting Windows and macOS systems.

System Administration: Familiar with IT infrastructure services such as AD (Active Directory), DNS, and DHCP.

Network Proficiency: Strong knowledge of TCP/IP protocols. Capable of independently setting up basic office networks and configuring network devices (Routers/Switches/APs). CCNA level capability is highly preferred.

ELV Knowledge: Basic understanding of weak current systems, such as CCTV and Access Control systems.




Soft Skills:

Versatility and Responsibility: A ""Jack-of-all-trades"" mindset, willing to handle both hardware/software issues.

Adaptability: Strong sense of responsibility and quick response time. Able to work independently and handle multi-scenario IT demands (Office & Event sites).",https://id.jobstreet.com/id/job/91676117,Rp 16.000.000 – Rp 20.000.000 per month,IT Support,indonesia,['r'],1,2026-04-28T11:26:14.284944
91676109,KEPALA DIVISI IT,PT Satona,,"Spesifikasi Rekrutmen – Kepala Divisi IT

Pendidikan

Minimal S1 Teknik Informatika, Sistem Informasi, Ilmu Komputer, atau bidang terkait.

Pengalaman

Minimal 1–2 tahun di bidang IT.

Minimal 3–5 tahun pada posisi supervisor, manajer, atau kepala divisi.

Kualifikasi

Mampu membaca script program desktop dan mobile.

Memahami framework programming seperti Laravel.

Menguasai bahasa pemrograman berbasis website dan mobile.

Memahami pengembangan ERP dan regulasi pengarsipan ISO.

Menguasai jaringan LAN/WAN, server, database, Windows Server, Linux, dan cyber security.

Memahami cloud computing, HRIS, payroll, project management, dan pengelolaan vendor.

Kemampuan

Leadership dan problem solving.

Mampu membuat strategi, SOP, dan roadmap IT.

Komunikatif, mampu bekerja di bawah tekanan, serta mampu berkoordinasi dengan seluruh departemen.

Tugas Utama

Mengelola operasional dan pengembangan sistem IT perusahaan.

Memastikan keamanan data dan jaringan.

Mengawasi pengembangan aplikasi, ERP, dan infrastruktur.",https://id.jobstreet.com/id/job/91676109,Rp 6.900.000 – Rp 7.000.000 per month,IT Support,indonesia,"['linux', 'r']",2,2026-04-28T11:26:20.299352
91683393,Security Infrastructure - Telecommunication Industry,PT. SIGMA GLOBAL TEKNOLOGI (SIGMATECH),,"Project Site: Rasuna Said

Working Arrangement: WFO, Shifting 3x8 (Pagi, Siang, Sore)

Responsibilities:

1. Security Policy & Standards Enforcement

Merancang, mengimplementasikan, dan menegakkan kebijakan keamanan organisasi untuk memastikan seluruh infrastruktur selaras dengan standar internal serta praktik industri terbaik.

2. Identity & Access Management (IAM)

Mengelola kontrol akses secara menyeluruh dengan pendekatan least privilege, mencakup authentication, authorization, serta audit trail untuk melindungi aset dan data kritikal.

3. Tencent Cloud Security Best Practices Implementation

Mengadopsi dan menerapkan best practices keamanan pada Tencent Cloud, termasuk konfigurasi secure network (VPC, security groups), enkripsi data, serta proteksi terhadap potensi celah keamanan.

4. Compliance & Security Governance

Memastikan kepatuhan terhadap standar regulasi dan audit (internal maupun eksternal), serta membangun framework governance yang terstruktur untuk pengelolaan risiko dan kontrol keamanan.

5. Threat Detection, Monitoring & Risk Awareness

Melakukan monitoring secara proaktif terhadap ancaman keamanan, mengimplementasikan sistem deteksi (SIEM/logging/alerting), serta meningkatkan awareness terhadap risiko melalui analisis dan mitigasi yang berkelanjutan.",https://id.jobstreet.com/id/job/91683393,,IT Support,indonesia,['r'],1,2026-04-28T11:27:02.092590
91675695,ERP FICO Consultant,PT Yonyou Network Indonesia,,"About the role

We are seeking an experienced ERP FICO Consultant to join our dynamic team at PT Yonyou Network Indonesia. In this full-time position, you will play a crucial role in implementing and supporting our enterprise-wide financial and accounting solutions for our clients in West Jakarta, Jakarta. As an ERP FICO Consultant, you will collaborate closely with our clients to understand their unique business needs and deliver tailored software solutions that drive operational efficiency and financial success.

What you'll be doing

Analyse client requirements and design appropriate financial and accounting solutions using our ERP software

Configure and implement ERP modules such as General Ledger, Accounts Payable, Accounts Receivable, and Cost Accounting

Provide ongoing support and training to clients on the effective use of the ERP system

Collaborate with cross-functional teams to ensure seamless integration of the ERP solution with other business systems

Continuously optimise and enhance the ERP system to meet evolving client needs

Document and maintain detailed process flows, user manuals, and technical specifications

What we're looking for

Minimum 3 years of experience as an ERP FICO Consultant, preferably with a focus on implementing and supporting financial management solutions

Strong understanding of financial accounting principles, including General Ledger, Accounts Payable, Accounts Receivable, and Cost Accounting

Proficient in configuring and customising ERP software, with a deep understanding of ERP system architecture and integration

Excellent problem-solving and analytical skills, with the ability to translate business requirements into technical solutions

Outstanding communication and interpersonal skills to effectively collaborate with clients and cross-functional teams

Familiarity with relevant financial and accounting regulations and compliance requirements

A degree in Finance, Accounting, or a related field is preferred

What we offer

At PT Yonyou Network Indonesia, we are committed to providing our employees with a rewarding and fulfilling work experience. In addition to a competitive salary and benefits package, we offer opportunities for professional development, including training and certification programs. Our collaborative and supportive work environment encourages innovation and personal growth, enabling our team to thrive and contribute to the ongoing success of our organisation.

About us

PT Yonyou Network Indonesia is a leading provider of enterprise software solutions and IT services in Indonesia. With a focus on delivering innovative and cost-effective solutions, we have established a strong presence in the market and a reputation for excellence. Our team of skilled professionals is dedicated to helping our clients achieve their business goals through the adoption of cutting-edge technology.

Apply now for this exciting opportunity to join our team as an ERP FICO Consultant and be a part of our continued growth and success.",https://id.jobstreet.com/id/job/91675695,Rp 13.000.000 – Rp 18.000.000 per month,IT Support,indonesia,['r'],1,2026-04-28T11:27:08.127872
91683402,Database Infrastructure - Telecommunication Industry,PT. SIGMA GLOBAL TEKNOLOGI (SIGMATECH),,"Responsibilities:

1. Organizational Policy Implementation

Mengembangkan dan menerapkan kebijakan organisasi terkait pengelolaan database untuk memastikan konsistensi, keamanan, dan keselarasan dengan standar perusahaan serta kebutuhan bisnis.

2. Access & Identity Management

Mengelola kontrol akses database secara ketat dengan prinsip least privilege, termasuk authentication, authorization, dan audit akses untuk menjaga integritas serta kerahasiaan data.

3. Tencent Cloud Security Best Practices

Menerapkan praktik terbaik keamanan pada lingkungan database di Tencent Cloud, termasuk konfigurasi network security, enkripsi data (at-rest & in-transit), serta hardening sistem.

4. Compliance & Governance Framework

Memastikan seluruh infrastruktur database memenuhi standar compliance (internal maupun regulasi industri), serta mendukung proses audit melalui dokumentasi dan kontrol yang terstruktur.

5. Threat Detection & Risk Awareness

Mengidentifikasi, memonitor, dan merespons potensi ancaman keamanan secara proaktif, termasuk penerapan alerting, logging, dan risk assessment untuk meminimalkan dampak terhadap sistem.",https://id.jobstreet.com/id/job/91683402,,IT Support,indonesia,['r'],1,2026-04-28T11:27:14.068131
91678306,Staf IT Operasional – Database Administrator,PT Kliring Penjaminan Efek Indonesia (KPEI),,"Job Description


Pada posisi ini Anda akan bertanggung jawab untuk melakukan pengelolaan database, termasuk monitoring, backup, restore, serta optimasi kinerja database. Anda juga akan menjalankan SOP terkait pengoperasian sistem, memonitor kinerja database, dan mendukung aktivitas implementasi, pengujian, dan pemeliharaan aplikasi. Selain itu, Anda juga akan menyusun prosedur, dokumentasi teknis, dan laporan operasional sistem secara berkala, serta mendukung penerapan prinsip keamanan informasi, manajemen risiko TI, dan kepatuhan terhadap regulasi pasar modal.

Minimum Qualifications


Specific Requirements:

Minimum S1 Teknologi Informasi/Ilmu Komputer/Sistem Informasi/Teknik Elektro/Matematika
Memiliki pengalaman kerja sebagai Database Admin min. selama 2 tahun
Memiliki pengetahuan yang kuat terkait Structured Query Language, administrasi database, dan pemrograman
Memiliki pemahaman dalam administrasi sistem operasi Linux dan Windows Server
Memiliki pengetahuan terkait Produk Capital Market Product & Business Operation, Good Corporate Governance, serta Capital Market Regulation

General Requirements:

Minimum GPA 3.00
Memiliki kemampuan komunikasi yang baik (dalam Bahasa Indonesia dan Bahasa Inggris) secara tertulis ataupun verbal
Mampu mengoperasikan komputer dengan baik (Ms. Office)
Memiliki kemampuan analisis yang baik dan teliti
Mampu menerapkan nilai-nilai utama perusahaan: Integrity, Prudence, Customer Focus, Fellowship, dan Achievement of Excellence",https://id.jobstreet.com/id/job/91678306,,IT Support,indonesia,"['linux', 'r']",2,2026-04-28T11:27:20.312486
91683394,Network Infrastructure - Telecommunication Industry,PT. SIGMA GLOBAL TEKNOLOGI (SIGMATECH),,"Project Site: Rasuna Said

Working Arrangement: WFO, Shifting 3x8 (Pagi, Siang, Sore)

Network Infra (need certificate):

* Maintains secure, resilient, and low-latency network connectivity by managing network operations, incidents, and performance optimization.

* Network infra, ensure stability, 2nd level resolution, Root Cause Analysis, 8 to 5, standby oncall P1 and P2

Responsibilities

* Maintain a secure and highly available network environment

* Operate and troubleshoot L2 devices, load balancers, and DCI connectivity

* Manage firewall rules and VPN connectivity

* Configure and manage traffic distribution via load balancers (Fs LTM/GTM)

* Monitor network performance and perform packet analysis for issue resolution",https://id.jobstreet.com/id/job/91683394,,IT Support,indonesia,['r'],1,2026-04-28T11:27:26.331861
91683411,Web Application - Telecommunication Industry,PT. SIGMA GLOBAL TEKNOLOGI (SIGMATECH),,"Project Site: Rasuna Said

Working Arrangement: WFO, Shifting 3x8 (Pagi, Siang, Sore)


Application Operations Web Application Middle:

* Provides L2 operational support for web applications, restoring services, managing changes, and ensuring optimal performance for internal and external users.

* Web Support, ensure stability, 2nd level resolution, Root Cause Analysis, 8 to 5, standby oncall P1 and P2


Responsibilities:

* Subject Matter Expert (SME) for internal and external web applications

* Provide operational support to minimize service disruption

* Troubleshoot complex application, API, and data issues escalated from L1

* Monitor application performance and stability using logs and APM tools

* Maintain and optimize application servers

* Execute production changes in accordance with ITIL Change Enablement

* Coordinate with L3 internal Client Developers",https://id.jobstreet.com/id/job/91683411,,IT Support,indonesia,"['r', 'scala']",2,2026-04-28T11:27:32.400470
91674094,Data Enginner,PT Sanpota Batara Indonesia,,"Kami mencari Data Engineer yang bertanggung jawab untuk membangun, mengelola, dan mengoptimalkan sistem pengolahan data guna mendukung kebutuhan analisis bisnis.

Tanggung Jawab:

Mengembangkan dan memelihara data pipeline (ETL/ELT)

Mengelola database dan data warehouse

Berkolaborasi dengan tim Data Analyst & Data Scientist

Memastikan kualitas dan integritas data

Mengoptimasi performa query dan sistem data

Monitoring dan troubleshooting sistem data

Kualifikasi (Requirements)

Minimal S1 di bidang IT, Computer Science, Data Analyst atau sejenisnya yang relevant

Pengalaman sebagai Data Engineer/ Fresh Graduate are welcome to apply

Menguasai SQL

Familiar dengan Python / Scala

Pengalaman dengan ETL tools (Airflow, Talend, dbt, dll)

Mengerti konsep Data Warehouse & Data Lake",https://id.jobstreet.com/id/job/91674094,Rp 3.500.000 – Rp 5.000.000 per month,IT Support,indonesia,"['airflow', 'python', 'r', 'scala', 'sql']",5,2026-04-28T11:27:38.447884
91673936,Staff IT,PT RUTAN,,"Tugas dan Tanggungjawab

1. Berkomunikasi dengan user terkait kebutuhan pengembangan software

2. Mengembangkan dan memelihara software perusahaan (Web + Mobile)

3. Merancang dan mengimplementasikan backend dan frontend

4. Melakukan debugging dan memperbaiki bug sistem

5. Membuat timeline pengembangan software

6. Menyusun dokumentasi teknis dan standar

7. Berkolaborasi dengan tim untuk memastikan kualitas dan performa aplikasi




Persyaratan

1. Pendidikan minimal Diploma III / S1, jurusan Teknik Informatika

2. Mempunyai pengalaman/ kompetensi sebagai berikut:

Menguasai PHP, Javascript, Kotlin, Flutter

Menguasai OOP, REST API, dan database (PostgreSQL, Hana)

Memahami dasar Service Layer SAP

Terbiasa menggunakan GIT

Memahami dasar keamanan web (authentication, authorization, validasi input).

Mampu membaca source yang ada dan mengembangkannya",https://id.jobstreet.com/id/job/91673936,,IT Support,indonesia,"['flutter', 'php', 'r', 'java', 'git', 'sql', 'kotlin', 'postgresql', 'javascript']",9,2026-04-28T11:27:44.472861
91673657,Full Stack Developer,PT Idana Solusi Sejahtera,,"Job Description

1. Infrastructure & System Administration

Mengelola dan memelihara server Linux/Windows untuk memastikan ketersediaan, keamanan, dan performa sistem.

Melakukan deployment dan pengelolaan aplikasi menggunakan Docker containerization.

Monitoring sistem, resource server, dan troubleshooting untuk menjaga high availability layanan.

Mengelola konfigurasi jaringan, firewall, dan security hardening pada server.

2. Application Deployment & Automation

Mengelola proses build dan deployment aplikasi menggunakan Docker-based environment.

Mengembangkan dan memelihara website hompage perusahaan menggunakan Hugo static site generator.

Mengotomatisasi proses operasional menggunakan Python scripting.

3. Data Management & Integration

Menjalankan ad hoc SQL queries untuk kebutuhan analisis data dan support operasional.

Mengelola proses data transfer melalui SFTP menggunakan Python automation.

Melakukan validasi, monitoring, dan troubleshooting proses pengiriman data.

4. Regulatory Compliance & Security

Mendukung implementasi IT Compliance sesuai regulasi OJK pada industri fintech.

Menangani integrasi dan pelaporan data ke SLIK (Sistem Layanan Informasi Keuangan) dan PUSDAFIL.

Mendukung implementasi standar keamanan informasi ISO (misalnya ISO 27001 / ISO 27002).

Mendukung pemenuhan regulasi dan pelaporan yang terkait dengan AFPI (Asosiasi Fintech Pendanaan Bersama Indonesia) dan CBI (Credit Bureau Indonesia).

Menyediakan dokumentasi dan audit trail untuk kebutuhan audit internal maupun regulator.

5. Monitoring & Reliability

Melakukan monitoring sistem, aplikasi, dan pipeline untuk memastikan sistem berjalan stabil.

Melakukan incident response dan root cause analysis terhadap gangguan sistem.

Meningkatkan reliability dan scalability infrastruktur.

Skills & Technologies

Operating System: Linux (Ubuntu), Windows

Containerization: Docker

Scripting: Python

Database: SQL (MySQL / PostgreSQL)

Data Transfer: SFTP Automation

Static Site: Hugo, HTML, JavaScript, CSS

Monitoring: Grafana

Compliance: OJK IT Compliance, SLIK Reporting, AFPI, CBI

Standards: ISO Information Security",https://id.jobstreet.com/id/job/91673657,,IT Support,indonesia,"['python', 'linux', 'r', 'scala', 'java', 'mysql', 'docker', 'sql', 'postgresql', 'javascript']",10,2026-04-28T11:27:50.502043
91673251,Customer Support,PT. DIOR LINEN SENTOSA,,"Customer Support – Job Description
Position Overview

Customer Support berperan sebagai garda terdepan perusahaan dalam memastikan pengalaman pelanggan yang optimal melalui pelayanan yang responsif, solutif, dan profesional. Posisi ini bertanggung jawab dalam menangani seluruh interaksi pelanggan secara end-to-end serta berkontribusi terhadap peningkatan kepuasan dan loyalitas pelanggan.

Key Responsibilities

Menangani seluruh pertanyaan, permintaan, dan keluhan pelanggan melalui berbagai kanal komunikasi (telepon, email, WhatsApp, dan media sosial) secara cepat, tepat, dan profesional.

Memberikan informasi terkait produk dan layanan secara akurat, konsisten, dan sesuai dengan standar perusahaan.

Melakukan penanganan permasalahan pelanggan secara menyeluruh (end-to-end handling) hingga terselesaikan dengan baik dan tepat waktu.

Berkoordinasi secara efektif dengan tim internal (Sales, Operasional, dan Logistik) untuk memastikan solusi yang efisien dan tepat sasaran.

Mendokumentasikan setiap interaksi pelanggan ke dalam sistem (CRM/report) secara lengkap, akurat, dan terstruktur sebagai bagian dari data monitoring dan evaluasi.

Menjaga dan meningkatkan kualitas pelayanan sesuai dengan standar perusahaan serta berkontribusi terhadap peningkatan customer satisfaction dan customer experience.

Memberikan solusi yang efektif, efisien, dan berorientasi pada kepuasan pelanggan.

Mengidentifikasi peluang upselling dan cross-selling berdasarkan kebutuhan dan profil pelanggan.

Menyusun laporan harian dan mingguan terkait aktivitas layanan pelanggan, termasuk analisa kendala dan rekomendasi perbaikan.

Berperan aktif dalam memberikan masukan untuk peningkatan proses layanan dan efisiensi operasional.

Qualifications

Pendidikan minimal D3/S1 dari semua jurusan (diutamakan Manajemen, Komunikasi, atau bidang terkait).

Memiliki pengalaman minimal 1–2 tahun di bidang Customer Service / Customer Support (fresh graduate dengan potensi dipersilakan melamar).

Memiliki kemampuan komunikasi yang baik, profesional, dan persuasif, baik secara lisan maupun tulisan.

Mampu menangani keluhan pelanggan dengan pendekatan yang solutif, empatik, dan berorientasi pada penyelesaian.

Terbiasa menggunakan komputer dan aplikasi pendukung (Ms. Office, CRM, WhatsApp Business, dan tools komunikasi lainnya).

Memiliki kemampuan problem solving yang baik serta mampu bekerja di bawah tekanan dan dalam situasi dinamis.

Memiliki orientasi tinggi terhadap pelayanan pelanggan, detail-oriented, dan mampu menjaga akurasi kerja.

Mampu bekerja secara mandiri maupun dalam tim dengan koordinasi yang baik.

Preferred Qualifications (Nilai Tambah)

Memiliki pengalaman di industri hospitality, retail, atau service industry.

Mampu berkomunikasi dalam Bahasa Inggris, baik lisan maupun tulisan.

Berpengalaman dalam menangani volume pelanggan yang tinggi (high-volume customer handling).

Memiliki attitude yang ramah, sabar, proaktif, serta empati tinggi terhadap pelanggan.",https://id.jobstreet.com/id/job/91673251,Rp 3.500.000 – Rp 4.000.000 per month,IT Support,indonesia,['r'],1,2026-04-28T11:27:56.630373
91672932,Desk Collection Specialist (Tangerang Area),PT. BERKAH GIAT JAYA,,"Tanggung Jawab Pekerjaan:

Bertanggung jawab untuk melakukan penagihan atas piutang yang tertunggak dari pelanggan atas nama perusahaan.

Berkomunikasi secara efektif dengan pelanggan, melakukan persuasi, dan bernegosiasi mengenai ketentuan pembayaran.

Bekerja dalam lingkungan tim namun juga mampu bekerja secara mandiri untuk memenuhi target harian.

Melaksanakan tugas lainnya sesuai permintaan, arahan, atau penugasan.




Kualifikasi:

Minimal lulusan SMA/SMK, Diploma, atau Sarjana dari jurusan apa pun.

Memiliki pengalaman kerja minimal 6 bulan sebagai Desk Collection.

Diutamakan staf (non-manajemen & non-supervisor) dengan spesialisasi lain yang relevan atau setara.

Kemampuan yang dibutuhkan:

Pemahaman yang baik mengenai bisnis pembiayaan konsumen dan metodologi penagihan di Indonesia.

Memiliki kemampuan komunikasi dan negosiasi yang baik.

Mampu mengoperasikan komputer dan Microsoft Office.

Mampu beradaptasi dengan teknologi baru dalam pekerjaan.




Waktu Kerja:
6 hari kerja — Senin hingga Jumat: 09.00–17.00, Sabtu: 09.00–15.00.

Bersedia bekerja dengan jadwal yang fleksibel dan siap lembur bila diperlukan.",https://id.jobstreet.com/id/job/91672932,Rp 4.000.000 – Rp 6.000.000 per month,IT Support,indonesia,['r'],1,2026-04-28T11:28:02.723147
91672904,Library Operator,"PT SMART,Tbk",,"Job Description Summary :

Managing library operations, handle internal design requests and report preparation, and coordinate employee development and training schedules.




Job Description :

Register, organize, and monitor the circulation of library collections.

Maintain the cleanliness and comfort of the library environment.

Receive and process design requests from other departments.

Prepare and layout the Annual Progress Report and Annual Technical Report.

Compile and recap employee competency development data.

Develop competency fulfillment schedules.

Monitor the realization and implementation of training schedules.




Job Requirement :

Diploma or Bachelor’s degree in Administration, Visual Communication Design, Educational Technology, or equivalent.

Proficient in Microsoft Office applications (Excel, Word, PowerPoint).

Basic knowledge of graphic design and programming is an advantage.




""Our company has never levied any fees for the recruitment process nor has it required to order tickets and accommodation through a certain travel agent or certain person""",https://id.jobstreet.com/id/job/91672904,,IT Support,indonesia,['r'],1,2026-04-28T11:28:08.788564
91671771,Part-time Programming Teacher Malang,Timedoor Academy,,"Timedoor Academy sedang mencari Part-Time Programming Teacher untuk mengajar anak-anak hingga remaja usia 5-18 tahun di area Malang, Jawa Timur

Alamat:
Jl. Raya Tidar No.50B, Karangbesuki, Kec. Sukun, Kota Malang, Jawa Timur

Timedoor Academy menyediakan kursus anak-anak dari berbagai usia, serta orang dewasa, dapat belajar programming dan design dengan cara yang menyenangkan.

Tanggung Jawab:

Mengajar programming kepada siswa SD, SMP, hingga SMA

Membuat laporan hasil pengajaran

Bekerja sama dalam tim untuk meningkatkan kualitas pengajaran

Kompetensi:

Kemampuan dasar komputer

Untuk teacher teens : pengalaman coding, terutama JavaScript, lebih diutamakan

Fasih berbahasa Inggris lebih diutamakan

Kemampuan komunikasi yang baik untuk bekerja dalam tim

Disiplin, bertanggung jawab, dan memiliki pola pikir untuk membangun masa depan siswa melalui pendidikan IT

Mahasiswa dipersilakan untuk melamar posisi ini.",https://id.jobstreet.com/id/job/91671771,Rp 1.500.000 – Rp 2.000.000 per month,IT Support,indonesia,"['r', 'java', 'javascript']",3,2026-04-28T11:28:14.791835
91671321,ICT (Information Communication Technologies) Computer Teacher,Saint Nicholas School,,"Saint Nicholas School are looking for a dedicated and experienced ICT Computer teacher to join our teaching team. This position will be responsible for teaching computer subjects to students of various levels.

Responsibility:

Design and provide relevant and interesting computer learning materials in accordance with the applicable curriculum.

Develop innovative learning strategies to motivate and engage students in the learning process.

Help students understand basic concepts of programming, software applications, and information technology.

Assess student learning progress regularly and provide constructive feedback.

Participate in extracurricular activities related to technology and computers.
 

Qualification:

Bachelor of Teacher Education in Information Technology, Computer Science or related field.

Preferably have certification or training related to Information Technology.

Relevant educational background in information technology, computer science, or related discipline.

Experience teaching computers at the elementary and middle school level is preferred.

Have a strong understanding of basic programming concepts, software applications, and operating systems.

Have the ability to create and develop websites or applications.

Understand and master database management (eg SQL).

Master programming concepts (eg HTML, CSS, JavaScript).

Have knowledge of graphic design.

Proficient in using Microsoft Office.

Have the ability to teach coding.

Ability to communicate clearly and effectively with students and other educational staff.

Ability to work collaboratively in a team environment.

Creative, innovative and results oriented.",https://id.jobstreet.com/id/job/91671321,,IT Support,indonesia,"['r', 'java', 'sql', 'javascript']",4,2026-04-28T11:28:20.852510
91671207,IT Daily Worker,Ion Bali Benoa Hotel,,"Minimal lulusan SMK di bidang IT, Sistem Informasi, atau sejenis.

Memiliki pengetahuan dasar tentang jaringan (LAN/WiFi), komputer, dan troubleshooting sederhana.

Mampu melakukan instalasi software, setting printer, dan maintenance perangkat IT.

Bisa bekerja cepat dan responsif terhadap kendala operasional.

Bersedia bekerja shift jika diperlukan.

Pengalaman kerja/magang di bidang IT lebih diutamakan, tetapi fresh graduate dipersilakan.",https://id.jobstreet.com/id/job/91671207,Rp 3.500.000 – Rp 3.800.000 per month,IT Support,indonesia,['r'],1,2026-04-28T11:28:27.056615
91670678,Program Executive (IT/STEM) - JAKARTA,The Global Citizen Pte. Ltd.,,"COMPANY OVERVIEW

Established in 2015, The Global Citizen Education Group seeks to inspire change and make a difference by transforming every learner into a global citizen. Our goal is to empower individuals to seize the opportunities of the 21st century and develop holistically as lifelong learners.  

Headquartered in Singapore, The Global Citizen Education Group continues to expand our reach to over 27 countries in the world. Our hope is to nurture global citizens who will make positive contributions to the community around them and innovate the world we live in. 




JOB OVERVIEW

This position is a paid full-time position offered by The Global Citizen Education Group. We are seeking a full-time STEM Education Programmes Executive, based in Jakarta, with occasional travel to regional markets. The role primarily involves developing and managing our education programmes. The ideal candidate will play a crucial role in enhancing our educational programs, focusing on creating impactful lesson materials, training our trainers, and actively engaging in the teaching and learning process.



RESPONSIBILITIES

Support the development and enhancement of TGCEG’s STEM-based education programmes, under the Eureka STEM Academy (ESA), contributing to the design, refinement, and delivery of modules across areas such as Coding, AI, and Robotics.

Actively participate in teaching, delivering educational content, and engaging with students as part of TGCEG's diverse programme offerings.

Be expected to travel to Singapore and other international partner locations as needed to assist in the coordination, facilitation, and implementation of TGCEG’s programmes and events.

Manage inventory, company records, venue bookings, and staff scheduling to support program operations effectively.

Coordinate and provide on-site support for educational events, workshops, and camps, ensuring successful implementation and operation.

Train, manage, and support trainers in implementing TGCEG’s programmes, ensuring they are well-equipped to deliver high-quality education.

Assist in reviewing, evaluating, and reporting on the effectiveness of TGCEG's programmes, including preparing reports.

Build and manage relationships with clients, program partners, and other stakeholders. This includes liaising with offices in other cities for timely updates and information dissemination.

Manage and evaluate vendors and consultants related to TGCEG's programmes, ensuring quality and efficiency.


SKILLS AND QUALIFICATIONS

Minimum  a Bachelor’s degree in Computer Science, Information Technology, Engineering, or related field

Minimum 3 year of experience in teaching; fresh graduates with relevant experience may also apply

Experience in coding, AI, or technology education (professional or teaching experience)

Competency in one or more programming languages (Python, C++ etc)

Experience in event management is a plus

Proficient in English with strong writing and communication skills

Ability to work in a dynamic, fast-paced environment

Willingness to travel for short work trips


PERSONAL CHARACTERISTICS

Effective communicator, capable of engaging with diverse groups.

Resourceful with excellent problem-solving skills.

Independent, task-driven, and comfortable in high-pressure, multitasking situations.

Team player with leadership qualities and a proactive approach.

Adaptability to diverse cultural, linguistic, and work style environments.

Detail-oriented and organised.




 BENEFITS

Competitive salary

Travel opportunities with expenses covered.

Ongoing professional development.




APPLICATION INSTRUCTIONS

Interested applicants should send a resume or CV accompanied by a cover letter to humanresources@theglobalcitizeneducation.com. Applications and interviews will be conducted on a rolling basis, and we will close the application once the position has been filled. All applications should be submitted in English, and any supporting documents that are not originally in English should be translated. 

Kindly understand that due to the volume of applications that may be received, only applications that are selected for an interview will be contacted. Interviews may be conducted online or in person, depending on the availability of the relevant interviewer.",https://id.jobstreet.com/id/job/91670678,"Rp 12,000,000 – Rp 15,000,000 per month",IT Support,indonesia,"['python', 'r', 'c++']",3,2026-04-28T11:28:33.218401
91670938,Head of IT Development,"PT. Trimegah Sekuritas Indonesia, Tbk",,"Job Description :

Define and drive development roadmap aligned with business and product strategy

Clear alignment between technology initiatives and business priorities; well-communicated and actionable roadmap

Lead delivery of web, mobile, trading, and integration systems

Consistent, timely, and high-quality delivery of projects and enhancements

Ensure scalable, maintainable, and high-performance system architecture

Robust and future-ready architecture with minimal technical debt and rework

Oversee stability and performance of trading platforms including fixed income systems

High system reliability, strong performance, and minimal disruption to trading activities

Establish coding standards, SDLC practices, and CI/CD implementation

Efficient development cycles, improved code quality, and streamlined deployment processes

Oversee testing strategies, environment management, and release governance

High-quality releases with minimal defects and well-controlled deployments

Collaborate with internal stakeholders and manage external vendors/partners

High stakeholder satisfaction and effective vendor performance

Ensure compliance with regulatory, security, and internal IT policies

Adherence to compliance standards and audit readiness




Requirements :

Bachelor’s degree in Computer Science, Information Technology, or related field

Advanced degree is an advantage

Minimum 12–15 years of experience in IT development, with at least 5–7 years in a leadership or managerial role overseeing development teams

At least 5 years of experience in the capital markets or financial services industry, preferably within brokerage, asset management, or trading environments

Proven hands-on and leadership experience in trading systems development, including exposure to equity and/or fixed income platforms

Minimum 8–10 years of experience in enterprise application development, covering web, mobile, and system integration

Demonstrated experience managing large-scale, complex, and mission-critical systems, including high-availability and low-latency environments

Experience leading end-to-end project delivery (from design to deployment) across multiple concurrent initiatives

Prior experience managing cross-functional teams (developers, QA, DevOps) and external vendors




Specific Knowledge :

Capital markets and trading system ecosystems (including fixed income)

Application development (web and mobile)

System integration and back-office processes

SDLC methodologies (Agile, DevOps practices)

IT governance, risk, and compliance

High-availability systems and performance optimization

Information security principles",https://id.jobstreet.com/id/job/91670938,,IT Support,indonesia,"['r', 'scala', 'agile']",3,2026-04-28T11:28:39.582736
91670313,IT Coding Teacher (Primary to High School) - Bogor,Koding Next,,"Join our team at Koding Next!


As a IT Coding Teacher with us, you will:

- Plan and deliver engaging lessons following the Koding Next curriculum.

- Review and enhance teaching materials in collaboration with the Curriculum Team.

- Collaborate with the team to develop effective educational tools and programs.

- Monitor student progress and provide guidance and support to students and parents.

- Share your professional experience to motivate students.

- Participate in webinars and seminars when necessary.

- Contribute to planning course programs and maintaining high-quality educational materials.

- Go above and beyond to deliver exceptional teaching and continually develop professionally.


Requirements:

- Bachelor Degree in Computer Science / Computer Engineering / Information Technology related field.

- Fluent in English (both written and spoken).

- Experience in teaching kids.

- Team player, fast learner.

- Trustworthy person with good ethical judgment.




Our offer:

- Teacher Grading & Bonuses.

- Fun and creative environment.

- Friendly international team.

- Opportunities for development and career progression.

- On-the-job training.

- Comfortable well-located office.


Available Placement Locations: Bogor


If you're passionate about teaching and would like to join our friendly team, please send your application with your salary expectations. 📧 #Education #TeachingOpportunity #KodingNextCareers",https://id.jobstreet.com/id/job/91670313,Rp 5.400.000 – Rp 5.500.000 per month,IT Support,indonesia,"['r', 'rust']",2,2026-04-28T11:28:46.208851
91290231,IT Quality Assurance Automation,PT Nawa Data Solutions,,"PERHATIAN PARA TESTER APLIKASI DI JAKARTA, TANGERANG DAN SEKITARNYA!

Anda menyukai keteraturan, kerapihan, dan detail dalam pekerjaan? Anda Kritis dan berkomitmen dalam improvement? Ingin memiliki portofolio mengerjakan project di Perbankan/BUMN berskala Nasional dan International?

Jadilah IT Quality Assurance di PT. Nawa Data Solutions hanya jika Anda :

Memiliki standar kualitas tinggi

Memiliki ketelitian yang tinggi

Mampu berpikir “out of the box”

Memahami flow perancangan aplikasi dan mampu menerjemahkannya ke dalam script test

Dapat bekerja secara individu maupun tim

Disiplin dalam menyelesaikan tugas dan pekerjaan secara tepat waktu

Tanggung jawab :

Memastikan aplikasi berjalan dengan baik

Memahami dokumen perancangan system baik fungsional maupun teknikal

Menerjemahkan dokumen perancangan system ke dalam test script dan dokumen pengujian untuk memastikan kinerja aplikasi

Memastikan aplikasi memenuhi standar kualitas yang sudah ditetapkan dalam dokumen perancangan system

Mampu berinteraksi dan bekerja sama dengan tim developer untuk peningkatan kualitas aplikasi sesuai kebutuhan user

Monitoring dan kontrol berkala terhadap task-task yang sedang di kerjakan

Persyaratan :

Pengalaman di bidang IT Quality Assurance Automation minimal 3 tahun

Pendidikan Minimal S1 dengan IPK minimal 2,75 di jurusan Manajemen Informatika / Sistem Informasi / Teknik Informatika

Mampu mengoperasikan automation testing (katalon) manual testing

Memiliki pengalaman di aplikasi OPICS / MUREX / GUAVA atau Treasury Management System sejenisnya.

Memahami QTest

Mampu menggunakan SQL Server dan memahami SQL Statement

Memahami dan mampu mengoperasikan AS400

Mau belajar dan menyukai tantangan

Bersedia mengerjakan project banking




Nawa Data merupakan perusahaan penyedia solusi yang terutama bergerak di bidang Financial Service Industry dan saat ini dipercaya oleh :

Indonesia’s Top 10 Banks (based on Assets) & Bank BUKU IV

The Largest Bank in South East Asia

Indonesia’s Largest Automotive Financing Company

150 Years Old Bank in Indonesia

Other National and Multinational Companies",https://id.jobstreet.com/id/job/91290231,Rp 7.000.000 – Rp 9.000.000 per month,IT Support,indonesia,"['r', 'sql']",2,2026-04-28T11:28:52.137767
91670117,IT Business Analyst,PT Nawa Data Solutions,,"Requirements:

Have min. 2 year hands on experiences as business analyst.

Have the knowledge and experiences on project phases.

Experience handle project banking.

Familiar with create documentation for project (FSD / TSD / BRD, MOM, etc)

Have a strong understanding and knowledge of SDLC methodologies (Waterfall/Agile/Iterative/Lean).

Familiar with SQL

Willing to work with Contract and onsite at Jakarta Selatan.




Job desc:

Analyze business requirements and prepare project deliverables (BRD, MoM, etc).

Conduct discussion and requirement analysis with the business and implementers.

Bridging between Developer and Client if there are technical problems including gap requirements and providing recommendations for the best solutions.

Review and monitor overall project objectives and timeline.

Do regular updates to stakeholders and escalate if there are problems.",https://id.jobstreet.com/id/job/91670117,Rp 7.000.000 – Rp 9.000.000 per month,IT Support,indonesia,"['r', 'scala', 'agile', 'sql']",4,2026-04-28T11:28:58.376648
91669988,Business Development,PT Nawa Data Solutions,,"Deskripsi Pekerjaan;

Mencari new opportunity dan mengembangkan kerjasama dengan client baru

Mengembangkan hubungan yang baik dengan client

Menjadi penengah antara pelanggan dan perusahaan

Menciptakan loyalitas pelanggan

Melakukan administrasi untuk kebutuhan penawaran hingga penagihan




Kualifikasi;

Memiliki kemampuan untuk berkomunikasi dan percaya diri untuk berbicara dengan customer.

Ceria dan punya service mindset dalam merespons pertanyaan dari potential customer.

Mempunyai pengalaman di bidang IT Consultant/Product Software Selling Banking (Ex: AML, Regulatory reporting Banking, dll)

Menyukai tantangan baru dan memiliki orientasi terhadap target.

Memiliki jaringan yang luas untuk industri Banking dan Multifinance.

Memiliki pendidikan minimal S1 Marketing / Public Relations / IT

Memahami istilah-istilah technical (Software) lebih disukai


Benefits :

Gaji Pokok + Tunjangan

Fasilitas BPJS Kesehatan dan BPJS Ketenagakerjaan

Bonus : berdasarkan performance

Working Day a week : Regular Hours, Bekerja 5 hari dalam seminggu",https://id.jobstreet.com/id/job/91669988,Rp 8.000.000 – Rp 12.000.000 per month,IT Support,indonesia,['r'],1,2026-04-28T11:29:04.645176
91400406,Full Stack IT Developer Kubernetes Specialist (Development & Infrastructure),PT. JAGAD AMAN PRIMA,,"Kandidat yang ideal tidak hanya mahir dalam membangun aplikasi dari sisi frontend hingga backend, tetapi juga memiliki pemahaman mendalam mengenai manajemen infrastruktur modern menggunakan teknologi kontainerisasi dan orkestrasi.

Tanggung Jawab Pekerjaan

Merancang, mengembangkan, dan memelihara aplikasi web yang skalabel dan responsif.

Membangun API yang efisien dan mengintegrasikan layanan pihak ketiga.

Mengelola siklus hidup pengembangan perangkat lunak (SDLC) mulai dari konsep hingga implementasi.

Mengatur dan mengoptimalkan infrastruktur jaringan serta server menggunakan teknologi Docker dan Kubernetes.

Melakukan pemeliharaan rutin, troubleshooting, dan optimasi performa pada aplikasi maupun server.

Bekerja sama dengan tim untuk menentukan arsitektur teknis yang paling efektif.

Kebutuhan Teknis (Technical Skills)

Programming: Menguasai bahasa pemrograman terkini seperti Node.js, Python, Go, atau TypeScript.

Frontend: Mahir menggunakan framework modern seperti React.js, Vue.js, atau Next.js.

Backend: Berpengalaman dalam pengembangan RESTful API atau GraphQL.

Infrastructure: Pemahaman mendalam tentang Docker (Containerization) dan Kubernetes (Orchestration).

Cloud & Network: Familiar dengan layanan cloud (AWS/GCP/Azure) serta konfigurasi jaringan (Load Balancing, DNS, VPN).

Database: Menguasai SQL (PostgreSQL/MySQL) dan NoSQL (MongoDB/Redis).

Version Control: Terbiasa menggunakan Git (GitHub/GitLab).

Kualifikasi

Pendidikan minimal S1 Teknik Informatika, Sistem Informasi, atau bidang terkait.

Pengalaman minimal 2-3 tahun di posisi yang relevan.

Memiliki pola pikir problem-solving yang kuat dan mampu bekerja di bawah tekanan.

Mampu belajar dengan cepat terhadap teknologi-teknologi baru di industri IT.

Memiliki portofolio proyek yang pernah dikerjakan akan menjadi nilai tambah.

Wajib memiliki skill dan specialist untuk Kubernetes.",https://id.jobstreet.com/id/job/91400406,Rp5.000.000 – Rp7.000.000 per month,IT Support,indonesia,"['python', 'redis', 'mongodb', 'vue', 'gcp', 'r', 'mysql', 'react', 'docker', 'typescript', 'kubernetes', 'git', 'sql', 'aws', 'azure', 'postgresql']",16,2026-04-28T11:29:10.936059
91669387,Cloud Engineer,PT Lintas Media Danawa,,"Job Responsibilities

Rancang dan implementasi arsitektur hybrid on-premise. GCP (VPC, VPN/Interconnect, IAM).

Bangun dan pelihara pipeline CI/CD (build, test, deploy, rollback, artifact).

Kelola infrastruktur sebagai kode (Terraform, Ansible) dan standar environment.

Observability end-to-end: logging, metrics, tracing, alerting (Prometheus, Grafana, EFK, Cloud Monitoring).

Reliability & SRE: SLI/SLO/SLA, incident response, postmortem, capacity & cost optimization.

Security & compliance: secrets management, patching, OS/network hardening, audit trail.

Messaging readiness: provisioning dan tuning NATS (cluster/JetStream) & Google Pub/Sub.

Kolaborasi dengan developer/QA untuk release readiness & stabilitas environment.

Hard Skills

Platform & Cloud

Linux, Docker

GCP (IAM, VPC, Cloud SQL, GCS, Artifact Registry, Cloud Run/GKE)

Automation & IaC

Terraform, Ansible

Git, GitOps/ArgoCD

CI/CD

GitLab CI / GitHub Actions

Strategi rollback & progressive delivery

Observability

Prometheus, Grafana

ELK/EFK / Cloud Logging & Monitoring

Network & Security

TLS/SSL, reverse proxy (NGINX/HAProxy)

OS & network hardening, IAM policy

Messaging & Eventing

NATS (pub/sub, request-reply, JetStream)

Google Pub/Sub

Nice to Have

Pengalaman GKE tingkat lanjut

Service Mesh (Istio/Linkerd)

HashiCorp Vault

PCI/ISO27001 exposure

Tools — Tooling

Terraform

Ansible

GitLab/GitHub

ArgoCD

Docker

GCP Console/CLI

Prometheus

Grafana

EFK/ELK

NATS CLI

Sertifikasi (Opsional)

Google Professional Cloud DevOps Engineer

CKA/CKAD",https://id.jobstreet.com/id/job/91669387,,IT Support,indonesia,"['linux', 'gcp', 'r', 'docker', 'git', 'sql']",6,2026-04-28T11:29:17.162629
91669369,IT Security Engineer,PT Altros Teknologi,,"Job Description

We are seeking a qualified professional for the position of IT Security Engineer, with solid experience and skills in managing network security devices and identity systems.

Roles and Responsibilities:

Manage and maintain the following security devices:

Palo Alto Firewall

Fortigate Firewall

F5 Web Application Firewall (WAF)

Tipping Point Intrusion Prevention System (IPS)

Crowdstrike Endpoint Detection and Response (EDR)

Okta Multi-Factor Authentication (MFA)

Privileged Access Management (PAM)

Coordinate with internal and external teams to ensure systems security.

Provide technical support, including:

Dedicated Technical Account Manager support

Monitoring and troubleshooting of security systems

Deliver regular operational and incident reports.

Support daily operations with required laptops and necessary tools

Qualifications:

Bachelor's degree in Information Technology or a related field.

Minimum 2 years of hands-on experience in managing Firewall, WAF, IPS, MFA, PAM, and EDR.

Strong knowledge and practical experience with the listed security devices.

Good communication skills and team collaboration.

Willingness to work onsite at the client’s location (North Jakarta).

Service Level Agreement (SLA):

Dedicated Technical Account Manager

Estimated Response Time: As per internal standards

Estimated Resolution Time: Based on urgency and complexity",https://id.jobstreet.com/id/job/91669369,,IT Support,indonesia,['r'],1,2026-04-28T11:29:23.419487
91669214,Management Information System (MIS) Support Staff,PT Mobil Anak Bangsa,,"Key Responsibilities:

Install, configure, and maintain computer hardware, network devices, and IT peripherals.

Monitor and troubleshoot network connectivity, hardware issues, and user technical problems.

Ensure proper functioning of LAN/WAN infrastructure, internet connectivity, and internal network security.

Manage NAS operations including access control, maintenance, and data integrity

Perform regular maintenance, system upgrades, and preventive checks for IT equipment.

Provide technical support to employees and coordinate with external vendors when necessary




Qualifications:

Bachelor’s degree in Information Technology, Computer Engineering, or related field.

Minimum 1–2 years of experience in hardware maintenance/network support/IT support

Strong knowledge of computer hardware troubleshooting, LAN/WAN, TCP/IP, routers, switches, and Wi-Fi configuration.

Familiar with CCTV systems, printers, Cisco, Mikrotik, Fortinet, VPN, NAS and basic server/network infrastructure setup.

Good problem-solving skills, able to work independently, and responsive to operational IT issues in a manufacturing environment.",https://id.jobstreet.com/id/job/91669214,,IT Support,indonesia,['r'],1,2026-04-28T11:29:29.687426
91668998,LOGISTIC STAFF (FOR COMPLIANCE DEPARTMENT),PT Epson Batam,,"Requirements:

Bachelor degree in International Trade Logistics/ Industrial Engineering/ Management Logistic/ Accounting or equivalent.

Minimum 2 years experiences in export-import control customs compliance or trade laws.

Familiar with national and international export control regimes, ex: Wassenaar NSG US Export Administration Regulations (EAR) Minamata convention Stockholm convention etc.

Familiar with strategic goods control regulations IATA Dangerous Goods Regulations and IMDG code.

Strong analytical/investigative skills and a proven work ethic with a desire to do more than is expected.

Strong project management and communication skills.

Strong knowledge of import/export regulations customs procedures and documentation requirements.

Able to work in a team or individual.

Proactive and detail-oriented person.

Proficient in English, both spoken and written.




Job Descriptions:

Oversee and manage the company's day-to-day trade activities are being carried out efficiently, timely and in accordance with legal and regulatory requirements and the company’s processes.

Stay updated on changes in trade regulations and communicate these changes to relevant department.

Support and guidance to operational teams on trade compliance issues.

Provide training to staff on compliance procedures and regulatory change.

Conduct Trade Compliance audit to prevent or deal with violations of legal guidelines and internal policies.

Support the operationalization and maintenance of the company’s trade compliance program and Standard Operating Procedures (SOPs).

Support in the classification of Harmonized System (HS) codes for the company’s products.

Support in Business Partner screening such as Denied Party Screenings.

Perform other duties as assigned.







Semua persyaratan di atas bukan bertujuan untuk diskriminasi, namun bertujuan untuk kesesuaian dengan kondisi pekerjaan/ All the requirements above are not for the purpose of discrimination, but it is for the suitability in alignment with the working conditions.",https://id.jobstreet.com/id/job/91668998,,IT Support,indonesia,"['r', 'aws']",2,2026-04-28T11:29:35.753205
91668897,Engineer on Site,PT Lintas Media Danawa,,"Note:

By sending a resume, applicants authorize Lintas Media Danawa (LMD) to save the resume, as well as other related information or data in LMD's personal database and to share it with LMD partners so the applicant can be contacted by an LMD Recruiter or LMD Recruiter partner, if anytime there is a job opportunity from LMD and LMD partners that may suit the applicant's skills and preferences.


Job description:

Lulusan SMK/D3 (Teknik Komputer Jaringan dan sejenisnya)

Memahami Instalasi &Troubleshooting 1st Layer Handling Jaringan internet/wifi

Menguasai kemampuan bahasa inggris dasar

Memiliki kemampuan berkomunikasi verbal dan tertulis dengan baik

Memiliki pengetahuan tentang jaringan komputer

Dapat membuat report daily, weekly & monthly",https://id.jobstreet.com/id/job/91668897,,IT Support,indonesia,['r'],1,2026-04-28T11:29:42.297735
91668638,Sales IT Distributor (Server Storage) Surabaya,PT Password Solusi Sistem,,"Responsibilities:

Introducing company profile , hunting new & maintain existing channel partner , distribute product to achieve sales targets.

Qualifications:

Min. D3

Min. 2 years work experience as sales in IT Distribution (server & Storage) , more advantage if you have partner database in B2B

Willingness and ability to travel , can do attitude , high motivated personality


Benefit:

Competitive salary , Commission , Trip Achiever Reward , Outing , Employee training & development , BPJS TK & BPJS Kesehatan , Medical Reimbursement , etc.




Work Days : Monday - Friday

Location: Surabaya",https://id.jobstreet.com/id/job/91668638,Rp 6.000.000 – Rp 9.000.000 per month,IT Support,indonesia,['r'],1,2026-04-28T11:29:48.501355
91668375,Staff IT Developer,PT Evergreen Hans,,"Kualifikasi:

Pendidikan minimal D3/S1 Teknik Informatika / Sistem Informasi / bidang terkait

Menguasai pemrograman VB.NET dan PHP (Laravel Framework)

Memahami konsep OOP (Object-Oriented Programming) dengan baik

Berpengalaman menggunakan database seperti SQL Server / MySQL

Mampu membuat dan menggunakan REST API menjadi nilai tambah

Terbiasa menggunakan Git (version control)

Memiliki kemampuan analisa dan problem solving yang baik

Mampu bekerja secara individu maupun dalam tim

Teliti, bertanggung jawab, dan memiliki komunikasi yang baik




Tanggung Jawab:

Mengembangkan dan memelihara aplikasi berbasis VB.NET dan Laravel

Melakukan debugging dan troubleshooting sistem

Mengoptimalkan performa aplikasi dan database

Berkolaborasi dengan tim dalam pengembangan sistem",https://id.jobstreet.com/id/job/91668375,Rp 5.500.000 – Rp 8.000.000 per month,IT Support,indonesia,"['php', 'r', 'mysql', 'git', 'sql']",5,2026-04-28T11:29:54.840728
91668372,Project Manager,,,"Kami sedang mengembangkan sistem berbasis teknologi untuk mendukung keamanan distribusi dan integrasi data dalam industri skala Nasional. Saat ini dibutuhkan 1 orang Project Manager yang akan memimpin koordinasi proyek pada tahap pengembangan dan implementasi awal. Anda akan menjadi pemimpin yang handal dan akan memiliki kesempatan untuk mengembangkan keterampilan kepemimpinan Anda serta memberikan dampak signifikan bagi pertumbuhan perusahaan.

Tanggung Jawab Utama

·Menjalin komunikasi dan melakukan koordinasi dengan pihak manufaktur untuk diskusi teknis dan potensi uji coba sistem.

·Menjadi penghubung antara perusahaan dengan vendor teknologi.

·Berkoordinasi dengan tim IT internal untuk integrasi sistem dan penyelesaian kendala teknis.

·Mengawal proses dari tahap pembahasan hingga potensi implementasi.

·Menyusun laporan perkembangan proyek dan memastikan milestone tercapai.

·Bersedia melakukan kunjungan lapangan secara nasional sesuai kebutuhan proyek.

Keterampilan, Kualifikasi, dan Pengalaman yang Dibutuhkan

·Pendidikan minimal S1 dengan jurusan Teknik, IT, Manageman, atau bidang relevan lainnya.

·Minimum 3 tahun pengalaman dalam Project Management, Technical Coordinator atau Business Development.

·Mahir dalam penggunaan perangkat lunak, analisis data dan pemecahan masalah teknis, analisa teknis dan improvement.

·Kemampuan kepemimpinan yang kuat, dengan keterampilan komunikasi dan kolaborasi yang efektif (Terbiasa Komunikasi kebagian Kementrian, Pemerintahan dan BUMN)

·Memiliki Pemahaman dasar sistem IT menjadi nilai tambah.

·Terbiasa bekerja berbasis Target dan Milestone

·Memiliki Integritas dan Kemampuan Negosiasi yang baik.




Manfaat Utama Perusahaan

• Paket remunerasi akan disesuaikan dengan Pengalaman dan Kontribusi kandidat, termasuk Isentif berbasis pencapaian.

• Lingkungan kerja yang dinamis dan kolaboratif, dengan kesempatan untuk pengembangan profesional.

• Fasilitas modern dan dukungan teknologi canggih untuk mendukung kinerja Anda.

• Budaya perusahaan yang menghargai inovasi, integritas, dan kepemimpinan.",https://id.jobstreet.com/id/job/91668372,,IT Support,indonesia,['r'],1,2026-04-28T11:30:00.913450
91668355,Computer Vision Internship,Jonas Photo,,"Qualifications

Currently enrolled as an active student (minimum 4th semester) in Visual Communication Design or related field with strong interest in technology, AI, and robotics

Basic understanding of computer vision concepts (image processing, object detection, or pattern recognition)

Familiar with AI tools or frameworks such as OpenCV, TensorFlow, or PyTorch is a plus

Able to understand visual data and translate it into structured logic or system workflows

Basic programming knowledge (preferably Python) for AI or image processing tasks

Strong analytical thinking and problem-solving skills, especially in visual-based systems

Interested in the application of AI for robotics, automation, or smart imaging systems

Detail-oriented, adaptive, and willing to learn new technologies

Able to work collaboratively in a multidisciplinary team (design, engineering, and product)",https://id.jobstreet.com/id/job/91668355,,IT Support,indonesia,"['python', 'tensorflow', 'r', 'pytorch']",4,2026-04-28T11:30:07.062035
91668206,Account Manager Enterprise Sales IT Company,PT Ananta Multitech Internusa,,"This is a full-time hybrid role as an Account Manager Enterprise Sales at PT. Ananta Multitech Internusa. The role involves managing key accounts, driving sales operations, developing new business opportunities, and ensuring customer satisfaction. While the role is based in Jakarta.

Customer Satisfaction and Account Management skills.

Sales and Sales Operations expertise.

Business Development capabilities.

Strong communication and interpersonal skills.

Ability to build and maintain client relationships.

Proven track record in enterprise sales.

Minimum 5 years experience in the IT industry (enterprise segment).

Have experience in handling and dealing in enterprise IT project.

Benefits

Interesting salary package and incentives

Available for strategic position in company",https://id.jobstreet.com/id/job/91668206,Rp 10.000.000 – Rp 15.000.000 per month,IT Support,indonesia,['r'],1,2026-04-28T11:30:13.276636
91667931,IT SAP Support,PT. LOTTE INNOVATE INDONESIA,,"About the role

We are seeking a talented IT Support SAP to join our team at PT. LOTTE INNOVATE INDONESIA'S office in Tangerang Regency, Banten. As an IT Support SAP, you will play a crucial role in ensuring the smooth and efficient operation of our company's SAP systems and infrastructure. This is a full-time position that offers a dynamic and rewarding work environment.

What you'll be doing

Provide first-line support and troubleshooting for SAP-related issues, including software, hardware, and network problems

Assist users with software installations, configurations, and upgrades

Monitor and maintain the performance and availability of SAP systems

Collaborate with cross-functional teams to identify and resolve complex technical problems

Implement and maintain IT security measures to protect the company's data and systems

Provide user training and support to ensure effective utilisation of SAP applications

Participate in the development and implementation of IT strategies and initiatives

What we're looking for

Minimum 1 year of experience in an IT support or SAP-related role

Strong knowledge of SAP applications, including configuration, troubleshooting, and maintenance

Proficient in using SAP tools and utilities for system administration and problem-solving

Excellent problem-solving and analytical skills, with the ability to quickly diagnose and resolve technical issues

Good communication and interpersonal skills, with the ability to effectively collaborate with both technical and non-technical stakeholders

Familiarity with IT infrastructure components, such as servers, networks, and databases

Relevant certifications in SAP or IT support are desirable",https://id.jobstreet.com/id/job/91667931,,IT Support,indonesia,['r'],1,2026-04-28T11:30:19.503889
91666931,IT SUPPORT & SISTEM,,,"1. Mengelola dan memonitor semua sistem (Accurate, Omni chanel, Orlansoft)

2. Melakukan Instalasi & Maintenance PC, laptop, printer,dll

3. Memonitor jaringan LAN, WiFi, Router, dll

4. Melakukan backup data semua sistem 

5. Mengelola semua asset IT







Kualifikasi:

1. Pendidikan minimal D3/S1 Teknik Informatika/Sistem Informasi/sejenis

2. Pengalaman minimal 2 Tahun di bidangnya

3. Diutamakan mengerti Sistem Orlansoft

4. Menguasai bidang terkait IT Support Dasar

5. Mampu bekerja mandiri maupun tim 6. Memiliki kemampuan komunikasi yang baik",https://id.jobstreet.com/id/job/91666931,,IT Support,indonesia,['r'],1,2026-04-28T11:30:28.528386
91667157,Engineer on Site,PT Kuarta Powerindo Perkasa,,"Kualifikasi:

Pendidikan minimal D3/S1 Teknik Informatika / Ilmu Komputer

Memiliki pengalaman minimal 1 tahun sebagai engineer on site Project CCTV / Security System

Kemampuan troubleshooting sistem CCTV dan perangkat IT

Keamanan data dan sistem untuk melindungi perangkat dari ancaman eksternal

Siap bekerja on site dan on call saat dibutuhkan

Terbiasa dengan ketinggian / tidak takut dengan ketinggian

Keterampilan komunikasi tertulis dan lisan yang kuat untuk berkoordinasi dengan anggota tim dan manajemen serta menjelaskan masalah teknis

Kecepatan dan akurasi dalam menyelesaikan masalah teknis atau insiden keamanan

Lokasi penempatan Batam, KEPRI",https://id.jobstreet.com/id/job/91667157,,IT Support,indonesia,['r'],1,2026-04-28T11:30:34.457372
91667054,NOC Engineer,PT. Aviro Global Teknologi,,"Gambaran Umum Pekerjaan
PT. Aviro Global Teknologi, sebuah perusahaan teknologi terkemuka di Indonesia, sedang mencari seorang NOC Engineer untuk bergabung dengan tim kami.

Tanggung Jawab Utama

Memantau dan mengelola infrastruktur jaringan secara proaktif untuk mengidentifikasi dan mengatasi masalah sebelum terjadi gangguan

Mengonfigurasi, mengimplementasikan, dan memelihara perangkat jaringan, termasuk router, switch, dan firewall

Menganalisis log dan metrik untuk mengidentifikasi tren, penyebab masalah, dan peluang perbaikan

Berkoordinasi dengan tim TI lainnya untuk memastikan pemulihan layanan yang cepat dan efektif saat terjadi gangguan

Menyediakan dukungan teknis dan pemecahan masalah untuk pengguna akhir dan tim operasional

Mengembangkan dan menerapkan prosedur, dokumentasi, dan praktik terbaik untuk operasi jaringan yang efisien

Berpartisipasi dalam perubahan, pembaruan, dan inisiatif proyek jaringan

Keterampilan, Kualifikasi, dan Pengalaman yang Dibutuhkan

Gelar sarjana dalam Teknik Informatika, Sistem Informasi, atau bidang terkait

Minimum 1 tahun pengalaman dalam peran NOC Engineer atau posisi teknis jaringan yang serupa

Pengetahuan yang mendalam tentang teknologi jaringan, termasuk routing, switching, keamanan, dan pemecahan masalah

Memiliki kemampuan first handling troubleshooting untuk network dan security

Diutamakan memiliki pengalaman meng-handle perangkat Firewall

Diutamakan memiliki pengalaman dengan brand network dan security (CISCO, PALO, FORTINET, dsb)

Kemampuan memecahkan masalah yang baik dan keterampilan analitis yang kuat

Pemahaman yang baik tentang protokol jaringan, kerangka kerja manajemen, dan Tools Monitoring

Kemampuan komunikasi yang baik, baik lisan maupun tertulis, untuk berinteraksi dengan pemangku kepentingan di seluruh organisasi

Memiliki sertifikasi Network atau Security merupakan nilai tambah

Bersedia bekerja dalam Shifting Hours",https://id.jobstreet.com/id/job/91667054,,IT Support,indonesia,['r'],1,2026-04-28T11:30:40.686864
91667012,IT Services Staff (L2),PT Bussan Auto Finance (BAF),,"Responsibilities:

Manage troubleshoot for hardware, software, printer, and scan configuration

Create tickets for incidents or issues reported by users at the head office and network offices.

Resolve incident or issue tickets reported by users, both on-site and remotely

Handle installation and configuration of new laptops, repairs, and replace parts (storage, memory, LCD) on PCs and laptops




Requirements:

Bachelor’s Degree in Information Technology, Information System, Computer Science, IT, or related field with a minimum of 1 year of relevant experience in services desk

A detail oriented person with a basic English skill

Fluency in Microsoft Office (Word, Excel, and PowerPoint)

Ability to write clear documentation for all the tickets, active directory, ticketing tools, remoting tools, Windows, and Mac OS

Willing to contract under Outsourcing and work in shifts",https://id.jobstreet.com/id/job/91667012,,IT Support,indonesia,['r'],1,2026-04-28T11:30:46.895451
91666948,IT Developer,PT Karunia Berca Indonesia,,"Deskripsi Pekerjaan:

Mengembangkan dan memelihara aplikasi internal berbasis web

Melakukan debugging, maintenance, dan peningkatan sistem yang sudah berjalan

Mengelola serta mengoptimalkan database perusahaan

Berkolaborasi dengan user dan tim internal untuk analisa kebutuhan sistem

Membuat dokumentasi teknis program dengan baik

Menangani troubleshooting aplikasi serta memberikan support kepada user

Melakukan instalasi software dan troubleshooting hardware jika diperlukan

Melakukan maintenance jaringan perusahaan




Kualifikasi:

Pendidikan minimal S1 Teknik Informatika / Sistem Informasi / Matematika atau jurusan lain yang relevan

Pengalaman minimal 2 tahun sebagai IT Developer / Software Developer / IT Programmer

Menguasai bahasa pemrograman (PHP, Java, Python, atau sejenisnya)

Memahami database (MySQL / SQL Server)

Memiliki pengalaman dalam troubleshooting aplikasi dan sistem

Memahami dasar jaringan, khususnya Mikrotik, menjadi nilai tambah

Memahami hardware komputer menjadi nilai tambah

Memiliki kemampuan analisa dan problem solving yang baik

Mampu bekerja secara individu maupun dalam tim

Memiliki motivasi belajar dan pengembangan diri yang tinggi

Bersedia ditempatkan di Cikini, Jakarta Pusat",https://id.jobstreet.com/id/job/91666948,,IT Support,indonesia,"['python', 'php', 'r', 'java', 'mysql', 'sql']",6,2026-04-28T11:30:53.076576
91666851,Engineer on Site,PT Kuarta Powerindo Perkasa,,"Kualifikasi:

Pendidikan minimal D3/S1 Teknik Informatika / Ilmu Komputer

Memiliki pengalaman minimal 1 tahun sebagai engineer on site Project CCTV / Security System

Kemampuan troubleshooting sistem CCTV dan perangkat IT

Keamanan data dan sistem untuk melindungi perangkat dari ancaman eksternal

Siap bekerja on site dan on call saat dibutuhkan

Terbiasa dengan ketinggian / tidak takut dengan ketinggian

Keterampilan komunikasi tertulis dan lisan yang kuat untuk berkoordinasi dengan anggota tim dan manajemen serta menjelaskan masalah teknis

Kecepatan dan akurasi dalam menyelesaikan masalah teknis atau insiden keamanan

Lokasi penempatan Medan, Belawan -Sumatera Utara",https://id.jobstreet.com/id/job/91666851,,IT Support,indonesia,['r'],1,2026-04-28T11:30:59.449826
91666814,Teknisi Jaringan,PT Inovasi Tjaraka Buana,,"Kualifikasi Umum:

Pendidikan minimal SMK/D3/S1 jurusan Teknik Informatika, Sistem Informasi, Teknik Komputer, atau sejenis

Memiliki pengalaman minimal 1 tahun di bidang jaringan (fresh graduate dipersilakan melamar jika memiliki kemampuan dasar)

Memahami dasar-dasar jaringan (TCP/IP, LAN, WAN, DNS, DHCP)

Mampu melakukan instalasi, konfigurasi, dan troubleshooting jaringan

Menguasai perangkat jaringan seperti router, switch, dan access point

Memiliki kemampuan analisa dan problem solving yang baik

Bersedia bekerja shift / on-call jika diperlukan

Memiliki kendaraan pribadi dan SIM C (nilai tambah)

Disiplin, teliti, dan bertanggung jawab

Mampu bekerja secara individu maupun tim

Komunikatif dan mampu menjelaskan masalah teknis ke non-teknis",https://id.jobstreet.com/id/job/91666814,Rp 3.200.000 – Rp 3.800.000 per month,IT Support,indonesia,['r'],1,2026-04-28T11:31:05.677016
91666666,Engineer on Site,PT Kuarta Powerindo Perkasa,,"Kualifikasi:

Pendidikan minimal D3/S1 Teknik Informatika / Ilmu Komputer

Memiliki pengalaman minimal 1 tahun sebagai engineer on site Project CCTV / Security System

Kemampuan troubleshooting sistem CCTV dan perangkat IT

Keamanan data dan sistem untuk melindungi perangkat dari ancaman eksternal

Siap bekerja on site dan on call saat dibutuhkan

Terbiasa dengan ketinggian / tidak takut dengan ketinggian

Keterampilan komunikasi tertulis dan lisan yang kuat untuk berkoordinasi dengan anggota tim dan manajemen serta menjelaskan masalah teknis

Kecepatan dan akurasi dalam menyelesaikan masalah teknis atau insiden keamanan

Lokasi penenmpatan Dumai-Riau",https://id.jobstreet.com/id/job/91666666,,IT Support,indonesia,['r'],1,2026-04-28T11:31:12.001320
91666453,Engineer on Site,PT Kuarta Powerindo Perkasa,,"Kualifikasi:

Pendidikan minimal D3/S1 Teknik Informatika / Ilmu Komputer

Memiliki pengalaman minimal 1 tahun sebagai engineer on site Project CCTV / Security System

Kemampuan troubleshooting sistem CCTV dan perangkat IT

Keamanan data dan sistem untuk melindungi perangkat dari ancaman eksternal

Siap bekerja on site dan on call saat dibutuhkan

Terbiasa dengan ketinggian / tidak takut dengan ketinggian

Keterampilan komunikasi tertulis dan lisan yang kuat untuk berkoordinasi dengan anggota tim dan manajemen serta menjelaskan masalah teknis

Kecepatan dan akurasi dalam menyelesaikan masalah teknis atau insiden keamanan

Lokasi penenmpatan Jakarta & Bandung",https://id.jobstreet.com/id/job/91666453,,IT Support,indonesia,['r'],1,2026-04-28T11:31:18.284513
91666230,IT Staf,PT Gawi Makmur Kalimantan,,"Tanggung Jawab Utama:

Mengelola dan memelihara sistem database perusahaan (data produksi, kepegawaian, dan keuangan kebun).

Bertanggung jawab atas kelancaran sistem komputer dan jaringan lokal (LAN) di lingkungan kantor kebun.

Melakukan backup data secara rutin untuk menjaga keamanan informasi perusahaan.

Memberikan dukungan teknis (troubleshooting) kepada pengguna lain terkait perangkat keras dan lunak.

Kualifikasi:

Pendidikan minimal D3 atau S1 segala jurusan (diutamakan Teknik Informatika, Sistem Informasi, Manajemen Informatika).

Menguasai Microsoft Office (terutama Excel) dan aplikasi database.

Memahami dasar-dasar jaringan komputer dan troubleshooting hardware.

Teliti, jujur, dan mampu bekerja di bawah tekanan.

Diutamakan memiliki kendaraan pribadi (jika diperlukan mobilitas).

Bersedia mulai bekerja secepatnya.

Penempatan : Kalimantan selatan",https://id.jobstreet.com/id/job/91666230,,IT Support,indonesia,"['keras', 'r']",2,2026-04-28T11:31:24.530032
91666200,IT Infrastructure,PT Adibayu Gajah Semakmur,,"Tugas & Tanggung Jawab :

Menginstal, mengkonfigurasi, dan memelihara perangkat keras (server, komputer, printer, CCTV) serta perangkat lunak di lingkungan pabrik & kantor.

Mengelola jaringan lokal (LAN/WLAN), termasuk router, switch, firewall, dan akses internet

Memberikan dukungan teknis (helpdesk) untuk masalah komputer, jaringan, printer, dan aplikasi internal.

Melakukan backup data rutin (server, database produksi) dan menguji pemulihan data (disaster recovery).

Menerapkan dan memantau kebijakan keamanan siber, termasuk antivirus, firewall, manajemen patch, dan kontrol akses.

Memantau log dan aktivitas mencurigakan (malware, phishing, akses tidak sah) serta menanggapi insiden keamanan.

Menyusun dokumentasi konfigurasi jaringan, inventaris perangkat, kebijakan keamanan, serta laporan bulanan ke manajemen.

Kualifikasi yang dibutuhkan :

Minimal D3/S1 Teknik Informatika, Sistem Informasi, Teknik Jaringan, Cyber Security, atau bidang terkait.

Pengalaman minimal 3–5 tahun di bidang IT Infrastructure/Support di lingkungan manufaktur (pabrik) dan dengan pengalaman nyata di cyber security menjadi nilai tambah

Menguasai jaringan (TCP/IP, routing, switching, VLAN, MikroTik/Cisco) serta server (Windows Server/Linux).

Memahami keamanan siber (firewall, IDS/IPS, VPN, manajemen patch, tools seperti Wireshark/Nmap) serta memahami serangan umum (malware, phishing, ransomware).

Sertifikasi seperti CompTIA Security+, CCNA, MikroTik, atau CEH menjadi nilai tambah yang diutamakan.

Teliti, proaktif, memiliki integritas tinggi, serta mampu bekerja mandiri dan berkomunikasi dengan baik.

Bersedia ditempatkan di Bantul, Yogyakarta dan dapat bekerja di luar jam kerja jika diperlukan (pemeliharaan/insiden).",https://id.jobstreet.com/id/job/91666200,,IT Support,indonesia,"['keras', 'linux', 'r']",3,2026-04-28T11:31:31.071168
91640520,Information System / IT Operation & Maintenance Specialist,PT Infinite Tech Batam,,"About the Role

We are looking for a proactive, reliable, and detail-oriented Information System / IT Operation & Maintenance Specialist to support and enhance our manufacturing IT ecosystem.

In this role, you will be responsible for ensuring the stability, security, and continuous improvement of ERP and related systems that support production, supply chain, procurement, warehouse, and finance operations. You will also play an important role in our digital transformation and smart manufacturing initiatives.

What You Will Do

Operate, maintain, and optimize enterprise systems such as ERP, MES, and other manufacturing-related systems.

Configure system modules and workflows aligned with manufacturing business processes (production planning, procurement, supply chain, warehouse, and finance).

Participate in system customization, enhancement, and continuous improvement projects.

Support system implementation activities, including deployment, upgrades, testing, and go-live support.

Monitor daily system operations, troubleshoot issues, and minimize system downtime.

Perform regular system health checks and preventive maintenance to ensure data integrity and system reliability.

Prepare and maintain IT documentation, including SOPs, user manuals, and maintenance records.

Assist in managing IT infrastructure such as servers, networks, firewalls, and factory IT environments.

Provide technical support to production, warehouse, finance, and other business departments.

Support digitalization, automation, and smart manufacturing initiatives.

Monitor and improve network performance and information security.

Coordinate with software vendors for after-sales support and system maintenance.

Handle information security management, incident response, and compliance requirements.

Conduct IT system and information security training for employees.

What We Are Looking For

Bachelor’s degree or above in Computer Science, Information Systems, Software Engineering, or related fields.

Minimum 3 years of experience in IT system implementation, operation, or process management, preferably in a manufacturing environment.

Hands-on experience with ERP systems (experience with Kingdee is a strong advantage).

Good understanding of manufacturing business processes, including production, procurement, supply chain, and finance.

Basic capabilities in system development, system integration, reporting, or data analysis.

Strong troubleshooting and problem-solving skills with the ability to work independently.

Fast learner with a strong sense of responsibility and service-oriented mindset.

Good communication and coordination skills, able to work closely with IT and business users.

Language Skills:

English: Required

Mandarin: Preferred",https://id.jobstreet.com/id/job/91640520,,IT Support,indonesia,"['r', 'git']",2,2026-04-28T11:31:37.411460
91665928,Advance Coding Teacher,Education Course,,"👩‍🏫 Join our team at Koding Next!




As a IT Coding Teacher with us, you will:

Plan and deliver engaging lessons following the Koding Next curriculum.

Review and enhance teaching materials in collaboration with the Curriculum Team.

Collaborate with the team to develop effective educational tools and programs.

Monitor student progress and provide guidance and support to students and parents.

Share your professional experience to motivate students.

Participate in webinars and seminars when necessary.

Contribute to planning course programs and maintaining high-quality educational materials.

Go above and beyond to deliver exceptional teaching and continually develop professionally.




Requirements:

🎓 Bachelor Degree in Computer Science / Computer Engineering / Information Technology related field.

💡 Strong proficiency in one or more coding languages such as Python, JavaScript, HTML/CSS, or Scratch. Familiarity with game development platforms (Roblox, Unity).

📝 Fluent in English (both written and spoken).

🧑‍🏫 Experience in teaching children or teenagers, either in a classroom or extracurricular setting.

🤝 Team player, fast learner. Ability to engage and inspire students of varying ages and skill levels.

🌐 Trustworthy person with good ethical judgment.




Our offer:

Competitive salary.

Teacher Grading & Bonuses.

Fun and creative environment.

Friendly international team.

Opportunities for development and career progression.

On-the-job training.

Comfortable well-located office.




Available Placement Locations:

Koding Next Yogyakarta",https://id.jobstreet.com/id/job/91665928,Rp 2.500.000 – Rp 3.000.000 per month,IT Support,indonesia,"['python', 'r', 'java', 'javascript', 'rust']",5,2026-04-28T11:31:45.388842
91662786,AI ENGINEER,CV DT,,"Gambaran Umum Pekerjaan
Kami dari CV Dua Tangan mencari AI Engineer yang kreatif dan inovatif untuk bergabung dengan tim kami di Kabupaten Probolinggo, Jawa Timur. Sebagai AI Engineer, Anda akan memainkan peran kunci dalam pengembangan solusi berbasis kecerdasan buatan yang dapat membantu perusahaan mencapai tujuan bisnisnya. Anda akan bekerja di lingkungan yang dinamis dan terus berubah, dengan peluang untuk menerapkan keterampilan Anda dalam proyek-proyek menantang.

Tanggung Jawab Utama

Merancang dan mengembangkan sistem kecerdasan buatan yang dapat mengatasi masalah bisnis secara efektif.

Melakukan analisis data dan pemodelan untuk menghasilkan wawasan berharga yang menginformasikan pengembangan solusi AI.

Memastikan integrasi lancar antara komponen AI dengan sistem dan infrastruktur yang ada.

Berkontribusi pada pengujian, pemeliharaan, dan pengembangan lebih lanjut dari solusi AI yang dibangun.

Keterampilan, Kualifikasi, dan Pengalaman yang Dibutuhkan

Gelar sarjana atau setara di Ilmu Komputer, Teknik Komputer, atau bidang terkait.

Minimal 3 tahun pengalaman dalam pengembangan aplikasi berbasis kecerdasan buatan.

Mahir dalam bahasa pemrograman seperti Python, TensorFlow, PyTorch, atau bahasa serupa.

Berpengalaman dalam merancang, mengimplementasi, dan mengevaluasi model AI yang efektif.

Kemampuan analitis yang kuat dan kemampuan pemecahan masalah yang baik.

Siap bekerja di bawah Tekanan

Mampu bekerja secara Tim

Mampu mengoperasikan Excel

Fasilitas

Tempat tinggal (wajib mess)

Makan

Gaji

Jika Anda tertarik untuk menjadi bagian dari perjalanan kami, lamar posisi ini sekarang dan bergabunglah dengan kami untuk membangun masa depan yang lebih pintar dan lebih terintegrasi.",https://id.jobstreet.com/id/job/91662786,Rp 3.500.000 – Rp 5.000.000 per month,IT Support,indonesia,"['python', 'tensorflow', 'r', 'pytorch']",4,2026-04-28T11:31:51.613686
91664415,IT Support Staff,PT Samco Farma,,"Qualifications:

Bachelor’s degree in Computer Science, Information Technology, or related field

Minimum 1 year of experience in IT Support or similar role

Willing to work onsite in Tangerang

Job Requirements:

Proficient in Windows (client & server) and Linux (Ubuntu/CentOS)

Good understanding of computer hardware, networking, and NAS

Able to troubleshoot hardware/software issues and provide user support (onsite & remote)

Familiar with LAN/WAN, TCP/IP, DHCP, DNS, VPN, firewall, router, and switch

Detail-oriented with good problem-solving skills

Experience in system/application support or development is a plus",https://id.jobstreet.com/id/job/91664415,Rp 5.000.000 – Rp 7.000.000 per month,IT Support,indonesia,"['linux', 'r']",2,2026-04-28T11:31:57.946470
91586960,IT Staff,PT OASE TEKNOLOGI ASIA,,"Kualifikasi

Pendidikan S1 Sistem Informasi atau jurusan terkait.

Usia Maks 27 tahun

Fresh Graduate dipersilahkan untuk melamar

Minimal pengalaman 1 tahun sebagai IT Staff/ IT Support/ QA/ posisi lain yang relevan.

Memahami konsep software testing, proses QA, dan troubleshooting software & hardware.

Mampu mengelola bug dan terbiasa mengelola testing & operational.

Analitis, komunikatif dan detail oriented.

DAPAT SEGERA BERGABUNG

Penempatan Pluit, Jakarta Utara

Job Deskripsi

Memberikan dukungan teknis operasional IT, troubleshooting, dan perbaikan perangkat IT.

Mengelola katalog produk harian, seperti upload gambar dan input data produk.

Menyusun, membaca, dan memelihara test case, user manual, dan dokumentasi teknis.

Melakukan functional, regression, dan usability testing pada mobile app.

Mengidentifikasi, mencatat, dan melakukan tracking bug, serta berkolaborasi dengan tim developer untuk memverifikasi perbaikan bug.

Memonitor performa aplikasi harian untuk memastikan sinkronisasi data antara aplikasi, server, dan third-party berjalan optimal.",https://id.jobstreet.com/id/job/91586960,,IT Support,indonesia,['r'],1,2026-04-28T11:32:04.095185
91664491,IT Account Manager,PT Intersolusi Teknologi Asia,,"Responsibilities :

Identify and secure new business opportunities in target IT markets and corporate sectors.

Analyze market trends and client needs while staying updated on new technologies to drive sales performance.

Generate qualified IT leads through networking, referrals, cold calls, online channels, and industry events.

Understand client business challenges and propose customized IT solutions that align with their goals.

Maintain strong client relationships to ensure satisfaction and identify upselling or cross-selling opportunities.

Collaborate with internal teams, including HR and engineering teams, to develop effective sales strategies and ensure smooth project handovers.

Provide regular reports to management on sales pipeline progress, key client updates, and overall performance.




Requirements:

Bachelor’s Degree from any major, preferably in IT or Business-related fields.

At least 3 years of B2B sales experience, ideally in IT solutions, software development, or tech consulting.

Proven track record or portfolio demonstrating successful B2B sales and client relationship management is preferred.

Strong understanding of IT solutions, including Cloud Computing, ERP, System Integration, Cybersecurity, and Managed Services.

Able to translate complex technical concepts into clear business benefits for clients.

Exceptional communication and presentation skills, capable of building rapport with key stakeholders and management.

Target-driven, results-oriented, and self-motivated, able to manage multiple priorities and work effectively both independently and in a team.

Proficiency in English (spoken and written) is a must

Having an established professional network or client connections in relevant industries is preferred.

Willing to travel for client meetings, events, or project needs.




WE NEVER REQUEST FOR ANY MONEY OR FEES
REGARDING THE EMPLOYEE RECRUITMENT PROCESS!",https://id.jobstreet.com/id/job/91664491,Rp 6.500.000 – Rp 9.500.000 per month,IT Support,indonesia,['r'],1,2026-04-28T11:32:14.051949
91664415,IT Support Staff,PT Samco Farma,,"Qualifications:

Bachelor’s degree in Computer Science, Information Technology, or related field

Minimum 1 year of experience in IT Support or similar role

Willing to work onsite in Tangerang

Job Requirements:

Proficient in Windows (client & server) and Linux (Ubuntu/CentOS)

Good understanding of computer hardware, networking, and NAS

Able to troubleshoot hardware/software issues and provide user support (onsite & remote)

Familiar with LAN/WAN, TCP/IP, DHCP, DNS, VPN, firewall, router, and switch

Detail-oriented with good problem-solving skills

Experience in system/application support or development is a plus",https://id.jobstreet.com/id/job/91664415,Rp 5.000.000 – Rp 7.000.000 per month,IT Support,indonesia,"['linux', 'r']",2,2026-04-28T11:32:57.648867
91586960,IT Staff,PT OASE TEKNOLOGI ASIA,,"Kualifikasi

Pendidikan S1 Sistem Informasi atau jurusan terkait.

Usia Maks 27 tahun

Fresh Graduate dipersilahkan untuk melamar

Minimal pengalaman 1 tahun sebagai IT Staff/ IT Support/ QA/ posisi lain yang relevan.

Memahami konsep software testing, proses QA, dan troubleshooting software & hardware.

Mampu mengelola bug dan terbiasa mengelola testing & operational.

Analitis, komunikatif dan detail oriented.

DAPAT SEGERA BERGABUNG

Penempatan Pluit, Jakarta Utara

Job Deskripsi

Memberikan dukungan teknis operasional IT, troubleshooting, dan perbaikan perangkat IT.

Mengelola katalog produk harian, seperti upload gambar dan input data produk.

Menyusun, membaca, dan memelihara test case, user manual, dan dokumentasi teknis.

Melakukan functional, regression, dan usability testing pada mobile app.

Mengidentifikasi, mencatat, dan melakukan tracking bug, serta berkolaborasi dengan tim developer untuk memverifikasi perbaikan bug.

Memonitor performa aplikasi harian untuk memastikan sinkronisasi data antara aplikasi, server, dan third-party berjalan optimal.",https://id.jobstreet.com/id/job/91586960,,IT Support,indonesia,['r'],1,2026-04-28T11:33:05.330352
91664491,IT Account Manager,PT Intersolusi Teknologi Asia,,"Responsibilities :

Identify and secure new business opportunities in target IT markets and corporate sectors.

Analyze market trends and client needs while staying updated on new technologies to drive sales performance.

Generate qualified IT leads through networking, referrals, cold calls, online channels, and industry events.

Understand client business challenges and propose customized IT solutions that align with their goals.

Maintain strong client relationships to ensure satisfaction and identify upselling or cross-selling opportunities.

Collaborate with internal teams, including HR and engineering teams, to develop effective sales strategies and ensure smooth project handovers.

Provide regular reports to management on sales pipeline progress, key client updates, and overall performance.




Requirements:

Bachelor’s Degree from any major, preferably in IT or Business-related fields.

At least 3 years of B2B sales experience, ideally in IT solutions, software development, or tech consulting.

Proven track record or portfolio demonstrating successful B2B sales and client relationship management is preferred.

Strong understanding of IT solutions, including Cloud Computing, ERP, System Integration, Cybersecurity, and Managed Services.

Able to translate complex technical concepts into clear business benefits for clients.

Exceptional communication and presentation skills, capable of building rapport with key stakeholders and management.

Target-driven, results-oriented, and self-motivated, able to manage multiple priorities and work effectively both independently and in a team.

Proficiency in English (spoken and written) is a must

Having an established professional network or client connections in relevant industries is preferred.

Willing to travel for client meetings, events, or project needs.




WE NEVER REQUEST FOR ANY MONEY OR FEES
REGARDING THE EMPLOYEE RECRUITMENT PROCESS!",https://id.jobstreet.com/id/job/91664491,Rp 6.500.000 – Rp 9.500.000 per month,IT Support,indonesia,['r'],1,2026-04-28T11:33:13.221616
91662770,ETL Pentaho Developer,PT. BUSINESS ECLOUD INDONESIA INFORMATION TECHNOLOGY,,"About the role:

As a ETL Pentaho Engineer, you will be responsible for extracting and ingesting data from websites using web crawling tools. In this role you will own the creation process of these tools, services, and workflows to improve crawl/ scrape analysis, reports, and data management.

We will rely on you to test the data and the scrape to ensure accuracy and quality. You will own the process to identify and rectify any issues with breaks as well as scale scrapes as needed.

Job Responsibilities:

Should be able to perform data extraction, data loading solving the errors, checking filter criteria.

Understanding on the steps - input, output, and connection to database.

Understanding on job/transformation, inspecting the data.

Understanding on salesforce basics - fields, objects, and lookups.

Knowledge on schema, database, views.

Provide technical knowledge/expertise to support the requirements definition, design, and development of data warehouse components/subsystems, specifically Extract-Transform Load or Extract-Load-Transform technologies and implementations and/or Change Data Capture technologies and implementations.

Getting fallout report and analyzing the bugs and errors, should understand how to get output file.

Research, design, develop, and modify the ETL and related database functions, implementing changes/enhancements to the system.

Design ETL processes and develop source to target transformations, and load processes.

Requirements:

Bachelor’s degree in computer science or a related field or the equivalent demonstrated experience

Must have at least 2 years of experience in Pentaho

Experience running large scale web scrapes

Experience with Linux/UNIX, HTTP, HTML, JavaScript, and Networking

Experience with techniques and tools for crawling, extracting, and processing data.

Great communication skills (written and Spoken in English)

Good to have:

Familiarity with system monitoring/administration tools

Familiarity with version control, open-source practices, and code review

Familiarity with Python",https://id.jobstreet.com/id/job/91662770,,IT Support,indonesia,"['python', 'linux', 'r', 'java', 'javascript']",5,2026-04-28T11:33:19.561266
91660183,Incident Coordinator,PT Sinergi Daya Mitra,,"NOCAbout the role
As an Incident Coordinator at PT Sinergi Daya Mitra, you will play a pivotal role in managing and resolving IT incidents within the organisation. This contract position is based in Jakarta and will involve collaborating with cross-functional teams to ensure the seamless and efficient resolution of technology-related issues.

What you'll be doing

Coordinate the end-to-end incident lifecycle (P1–P3), including logging, categorization, and prioritization.

Act as a bridge between technical teams and stakeholders to ensure smooth incident handling.

Manage incident escalation and ensure issues are resolved by the appropriate support teams (L2/L3).

Monitor and ensure compliance with SLA and OLA targets.

Provide timely and accurate status updates to IT management, vendors, and users.

Support Major Incident handling, including coordinating bridge calls and ensuring adherence to protocols.

Identify recurring issues and provide input for problem management and continuous improvement.

What we're looking for

Minimum 2+ years of experience in IT Support, Incident Management, NOC, Help Desk L2 or similar roles.

Bachelor’s Degree in Information Technology or related field (mandatory).

Strong understanding of IT infrastructure, network, and applications.

Familiar with ITIL framework (ITIL 4 preferred).

Experience with monitoring tools (Dynatrace, SolarWinds, etc.) is a plus.

Strong analytical and problem-solving skills.

Excellent communication skills, able to translate technical issues into business language.

Able to work under pressure and handle critical incidents effectively.

Basic knowledge or exposure to Artificial Intelligence (AI) is a plus.




If you are passionate about delivering exceptional IT support and are ready to take on this exciting challenge, we encourage you to apply now.",https://id.jobstreet.com/id/job/91660183,,IT Support,indonesia,"['r', 'scala']",2,2026-04-28T11:33:26.478735
91659738,IT PMO Lead,PT Sinergi Daya Mitra,,"Requirement:

Minimum 3–5 years of experience as a PMO in the multifinance or Financial Services Industry

Direct experience with Confins core system implementation, migration, or enhancement projects

Deep understanding of leasing workflows, business process improvements, and system integration

Skilled in managing project timelines, scope, and budgets

Knowledge of Agile and/or Waterfall project management methodologies

Strong stakeholder coordination, communication, and leadership skills

Bachelor's degree in Information Technology, Business, or a related field

Able to commit to project-based engagement with defined deliverables and timelines",https://id.jobstreet.com/id/job/91659738,Rp 20.000.000 – Rp 25.000.000 per month,IT Support,indonesia,"['r', 'agile']",2,2026-04-28T11:33:32.738990
91659470,Security Engineer,PT Sea Group,,"The Corporate IT Security Operations team is responsible for securing the enterprise IT environment and supporting global business operations. The team delivers core security capabilities across endpoints, identity, monitoring, and incident response to reduce cyber risk and strengthen organizational resilience.

The Security Engineer is responsible for driving the effectiveness of security operations, leading incident response activities, and enhancing detection and response capabilities across the enterprise.

Lead investigation and response for complex or high-impact security incidents, including coordination across cross-functional teams.
Oversee daily security operations to ensure timely detection, triage, and resolution of security alerts and incidents.
Drive improvements in detection coverage, including tuning alerts, queries, and dashboards across SIEM (Elastic) and EDR platforms.
Develop and enhance incident response processes, playbooks, and operational workflows.
Work with IT and business stakeholders to implement remediation actions and strengthen security controls.
Oversee vulnerability management prioritisation and remediation tracking with system owners.
Identify and implement automation and workflow improvements to improve operational efficiency.
Mentor and guide engineers, supporting knowledge sharing and capability development within the team.
Ensure accurate incident documentation, reporting, and post-incident reviews are conducted.
Oversee and contribute to weekly and monthly security operations reporting, including metrics, incident trends, and improvement actions.
Participate in on-call escalation support for critical incidents.
Degree in information security, computer science, IT, or equivalent practical experience.
Proven experience in security operations, incident response, or security engineering roles.
Strong hands-on experience with SIEM (preferably Elastic) and EDR platforms.
Solid experience with CrowdStrike Falcon EDR, including RTR, IOA detections, investigation, and response actions.
Strong understanding of incident response methodologies, attack techniques, and threat detection.
Experience coordinating incident response across multiple teams.
Strong knowledge of operating systems (Windows, Linux, macOS) and networking fundamentals.
Ability to analyse complex security events and drive resolution.",https://id.jobstreet.com/id/job/91659470,,IT Support,indonesia,"['linux', 'r', 'scala']",3,2026-04-28T11:33:39.210976
91658906,"Desktop Support Analyst, Technical Support",Macquarie Group,,"Additional office locations

New York

Job ID

21831

Date

21-Apr-2026

Permanent - Full time, Junior

Job category

Administration & Support

Prior experience in a corporate IT environment, ideally in a role requiring fast paced, high-level support and outstanding interpersonal skills for professional interactions with staff, both in person and via remote communication tools
Knowledge of technologies, including iOS, VMWare Horizon client, Global Protect VPN, Cisco telephony, Workplace ONE Mobile Device Management, and various market data applications like Bloomberg, Fidessa, ICE, FactSet
Strong communication and stakeholder management skills; skilled at communicating, presenting, and generating enthusiasm and buy-in for ideas and solutions
Proven capability to balance high-volume workloads with detailed analytical troubleshooting and complex problem resolution and an exceptional sense of ownership and accountability for tasks and challenges, even under high-pressure situations
Be a strong, dynamic character, capable of collaborating effectively with colleagues and business users working in a constantly evolving environment and have a passion for technology and a proven track record of leveraging technology to solve complex issues and exceed customer expectation
Prior experience in a corporate IT environment, ideally in a role requiring fast paced, high-level support and outstanding interpersonal skills for professional interactions with staff, both in person and via remote communication tools
Knowledge of technologies, including iOS, VMWare Horizon client, Global Protect VPN, Cisco telephony, Workplace ONE Mobile Device Management, and various market data applications like Bloomberg, Fidessa, ICE, FactSet
Strong communication and stakeholder management skills; skilled at communicating, presenting, and generating enthusiasm and buy-in for ideas and solutions
Proven capability to balance high-volume workloads with detailed analytical troubleshooting and complex problem resolution and an exceptional sense of ownership and accountability for tasks and challenges, even under high-pressure situations
Be a strong, dynamic character, capable of collaborating effectively with colleagues and business users working in a constantly evolving environment and have a passion for technology and a proven track record of leveraging technology to solve complex issues and exceed customer expectation",https://id.jobstreet.com/id/job/91658906,,IT Support,indonesia,"['r', 'ios']",2,2026-04-28T11:33:45.535167
91656588,Nurse (ICU/ICCU/HCU),Siloam Hospitals Group (Tbk),,"Company Description


Supported by its strategic location at the crossroads of Purwakarta, Subang, and Karawang regencies, Siloam Hospitals Purwakarta has become a trusted and high-quality health service provider at an affordable cost. Siloam Hospitals Purwakarta, which has been fully accredited by KARS, provides comprehensive health services with excellence in Cardiology, Neurology and Trauma equipped with Catheterisation Laboratory (Cathlab), 64 Slices CT Scan, C-Arm, ESWL (Extracorporeal Shock Wave Lithotripsy), Endoscopy, Laparoscopy and other latest medical equipment

Job Description


•Responsible for carrying out patient nursing care/services in the ICU/ICCU/HCU unit.

•Prepare facilities for smooth service and make it easier for patients/families to receive services, by: Arranging the security and comfort of the room. Check and ensure that all required equipment is functioning properly and that medicines and other necessary medical equipment are available and ready to use.

•Provide nursing care using standard nursing practice: Carry out emergency medical/nursing actions according to the patient's main health problem. Make observations, monitor the patient's health condition (general condition: physical, psychological, vital signs and main complaints) during the procedure and immediately after the procedure.

•Helping patients before and during procedures by doctors, including: Preparing the patient both physically and psychologically, calming the patient, adjusting the patient's position. Provide a sense of security and comfort to the patient/family during the procedure.

•Prepare patients who have completed procedures, including: Administrative needs, such as: instructions for home care, sick certificates, referral letters if necessary, and prescriptions for home use. Provide health education to patients/families as needed.

•Implement and maintain a system for recording and reporting nursing care, so as to create an accurate information and communication system.

•Implement procedures and practices for quality and safety services, including attending training, to support the achievement of hospital wide indicators and related department/unit targets.

Qualifications


•Minimum Bachelor of Nursing and Ners Professional Program (S.Kep., Ns.)

•Have minimum 3 year work experience as a Level I Clinical Nurse.

•Completed Basic Trauma & Cardiac Life Support (BTCLS) training

•Preferred: Experienced and certified nurses in ICU.

Additional Information


[BEWARE OF RECRUITMENT SCAMS]

It has come to our attention that there are fake job offers claiming to be hiring for Siloam Hospitals Group. Please note that Siloam Hospitals Group do not require applicants to make payment when seeking employment with our hospitals.

[BEWARE OF RECRUITMENT SCAMS]

It has come to our attention that there are fake job offers claiming to be hiring for Siloam Hospitals Group. Please note that Siloam Hospitals Group do not require applicants to make payment when seeking employment with our hospitals.",https://id.jobstreet.com/id/job/91656588,,IT Support,indonesia,"['r', 'rust']",2,2026-04-28T11:33:51.819031
91656289,Internship IT Business Analyst,Asuransi Ciputra Life,,"Requirements:


Mahasiswa aktif atau fresh graduate, jurusan Teknik Informatika, Sistem Informasi, Ilmu Komputer, atau jurusan terkait.

Memiliki ketertarikan dan dasar pemahaman di bidang teknologi informasi, pemrograman , database atau sistem komputer.

Mengerti konsep SDLC (Software Development Life Cycle)

Mampu bekerja secara individu maupun dalam tim.

Memiliki keinginan untuk belajar hal baru dan mengikuti perkembangan teknologi


Job Desc:


Membantu tim IT dalam menganalisa dan pengembangan system

Menyusun dokumentasi Business Requirement, Change Request

Membantu dalam penanganan troubleshooting system




Email: hc@ciputralife.com

Apply

Walk In Interview:
Ciputra World I - DBS Bank Tower 14th Floor Jl. Prof Dr Satrio Kav 3-5, Jakarta 12940, Indonesia

PT Asuransi Ciputra Indonesia (Ciputra Life)DBS Bank Tower, Lantai 14Ciputra World 1 Jakarta, Jl Prof. Dr. Satrio Kav. 3-5,Karet Kuningan, Setiabudi Jakarta Selatan 12940",https://id.jobstreet.com/id/job/91656289,,IT Support,indonesia,['r'],1,2026-04-28T11:33:58.109276
91656738,Prohire - Staff,MitraComm,,"Requirement Needs :

Overtime
Team Working
Sociable
Supple
Shifting
Berpenampilan Rapi
Rolling
Requirement Skills :

Communication
Computer (MS. Office)
Programming
Responsibilities :


1. BE Developer Spesifikasi sesuai TOR/PID sebelumnya.

2. DevOps Untuk Spesfikasi nya sbb: highly motivated, detail-oriented and problem solver, bertanggung jawab untuk komplain handling, menangani masalah operasional dan memastikan kelancaran operasional dengan tugas utama sbb: 1. Mendiagnosis dan menyelesaikan masalah sistem, mulai dari pemeriksaan dasar (L1) hingga pemecahan masalah kompleks (L3).

 2. Memantau kinerja sistem, log, dan peringatan untuk mengidentifikasi potensi masalah secara proaktif.

3. Bekerja sama dengan tim developer untuk mereproduksi, menganalisis, dan menyelesaikan bug yang dilaporkan.

4. Menerapkan hotfix, patch, dan pembaruan konfigurasi sesuai kebutuhan.

5. Menyimpan dokumentasi untuk panduan pemecahan masalah, laporan insiden, dan prosedur sistem.

6. Berpartisipasi dalam analisis RCA untuk insiden yang berulang.

7. Membantu dalam otomatisasi infrastruktur dan peningkatan alur kerja CI/CD bila diperlukan.

Skills:
 •     Mengerti Sistem Operasi Linux
•     Pengalaman dalam alat pemantauan sistem (Prometheus, Grafana, tumpukan ELK, dll.)
•     Keterampilan pemecahan masalah dan analisis yang kuat untuk masalah sistem dan aplikasi.
•     Mengerti tentang kontainer aplikasi seperti Docker.",https://id.jobstreet.com/id/job/91656738,,IT Support,indonesia,"['linux', 'r', 'docker']",3,2026-04-28T11:34:04.456699
91655549,IT Supervisor,PT. ALPEN FOOD INDUSTRY,,"The Factory IT Supervisor is responsible for planning, coordinating, and executing day-to-day IT work at the factory site, ensuring stable operation of IT infrastructure and timely support for users, here's the details:

Implement Group IT policies, standards, and information security requirements at the factory level.

Support enforcement of IT rules related to account management, access control, endpoint usage, software installation, network access, and data protection.

Support the setup, expansion, adjustment, and daily maintenance of factory LAN and Wi-Fi environments, including switches, routers, cabling, and endpoint connectivity.

Coordinate installation and maintenance of CCTV, attendance systems, access control systems, and other low-voltage or supporting information systems.

Install, configure, inspect, and troubleshoot PCs, laptops, printers, scanners, meeting room equipment, and related peripherals.

Support IT infrastructure work for new factory areas, office areas, production lines, warehouse spaces, or relocation projects as required.

Provide timely helpdesk support for factory users on issues related to computers, networks, printing, e-mail, conferencing tools, accounts, and permissions.

Record, track, follow up, and close user issues in an organized manner to ensure service visibility and problem resolution.

Support onboarding activities for new employees, including IT account setup, device preparation, and basic user guidance.

Assist users in the use of enterprise systems such as ERP, OA, HR, WMS, attendance, e-mail, and collaboration platforms.

Provide first-level troubleshooting, basic training, usage guidance, and coordination with Group IT application teams or vendors when escalation is needed.

Track application-related problems occurring at factory level and help drive timely issue resolution.

Maintain IT asset records covering registration, deployment, return, repair, transfer, and retirement of IT equipment.




Job Requirement

Bachelor’s degree in computer science, Information Systems, Network Engineering, Software Engineering, Telecommunications, or related fields.

At least 5 years of relevant IT experience. Experience in manufacturing, factory, warehouse, branch office, or field IT operations is strongly preferred.

Able to work independently and handle the routine IT needs of a medium-sized factory with limited on-site support resources.

Good understanding of basic enterprise LAN and Wi-Fi environments, including endpoint connectivity and first-line troubleshooting.

Familiarity with installation and maintenance of common IT equipment such as PCs, laptops, printers, scanners, meeting devices, and other peripherals.

Familiarity with CCTV, attendance systems, access control, and other supporting systems commonly used in factory or office environments.

Practical experience with Windows operating systems, Microsoft Office, e-mail configuration, printer setup, and basic user administration.

Willing to be placed in Cikarang Factory.",https://id.jobstreet.com/id/job/91655549,,IT Support,indonesia,"['r', 'scala']",2,2026-04-28T11:34:10.763343
91655186,Network Infrastructure,PT. SIGMA GLOBAL TEKNOLOGI (SIGMATECH),,"About the role

We are seeking an experienced Network Infrastructure professional to join our dynamic team (Client) at SIGMA GLOBAL TEKNOLOGI (SIGMATECH) in South Jakarta, Jakarta. In this full-time role, you will be responsible for the design, implementation, and maintenance of our comprehensive network infrastructure, ensuring optimal performance and seamless connectivity across our organisation.

Maintains secure, resilient, and low-latency network connectivity by managing network operations, incidents, and performance optimization.

Responsibilities

* Maintain a secure and highly available network environment

* Operate and troubleshoot L2 devices, load balancers, and DCI connectivity

* Manage firewall rules and VPN connectivity

* Configure and manage traffic distribution via load balancers (Fs LTM/GTM)

* Monitor network performance and perform packet analysis for issue resolution

Network infra, ensure stability, 2nd level resolution, RCA, root cause analysis, 8 to 5, stndby oncall P1 and P2

need certificate

Available to Shifting (Shifting 3x8)

About us

SIGMA GLOBAL TEKNOLOGI (SIGMATECH) is a leading provider of cutting-edge technology solutions, serving a diverse range of clients across various industries. Our mission is to empower businesses with innovative, reliable, and cost-effective technology solutions that drive their success. With a strong focus on innovation and customer satisfaction, we are committed to delivering exceptional service and exceeding the expectations of our clients.

Apply now to join our talented team and contribute to the growth and success of SIGMA GLOBAL TEKNOLOGI (SIGMATECH).",https://id.jobstreet.com/id/job/91655186,,IT Support,indonesia,['r'],1,2026-04-28T11:34:17.161768
91655132,Middleware Junior & Middle,PT. SIGMA GLOBAL TEKNOLOGI (SIGMATECH),,"About the role


We are seeking a highly motivated and skilled Middleware Junior to join our dynamic team (Client) at PT. SIGMA GLOBAL TEKNOLOGI (SIGMATECH). As a Middleware Junior, you will play a crucial role in developing and maintaining our cutting-edge software solutions. In this full-time position, you will be based in South Jakarta, Jakarta, with the opportunity to contribute to the growth and success of our thriving Information & Communication Technology organisation.

Ensures reliability and performance of middleware platforms and integrations by resolving incidents, managing changes, and supporting API and event-driven services.

Responsibilities:

* Subject Matter Expert (SME) for middleware platforms (Microservices, AP! Gateway, Event-Driven applications)

* Ensure reliability and integrity of middleware services

* Resolve complex middleware, API, and integration issues escalated from L1

* Monitor and analyze middleware performance using logs and APM tools

・Maintain and tune middleware components

* Execute middleware deployments and changes following ITIL Change Enablement

* Coordinate with LS internal Cient Developers

ensure stability, 2nd level resolution, RCA, root cause analysis, 8 to 5, stndby oncall P1 and P2

Note: Available to Shifting (Shifting 3x8)

About us


PT. SIGMA GLOBAL TEKNOLOGI (SIGMATECH) is a leading Information & Communication Technology company, dedicated to delivering cutting-edge digital solutions to our diverse range of clients. With a focus on innovation and customer-centricity, we have established a reputation for excellence in the industry. Join our team and be a part of our continued success story.",https://id.jobstreet.com/id/job/91655132,,IT Support,indonesia,"['r', 'scala', 'git']",3,2026-04-28T11:34:29.317074
91654838,IT,PT. MITRA BUNTARI SEJAHTERA,,"About the role

We are seeking an experienced IT professional to join our dynamic team at PT. MITRA BUNTARI SEJAHTERA' in Jakarta Utara, Jakarta Raya. As an IT professional, you will play a crucial role in ensuring the smooth operation and security of our company's technology infrastructure. This full-time position offers the opportunity to work in a collaborative environment and contribute to the growth and success of our organisation.

What you'll be doing

Administering and maintaining our company's computer systems, networks, and related hardware and software

Troubleshooting and resolving IT-related issues in a timely manner

Server checking

Input data via DB

Get data request from the system/DB

Bug tracing and fixing server/backend

What we're looking for

Minimum 1 year of experience in IT administration or a related field

Strong understanding of network administration, system configuration, and troubleshooting

Proficiency in managing and maintaining Windows and/or Linux operating systems

Knowledge of networking protocols, hardware, and security best practices

Excellent problem-solving and analytical skills

Good communication and interpersonal skills

Certifications in relevant IT disciplines would be an advantage

What we offer

At PT. MITRA BUNTARI SEJAHTERA', we value our employees and strive to provide a rewarding and supportive work environment. In addition to a competitive salary, we offer a range of benefits, including:

Comprehensive health insurance coverage

Opportunities for professional development and career advancement

Flexible work arrangements and a work-life balance culture

Team-building activities and social events",https://id.jobstreet.com/id/job/91654838,Rp 7.000.000 – Rp 10.000.000 per month,IT Support,indonesia,"['linux', 'r']",2,2026-04-28T11:34:35.721695
91654396,IT Product Developer,PT Herca Cipta Dermal Perdana,,"Tanggung Jawab  :

Discovery & Research: Menggali kebutuhan stakeholder serta melakukan riset tren bisnis digital dan teknologi terkini.

Product Strategy: Mengusulkan inovasi digital dengan Value Proposition yang kuat dan diferensiasi kompetitif yang jelas.

Roadmap Management: Menyusun product roadmap dan strategi rilis MVP (Minimum Viable Product) yang selaras dengan prioritas dan pertumbuhan bisnis.

Feature Optimization: Memberikan masukan berkelanjutan untuk perbaikan fitur dengan fokus utama pada User Experience (UX) dan efisiensi operasional.

Cross-functional Collaboration: Menjadi jembatan komunikasi antara user, tim Developer, QA, dan UI/UX untuk memastikan visi produk tersampaikan dengan baik.

Backlog & Prioritization: Mengelola dan menentukan prioritas backlog fitur berdasarkan dampak bisnis dan kelayakan teknis.

Business Analysis: Menganalisis alur bisnis (business flow) dan menerjemahkannya ke dalam dokumentasi teknis yang komprehensif (PRD/User Stories).

Pre-release Coordination: Menyiapkan dokumen persiapan fitur, skenario pengujian, hingga panduan rilis produk.




Persyaratan :

Communication Skills: Kemampuan komunikasi persuasif dan proaktif dalam berkoordinasi dengan berbagai level stakeholder.

Agile Mindset: Pemahaman mendalam mengenai metodologi Scrum, Agile, & Sprint.

Analytical Thinking: Memiliki kemampuan analisis masalah yang kuat dan mampu memberikan solusi yang aplikatif.

Technical Awareness: Paham mengenai siklus pengembangan perangkat lunak (SDLC) dan mampu berdiskusi secara teknis dengan tim Developer.

Tools Proficiency: Terbiasa menggunakan project management tools dan alat dokumentasi.

Detail Oriented: Memiliki ketelitian tinggi dalam menyusun alur sistem dan memastikan kualitas produk sebelum release.",https://id.jobstreet.com/id/job/91654396,,IT Support,indonesia,"['r', 'agile', 'git', 'scrum']",4,2026-04-28T11:34:42.678133
91654300,Business Analyst,"Abhidi Solution (Thai) Co., Ltd.",,"Insurance Domain experience is mandatory

Minimum 3–5 years of experience as a Business Analyst, preferably in the banking, insurance, or financial services sector.

Proven experience in working on banca products, bancassurance, or financial product development projects.

Familiarity with regulatory requirements and compliance standards in the financial services industry.

Strong understanding of banca products, including insurance, investment, and savings products distributed through banking channels.

Knowledge of bancassurance models, customer journeys, and distribution strategies.

Awareness of market trends and customer needs in the financial services sector.

Proficiency in business analysis tools and techniques, such as process mapping, gap analysis, and requirements gathering.

Experience with CRM systems, core banking platforms, or digital distribution tools is a plus.

Ability to work with data analytics tools (e.g., Excel, SQL, Power BI) to analyze product performance and customer behavior.",https://id.jobstreet.com/id/job/91654300,,IT Support,indonesia,"['r', 'git', 'sql', 'power bi']",4,2026-04-28T11:34:49.182759
91653980,DevOps SRE Engineer,PT Insura Media Solusi (Jakarta),,"Hi Talent.

INSURA memiliki kesempatan menarik posisi sebagai DEVOPS ENGINEER.

Kualifikasi :

• Memiliki pengalaman 0-3 Tahun di bidang DevOps Engineer

• Familiar dengan DevOps Tools (CI/CD, Git, Jenkins, Docker, Kubernates, etc)

• Familiar dengan Microservices Architecture

• Familiar dengan Cloud environment (Azure, AWS, Google Cloud, etc)

• Memahami Code Repository Management (Github, Gitlab, etc)

• Experience handling DevSecOps Tools (SAST, DAST, Container Security,etc) will be a plus

INSURA memiliki beragam kerjasama dengan berbagai company (BUMN ataupun Swasta).

(Apapun keahlian Anda di industri Informasi Technology, silahkan applty/terhubung dengan INSURA untuk mendapatkan informasi lebih lanjut).",https://id.jobstreet.com/id/job/91653980,Rp 5.500.000 – Rp 8.000.000 per month,IT Support,indonesia,"['r', 'docker', 'git', 'aws', 'azure']",5,2026-04-28T11:34:55.536869
91561007,IT STAFF,"PT Surya Timur Sakti Jatim [Distributor Motor Yamaha : Jatim,Kalimantan,NTB,NTT]",,"Deskripsi Pekerjaan:

Pembuatan sistem dekstop/web/apps

Analisa dan desain sistem/aplikasi

Pembuatan query database

Pembuatan report




Kualifikasi:

S1 Teknik Informatika atau setara lainnya

Menguasahi dekstop/web/apps

Menguasahi VB.NET/ SQL server / crystal report

Mengusahi Flutter

Familian dengan Github/API

Memiliki SIM A dan C

Domisili Surabaya",https://id.jobstreet.com/id/job/91561007,,IT Support,indonesia,"['flutter', 'r', 'git', 'sql']",4,2026-04-28T11:35:02.937380
91653641,Server Engineer,PT Infracom Technology,,"Job Description

We are looking for a skilled and experienced Server Engineer to support, monitor, and maintain our server and virtualization infrastructure. This role focuses on system monitoring, incident handling, capacity analysis, and infrastructure design, particularly in environments based on Oracle Linux Virtual Machine (OLVM).

 

Main Duties & Responsibilities

Monitor system metrics, logs, and traces to ensure infrastructure stability and performance

Respond to system alerts in accordance with SLA requirements and escalate issues to Level 2 Support when necessary

Maintain daily monitoring logs and activity records

Report detected issues using a standard ticketing system and follow established incident management procedures

Prepare and maintain technical documentation and incident reports

Perform capacity analysis and infrastructure design for OLVM-based environments

Participate in internal training programs and basic certifications, if provided

 

Qualification Requirements

Bachelor’s degree (S1) in Information Technology, Information Systems, Computer Science, or a related field

Knowledge of Monitoring & Observability concepts

Proficient in Linux and/or Windows operating systems (basic commands)

Strong understanding of and hands-on experience with Oracle Linux Virtual Machine (OLVM) virtualization technology

Familiar with ticket handling and support escalation processes, especially involving Oracle Support

Minimum 3 years of experience as a System Administrator

Ability to create clear documentation and incident reports

Strong analytical, problem-solving, and communication skills",https://id.jobstreet.com/id/job/91653641,,IT Support,indonesia,"['linux', 'r', 'scala']",3,2026-04-28T11:35:09.263171
91653576,IT Staff,PT Sanpota Batara Indonesia,,"IT Development (Intermediate Level)

Kami membuka kesempatan bagi Anda yang memiliki minat di bidang IT untuk bergabung sebagai IT Development, guna mendukung pengembangan dan pengelolaan sistem perusahaan.

Tanggung Jawab:

Membantu pengembangan aplikasi / sistem internal perusahaan

Melakukan maintenance dan troubleshooting sistem

Mengembangkan fitur sederhana sesuai kebutuhan user

Melakukan testing dan debugging program

Berkolaborasi dengan tim dalam pengembangan sistem

Membuat dokumentasi terkait program dan sistem

Kualifikasi:

Pendidikan minimal SMK / D3 / S1 jurusan IT, Sistem Informasi, atau sejenis

Fresh graduate dipersilakan melamar

Memahami dasar programming (PHP / Python / JavaScript / dll)

Memahami dasar database (MySQL / SQL)

Mengerti HTML & CSS

Memiliki logika pemrograman yang baik

Mampu bekerja secara individu maupun tim

Memiliki kemauan belajar yang tinggi",https://id.jobstreet.com/id/job/91653576,Rp 3.000.000 – Rp 3.500.000 per month,IT Support,indonesia,"['python', 'php', 'r', 'java', 'mysql', 'sql', 'javascript']",7,2026-04-28T11:35:15.674403
91653456,Finishing,PT. Platindo Cipta Raya,,"Web Developer

21-Apr-26

PT. Bionic Natura

Tangerang

Tugas & tanggung jawab :

Bertanggung jawab dalam pembuatan dan pengembangan website, serta digitalisasi sistem jaringan berbasis web.

Melakukan pemeliharaan, dan integrasi sistem agar berjalan optimal.

Kualifikasi :

S1 Teknik Informatika

Terbuka bagi freshgraduate atau memiliki pengalaman 1-2 tahun

Memiliki kemampuan web development (Front-end & Back-end)

Mampu membuat dashboard atau sistem monitoring data berbasis web menjadi nilai tambah

Memiliki kemampuan analitis dan problem solving yang baik.",https://id.jobstreet.com/id/job/91653456,,IT Support,indonesia,"['r', 'git']",2,2026-04-28T11:35:21.999286
91653134,Collaboration Support Engineer | Executive,Macquarie Group,,"Additional office locations

Hyderabad

Job ID

21737

Date

21-Apr-2026

Permanent - Full time, Mid-level

Job category

Technology - Infrastructure

At Macquarie, you’re empowered to shape a career that’s rewarding in all the ways that matter most to you. Macquarie employees can access a wide range of benefits which, depending on eligibility criteria, include:



1 wellbeing leave day per year
26 weeks’ paid maternity leave or 20 weeks’ paid parental leave for primary caregivers along with 12 days of paid transition leave upon return to work and 6 weeks’ paid leave for secondary caregivers
Company-subsidised childcare services
2 days of paid volunteer leave and donation matching
Benefits to support your physical, mental and financial wellbeing including comprehensive medical and life insurance cover, the option to join parental medical insurance plan and virtual medical consultations extended to family members
Access to our Employee Assistance Program, a robust behavioural health network with counselling and coaching services
Access to a wide range of learning and development opportunities, including reimbursement for professional membership or subscription
Hybrid and flexible working arrangements, dependent on role
Reimbursement for work from home equipment

At Macquarie, you’re empowered to shape a career that’s rewarding in all the ways that matter most to you. Macquarie employees can access a wide range of benefits which, depending on eligibility criteria, include:



1 wellbeing leave day per year
26 weeks’ paid maternity leave or 20 weeks’ paid parental leave for primary caregivers along with 12 days of paid transition leave upon return to work and 6 weeks’ paid leave for secondary caregivers
Company-subsidised childcare services
2 days of paid volunteer leave and donation matching
Benefits to support your physical, mental and financial wellbeing including comprehensive medical and life insurance cover, the option to join parental medical insurance plan and virtual medical consultations extended to family members
Access to our Employee Assistance Program, a robust behavioural health network with counselling and coaching services
Access to a wide range of learning and development opportunities, including reimbursement for professional membership or subscription
Hybrid and flexible working arrangements, dependent on role
Reimbursement for work from home equipment",https://id.jobstreet.com/id/job/91653134,,IT Support,indonesia,['r'],1,2026-04-28T11:35:28.342892
91652360,IT Security,PT Astra Graphia Information Technology (AGIT),,"Job Descriptions :

Help team to do Vulnerability Scanning, quick win assessment, and CSCH assessment.

Job Requirement :

Education: S1 majoring in System information, Cyber Security, Informatics Engineering 

Experience: Min 3 years

Have the knowledge and skills to work with one or more of the following systems : 
• Vulnerability assessment tools 
• DevSecOps Tools 
• Pentest Tools. 
• Windows server & Linux server 
• Cloud infrastructure management",https://id.jobstreet.com/id/job/91652360,,IT Support,indonesia,"['linux', 'r']",2,2026-04-28T11:35:34.795886
91652319,IT Quality Assurance Tester (Manual / Automation),PT Karyaputra Suryagemilang ( KPSG ),,"Kualifikasi:

Pendidikan wajib minimal D3/S1 Teknik Informatika, Sistem Informasi, dan sejenisnya

Memiliki pengalaman min. 1 tahun sebagai IT QA Tester Manual/Automation

Memiliki pengalaman sebagai IT QA Tester di area perbankan diutamakan

Fresh Graduate dengan pengalaman sebagai IT Tester dipersilahkan melamar (dapat diproses untuk IT Tester Manual)

Fresh Graduate dengan pengalaman sebagai Developer/Programmer dan memiliki ketertarikan sebagai IT Tester dipersilahkan melamar (dapat dipertimbangkan untuk IT Tester Automation)

Memiliki pengalaman menggunakan Jira

Memiliki pengalaman menggunakan automation tools seperti Katalon atau Selenium menjadi nilai plus

Posisi ini terbuka untuk QA Manual / QA Automation (disesuaikan dengan kebutuhan)

Posisi ini terbuka untuk entry level sampai senior level (disesuaikan dengan kebutuhan)

Dapat bergabung secepatnya dan tidak membutuhkan one month notice (diutamakan)

Bersedia penempatan di Perbankan untuk area Jakarta Pusat / Jakarta Selatan / Jakarta Barat",https://id.jobstreet.com/id/job/91652319,,IT Support,indonesia,['r'],1,2026-04-28T11:35:41.670041
91619703,Senior .NET Full Stack Engineer (English Speaker),PT Artha Solutions Indonesia,,"About the role

Join our growing team at PT Artha Solutions Indonesia as a Senior .NET Full Stack Developer. In this key role, you will be responsible for designing, developing and maintaining high-performance web applications using the latest .NET technologies. As a senior member of the development team, you will play a pivotal part in shaping the technical direction of our products and mentoring more junior developers. This is a full-time position based in our modern office in Jakarta.

What you'll be doing

Design and implement scalable, maintainable, and secure cloud solutions using Microsoft Azure.

Oversee the deployment, management, and operation of applications on Azure, ensuring optimal performance.

Collaborate with IT and development teams to plan and execute cloud strategies, providing guidance on Azure best practices.

Develop front-end applications, database development, and middle-tier services.

Implement DevOps practices, including continuous integration and continuous deployment (CI/CD) pipelines.

Ensure cloud solutions integrate seamlessly with existing systems and meet business requirements.

Monitor and optimize cloud solutions for performance efficiency.

Work with architects and other developers on the technical design of cloud and digital platforms, including hands-on full-stack development.

What we're looking for

8+ years of experience in developing enterprise-level web applications using .NET technologies

Proficient in C#, .NET Core, ASP.NET MVC, and modern web frameworks such as Angular or React

Strong understanding of relational databases (SQL Server) and NoSQL databases (MongoDB, Cosmos DB)

Hands-on experience in designing and consuming RESTful APIs

Familiarity with DevOps practices, including CI/CD pipelines and cloud-based hosting platforms

Excellent problem-solving and analytical skills with a sharp attention to detail

Strong communication and collaboration skills to work effectively with cross-functional teams

Ability to mentor and guide more junior developers in the team

Must Have & Desired Skills: 

• In-depth knowledge of cloud computing concepts and Microsoft Azure services.
• Proficiency in scripting and programming languages such as PowerShell, Python, and C#.
• Experience with Azure-specific services like Azure SQL Database, Azure DevOps, and Azure Active Directory, Azure Data Factory, Key Vault, Function Apps, App Services, API Management.
• Strong understanding of DevOps principles and tools.
• Knowledge of security best practices and compliance standards for cloud environments.
• Excellent problem-solving and troubleshooting skills.
• Strong collaboration and communication skills, with the ability to work effectively with cross-functional teams.
• Continuous learning and skill upgradation to keep up with the dynamic nature of cloud technologies.

Desired Skills:
• Experience with front-end technologies and frameworks like Angular.
• Familiarity with agile and DevOps practices.
• Previous experience in a similar role within a fast-paced environment.

Education: Bachelor's degree in technology or equivalent.",https://id.jobstreet.com/id/job/91619703,,IT Support,indonesia,"['python', 'angular', 'mongodb', 'c#', 'r', 'scala', 'react', 'agile', 'git', 'sql', 'azure']",11,2026-04-28T11:35:48.063961
91652236,VoIP Network Engineer (NOC),PT Dalnet System,,"Responsibilities include:

Troubleshooting and performing diagnostics issues in the  DALnet voip  network

Liaising with suppliers to resolve issues originating from external vendors

Testing and providing solutions to end users

Working within SLAs and adhere to support processes

Monitor systems proactively to reduce fault occurrences

Maintain problem free VoIP Core network

Upgrade network elements as and when needed

Implement new functionalities in Core or Customer networks to improve performance




Required Skills

Very good understanding of VoIP, TCP/IP, SIP, Softswitch

Some Asterisk IP PBX experience

Experience of various Linux network tools and utilities

Experience of troubleshooting VoIP issues is desired

Good understanding of firewalls, IP Telephony how to configure them for various applications

Network management systems, able to use the data to make informed decisions

Bandwidth Management 

CCNA qualification is desired 

Experience on network troubleshooting tools such as Wireshark

Excellent written and verbal communication skills

Excellent organisational and time management skills

Good self learning skills and able to pick up new concepts quickly

Strong analytical skills with proven problem solving ability

Ability to work independently, and also in a team and communicate effectively

Positive attitude and very punctual

Willingness to be trained and learn new skills as required by the job role 

Experience of using service desk software / CRM systems",https://id.jobstreet.com/id/job/91652236,,IT Support,indonesia,"['linux', 'r']",2,2026-04-28T11:35:54.454432
91652098,IT Project Manager,PT Intikom Berlian Mustika - Talent Acquisition,,"Memimpin dan mengelola proyek IT Infrastructure end-to-end mulai dari perencanaan, eksekusi, monitoring hingga penyelesaian proyek.

Mengelola proyek infrastruktur berskala enterprise seperti data center modernization, cloud transformation, network modernization, dan cybersecurity improvement.

Menyusun project plan, timeline, resource allocation, dan budget management untuk memastikan proyek berjalan sesuai target waktu dan biaya.

Berkoordinasi dengan berbagai stakeholder seperti tim IT, vendor, management, dan unit bisnis untuk memastikan keberhasilan implementasi proyek.

Melakukan risk management, issue management, dan change management selama siklus proyek berlangsung.

Memastikan implementasi infrastruktur sesuai dengan best practice, standar keamanan, dan kebijakan IT perusahaan.

Mengawasi implementasi teknologi seperti network infrastructure, servers, storage, virtualization, dan cloud platforms.

Memastikan kesiapan backup, disaster recovery, dan business continuity dalam setiap proyek infrastruktur.

Menyusun laporan progress proyek secara berkala kepada manajemen dan stakeholder terkait.

Mengelola beberapa proyek secara paralel dengan memastikan kualitas deliverables tetap optimal.




Pendidikan

Minimal S1 di bidang Teknik Informatika, Ilmu Komputer, Sistem Informasi, Teknik Elektro, atau bidang terkait IT.

Memiliki pengalaman minimal 3 tahun di bidang IT Infrastructure atau domain teknis IT.

Memiliki pengalaman minimal 4 tahun sebagai Project Manager dalam proyek IT Infrastructure berskala besar.

Berpengalaman dalam implementasi proyek seperti:

Cloud migration

Network modernization

Data center upgrade

Virtualization

Cybersecurity implementation

Technical Skills

Memahami teknologi infrastruktur seperti:

Networking (LAN/WAN, SD-WAN, Firewall)

Server & Storage Infrastructure

Virtualization (VMware / Hyper-V)

Cloud Platforms (Azure, AWS, GCP)

Backup & Disaster Recovery

IT Security Principles

Memiliki pemahaman terkait ITIL framework dan enterprise architecture.

Berpengalaman menggunakan tools MS Project, Jira, dan Confluence.

Project Management Skills

Memiliki kemampuan project planning, budgeting, dan execution yang kuat.

Berpengalaman menggunakan metodologi Waterfall dan Agile.

Mampu mengelola multiple projects secara bersamaan.

Memiliki kemampuan komunikasi dan stakeholder management yang sangat baik.

Memiliki leadership dan decision-making skills yang kuat.

Terorganisir, detail oriented, dan mampu bekerja dalam lingkungan yang dinamis.

Sertifikasi (Preferred)

PMP (Project Management Professional) atau PRINCE2.

ITIL Foundation atau level lebih tinggi.

Cloud certifications seperti Azure / AWS.

Sertifikasi teknis seperti Cisco, VMware, atau setara menjadi nilai tambah.",https://id.jobstreet.com/id/job/91652098,,IT Support,indonesia,"['gcp', 'r', 'agile', 'aws', 'azure']",5,2026-04-28T11:36:01.056894
91652064,"Account Manager - IT Solutions Company - (Firewall, Security, Cloud, Network)",PT Adecco Personnel Indonesia,,"Role Overview

Drive company revenue by managing strategic accounts, identifying new business opportunities, and aligning client needs with network, security, and infrastructure solutions.

Key Responsibilities

Manage key accounts and develop new business opportunities

Work with presales/technical teams on proposals and solution presentations

Maintain sales pipeline and provide regular reports

Handle negotiations, contracts, and ensure project profitability

Ensure customer satisfaction and support contract renewals

Requirements

Understanding of network (LAN/WLAN), security (Firewall, NAC, VPN), and cloud/managed services

Strong skills in proposal/tender management and business negotiation

Good communication skills and proficiency in English (spoken & written)

Ability to analyze customer needs and identify business opportunities

Strong presentation and relationship management skills

Preferred Qualifications

Certifications from vendors such as HPE Aruba, Fortinet, Palo Alto, Huawei, or Cisco

Experience in selling Managed Services or Professional Services

Experience handling government tenders or enterprise clients

Education & Experience

Bachelor’s degree in IT, Management, or related field

2–5 years of experience in IT sales or system integrator industry




Work Location: Bintaro, South Tangerang",https://id.jobstreet.com/id/job/91652064,Rp 15.000.000 – Rp 22.500.000 per month,IT Support,indonesia,['r'],1,2026-04-28T11:36:07.309611
91656938,IT Incindent Engineer L2,"PT Allo Bank Indonesia, Tbk",,"The IT Incident Officer is responsible for monitoring IT systems, handling incidents that affect customer services, and ensuring proper documentation and reporting. This role helps maintain system availability, supports operational teams, and coordinates with other units to resolve incidents quickly and effectively.

 Key Responsibilities : 

Monitor IT systems proactively and respond to alerts or issues.
 
Handle incident reports from Customer Service/Call Center within SLA.
 
Escalate recurring or complex issues to Problem Management.
 
Prepare incident reports, including real-time reporting for critical incidents.
 
Document all incidents clearly and store them for reference and compliance.
 
Support scheduled batch jobs and manual jobs.
 
Work with internal teams and vendors to ensure smooth service recovery.  

 Requirements : 

Bachelor’s degree in Computer Science, Information Systems, or related field.
 
1–3 years of experience in IT Support, IT Operations, or Incident Management.
 
Basic knowledge of Incident Management (ITIL Foundation is a plus).
 
Familiar with ticketing systems, SLA, and monitoring tools.
 
Good communication and teamwork skills.
 
Willing to work on shift/rotation basis to support 24/7 operations.
 
Problem-solving mindset and ability to work under pressure.",https://id.jobstreet.com/id/job/91656938,,IT Support,indonesia,"['r', 'scala']",2,2026-04-28T11:36:13.193662
91651706,Science Teacher,Picket Fence Pre-School,,"Requirements:

Proficient in spoken and written English

A Master’s or Bachelor's degree in Education or a relevant field

Minimum 1 year of relevant experience (international school experience is a plus)

Familiarity with Cambridge curriculum

IT literate (e.g., Microsoft Office, Microsoft Teams)

Strong communication and interpersonal skills, passion for working with students, and the ability to adapt to diverse learning needs

Adaptable to a dynamic, fast-paced educational environment

Eager to learn, and goal-oriented",https://id.jobstreet.com/id/job/91651706,,IT Support,indonesia,['r'],1,2026-04-28T11:36:19.560759
91651415,Sales Executive / Business Development – IT Consulting,PT Transforma Rekayasa & Solusi,,"Requirement

Sales Executive / Business Development – IT Consulting

Bertanggung jawab untuk mencari, mengembangkan, dan mengelola peluang penjualan layanan konsultasi TI PT. Transforma Rekayasa dan Solusi meliputi (IT/Digital/Security/Privacy Planning & Enterprise Architecture, IT/Digital/Security/Privacy Governance, Risk & Assurance dan Data Strategy, Governance, Risk & Assurance).

 Tanggung Jawab :

Mencari dan membangun pipeline prospek baru dari segmen korporasi, B2B, enterprise, dan instansi.

Menjalin komunikasi aktif dengan klien untuk memahami kebutuhan bisnis

Menawarkan solusi layanan konsultasi TI yang sesuai dengan kebutuhan klien

Menyusun proposal komersial, scope awal, presentasi solusi, dan estimasi penawaran harga bersama tim teknis.

Mengelola proses penjualan end-to-end: prospecting, meeting, proposal, negosiasi, closing, hingga handover ke delivery team.

Menjaga hubungan jangka panjang dengan existing client untuk upselling dan cross-selling.

Berkolaborasi dengan tim presales, solution architect, project manager, dan delivery untuk memastikan solusi sesuai kebutuhan.

Memastikan pencapaian target revenue, margin, dan KPI sales yang telah ditentukan.

Membuat laporan aktivitas sales mingguan dan forecast pipeline bulanan.

Mengikuti perkembangan tren teknologi dan kebutuhan pasar IT consulting.

 Kualifikasi :

Pendidikan minimal S1 / S2 dari jurusan Sistem Informasi, Teknik Informatika, Manajemen, Bisnis, atau bidang terkait.

Pengalaman minimal 2–5 tahun di bidang Sales B2B IT, IT Services, atau IT Consulting.

Memiliki pengalaman menjual salah satu layanan berikut:

IT/Digital/Security/Privacy Planning & Enterprise Architecture,

IT/Digital/Security/Privacy Governance, Risk & Assurance dan

Data Strategy, Governance, Risk & Assurance

Memiliki database atau network client korporasi menjadi nilai tambah.

Memahami proses procurement perusahaan, tender, RFP/RFQ, dan siklus penjualan enterprise.

Mampu membuat proposal bisnis dan presentasi profesional.

Memiliki kemampuan komunikasi, negosiasi, dan closing yang kuat.

Berorientasi pada target dan terbiasa bekerja dengan KPI.

Mampu melakukan meeting dengan klien secara onsite maupun online.

Pengalaman menjual solusi untuk industri seperti pemerintahan, manufaktur, logistik, finansial, retail.

Mampu berbahasa Inggris bisnis.

 

Hard Skills :

B2B solution selling

Proposal & quotation preparation

Pipeline management

Tender & vendor registration

CRM management

ROI / business value presentation




Soft Skills :

Komunikasi persuasif

Problem solving

Relationship building

Negotiation

Time management

Growth mindset

Ownership tinggi




KPI :

Nilai pipeline per bulan

Jumlah meeting prospek baru

Proposal yang dikirim

Win rate

Revenue closing per kuartal

Existing account growth

Client retention




Benefit :

Gaji pokok

Bonus pencapaian KPI

BPJS

Laptop & tunjangan transportasi",https://id.jobstreet.com/id/job/91651415,,IT Support,indonesia,"['r', 'git']",2,2026-04-28T11:36:25.876517
91651250,Salesforce Developer,PT Phincon,,"Mandatory Qualifications:
-Min. 2 years of Salesforce development experience (Lightning, Apex, Visualforce, custom components)
-Strong understanding of Salesforce architecture, data model (objects, fields, relationships), and security model (profiles, permission sets, sharing rules)
-Hands-on experience with triggers, batch classes, queueable jobs, and REST/SOAP web services
-Experience integrating Salesforce with external systems via Salesforce API

Preferred Qualifications:
-Salesforce Certification: Platform Developer I/II or JavaScript Developer I
-Familiar with Salesforce CI/CD tools (Salesforce DX, Copado, or Gearset)
-Agile/Scrum experience
-Able to write test classes with min. 75% code coverage

General Qualifications:
-Min. 2 years as Technical Consultant or Developer in enterprise projects
-Able to perform requirement gathering and create Technical Design Documents (TDD)
-Understanding of SQL and relational databases
-Active English communication (spoken & written), intermediate level

Job Description:
-Develop custom modules and features using Apex, LWC, Visualforce, SOQL/SOSL
-Manage custom objects, fields, validation rules, workflow rules, and page layouts
-Build batch jobs, schedulable & queueable classes, and bulk-safe triggers
-Ensure unit testing with min. 75% code coverage
-Integrate Salesforce with external systems (ERP, CRM) via REST/SOAP API, Platform Events, or middleware (e.g. TIBCO)
-Collaborate with BA & PM for technical feasibility studies and TDD creation",https://id.jobstreet.com/id/job/91651250,Rp 10.000.000 – Rp 15.000.000 per month,IT Support,indonesia,"['r', 'java', 'agile', 'sql', 'scrum', 'javascript']",6,2026-04-28T11:36:32.375300
91651217,Desk Collection (Terban),PT Debito Korporindo Utama,,"Memantau tagihan yang belum dibayar

Berkomunikasi dengan pelanggan untuk mengingatkan kewajiban pembayaran via Call, Sistem dan WhatsApp

Memastikan perusahaan menerima pembayaran tepat waktu

Membantu nasabah melakukan pembayaran sesuai prosedur

Menjelaskan dengan jelas tentang kewajiban pembayaran

Memenuhi target perusahaan",https://id.jobstreet.com/id/job/91651217,,IT Support,indonesia,['r'],1,2026-04-28T11:36:40.016960
91674309,IT Support Intern,PT NOSE HERBAL INDO,,"*Job Description*- Melakukan maintenance jaringan dan koneksi WiFi.- Menangani troubleshooting komputer, laptop, printer, dan koneksi internet.- Memberikan dukungan teknis harian kepada user.- Melakukan instalasi sistem operasi (Windows) dan aplikasi pendukung.- Melakukan setup perangkat baru (komputer, printer, dan perangkat lainnya).- Membantu pengecekan dan perawatan hardware komputer.*Kualifikasi*- Minimal SMK jurusan TKJ, RPL, atau bidang terkait.- Memahami dasar jaringan (IP Address, LAN, WiFi).- Mampu instalasi sistem operasi Windows.- Mampu melakukan troubleshooting perangkat IT.- Memahami dasar hardware komputer (perakitan & penggantian komponen) - - Tanpa Pengalaman Bekerja- SMA/SMK- 18 - 25 Tahun- Terima kandidat tanpa foto diri- Terima kandidat dari mana saja",https://id.jobstreet.com/id/job/91674309,,IT Support,indonesia,['r'],1,2026-04-28T11:36:46.328830
91650996,IT Functional,PT. INTISUMBER BAJASAKTI,,"IT Functional - Senior Staff

Deskripsi Pekerjaan:

Melakukan analisa serta menindak lanjuti masalah program berdasarkan laporan user

Memberikan rekomendasi perbaikan & pengembangan sistem kepada Tim Developer

Menyusun dokumentasi teknis: Flowchart, FSD, User Manual

Melakukan testing, implementasi, dan memberikan training penggunaan system

Membantu menangani troubleshooting divisi Finance dan Sales

Membantu pelatihan user terkait




Kualifikasi:

S1 Teknik Informatika / Sistem Informasi / atau jurusan terkait

Pengalaman minimal 3 tahun sebagai IT Functional / Business Analyst

Memahami proses bisnis Finance dan Sales

Menguasai Excel & database SQL Server

Pengalaman / pengetahuan Machine Learning & AI menjadi nilai tambah

Komunikatif, mampu memahami kebutuhan user, dan berpikir analitis

Bersedia bekerja Senin–Sabtu

Penempatan Pluit – Jakarta",https://id.jobstreet.com/id/job/91650996,Rp 8.000.000 – Rp 12.000.000 per month,IT Support,indonesia,"['r', 'sql']",2,2026-04-28T11:38:49.524430
91650814,Product Operations (Product Owner),PT Central Mega Kencana,,"We're looking for Product Operations for multiple levels for our subsidiary company, PT Laku Emas Indonesia:

-          Product Owner – Manager

-          Junior Product Operation – Specialist

-          Associate Product Operation – Officer




Key Responsibilities (All Levels):

•    Support product development & iteration aligned with market needs.

•    Ensure product onboarding runs according to plan.

•    Collaborate with internal stakeholders to capture business requirements.

•    Manage and deliver accurate product data/information.

•    Assist in preparing and updating Product Requirement Documents (PRD).

•    Support the use and improvement of tools/software for the product team.




Minimum Qualifications (All Levels)

•    Bachelor’s degree in Accounting, Finance, Business, IT, or related field.

•    Strong analytical thinking, problem-solving, and communication skills (verbal & written).

•    Able to work collaboratively with cross-functional teams and manage multiple tasks.

•    Detail-oriented with the ability to process and interpret data.

•    Familiar with product development processes and documentation (PRD).

•    Familiar with tools such as Jira, Confluence, Trello, Figma, or similar is a plus.




Specific Scope and Requirements per Level:

Product Owner (Manager):

•    Responsibility: Lead end-to-end product development, manage stakeholders (users/partners), translate business needs into product requirements & backlog priorities, and ensure product strategy aligns with company goals.

•    Must Have Qualifications:

o   Minimum 5 years of experience in Product Management, Business Process Improvement, or Project Management.

o   Strong experience in stakeholder management, product strategy, and backlog prioritization.

o   Able to translate business needs into product requirements and drive end-to-end product development.



Junior Product Operation (Specialist):

•    Responsibility: Support product development & iteration, analyze and present product data, conduct product & user experience research, and optimize tools usage.

•    Must Have Qualifications:

o   1–3 years of experience in Product, Business Process, or related field.

o   Experience in product data analysis, documentation, and user/product research is a plus.




Associate Product Operation (Officer):

•    Responsibility: Support daily product operations, onboarding process, data preparation, and PRD documentation updates.

•    Must Have Qualifications:

o   Minimum 1 year of experience in Product, Business Process, or related field.

o   Strong willingness to learn, good administrative skills, and attention to detail.",https://id.jobstreet.com/id/job/91650814,,IT Support,indonesia,['r'],1,2026-04-28T11:38:55.989563
91650610,TECHNICAL SUPPORT DIGITAL PRINTING,PT Nano Sng,,"PT. NANO SNG

DIBUTUHKAN SEGERA : TECHNICAL SUPPORT DIGITAL PRINTING

Kualifikasi :

D3/S1 Teknik Elektro/Mesin/Komputer/Informatika/Mesin/Grafika

Memiliki pengalaman di sebagai Teknisi min. 2 tahun 

Memahami komputer

Paham listrik 1 phase dan 3 phase

Fasih Bahasa Inggris ( lebih diutamakan )

Mampu Bekerja di bawah tekanan

Tekun, ulet dan bertanggung jawab terhadap pekerjaan

Mempunyai SIM A ( lebih diutamakan)

Lokasi kerja :

Kantor Cabang PT.NANO SNG Surabaya




Tugas & Tanggung Jawab :

Service dan Maintenance Mesin 

Instalasi Mesin

Membuat laporan Technical Report dan melaporkannya secara rutin.

Benefit :

BPJS Ketenagakerjaan dan Kesehatan

Tunjangan Hari Raya 

Komisi per bulan

Bonus Tahunan ( tentative )

Fasilitas Mess & uang makan ( periode training )


Website : www.nanosng.com",https://id.jobstreet.com/id/job/91650610,Rp 4.500.000 – Rp 6.000.000 per month,IT Support,indonesia,"['r', 'git']",2,2026-04-28T11:39:02.435415
91650604,ERP - HRIS Functional Consultant,PT Lawencon Internasional,,"Responsibilities:

Gather and analyze user requirements related to HR and business processes.

Conduct end-to-end business process analysis, with a focus on organization structure, employee lifecycle, payroll, recruitment, time management, and performance management.

Translate business needs into functional specifications and system designs.

Configure and implement ERP-HRIS modules based on gathered requirements.

Coordinate and execute System Integration Testing (SIT) and User Acceptance Testing (UAT) to ensure functional accuracy and compliance.

Support go-live activities and provide post-implementation maintenance in accordance with the Service Level Agreement (SLA).

Collaborate with the sales team to deliver product demonstrations and Proof of Concept (PoC) sessions to clients.

Continuously research, evaluate, and recommend the integration of new technologies into client environments.

Work closely with cross-functional teams to ensure project goals and deadlines are met.

Create and maintain project documentation, including BRD, FSD, ERD, Blueprints, SIT/UAT test cases, and training materials.

Job Requirements:

Candidates who can start as soon as possible are preferred

Bachelor's Degree in Computer Science, Information Technology, Engineering, or a related field.

Minimum 2 years of experience in ERP-HRIS software implementation or a similar functional consulting role.

Hands-on experience in implementing or supporting ERP (HR) modules, such as:

Organization Management

Employee Management

Time & Attendance

Payroll & Tax Calculation

Reimbursement

Recruitment & Onboarding

Performance & Talent Management

Strong analytical thinking and problem-solving skills.

Excellent client communication and interpersonal skills.

Able to work independently with minimal supervision and quickly adapt to new technologies and business domains.

Skilled in presenting and demonstrating HRIS solutions to clients.

Effective time management and coordination skills, especially under tight deadlines.

Experience in system configuration, preferably in leading ERP or HRIS platforms (SAP, Oracle, Workday, etc.).

Familiarity with SIT/UAT processes, agile environments, and full project implementation cycles (cloud and on-premise).

Strong skills in documentation and business analysis (BRD, FSD, ERD, test scripts, process mapping).

Technical proficiency is a plus: Python, SQL, RDBMS, Java.

Proficient in English, both written and spoken.",https://id.jobstreet.com/id/job/91650604,,IT Support,indonesia,"['python', 'r', 'java', 'agile', 'sql']",5,2026-04-28T11:39:08.979082
91650049,Desk Collection,PT. Harada Corporindo,,"Gambaran Umum Pekerjaan
PT. Harada Corporindo, perusahaan di bidang perbankan dan layanan keuangan, mencari Desk Collection yang antusias dan berdedikasi untuk bergabung dengan tim kami di Surabaya, Jawa Timur. Sebagai Desk Collection, anda akan memainkan peran kunci dalam menghubungi nasabah yang telat melakukan pembayaran melalui telepon.

Tanggung Jawab Utama

Menghubungi nasabah yang terlambat membayar untuk menegosiasikan dan mengumpulkan pembayaran yang tertunda.

Berkoordinasi dengan tim terkait untuk memastikan pemrosesan pembayaran yang tepat waktu.

Mematuhi prosedur penagihan dan kebijakan perusahaan.

Membangun hubungan yang baik dengan nasabah untuk mendorong pembayaran yang tepat waktu.

Keterampilan, Kualifikasi, dan Pengalaman yang Dibutuhkan

Peremuan/Laki-laki Max Umur 35 Tahun

Penddidikan Minimal SMA/SMK Sederajat

Terampil dalam negosiasi dan komunikasi, dengan kemampuan untuk berurusan dengan berbagai jenis nasabah.

Memiliki pemahaman yang kuat tentang prosedur penagihan, kebijakan kredit, dan peraturan terkait.

Mahir menggunakan perangkat Ms.Office

Domisili Surabaya

Manfaat Utama

Gaji Transport

Penghasilan tidak terbatas",https://id.jobstreet.com/id/job/91650049,,IT Support,indonesia,['r'],1,2026-04-28T11:39:15.458326
91650041,NETWORK & SECURITY ADMINISTRATOR L2,PT Jasuindo Tiga Perkasa Tbk,,"RESPONSIBILITIES

Mengimplementasikan rancangan infrastruktur jaringan baru atau revisi sesuai dengan perkembangan

kebutuhan perusahaan, dengan persetujuan dari IT Infrastruktur & Security Manager (Pratama) dan IT

Manager.

Membuat jadwal implementasi secara rinci serta membuat laporan status implementasi yang sedang

dikerjakan.

Melakukan pengawasan dan verifikasi dari pemeliharaan dan pemantauan jaringan, perangkat keras, dan

perangkat lunak yang diinstall di Server agar selalu bekerja pada kondisi optimal.

Menerapkan setting dan konfigurasi keamanan terhadap perangkat jaringan (switching, firewall, routing)

termasuk instalasi NAC, DLP sesuai dengan kebutuhan dan kebijakan perusahaan.

Melakukan vulnerability assessment secara berkala terkait keamanan jaringan perusahaan.

Melakukan simulasi penanganan insiden secara berkala untuk mengantisipasi dampak serangan virus,

malware, trojan, physing, dll

Melakukan tindakan antisipasi (threat intelligence) atas resiko kejahatan siber dengan memastikan

update antivirus, patch management, network traffic monitoring dan web filtering serta aktivitas lainnya

yang diperlukan untuk mencegah serangan siber dalam jaringan perusahaan.

Melakukan analisa terkait hasil pencatatan ketidaksesuaian antara kondisi yang diharapkan dengan

kondisi real yang terjadi dan dicari solusi atas ketidaksesuaian tersebut.

Memastikan keamanan data yang meliputi Data-Authorization dan Data-Recovery terhadap pihak-pihak

yang tidak berkepentingan atau kondisi-kondisi yang tidak diharapkan dengan cara melakukan prosedur

Disaster Recovery secara teratur dan menerapkan pengamanan Jaringan Komputer secara optimal.

Membuat dokumentasi hasil implementasi jaringan, perangkat keras, dan perangkat lunak (rancangan,

user manual, dokumen serah terima, dsb), serta membuat laporan secara berkala tentang kondisi

jaringan, perangkat keras, perangkat lunak.

Melakukan Pengawasan dan verifikasi dalam memastikan proses Backup dan Restore keseluruhan

sistem IT berjalan sesuai prosedur dan sudah dilakukan pengujian secara berkala akan keberhasilan

proses backup maupun restore.

Melakukan Pengawasan dan verifikasi dalam memastikan setiap user hanya bisa mengakses data

informasi sesuai dengan wewenangnya.

Melaksanakan semua prosedur dan ketentuan yang dibuat untuk memenuhi persyaratan mutu,

lingkungan, kesehatan, keselamatan kerja dan security.

Melakukan analisa resiko terhadap segala perubahan pada system dan network.




QUALIFICATIONS

Pendidikan S1 Teknik Informatika

Pengalaman minimal 5 tahun di bidang yang sama

Pengetahuan dan pemahaman tentang Jaringan/Network (Firewall, Router, Switch)

Pengetahuan Server Operating System (Windows Server, Linux)

Pengetahuan Mengenai Security Network dan System

Kemampuan berbahasa : Bahasa Inggris Aktif",https://id.jobstreet.com/id/job/91650041,,IT Support,indonesia,"['keras', 'linux', 'r']",3,2026-04-28T11:39:21.977527
91650026,Guru Produktif TKJ,SMK Methodist 2 Palembang,,"Guru Produktif TKJ
Kami sedang mencari kandidat yang berdedikasi dan berpengalaman untuk bergabung dengan tim pengajar kami di SMK Methodist 2 Palembang. Sebagai Guru Produktif TKJ, Anda akan memainkan peran kunci dalam membimbing dan mempersiapkan siswa-siswa kami untuk memasuki dunia kerja di bidang Teknik Komputer dan Jaringan (TKJ).

Tanggung Jawab Utama

Merancang dan menyampaikan kurikulum produktif TKJ yang komprehensif dan menarik

Memberikan pengajaran dan bimbingan praktis kepada siswa dalam topik-topik seperti perakitan komputer, konfigurasi jaringan, dan troubleshooting perangkat keras/lunak

Mengembangkan dan menerapkan metode pengajaran inovatif untuk meningkatkan keterlibatan dan pemahaman siswa

Mengevaluasi dan menilai kemajuan siswa secara teratur, memberikan umpan balik dan dukungan yang diperlukan

Berkolaborasi dengan tim pengajar lain untuk mengintegrasikan pembelajaran antar mata pelajaran

Aktif terlibat dalam kegiatan ekstrakulikuler dan pengembangan profesional untuk terus meningkatkan kemampuan mengajar

Kualifikasi yang Dibutuhkan

Memiliki gelar S1 atau D4 di bidang Teknik Informatika, Teknik Komputer, atau bidang terkait

Memiliki sertifikasi pendidik dan lisensi mengajar yang berlaku menjadi nilai tambah

Menguasai topik-topik teknis seperti perakitan komputer, konfigurasi jaringan, dan troubleshooting perangkat keras/lunak

Memiliki kemampuan komunikasi yang baik dan kemampuan beradaptasi dengan siswa dari berbagai latar belakang

Bersemangat untuk terus belajar dan mengembangkan diri, serta mengikuti perkembangan teknologi terbaru

Manfaat Bekerja di SMK Methodist 2 Palembang

Kompensasi yang kompetitif dan sesuai dengan kualifikasi

Kesempatan untuk mengembangkan karir dan mengikuti pelatihan profesional

Lingkungan kerja yang kolaboratif dan mendukung pengembangan diri

Budaya organisasi yang menjunjung tinggi integritas, inovasi, dan pemberdayaan karyawan

Tentang SMK Methodist 2 Palembang
SMK Methodist 2 Palembang adalah sekolah menengah kejuruan ternama di Sumatera Selatan yang berkomitmen untuk menyediakan pendidikan berkualitas dan memberdayakan generasi muda untuk menjadi profesional yang ahli dan berkarakter. Dengan program kejuruan yang komprehensif dan pengajaran berbasis praktik, kami mempersiapkan siswa kami untuk memasuki dunia kerja yang kompetitif, khususnya di bidang Teknik Komputer dan Jaringan (TKJ).


Jika Anda termotivasi untuk menjadi bagian dari tim pengajar kami dan berkomitmen untuk mencetak lulusan TKJ yang kompeten, lamar posisi ini sekarang!",https://id.jobstreet.com/id/job/91650026,,IT Support,indonesia,"['keras', 'r']",2,2026-04-28T11:39:28.423068
91649778,Helpdesk Network,PT Karya Solusi Prima Sejahtera,,"KUALIFIKASI

Pendidikan diutamakan D3/S1 jurusan Teknik Telekomunikasi dan Teknik Informatika




Kompetensi Nonteknis:

Mampu berkomunikasi dengan baik dan ramah

Mampu berkomunikasi dengan baik secara verbal dan non verbal

Memiliki Empati, Ramah dan mempunyai empati yang tinggi

Mampu bekerja dibawah tekanan

Mampu mengendalikan emosi

Memiliki kemampuan analisa tehadap masalah

Memiliki kemampuan Negosiasi

Mampu memimpin sebuah team/group




Kompetensi Teknis:

Menguasai Bahasa Inggris secara lisan dan tulisan

Memahami konsep OSI Layer

Kemampuan presentasi

Memahami protocol komunikasi data

Memahami perangkat komunikai data",https://id.jobstreet.com/id/job/91649778,,IT Support,indonesia,['r'],1,2026-04-28T11:39:34.756909
91649686,Outsystem Developer,PT ABISHAR TECHNOLOGIES INDONESIA,,"Job Scope

Develop & maintain web/mobile apps using OutSystems

Handle frontend, backend & API integration

Manage deployment, system upgrade & enhancement

Provide troubleshooting & user support

Collaborate with teams for requirement & delivery

Support testing (SIT/UAT) and ensure smooth deployment

Qualifications

Bachelor’s degree in IT or related field

2–4 years experience in OutSystems / web development

Strong in OutSystems, API integration & database

Familiar with SDLC & Agile

Good problem-solving & communication skills

Experience in banking/finance is a plus",https://id.jobstreet.com/id/job/91649686,Rp 7.000.000 – Rp 9.000.000 per month,IT Support,indonesia,"['r', 'agile']",2,2026-04-28T11:39:41.570503
91739671,"Analyst, Fund Accounting, Operations",PT Bank DBS Indonesia,,"Business Function DBSI T&O is the backbone that supports the bank as the central of operations and technology. With the spirit of OneTeam and PRIDE! Value, we serve Institutional Banking Operations and Consumer Banking Operations, manage Customer Centre and IT, provide Group Procurement and Corporate Real Estate, coordinate bank-wide Business Continuity Management program and framework, and deliver service quality for Digibank and IBG/GTS.

Our Technology & Operations organization is a vital strategic partner to the business in providing competitive advantage that propels DBSI towards being the Best Bank for a Better World (#B3W).

Responsibilities

Perform daily and monthly fund accounting activities, including net asset value (NAV) calculations, unit pricing, and financial reporting
Reconcile fund accounts and transactions, ensuring accuracy and timely reporting
Assist in the preparation of financial statements, regulatory filings, and other client reporting requirements
Collaborate with investment managers, administrators, and other stakeholders to resolve any discrepancies or issues
Provide support for fund launches, mergers, and other corporate actions
Participate in process improvement initiatives to enhance efficiency and accuracy of fund accounting operations
Maintain detailed documentation and records of all fund accounting activities Requirements
Bachelor's degree in Accounting, Finance, or a related field
Minimum 2-3 years of experience in fund accounting or a similar role within the financial services industry
Strong analytical and problem-solving skills, with attention to detail
Proficient in the use of financial software and spreadsheet applications (e.g., Excel, Bloomberg)
Ability to work collaboratively in a team environment and communicate effectively with various stakeholders
Familiarity with regulatory requirements and industry best practices in fund accounting
Commitment to continuous learning and professional development Apply

Now We offer a competitive salary and benefits package and the professional advantages of a dynamic environment that supports your development and recognises your achievements.

Location:

Jakarta Head Office

Job:

Operations

Schedule:

Regular

Employee Status:

Full time",https://id.jobstreet.com/id/job/91739671,,IT Support,indonesia,['r'],1,2026-04-28T11:39:47.995991
91649364,IT Sales Supervisor,PT. LOTTE INNOVATE INDONESIA,,"The role

As the IT Sales Supervisor at PT. LOTTE INNOVATE INDONESIA, you will be responsible for providing high-quality sales support and solutions to our clients within the Information & Communication Technology (ICT) industry, with a focus on Networks & Systems Administration. In this full-time role, you will be based in East Jakarta, Jakarta.

Key responsibilities

Integrated Sales Strategy: Establish sales targets and execution strategies for each business unit, including System Integration (SI), System Management (SM), Security, and Retail Solutions (ESL, Signage).

New Market Development (Hunting): Identify and acquire new B2B corporate clients in high-growth sectors such as Electric Vehicle (EV) Chargers and Electronic Shelf Labels (ESL).

Project Management: Lead the entire sales lifecycle, including proposal (RFP) development, high-stakes presentations, and contract negotiations.

Partner & Vendor Management: Maintain and optimize strategic relationships with manufacturers and technology partners to ensure a robust supply chain.




What we're looking for

Minimum 3 years of experience in B2B IT Sales (Supervisor or equivalent level), preferably in ICT / System Integration / IT Services environment.

Proven experience in B2B sales (hunting & client acquisition), especially in handling corporate / enterprise clients.

Strong understanding of IT Solutions / Services, including System Integration (SI), System Management (SM), Security, and related technologies.

Ability to manage the end-to-end sales cycle, from lead generation, proposal (RFP), presentation, negotiation, to closing.

Experience in handling technical discussions and translating client requirements into business-driven IT solutions.

Strong project coordination and stakeholder management skills, including working with internal teams, principals, and vendors.

Excellent communication, negotiation, and presentation skills.

Bachelor’s degree or higher in Computer Science, Business Administration, or related fields.",https://id.jobstreet.com/id/job/91649364,,IT Support,indonesia,['r'],1,2026-04-28T11:39:54.856483
91649452,IT SUPPORT,Fifi Skin Clinic,,"Kualifikasi

1. Laki-laki/Wanita

2. Pengalaman IT Support /Technical Support min 1 th

3. Terbiasa handle maintenance perangkat kantor (laptop, PC, Printer, jaringan)

4. Bisa troubleshooting hardware kasus ringan-menengah.

5. Bisa instalasi & konfigurasi OS (Windows/Linux dasar)

6. Mengerti setup dan troubleshooting jaringan dasar (LAN, WiFi, router, sharing)

7. Familiar dengan tools IT Support (remote, monitoring, dll)

8. Ada basic coding/scripting (menjadi nilai tambah)

9. Bersedia mobile (visit cabang) jika diperlukan

Tugas

1. Maintenance rutin (cek perangkat, cleaning, perbaikan ringan)

2. Handle support harian dan urgent.

3. Cek jaringan kantor.

4. Koordinasi dengan vendor/teknisi luar.",https://id.jobstreet.com/id/job/91649452,Rp 2.000.000 – Rp 3.000.000 per month,IT Support,indonesia,"['linux', 'r']",2,2026-04-28T11:40:01.418997
91649211,Manager Consultant (Cybersecurity),PT Veda Praxis,,"Bachelor’s degree in Information Technology, Information Systems, Computer Science, or a related field.

7+ years of experience in cybersecurity, IT risk, or consulting, with at least 2 years of experience leading teams or projects.

Hands-on experience in at least two of the following areas: cybersecurity maturity assessment/roadmap development, risk management, pentest oversight, or security governance.




Responsibilities:

Lead and manage multiple cybersecurity projects in parallel (scope, timeline, budget, and quality).

Develop project plans, including risk/assumption/issue/dependency tracking, and ensure deliverables meet the required standards.

Manage penetration testing projects (web, mobile, API, and infrastructure), including methodology selection, scoping, and team coordination.

Support the preparation of proposals, effort estimation, and the development of SOW/SoW (Scope of Work).

General Qualification:

Bachelor’s degree in Information Technology, Information Systems, Computer Science, or a related field.

7+ years of experience in cybersecurity, IT risk, or consulting, with at least 2 years of experience leading teams or projects.

Hands-on experience in at least two areas: cybersecurity maturity/roadmap development, risk management, pentest oversight, or security governance.

Required Skills:

Project management (planning, tracking, QA, and stakeholder reporting).

Strong communication skills (able to translate technical issues into business impact).

Workshop facilitation, interviewing, documentation, and professional report writing.

Leadership and coaching (mentoring junior consultants, reviewing deliverables, and knowledge sharing).

Governance, Risk, and Compliance (GRC).

Basic understanding of network, system, cloud architecture, IAM, and logging/monitoring.

Knowledge of application security concepts: OWASP Top 10, API security, SDLC/SSDLC, and threat modeling (a plus).

Ability to assess pentest results and validate findings (severity, exploitability, and impact).

Certifications:

ISO/IEC 27001 Lead Auditor

CEH/CPENT/CHFI

Security+ (a plus for general baseline knowledge)",https://id.jobstreet.com/id/job/91649211,,IT Support,indonesia,['r'],1,2026-04-28T11:40:07.947118
91648924,Manager IT (Software Engineer),PT. Bangunjaya Prima Nusantara,,"Tanggung Jawab Utama

Terlibat langsung dalam proses development (hands-on coding bila diperlukan)

Mendesain arsitektur sistem yang scalable, secure, dan maintainable

Melakukan code review dan memastikan kualitas kode

Mengatur timeline project dan memastikan delivery tepat waktu

Berkoordinasi dengan stakeholder (product, bisnis, vendor)

Mengelola deployment, monitoring, dan maintenance sistem

Mengidentifikasi dan mengimplementasikan teknologi baru yang relevan




Kualifikasi Wajib

Pendidikan minimal S1 di bidang IT / Computer Science atau setara

Pengalaman minimal 3–5 tahun di software development

Menguasai Fullstack Development, termasuk:

Backend: Ruby on Rails atau Framework MVC lainnya

Frontend: Next.js atau Framework Javascript lainnya

Memahami REST API, WebSocket, dan integrasi sistem

Berpengalaman dengan database PostgreSQL

Familiar dengan Git dan workflow (CI/CD)

Strong problem-solving dan analytical thinking




Kualifikasi Tambahan (Nilai Plus)

Pengalaman integrasi dengan IoT dengan protokol MQTT & Modbus

Memiliki pengalaman di Ruby on Rails dan Next.js",https://id.jobstreet.com/id/job/91648924,Rp 8.000.000 – Rp 12.000.000 per month,IT Support,indonesia,"['r', 'scala', 'java', 'git', 'sql', 'postgresql', 'javascript']",7,2026-04-28T11:40:14.493693
91648822,Customer Support Outbound,,,"TopKarir.Global is an Indonesian agency specializing in the recruitment and placement of competent crew members for international cruise ships, particularly in the United States.

We are currently looking for a dedicated and detail oriented individual to join our Crew Support Team. This is a full-time, on-site role based in Renon, Denpasar, Bali.

Job Description:

1. Proactively contact crew members via phone, email, or chat to assist with onboarding and document submission.
2. Provide clear, accurate, and helpful information regarding documentation requirements, onboarding steps, and timelines.
3. Follow up with crew members to ensure timely completion of pending requirements or resolve outstanding issues.
4. Maintain detailed and accurate records of interactions and support outcomes in the system.
5. Contribute to achieving a 98% document readiness rate by ensuring crew members complete the onboarding process successfully.",https://id.jobstreet.com/id/job/91648822,,IT Support,indonesia,['r'],1,2026-04-28T11:40:21.064400
